"","symbol","Com.ES","ES.var","Qval","Qpval","tau2","Zval","Pval","FDR","AveFC","propDataset","chr","start","end","biotype","description"
"1","NFKB1",1.06771252433996,0.0269984640215749,24.6241078439208,0.00179961423499725,0.140079064810903,6.49807632877901,8.13535905308527e-11,5.26411242402359e-09,0.343284438170849,1,"4",102501330,102617302,"protein_coding","nuclear factor kappa B subunit 1"
"2","CD44",0.979676720014853,0.017562877658105,16.2810289435247,0.0385298675181368,0.0678444643250164,7.39239134737166,1.44106948596345e-13,1.78610632217475e-11,0.641007876624204,1,"11",35138882,35232402,"protein_coding","CD44 molecule (IN blood group)"
"3","CAPS",0.957504906167138,0.0152215255027135,14.401819771537,0.0718748705825846,0.0524721334111756,7.76089697215236,8.43769498715119e-15,1.44363864635869e-12,0.64905794756347,1,"19",5912339,5916211,"protein_coding","calcyphosine"
"4","IQGAP1",0.925810256004579,0.0249843797724787,23.245599974626,0.00306282798207732,0.123924439781303,5.85716827216612,4.70826022613835e-09,1.91737504704385e-07,0.422333369370763,1,"15",90388242,90502239,"protein_coding","IQ motif containing GTPase activating protein 1"
"5","TRIP10",0.925737584023191,0.0201231864624831,18.7543174862322,0.0162302384684174,0.0883552352530362,6.52588656245832,6.76003697464012e-11,4.45306518332043e-09,0.469472696902519,1,"19",6737925,6751530,"protein_coding","thyroid hormone receptor interactor 10"
"6","MAPKAPK2",0.914406342690437,0.00854801768636939,9.51124494262043,0.301017606827895,0.0120868312950423,9.89023301630242,0,0,0.440612134780824,1,"1",206684905,206734281,"protein_coding","MAPK activated protein kinase 2"
"7","PRKX",0.906656516332955,0.00577656425863576,7.75421065866424,0.457840524926789,0,11.9291083400791,0,0,0.551153740075459,1,"X",3604340,3713649,"protein_coding","protein kinase cAMP-dependent X-linked catalytic subunit"
"8","ELF2",0.897641121914417,0.0536152000300263,53.6862543283228,7.94142132490138e-09,0.366042064618158,3.87666947448986,0.00010589605768363,0.00103010050297017,0.169330848410808,1,"4",139028112,139177218,"protein_coding","E74 like ETS transcription factor 2"
"9","BAZ1A",0.888899435564803,0.0293981493784333,27.8515264448827,0.000503318914409895,0.160515993287132,5.18432995498729,2.16792836127411e-07,5.37616709279775e-06,0.345981221193434,1,"14",34752731,34875647,"protein_coding","bromodomain adjacent to zinc finger domain 1A"
"10","CHST6",0.871352924459497,0.0372092550147448,35.3094460949074,2.3481556869556e-05,0.227546851739641,4.5171925757843,6.26649106849619e-06,9.48644042809819e-05,0.495623803396143,1,"16",75472052,75495445,"protein_coding","carbohydrate sulfotransferase 6"
"11","TNS1",0.869992361790147,0.0183711897026618,17.3384936049804,0.0267711543510525,0.0754908896071922,6.41869587498446,1.37446720671619e-10,8.44320301224478e-09,0.464940314508827,1,"2",217799588,218033982,"protein_coding","tensin 1"
"12","RBPJ",0.825889046540521,0.0277070258533749,26.5829509190011,0.000834240468081611,0.150930584935819,4.96165715025672,6.98942875354547e-07,1.44863013995231e-05,0.224513851732902,1,"4",26163455,26435131,"protein_coding","recombination signal binding protein for immunoglobulin kappa J region"
"13","SMO",0.823917173140864,0.00568797315900239,7.65673846903649,0.46769829171408,0,10.924580920093,0,0,0.550528614393254,1,"7",129188633,129213545,"protein_coding","smoothened, frizzled class receptor"
"14","GFAP",0.817413356871611,0.0225302499606486,21.3910283209273,0.00617812920977516,0.108803960206296,5.44576285069451,5.15838258774437e-08,1.55440481453153e-06,0.596280828022332,1,"17",44903159,44916937,"protein_coding","glial fibrillary acidic protein"
"15","ANGPT1",0.799810114186231,0.0217712056489093,20.7393550145359,0.00787300078060038,0.101717921097068,5.42057866913297,5.94064226699942e-08,1.74642695744647e-06,0.541597493974862,1,"8",107249482,107498055,"protein_coding","angiopoietin 1"
"16","NUPR1",0.799004732104274,0.0194003912299058,18.5510461891699,0.0174540930923808,0.084089335506832,5.73646182002612,9.66748303632414e-09,3.56146163359843e-07,0.595509276524147,1,"16",28532708,28539008,"protein_coding","nuclear protein 1, transcriptional regulator"
"17","ITGB5",0.794698388789465,0.0234694222380753,22.3584299999301,0.00429340743612304,0.115541593471239,5.1874166696609,2.13231286405602e-07,5.30332213106147e-06,0.399028681451841,1,"3",124761948,124901418,"protein_coding","integrin subunit beta 5"
"18","ELF1",0.78862864488019,0.0263112238831598,25.2512829611374,0.00140919961194637,0.137860578913511,4.86185522749898,1.16290663432217e-06,2.22734626812735e-05,0.278738796361808,1,"13",40931919,41061440,"protein_coding","E74 like ETS transcription factor 1"
"19","ZHX3",0.780761437603763,0.0343500654446835,33.3258831649009,5.37931025225271e-05,0.204497221643289,4.2126421677281,2.52400750679893e-05,0.000307427249741162,0.272884263783011,1,"20",41178448,41317731,"protein_coding","zinc fingers and homeoboxes 3"
"20","BACE2",0.780342258291833,0.0372234550762895,36.6592340552677,1.3294113807686e-05,0.2297694309274,4.04461124736587,5.24100174270625e-05,0.000568306496923907,0.335990115587753,1,"21",41167801,41282530,"protein_coding","beta-secretase 2"
"21","MCM7",0.777658618478887,0.0300262126539123,29.1351130476113,0.000300241765487443,0.170517685458632,4.48785391256726,7.19442331575948e-06,0.000106364048479214,0.382067043220127,1,"7",100092233,100101940,"protein_coding","minichromosome maintenance complex component 7"
"22","FGR",0.775127448945083,0.0182194963798101,17.4901369799941,0.0253912738575652,0.0752246961708343,5.74255194585418,9.32602572945029e-09,3.48094251714314e-07,0.467593030139033,1,"1",27612064,27635185,"protein_coding","FGR proto-oncogene, Src family tyrosine kinase"
"23","RAB29",0.773017594277126,0.0157825464150039,15.4309396449158,0.0512882459081578,0.0588633478337826,6.15319730541284,7.59362350777337e-10,3.80322679928618e-08,0.352954895618223,1,"1",205767986,205775482,"protein_coding","RAB29, member RAS oncogene family"
"24","FANCC",0.772615725286417,0.0146165499742616,14.4184035985234,0.0714908982577354,0.0503083888899944,6.39059220514267,1.65244484762184e-10,1.00061226841861e-08,0.404690345379565,1,"9",95099054,95426796,"protein_coding","FA complementation group C"
"25","ITPKB",0.769848673238471,0.0297025611973762,28.5288853855687,0.000383459858871564,0.166066411570633,4.46692248287625,7.93528665887777e-06,0.000115398894920006,0.47085151840977,1,"1",226631690,226739323,"protein_coding","inositol-trisphosphate 3-kinase B"
"26","EFNA1",0.769119140469858,0.0226749303470887,21.7784706347267,0.00534320987667073,0.109264461748906,5.10764422400806,3.26200100486673e-07,7.5598356015516e-06,0.38673152388643,1,"1",155127876,155134899,"protein_coding","ephrin A1"
"27","RAB13",0.769069592848144,0.00797856075529812,9.25663117699199,0.321111678544585,0.00987317927487132,8.61000418423626,0,0,0.585813148995935,1,"1",153981617,153986358,"protein_coding","RAB13, member RAS oncogene family"
"28","TBL1X",0.763878649269142,0.022354830385342,21.4078361661421,0.00613943726859873,0.106475445795048,5.10903269520093,3.23812321623151e-07,7.52297762102405e-06,0.408892226308548,1,"X",9463320,9741037,"protein_coding","transducin beta like 1 X-linked"
"29","PIM1",0.762005881485482,0.0250525316467707,24.0902772914019,0.00221325433061422,0.127242342175632,4.81429295143289,1.47721971610615e-06,2.73285647479637e-05,0.354711626609264,1,"6",37170152,37175428,"protein_coding","Pim-1 proto-oncogene, serine/threonine kinase"
"30","ITGB1",0.754636392732594,0.0319986721906587,31.2597215518677,0.000126306265355662,0.186508229045325,4.21863320609276,2.45787744821424e-05,0.000300809744538289,0.296492299350617,1,"10",32887273,33005792,"protein_coding","integrin subunit beta 1"
"31","SERPINB6",0.752011685696576,0.0135408562892723,13.4446044323673,0.0974403181971585,0.042741285955036,6.46251441478341,1.02977404381477e-10,6.54664082268576e-09,0.313223014693339,1,"6",2948159,2972165,"protein_coding","serpin family B member 6"
"32","CXCR4",0.7496743360691,0.0150478807063041,14.7294499122701,0.0646246053978235,0.0529675978939635,6.11131928389468,9.88108483923611e-10,4.86290532445263e-08,0.463443859710287,1,"2",136114349,136119177,"protein_coding","C-X-C motif chemokine receptor 4"
"33","S100A6",0.748774126761262,0.0369822057643389,36.333798463029,1.52536820982409e-05,0.229795881057905,3.89362770993355,9.87561732106457e-05,0.000973923065245257,0.280070231768143,1,"1",153534599,153536244,"protein_coding","S100 calcium binding protein A6"
"34","NIPBL",0.7483085060095,0.0482144843867035,47.7559494930462,1.09996105789216e-07,0.320005505362797,3.40793983141896,0.000654553260020618,0.0045804354262162,0.230882007050015,1,"5",36876769,37066413,"protein_coding","NIPBL cohesin loading factor"
"35","CFLAR",0.744048683442115,0.0314521358748883,30.7512097896683,0.000155570636262832,0.181908402613056,4.19542808350176,2.72356695971698e-05,0.000328128036408625,0.380871977258272,1,"2",201116154,201176687,"protein_coding","CASP8 and FADD like apoptosis regulator"
"36","POLD1",0.739012786792723,0.0178772857429278,17.4024631932304,0.0261806903863571,0.0738692460533967,5.52714886744191,3.25476772200517e-08,1.03329755338827e-06,0.297295674369903,1,"19",50384204,50418018,"protein_coding","DNA polymerase delta 1, catalytic subunit"
"37","ARHGEF10",0.735890825718396,0.0222825766249947,21.5515422463405,0.00581801294968322,0.106835515430349,4.92981570846838,8.23072237476907e-07,1.65477764589896e-05,0.308697826691054,1,"HSCHR8_8_CTG1",7352,142017,"protein_coding","Rho guanine nucleotide exchange factor 10"
"38","YBX1",0.734534487302189,0.0394423657370008,38.5802736777051,5.87976756757363e-06,0.248307673599658,3.69854334982849,0.000216840319874789,0.00186375936431827,0.279675121220907,1,"1",42682418,42703805,"protein_coding","Y-box binding protein 1"
"39","LLGL2",0.734512430521882,0.0150243731855148,14.7752482174548,0.0636657952246809,0.0531510330547112,5.99240239325468,2.06763539623012e-09,9.16699637497293e-08,0.322302348728203,1,"17",75525080,75575209,"protein_coding","LLGL scribble cell polarity complex component 2"
"40","STAT3",0.732144844166354,0.0231123133821683,22.2906020286317,0.00440503908027099,0.113213361872334,4.81587603898542,1.46555487523514e-06,2.71324549269205e-05,0.284769478309313,1,"17",42313324,42388568,"protein_coding","signal transducer and activator of transcription 3"
"41","CTDSP2",0.731040264570882,0.0346992895135234,34.00781629095,4.04943188189546e-05,0.209014950677304,3.92446993779786,8.69209123741665e-05,0.000872735257642626,0.280868052116828,1,"12",57819927,57846729,"protein_coding","CTD small phosphatase 2"
"42","VASP",0.728040815735904,0.0105712597659703,11.1155290398627,0.1952387067171,0.024275407656402,7.08096349093202,1.43152156795168e-12,1.40902622902672e-10,0.374317426649606,1,"19",45506579,45526989,"protein_coding","vasodilator stimulated phosphoprotein"
"43","GMPR",0.728002788039853,0.016511969186938,16.0744592512628,0.0413266861612704,0.0636991937029718,5.66543952103516,1.46648144738748e-08,5.08639612765293e-07,0.538865881849473,1,"6",16238587,16295549,"protein_coding","guanosine monophosphate reductase"
"44","LRRC32",0.727856268184366,0.0178827376066181,17.3972528764011,0.0262283223950969,0.0738984199506966,5.44287830644376,5.24264642809413e-08,1.57421419777861e-06,0.488687026364845,1,"11",76657524,76670747,"protein_coding","leucine rich repeat containing 32"
"45","ROM1",0.725671226989908,0.00792547159433427,9.26397053490753,0.320519553624758,0.00984512784244577,8.15130881205553,4.44089209850063e-16,1.04825613210256e-13,0.369408252637177,1,"11",62611722,62615116,"protein_coding","retinal outer segment membrane protein 1"
"46","SPAG9",0.719961828785348,0.0293582489814462,28.6717527431122,0.000362013659406053,0.165372048606443,4.20188726995909,2.64698946350617e-05,0.00032072101897891,0.224598809959307,1,"17",50962174,51120868,"protein_coding","sperm associated antigen 9"
"47","CFI",0.719675825518693,0.0221728464370356,21.4637689552158,0.00601235174780613,0.105755200881636,4.83310455122019,1.34420145969649e-06,2.52153994201933e-05,0.436689852106537,1,"4",109731008,109802150,"protein_coding","complement factor I"
"48","HBP1",0.71934930202353,0.0333317081630327,32.6559100948954,7.10285338003301e-05,0.196593023247135,3.94013444645185,8.1435956311271e-05,0.000824155154522918,0.236088337837981,1,"HG2266_PATCH",14483,48044,"protein_coding","HMG-box transcription factor 1"
"49","STK38",0.718587081730116,0.0423826109511171,42.7550214255213,9.76832864300683e-07,0.275217158234012,3.49048319706084,0.000482147931315069,0.00358558845187137,0.267550955250809,1,"6",36493882,36547479,"protein_coding","serine/threonine kinase 38"
"50","GEM",0.718452802059326,0.0615615463638851,61.3280523486409,2.55655196687446e-10,0.437264278680844,2.89563276895709,0.00378394923663183,0.0190221781099614,0.337008997068184,1,"8",94249253,94262350,"protein_coding","GTP binding protein overexpressed in skeletal muscle"
"51","APLNR",0.717535283739521,0.0117785986584156,12.0252456865045,0.150081031975803,0.0314478560424836,6.61144591803604,3.80584452841504e-11,2.69506651563568e-09,0.707675736664954,1,"11",57233577,57237250,"protein_coding","apelin receptor"
"52","TSPO",0.713347780097858,0.0154523326642984,15.2284883454778,0.0548519825336299,0.0566561647484997,5.7385780054475,9.5474785855032e-09,3.537281134669e-07,0.339123926537781,1,"22",43151547,43163242,"protein_coding","translocator protein"
"53","IFRD2",0.71255987400971,0.0116188238102167,11.922653175097,0.154688416631254,0.0305245609512259,6.61059087038552,3.82789355768409e-11,2.70317148105376e-09,0.206464080141696,1,"3",50287732,50292918,"protein_coding","interferon related developmental regulator 2"
"54","CEP135",0.707450067466607,0.0184235048612454,17.9280339501417,0.0217725453428368,0.0775219745333295,5.21206310991573,1.8675199076057e-07,4.7325563221528e-06,0.230685954933844,1,"4",55948871,56033361,"protein_coding","centrosomal protein 135"
"55","ITGA5",0.706563211862763,0.00929643665538711,10.172798963148,0.25310661362065,0.0168946188491237,7.32812323901307,2.33368879776208e-13,2.76710365215575e-11,0.451128724361228,1,"12",54395261,54419266,"protein_coding","integrin subunit alpha 5"
"56","KCNE4",0.704581661681031,0.0292806108562231,28.7638391082346,0.000348818619457609,0.162423869021602,4.11757263628552,3.82883871381523e-05,0.000436727451146719,0.439989422018882,1,"2",223052190,223198399,"protein_coding","potassium voltage-gated channel subfamily E regulatory subunit 4"
"57","NFATC3",0.701032942180311,0.0243060767313343,23.853635065398,0.00242490730647905,0.12303446004887,4.49656622505383,6.90596763153195e-06,0.000103161366856026,0.275254768550914,1,"16",68084751,68229259,"protein_coding","nuclear factor of activated T cells 3"
"58","PTTG1IP",0.693881090902281,0.0279192366635934,27.0952192767748,0.000680710983016413,0.152111755697644,4.15272605320869,3.28537950182728e-05,0.000385253816191733,0.293608341255554,1,"21",44849585,44873903,"protein_coding","PTTG1 interacting protein"
"59","SASH1",0.693092719749741,0.0133477418143519,13.4103142512902,0.0984902125699267,0.0420820930411832,5.99911846812087,1.98391592043379e-09,8.85743757611533e-08,0.365237025603615,1,"6",148272304,148552044,"protein_coding","SAM and SH3 domain containing 1"
"60","TCF3",0.692287989201119,0.0425348856109551,42.2391889336471,1.22121295291482e-06,0.274229926890275,3.35671262743329,0.00078875046800353,0.00533849733717508,0.247663810005439,1,"19",1609291,1652615,"protein_coding","transcription factor 3"
"61","PALLD",0.691041954332575,0.0255291166706033,24.9023674166854,0.00161488881933911,0.132749423716437,4.32500407389668,1.52529043495608e-05,0.000200580151692321,0.363472887957477,1,"4",168497052,168928457,"protein_coding","palladin, cytoskeletal associated protein"
"62","ZNF22",0.69091416804144,0.0169192070915501,16.6520423350396,0.0339433160959406,0.0672091178906618,5.31170681132519,1.0860322885442e-07,2.94534267360185e-06,0.2644376175786,1,"10",45000923,45005326,"protein_coding","zinc finger protein 22"
"63","MECOM",0.68981899976413,0.00744204629828846,9.00931046497756,0.341511144345946,0.00778626536086117,7.99629795496196,1.33226762955019e-15,2.80690071736553e-13,0.382464388101044,1,"3",169083499,169663775,"protein_coding","MDS1 and EVI1 complex locus"
"64","SERPINA3",0.687281717752995,0.0254417640752208,24.9201336431818,0.00160374325601309,0.132895362626431,4.30884806832047,1.64107049944739e-05,0.00021279659329813,0.899537964541171,1,"14",94612384,94624055,"protein_coding","serpin family A member 3"
"65","VEZF1",0.686560350455018,0.0370460554993575,36.6309848316621,1.34538493038029e-05,0.230020232737137,3.56703797061811,0.000361039182099621,0.00281294983779512,0.316696329065975,1,"17",57971547,57988259,"protein_coding","vascular endothelial zinc finger 1"
"66","PLOD2",0.686413419649136,0.0281514619764759,27.5616042242883,0.00056520336623828,0.152675368851104,4.09105472193403,4.29415783476106e-05,0.000480577206489832,0.289131156656007,1,"3",146035139,146163725,"protein_coding","procollagen-lysine,2-oxoglutarate 5-dioxygenase 2"
"67","INVS",0.685719786582099,0.0459538526680974,46.6127879144086,1.81732222795453e-07,0.29996215922318,3.19878991068817,0.00138005697954346,0.00838860099654305,0.172513462492579,1,"9",100099243,100302175,"protein_coding","inversin"
"68","PADI2",0.685128488906298,0.0313051751992396,30.8150636313942,0.000151558340592937,0.180870840387661,3.87225507236977,0.000107833015785319,0.00104626242642625,0.327838652870647,1,"HG1343_HG173_HG459_PATCH",1481961,1534651,"protein_coding","peptidyl arginine deiminase 2"
"69","TEAD2",0.684265357074256,0.0267144136585592,26.3118082363868,0.000928710088237746,0.143595158066094,4.18650611481706,2.83281305193395e-05,0.000340004252038381,0.402635180361432,1,"19",49340595,49362457,"protein_coding","TEA domain transcription factor 2"
"70","ZBTB20",0.683842947488796,0.0210332851441459,20.5954118095398,0.00830348349122714,0.0987736137712011,4.71522930476003,2.41438686465756e-06,4.17570992813536e-05,0.371323889652638,1,"3",114314500,115147292,"protein_coding","zinc finger and BTB domain containing 20"
"71","HOMER3",0.683831727180656,0.04031232420309,39.8870751695344,3.36267325833521e-06,0.257174143202087,3.40588772607354,0.000659492943734019,0.00459985051015358,0.309345961621383,1,"19",18929201,18941261,"protein_coding","homer scaffold protein 3"
"72","HNRNPF",0.683453510216292,0.0246547168458585,24.161776342754,0.00215291522283995,0.125222177528418,4.35270233928817,1.34469667969483e-05,0.000180517917090366,0.225200840943293,1,"10",43385617,43409186,"protein_coding","heterogeneous nuclear ribonucleoprotein F"
"73","RUNX3",0.681871944486983,0.0143367840530849,14.2747926498993,0.074878287129709,0.0487419429061693,5.69477998459631,1.23531114226694e-08,4.36174334484917e-07,0.383644114921838,1,"1",24899511,24965121,"protein_coding","RUNX family transcription factor 3"
"74","TBC1D2B",0.6797195612269,0.024701238466074,24.2988269058525,0.00204169358936524,0.127414625025838,4.32484357587635,1.52640134265525e-05,0.000200580151692321,0.218081208620677,1,"15",77984036,78077724,"protein_coding","TBC1 domain family member 2B"
"75","TCIRG1",0.678812941164177,0.00868954098307965,9.79108005492632,0.279996692716897,0.0138499703219199,7.2820171156348,3.28848059893971e-13,3.69309409289736e-11,0.341342370946796,1,"11",68039025,68050895,"protein_coding","T cell immune regulator 1, ATPase H+ transporting V0 subunit a3"
"76","CRYAB",0.677970564326091,0.0217840477760051,21.3641942249979,0.00624038869935992,0.105134278464548,4.59347701905227,4.35921045238707e-06,6.9196358694087e-05,0.354560016629651,1,"11",111908564,111923722,"protein_coding","crystallin alpha B"
"77","PAPOLA",0.676629740946418,0.00942327028252358,10.3141516244936,0.243665189532872,0.0178926007092655,6.97028055887978,3.16302539715707e-12,2.81940581992046e-10,0.36603265687653,1,"14",96501433,96567116,"protein_coding","poly(A) polymerase alpha"
"78","SORBS1",0.676372658109572,0.0222703146641101,21.749765493955,0.00540113878432974,0.107409953108464,4.53234401699912,5.83327480607743e-06,8.94213317085579e-05,0.341305110635697,1,"10",95311771,95561414,"protein_coding","sorbin and SH3 domain containing 1"
"79","POLR2H",0.674420350522485,0.0172190984038691,16.8844352700539,0.0313351960996688,0.0692889724950741,5.13955434510616,2.75390837245482e-07,6.56738878755759e-06,0.169783530707265,1,"3",184361710,184368596,"protein_coding","RNA polymerase II, I and III subunit H"
"80","MFNG",0.674290977457703,0.00665558363772937,8.55895261055874,0.380855502139208,0.00431582263383249,8.26521729560876,2.22044604925031e-16,5.54959128760179e-14,0.395219581289803,1,"22",37469063,37486393,"protein_coding","MFNG O-fucosylpeptide 3-beta-N-acetylglucosaminyltransferase"
"81","NINJ1",0.671971625180271,0.0106853328261146,11.2465431722688,0.188117212278996,0.0251195677562546,6.50065185402487,7.99726951328239e-11,5.20087733933949e-09,0.269546668362084,1,"9",93121496,93134251,"protein_coding","ninjurin 1"
"82","NFKBIA",0.670832374322678,0.0353878462601182,35.0565027645209,2.61121891427729e-05,0.216839790767344,3.56604605343367,0.000362407712941826,0.00282022910115709,0.353062769015604,1,"14",35401079,35404749,"protein_coding","NFKB inhibitor alpha"
"83","GYPC",0.670055156808236,0.015523600246343,15.2955923498223,0.0536463596129364,0.0568483101571575,5.37791988995674,7.53513282880647e-08,2.15109900565244e-06,0.32750544303043,1,"2",126656133,126696667,"protein_coding","glycophorin C (Gerbich blood group)"
"84","SP1",0.669720067416186,0.0183365883767133,17.8577802271607,0.0223183716351766,0.0768135269555455,4.94577146223639,7.584289691831e-07,1.55423068419492e-05,0.320712564438681,1,"12",53380176,53416446,"protein_coding","Sp1 transcription factor"
"85","EMP3",0.669028105086205,0.0213597014926937,20.9247603455536,0.00735000501710405,0.101086581123464,4.57769415106143,4.70129384022577e-06,7.37198848719155e-05,0.413968146179616,1,"19",48321310,48330559,"protein_coding","epithelial membrane protein 3 (MAM blood group)"
"86","MXI1",0.66791897565577,0.0333946641396842,33.3588080420118,5.30618855450754e-05,0.198270225431682,3.65498199586871,0.000257200026848592,0.00213796178613781,0.246992694559821,1,"10",110207605,110287365,"protein_coding","MAX interactor 1, dimerization protein"
"87","CCL2",0.666197331272432,0.0293820046065765,29.1679110098867,0.000296284533783148,0.164661452136175,3.88653136927923,0.000101686791491806,0.000997564558122013,0.749375770566365,1,"17",34255274,34257208,"protein_coding","C-C motif chemokine ligand 2"
"88","FOXO4",0.664390909175864,0.0190234317575882,18.8735327278499,0.015550824456525,0.0843390844648606,4.81702886779045,1.45711614329969e-06,2.69958298264091e-05,0.379003879941933,1,"X",71095851,71103535,"protein_coding","forkhead box O4"
"89","RGL2",0.663625024333063,0.0221842858507933,21.6607564475682,0.00558463971383429,0.107434888504368,4.45553672759286,8.36835673201364e-06,0.000120459919914864,0.271004129006355,1,"HSCHR6_MHC_DBB_CTG1",4535172,4542842,"protein_coding","ral guanine nucleotide dissociation stimulator like 2"
"90","NFATC4",0.658941471700604,0.0107672718604968,11.3272366805183,0.183837871076932,0.025717257251662,6.35029648453352,2.14900319761568e-10,1.26231655568702e-08,0.322153510579539,1,"14",24365673,24379604,"protein_coding","nuclear factor of activated T cells 4"
"91","SIPA1",0.658387358542909,0.0183987171933853,18.0786028875765,0.0206448476007091,0.0783125602175203,4.85386520579268,1.21078050474566e-06,2.30690787798812e-05,0.402824496941102,1,"11",65638101,65650930,"protein_coding","signal-induced proliferation-associated 1"
"92","PAWR",0.656951238315544,0.0334571761105702,33.5208141287656,4.96043432564944e-05,0.198632108127405,3.59160439564484,0.000328648476310089,0.00261738069558673,0.237321079180279,1,"12",79574979,79690964,"protein_coding","pro-apoptotic WT1 regulator"
"93","NPFF",0.655339334894144,0.0148150872184072,14.8030312137436,0.0630904655965253,0.0528320006543244,5.38411254886535,7.28029412311315e-08,2.08770009089453e-06,0.435686246853731,1,"12",53506688,53507484,"protein_coding","neuropeptide FF-amide peptide precursor"
"94","PRRX1",0.654768109742543,0.0260805415035709,25.6846365730324,0.00118904031577585,0.138029754171428,4.05442449424517,5.02578801853115e-05,0.000550354011840269,0.345791488731488,1,"1",170662728,170739421,"protein_coding","paired related homeobox 1"
"95","BCL6",0.654158448908352,0.036085378986462,35.6743893310371,2.01412938281268e-05,0.221665790210532,3.44363663631783,0.00057394649985576,0.0041297256903254,0.348600391732874,1,"3",187721377,187745725,"protein_coding","BCL6 transcription repressor"
"96","SYNM",0.653801170129018,0.0235280166886913,23.1050659853864,0.00323194041961853,0.11808172903393,4.2623885227673,2.02253401189179e-05,0.000254619553408184,0.301399181582077,1,"15",99098217,99135593,"protein_coding","synemin"
"97","MSN",0.65282695249788,0.0227353054388933,22.2159322339905,0.00453117313361972,0.111036370857384,4.32959905127421,1.49381069598498e-05,0.000197314591050492,0.311222791599813,1,"X",65588377,65741931,"protein_coding","moesin"
"98","TGFB1I1",0.652624638860078,0.0166463875581122,16.4306115593197,0.036615427898057,0.0655045025667461,5.05828697843299,4.23039467678521e-07,9.46613557630368e-06,0.335377881113458,1,"16",31471585,31477960,"protein_coding","transforming growth factor beta 1 induced transcript 1"
"99","SUN2",0.652059110119913,0.0172196959967209,16.9263647805805,0.0308850360833996,0.0692739411589852,4.96905984211642,6.72783061483884e-07,1.40468948291635e-05,0.371670110463771,1,"22",38733290,38794143,"protein_coding","Sad1 and UNC84 domain containing 2"
"100","MCL1",0.650589814139348,0.0191527764332522,18.7821017797633,0.0160694210002758,0.0839069999596692,4.70101232600037,2.58874886283067e-06,4.4291929369223e-05,0.317885568950816,1,"1",150560895,150579738,"protein_coding","MCL1 apoptosis regulator, BCL2 family member"
"101","CALD1",0.649691643677603,0.0183055459423782,17.9525013728903,0.0215854231830257,0.0778398609256941,4.80193125145423,1.5714264836042e-06,2.87717218946792e-05,0.430612232336993,1,"7",134744252,134970729,"protein_coding","caldesmon 1"
"102","SERPINA5",0.648954679394742,0.0167894632151724,16.6566596041915,0.0338895818982669,0.0667759896778473,5.00836489367172,5.48943886791164e-07,1.17697447485006e-05,0.611548989587076,1,"14",94561442,94593118,"protein_coding","serpin family A member 5"
"103","MYO10",0.648889990411282,0.025983086179103,25.7798172938737,0.00114538359116035,0.137991479095544,4.02555447507199,5.68412192678558e-05,0.000608590173370621,0.326641414367511,1,"5",16661907,16936288,"protein_coding","myosin X"
"104","ARHGEF6",0.64786833156408,0.0121404620329511,12.430590089788,0.133001146331308,0.0341638957771181,5.8798892245268,4.10541134421294e-09,1.69901382139644e-07,0.25507990884861,1,"X",136665547,136780932,"protein_coding","Rac/Cdc42 guanine nucleotide exchange factor 6"
"105","TIMELESS",0.647743231649002,0.0221818391413189,21.955917149476,0.00499818849570422,0.109289193446094,4.34914720991686,1.36667951227132e-05,0.000182699322529275,0.232668882875896,1,"12",56416363,56449426,"protein_coding","timeless circadian regulator"
"106","HPS5",0.647311120669536,0.0225964821053722,22.1590034215667,0.00462967492693031,0.109939098792095,4.30618468615851,1.6609440044002e-05,0.000215154702765113,0.200630520037904,1,"11",18278668,18322198,"protein_coding","HPS5 biogenesis of lysosomal organelles complex 2 subunit 2"
"107","TNIP1",0.64676625532307,0.0242621912232838,23.7380559393357,0.0025353004030942,0.123547458419878,4.15223898892862,3.2923816680297e-05,0.000385897406267039,0.165964077655738,1,"5",151029942,151093577,"protein_coding","TNFAIP3 interacting protein 1"
"108","RAPGEF3",0.645668776613601,0.0199704794998107,19.6413789927559,0.011781416528547,0.0905989738203853,4.56894088412928,4.9019500851788e-06,7.62226443000853e-05,0.338104045993103,1,"12",47734363,47771040,"protein_coding","Rap guanine nucleotide exchange factor 3"
"109","HSPB8",0.643991777099236,0.0473486335053362,48.7810764614086,7.00256925664479e-08,0.317053526989917,2.9595562399654,0.00308082463318171,0.0160645249281451,0.294458456943989,1,"12",119171555,119224855,"protein_coding","heat shock protein family B (small) member 8"
"110","CLEC2B",0.643698246465486,0.0148843551119165,14.8523592269925,0.0620806233463159,0.0530376791884612,5.27615219444492,1.31924536628247e-07,3.5105972988141e-06,0.432649359202005,1,"12",9852369,9869386,"protein_coding","C-type lectin domain family 2 member B"
"111","SLC39A1",0.640943748850216,0.0254414435460062,24.8890436976896,0.00162329684874936,0.132126171042679,4.01836184470946,5.86041539625271e-05,0.000624908353145129,0.243339400804732,1,"1",153959099,153968184,"protein_coding","solute carrier family 39 member 1"
"112","PLXNB1",0.640821121894455,0.0249265368362922,24.4945018539521,0.00189252341913113,0.128937618628297,4.05887658162476,4.93093645843601e-05,0.000541829151443574,0.361177999168118,1,"3",48403854,48430086,"protein_coding","plexin B1"
"113","RAI14",0.639768648168631,0.0124337805357743,12.746697897012,0.120867226829813,0.0364608575001763,5.73748224939256,9.60943480343701e-09,3.55033799194232e-07,0.357176970701054,1,"5",34656328,34832612,"protein_coding","retinoic acid induced 14"
"114","IVNS1ABP",0.639325805231868,0.0224150939442516,21.9468055371465,0.00501536880645888,0.108802926017024,4.27023673828449,1.9526558828753e-05,0.000247228634037588,0.218537214451911,1,"1",185292931,185317273,"protein_coding","influenza virus NS1A binding protein"
"115","FLT3LG",0.63457687983512,0.022803182780639,22.4057266981847,0.00421718910333508,0.110917061900335,4.20229475115352,2.64222783705748e-05,0.000320296311222569,0.23513634292531,1,"19",49474207,49486231,"protein_coding","fms related receptor tyrosine kinase 3 ligand"
"116","TNFRSF10D",0.63446979743965,0.0351734323333826,35.1929665636446,2.46587285506579e-05,0.213193883670937,3.38301231068697,0.000716954184041718,0.00494382283304721,0.403188443653337,1,"8",23135588,23164027,"protein_coding","TNF receptor superfamily member 10d"
"117","MGAT1",0.631575836070918,0.0150219128601289,15.0515879243708,0.0581500931224031,0.0540273390034556,5.15303255839705,2.56307443935455e-07,6.16114034197982e-06,0.221772059623148,1,"5",180784780,180815652,"protein_coding","alpha-1,3-mannosyl-glycoprotein 2-beta-N-acetylglucosaminyltransferase"
"118","CD151",0.631490041698512,0.0151042919197869,15.073339094045,0.0577350170724568,0.0549463970098742,5.13826289732132,2.77289773586986e-07,6.60649364304022e-06,0.296464735046762,1,"11",832887,839831,"protein_coding","CD151 molecule (Raph blood group)"
"119","RRBP1",0.631409346538623,0.0212478851244361,20.9091938904427,0.00739259935891876,0.100492637014319,4.33164793895155,1.47997455142157e-05,0.000195791340111002,0.356644190107438,1,"20",17613678,17682295,"protein_coding","ribosome binding protein 1"
"120","GNA13",0.631344669821932,0.0260694715189016,25.5593554784872,0.00124898460075091,0.135401342740454,3.91021290447925,9.2214805231805e-05,0.000918293761630627,0.246708428173622,1,"17",65009289,65056740,"protein_coding","G protein subunit alpha 13"
"121","CLK3",0.629837557240876,0.0186360558215934,18.4399031666162,0.018159743610889,0.0802842313008775,4.61372338325323,3.95518741691525e-06,6.35347150720986e-05,0.233674606858879,1,"15",74598500,74645414,"protein_coding","CDC like kinase 3"
"122","KANK2",0.628991023434658,0.0354132923254425,35.1958676423275,2.46287135014264e-05,0.217387903857917,3.34242210863882,0.000830506603697545,0.00556850266964752,0.333853863538051,1,"19",11164270,11197791,"protein_coding","KN motif and ankyrin repeat domains 2"
"123","TAGLN2",0.628818181288262,0.0372485818548218,37.3594651777237,9.8824752701841e-06,0.229586680464247,3.25814357913125,0.00112143651029228,0.00709330644935481,0.318085433820449,1,"1",159918107,159925507,"protein_coding","transgelin 2"
"124","BTG1",0.62873247095017,0.0236581400528936,23.2103411432796,0.00310443281000118,0.118510041093346,4.08766777122418,4.35731548249496e-05,0.000486131481817261,0.278025407150477,1,"12",92140278,92145846,"protein_coding","BTG anti-proliferation factor 1"
"125","S100A2",0.628471885594551,0.0154646629692106,15.3654120636214,0.0524177702143806,0.0567411863389868,5.05377176470714,4.33169212055162e-07,9.6443517230762e-06,0.352215665051993,1,"1",153561108,153567890,"protein_coding","S100 calcium binding protein A2"
"126","PLAAT4",0.627554949906575,0.0227325897671963,22.4032941002349,0.00422107711780397,0.111032058612994,4.16224175909038,3.15138443021112e-05,0.00037159224458544,0.410055995621984,1,"11",63536808,63548808,"protein_coding","phospholipase A and acyltransferase 4"
"127","HDAC1",0.627375775130395,0.030494290554805,30.5961982266472,0.000165750694948932,0.176170576563902,3.59267951970923,0.000327295023937246,0.00260986301070761,0.266803990252579,1,"1",32292083,32333635,"protein_coding","histone deacetylase 1"
"128","GAB2",0.627189287617102,0.0359333896520988,35.8632484085223,1.86017560715311e-05,0.217233313124402,3.30864017312382,0.000937502415945479,0.00614389436753165,0.245630647103458,1,"11",78215293,78418348,"protein_coding","GRB2 associated binding protein 2"
"129","SPP1",0.626218378248677,0.0160466779489756,15.9251673494403,0.0434638071350138,0.0612447386168647,4.9434852292075,7.6738166843171e-07,1.57005303959306e-05,0.600914607220858,1,"4",87975667,87983532,"protein_coding","secreted phosphoprotein 1"
"130","KIF13B",0.625976561995108,0.0218625188727049,21.4934374496724,0.00594597363214294,0.104689145114259,4.23358197875593,2.29998286758182e-05,0.000284214557650331,0.298643878969215,1,"8",29067278,29263124,"protein_coding","kinesin family member 13B"
"131","AFF1",0.624702645643166,0.013780042831418,13.8349479270687,0.0861701755161306,0.0448991403394957,5.32167148627403,1.02818123348669e-07,2.81843270809422e-06,0.236737387618127,1,"4",86935002,87141039,"protein_coding","ALF transcription elongation factor 1"
"132","PDIA4",0.624283969012569,0.0106927301609158,11.3565099447395,0.182305378792035,0.0257379395121997,6.03723219305391,1.56780055604600e-09,7.14989974513069e-08,0.298773504434485,1,"7",149003062,149028662,"protein_coding","protein disulfide isomerase family A member 4"
"133","SIRT1",0.622955326669141,0.0415130794162527,41.5586670062702,1.63852945028529e-06,0.263637654884954,3.05748565802164,0.00223202322109972,0.0123967250491275,0.185923796055902,1,"10",67884656,67918390,"protein_coding","sirtuin 1"
"134","CTBP2",0.622293699004545,0.0103295339772033,11.0582738626144,0.19841913572129,0.0234526015293911,6.12287000955373,9.19046616587593e-10,4.54055337144719e-08,0.223894994532624,1,"10",124984317,125161170,"protein_coding","C-terminal binding protein 2"
"135","LSS",0.621198671148652,0.0271390144729525,26.879766048525,0.000741585194320355,0.147639241025711,3.77079985503584,0.000162725145629317,0.0014727692124179,0.222206260097916,1,"21",46188141,46228824,"protein_coding","lanosterol synthase"
"136","PPFIA1",0.61857842974078,0.0383562694164202,38.6021906201847,5.8250663974879e-06,0.240971255826028,3.15846880249106,0.00158600283738219,0.00936538784094503,0.167780664518391,1,"HG2115_PATCH",26511,146600,"protein_coding","PTPRF interacting protein alpha 1"
"137","MPZL2",0.617982985532803,0.0109706872124587,11.5123754629343,0.174322107746148,0.0269348302048747,5.90010311318657,3.63274477166442e-09,1.52569295657399e-07,0.444359473449774,1,"11",118253416,118264536,"protein_coding","myelin protein zero like 2"
"138","DTNA",0.617709270296911,0.0278396542615249,27.7981226793707,0.000514196231913769,0.153342680499481,3.70213456422832,0.000213793169146159,0.00184067182068323,0.323630739918612,1,"18",34493291,34891844,"protein_coding","dystrobrevin alpha"
"139","INHBB",0.617683299923817,0.017118727832499,16.9025254453628,0.0311402310163538,0.0687715292778082,4.72095777475442,2.34736670745583e-06,4.07361602948751e-05,0.329350275350136,1,"2",120346136,120351803,"protein_coding","inhibin subunit beta B"
"140","INPPL1",0.617241281622262,0.0193342015468763,19.0177166988144,0.0147651852087301,0.0853828016422342,4.43906846766519,9.03490735026935e-06,0.000129034673994631,0.302317176834456,1,"11",72223701,72239147,"protein_coding","inositol polyphosphate phosphatase like 1"
"141","TNFRSF10B",0.615119546118513,0.0269097610907375,26.6580948787569,0.000809765936758257,0.14549965771788,3.74976979482222,0.000176996979194932,0.00157986144355445,0.238728862600738,1,"8",23020133,23069031,"protein_coding","TNF receptor superfamily member 10b"
"142","MTMR3",0.615052418594997,0.0114604005153204,11.9412425258761,0.153844814382056,0.0301280815659091,5.74529367491212,9.17615849971298e-09,3.44011483284093e-07,0.163348380444147,1,"22",29883169,30030868,"protein_coding","myotubularin related protein 3"
"143","CAST",0.614661120127876,0.0276244102177287,27.5230102611124,0.000573983822614797,0.150976215585518,3.69819013491675,0.000217142215817701,0.00186572514588495,0.200362115607845,1,"5",96247756,96779595,"protein_coding","calpastatin"
"144","SLCO4A1",0.613874339637287,0.0176709008880102,17.4550852807855,0.0257041584345022,0.0733159531298295,4.61795965580664,3.87531570966715e-06,6.23800626710326e-05,0.629722807142571,1,"20",62642503,62685785,"protein_coding","solute carrier organic anion transporter family member 4A1"
"145","ANGPT2",0.61350317710463,0.0160442291501561,16.0542887228721,0.0416096321938219,0.0620991467709368,4.84347863154296,1.27585448184142e-06,2.41465169306484e-05,0.678165358105649,1,"8",6499632,6563409,"protein_coding","angiopoietin 2"
"146","PNP",0.613481708890701,0.0182629735549586,17.9938840912345,0.0212723849281451,0.0772471376010209,4.53958208592499,5.63658341046214e-06,8.65623017366935e-05,0.35163112024404,1,"14",20461992,20477094,"protein_coding","purine nucleoside phosphorylase"
"147","EHD2",0.613389148662418,0.0120298660262054,12.4199581527724,0.133426887062608,0.0340198810670531,5.59249614415968,2.23828127143832e-08,7.40084363849251e-07,0.321987047871697,1,"19",47713422,47743134,"protein_coding","EH domain containing 2"
"148","FOXJ1",0.613363289166848,0.0248005918687101,24.3636065548275,0.00199108634991821,0.128380585816755,3.89481430516565,9.82739874355598e-05,0.000970669803058786,0.621375617078014,1,"17",76136333,76141245,"protein_coding","forkhead box J1"
"149","PAK4",0.611665175273343,0.00608261221638962,8.29299736372677,0.405385247268877,0.00222889237509788,7.8427557537213,4.44089209850063e-15,7.91689945923612e-13,0.229553587286525,1,"19",39125770,39182816,"protein_coding","p21 (RAC1) activated kinase 4"
"150","STX2",0.611636191496082,0.0384590667209598,39.2223930060111,4.46970176573162e-06,0.240393903451383,3.11884509395596,0.0018156138802623,0.0104246496958394,0.22733324859649,1,"12",130789600,130839254,"protein_coding","syntaxin 2"
"151","LRP5",0.610626030727354,0.0145392963906994,14.5925583530781,0.0675691954475085,0.0506797347176345,5.06411569663566,4.10300422748477e-07,9.20756045521737e-06,0.352060427207953,1,"11",68312591,68449275,"protein_coding","LDL receptor related protein 5"
"152","C3AR1",0.61046509593733,0.0174425289715907,17.2396763391763,0.0277078911616129,0.070774496502849,4.62227852437034,3.79547941053993e-06,6.1355838055101e-05,0.330627260324845,1,"12",8056844,8066359,"protein_coding","complement C3a receptor 1"
"153","RBM6",0.608250502322936,0.0235548325319483,23.3212501583161,0.00297537763573451,0.118526471060147,3.96316784682985,7.3961742451889e-05,0.000761513206916804,0.281313734894124,1,"3",49940007,50100045,"protein_coding","RNA binding motif protein 6"
"154","PRKD2",0.607939335069979,0.0183722274005894,18.0564568568231,0.0208071809150233,0.0780635704682114,4.48517443475541,7.28543083594602e-06,0.000107339301297931,0.216289739566432,1,"19",46674275,46717127,"protein_coding","protein kinase D2"
"155","DBI",0.607877617099358,0.0165236917055873,16.4342439631415,0.0365700575869697,0.0650819903964839,4.72892700793971,2.25709504375615e-06,3.94651055901753e-05,0.226619427755316,1,"2",119366924,119372550,"protein_coding","diazepam binding inhibitor, acyl-CoA binding protein"
"156","SPEN",0.606073377512125,0.0247687457802731,24.4656885209007,0.00191380375654274,0.128515619486006,3.85099717191507,0.000117637857523611,0.0011265747189517,0.193136220700439,1,"1",15836095,15940456,"protein_coding","spen family transcriptional repressor"
"157","TLR5",0.605851709637341,0.0128681110408732,13.1633772375025,0.106350581929617,0.0395830304048433,5.34083225477383,9.25208383240061e-08,2.56373231673249e-06,0.385765358941036,1,"1",223109404,223143292,"protein_coding","toll like receptor 5"
"158","STK3",0.60517177206633,0.0221389803136195,21.846738818879,0.00520783648173025,0.106224815995175,4.06724051780061,4.7573134939416e-05,0.000525013822082481,0.21676285218999,1,"8",98371228,98942827,"protein_coding","serine/threonine kinase 3"
"159","ISG20",0.604105695169376,0.0209050449917842,20.6520188471193,0.00813156447849699,0.0970560483983114,4.17818222116909,2.93848193768653e-05,0.000350213744915581,0.310993901356036,1,"15",88635670,88656483,"protein_coding","interferon stimulated exonuclease gene 20"
"160","MUC1",0.603924755066626,0.00794221196639338,9.35572276171887,0.313181768505728,0.0103822193667179,6.77660380105598,1.23032695142911e-11,9.86312106062333e-10,0.425073669930186,1,"1",155185824,155192916,"protein_coding","mucin 1, cell surface associated"
"161","LPP",0.60176088925724,0.0232951857140757,23.1656239872145,0.00315798659478378,0.116338488036629,3.9426740036367,8.05781492467794e-05,0.000817420914742598,0.30029481319604,1,"3",188153284,188890671,"protein_coding","LIM domain containing preferred translocation partner in lipoma"
"162","NR5A2",0.601637312472744,0.0299477140489954,29.8410229554672,0.000225500147274666,0.167108057635083,3.47658557402486,0.000507842135488712,0.00374065864201495,0.225688872574947,1,"1",200027614,200177420,"protein_coding","nuclear receptor subfamily 5 group A member 2"
"163","RHOG",0.601106164934887,0.0146914786024807,14.7202550764359,0.0648186781774166,0.0513215971472623,4.9592777102162,7.07557586965279e-07,1.46173140717227e-05,0.273543146623298,1,"11",3826978,3840959,"protein_coding","ras homolog family member G"
"164","DENND5A",0.599649425720243,0.0395234809100164,39.5640577022586,3.86179269779868e-06,0.251444512648216,3.01626731991111,0.00255907540268363,0.0138334413148036,0.182246212488506,1,"11",9138825,9265959,"protein_coding","DENN domain containing 5A"
"165","MAP4K4",0.599520991288073,0.0348374874259489,35.0379971506283,2.63156971583129e-05,0.211221763138378,3.2120402691002,0.00131795900163656,0.00809803056850345,0.295963391013418,1,"2",101696850,101894690,"protein_coding","mitogen-activated protein kinase kinase kinase kinase 4"
"166","WDR45",0.598546692878154,0.0167997322455009,16.7408640070157,0.0329234462436374,0.0667506634965266,4.61792479084468,3.87596670736734e-06,6.23800626710326e-05,0.125272262390451,1,"X",49074433,49101170,"protein_coding","WD repeat domain 45"
"167","EZR",0.597217595986763,0.0327782885704661,32.8629920614682,6.51889251323847e-05,0.194338327030332,3.29867445900996,0.000971424957440847,0.00631909579995905,0.325281223122844,1,"6",158765741,158819368,"protein_coding","ezrin"
"168","GSN",0.596423626990353,0.0100994489195179,10.8908406868761,0.207961366081425,0.0221253455544954,5.93479881046634,2.94206037310119e-09,1.26265900827388e-07,0.311709558261159,1,"9",121207794,121332843,"protein_coding","gelsolin"
"169","STK10",0.596088142513502,0.0254141569527293,25.1843592986637,0.00144656437653818,0.132503168888188,3.73914777275295,0.000184645167115027,0.00163502264868871,0.27955536899444,1,"5",172042079,172188224,"protein_coding","serine/threonine kinase 10"
"170","ID3",0.595357379504804,0.0180722703694977,17.8465201587363,0.0224070456688127,0.0759434154943736,4.42865025017347,9.48246490217741e-06,0.000134223474598117,0.413217738178355,1,"HSCHR1_4_CTG3",327905,329480,"protein_coding","inhibitor of DNA binding 3"
"171","ATP6V0E1",0.594947234308067,0.0322244745332382,32.1000313710422,8.93762519019468e-05,0.188235693205523,3.31425200623434,0.000918886501605209,0.00604832780413674,0.213739120746663,1,"5",172983771,173035445,"protein_coding","ATPase H+ transporting V0 subunit e1"
"172","RAMP3",0.594694001812495,0.016694361599465,16.5195403729697,0.0355195828900405,0.0656707290089092,4.60265740889741,4.17134076791115e-06,6.65873451448709e-05,0.376285001483576,1,"7",45157791,45186302,"protein_coding","receptor activity modifying protein 3"
"173","PHF2",0.594422444848152,0.014868969339192,15.0025103609297,0.059096665816517,0.0537225970365773,4.87477714903296,1.08931354758646e-06,2.1053730302215e-05,0.216525535813615,1,"9",93576584,93679587,"protein_coding","PHD finger protein 2"
"174","POLA1",0.593625216286545,0.0382249778327172,38.7801495741367,5.39916948344178e-06,0.240025761372391,3.03625833282687,0.00239534040715994,0.0131208450794431,0.15696115204716,1,"X",24693873,24996986,"protein_coding","DNA polymerase alpha 1, catalytic subunit"
"175","RFX2",0.593024885925529,0.0102853121533543,11.0479007453273,0.198999821912147,0.0232506208490525,5.84741853787606,4.99260188746575e-09,2.02347217674347e-07,0.297924769778679,1,"19",5993164,6199572,"protein_coding","regulatory factor X2"
"176","ITGA10",0.592368240360583,0.0260264891787722,25.9937326098559,0.00105289648511436,0.140215611261126,3.67184188677815,0.000240808656706504,0.00202805916267555,0.355551429884245,1,"1",145891208,145910111,"protein_coding","integrin subunit alpha 10"
"177","DDR2",0.592313230400492,0.0225601961671174,22.1917809164172,0.00457271155455364,0.110088274360178,3.94348322456356,8.03066113232997e-05,0.000814990622000351,0.363879416642136,1,"1",162631373,162787405,"protein_coding","discoidin domain receptor tyrosine kinase 2"
"178","CDK2AP2",0.592299621715317,0.0137352504893,14.0209632694085,0.0812206501435867,0.0460832050775738,5.05385948971023,4.32970193253723e-07,9.6443517230762e-06,0.251613125909485,1,"11",67506497,67508649,"protein_coding","cyclin dependent kinase 2 associated protein 2"
"179","TNPO1",0.591757961250866,0.0317496252951423,31.4563303706825,0.000116507275648174,0.182670223671625,3.32104535981518,0.000896809608605054,0.00592749996167193,0.166385848501481,1,"5",72816312,72916733,"protein_coding","transportin 1"
"180","VCAN",0.59117922698797,0.0312248359573068,31.2104306273922,0.00012888745480042,0.180894170016775,3.34556199951647,0.000821159984196962,0.00551325559050123,0.350927443383973,1,"5",83471618,83582303,"protein_coding","versican"
"181","FBXW4",0.591164777404171,0.0327707421616564,32.7052956428261,6.95907178191033e-05,0.194249750520002,3.26561822905915,0.0010922539833822,0.00695631718379847,0.248107067884935,1,"10",101610664,101695295,"protein_coding","F-box and WD repeat domain containing 4"
"182","ARRDC2",0.591076128751564,0.0195672514719321,19.4007757279701,0.0128571654650113,0.0884134918542878,4.22550390138552,2.38406694219595e-05,0.000293100571514989,0.328019598097457,1,"19",18001132,18014102,"protein_coding","arrestin domain containing 2"
"183","ANP32B",0.591015221738363,0.0224060422912396,22.2471325518311,0.00447805016920204,0.110561294225082,3.94835406501104,7.86903626137647e-05,0.000802100525434908,0.29561970816893,1,"9",97983341,98015943,"protein_coding","acidic nuclear phosphoprotein 32 family member B"
"184","EPS8",0.590839449541571,0.0190649296412111,18.9466872569231,0.0151473793878572,0.0838312854774479,4.27909453774153,1.87655150534205e-05,0.000238656706349431,0.308931080620889,1,"12",15620134,15882329,"protein_coding","EGFR pathway substrate 8, signaling adaptor"
"185","RAMP1",0.590074031251661,0.0175696150069636,17.4092852716613,0.02611844667005,0.0726799659042282,4.45169477163498,8.51952079661267e-06,0.000122497542959981,0.234157378309556,1,"2",237858893,237912106,"protein_coding","receptor activity modifying protein 1"
"186","COBL",0.589341691748216,0.0130486040617822,13.3021528171534,0.101867721057139,0.0406522566684905,5.15923296354354,2.47963614308233e-07,5.99178807541212e-06,0.209948385575963,1,"7",51016212,51316818,"protein_coding","cordon-bleu WH2 repeat protein"
"187","IFT88",0.588648501450541,0.0158050729317256,15.7520488140169,0.0460697155991247,0.0596266442662526,4.68228441746588,2.83695481839707e-06,4.81299210642434e-05,0.220651766287662,1,"13",20567138,20691444,"protein_coding","intraflagellar transport 88"
"188","NUDT5",0.588372936233895,0.00546754991026401,6.91756458745823,0.54555246389522,0,7.95712737053579,1.77635683940025e-15,3.53786444584614e-13,0.219444095881295,1,"10",12165330,12195891,"protein_coding","nudix hydrolase 5"
"189","BVES",0.587635712366771,0.0418875433265871,43.0836391898449,8.47138023705861e-07,0.272046515888705,2.87121514580205,0.0040889712315415,0.0202762387873347,0.198156999225803,1,"6",105096822,105137157,"protein_coding","blood vessel epicardial substance"
"190","HLA-DPB1",0.587455257255409,0.0246354723497747,24.2590769079978,0.00207336388864071,0.124686857131234,3.74278041200675,0.000181995260625456,0.00161377571447817,0.29301840560178,1,"HSCHR6_MHC_QBL_CTG1",4270558,4281835,"protein_coding","major histocompatibility complex, class II, DP beta 1"
"191","CSRP2",0.587402406695214,0.0420679351425919,43.0419857745001,8.62580658510511e-07,0.274978823742708,2.86391499746131,0.00418440284613086,0.0206410568414114,0.261472951003675,1,"12",76858709,76879023,"protein_coding","cysteine and glycine rich protein 2"
"192","SP110",0.587226409662381,0.0296946974102842,29.7100172005311,0.000237830446818998,0.165450375375644,3.40773744984169,0.000655038885037706,0.0045825758222465,0.253540191143768,1,"2",230165186,230225729,"protein_coding","SP110 nuclear body protein"
"193","PAN2",0.586853298565732,0.0128729412124549,13.1901561346718,0.10547226706931,0.0396629253770441,5.17238277816627,2.31127496475025e-07,5.67096560889107e-06,0.241247750410395,1,"12",56316223,56334053,"protein_coding","poly(A) specific ribonuclease subunit PAN2"
"194","EEF1D",0.58621470811813,0.0193589615935305,19.2338689751854,0.0136577294454034,0.0868959269458438,4.2132349833939,2.51738921792644e-05,0.000306914410964125,0.226793890136095,1,"8",143579697,143599541,"protein_coding","eukaryotic translation elongation factor 1 delta"
"195","SMAD9",0.585711843499012,0.0213581188352336,21.0929010259872,0.00690469815556954,0.100855019746576,4.00776738390498,6.12954478196315e-05,0.000649191878382162,0.338752526964932,1,"13",36844831,36920887,"protein_coding","SMAD family member 9"
"196","RPS6KA1",0.585010549279768,0.016535813629309,16.4857842224922,0.0359319063004317,0.0651396570449096,4.5493663734296,5.3807689637253e-06,8.2933460212968e-05,0.292263006810757,1,"1",26529761,26575030,"protein_coding","ribosomal protein S6 kinase A1"
"197","YAP1",0.584729146548149,0.0309598715443253,30.8649987449292,0.000148491729327622,0.179208399003206,3.32318996134978,0.000889942887296158,0.00588822061402568,0.322605505022328,1,"11",102110447,102233424,"protein_coding","Yes1 associated transcriptional regulator"
"198","MTMR11",0.584582239428619,0.0186338612401718,18.5346273719129,0.0175566757229964,0.080537260444619,4.28246860759501,1.84831215008785e-05,0.000235595108210948,0.209767641658301,1,"1",149928651,149936879,"protein_coding","myotubularin related protein 11"
"199","TEAD3",0.584518184161509,0.0202118957253469,20.0269424549369,0.0102345977332568,0.0921316046020465,4.11144516097548,3.93190270826516e-05,0.000446088098539402,0.223677554167634,1,"6",35473597,35497079,"protein_coding","TEA domain transcription factor 3"
"200","GOLIM4",0.584353981329373,0.0346996490897849,34.2927208936377,3.59526056554536e-05,0.207072385260066,3.13699239532578,0.00170690554411523,0.00992567131298578,0.373970046678791,1,"3",168008689,168095924,"protein_coding","golgi integral membrane protein 4"
"201","CEP350",0.584255551338231,0.0132746231750656,13.5026911746459,0.0956844189156709,0.0418488658784091,5.07097823726971,3.95776033945694e-07,8.92877737467042e-06,0.230197279635761,1,"1",179954674,180114880,"protein_coding","centrosomal protein 350"
"202","PLPP2",0.584150368506691,0.0253009084662605,25.1953809950798,0.00144034503361154,0.133810458265817,3.67245596708263,0.000240230554338527,0.00202452810636432,0.318347597131164,1,"19",281040,291403,"protein_coding","phospholipid phosphatase 2"
"203","LITAF",0.584135987284982,0.0162748463472842,16.2931521943759,0.0383713118223737,0.0636784424966261,4.57884048866223,4.67560577144255e-06,7.35772950193734e-05,0.291831981326346,1,"16",11546875,11636381,"protein_coding","lipopolysaccharide induced TNF factor"
"204","HLA-DMA",0.583736319597906,0.020081956549983,19.8465658628073,0.0109323939740818,0.0907291626036952,4.11920782721589,3.80177141225957e-05,0.000434222932852747,0.353740369703939,1,"HSCHR6_MHC_QBL_CTG1",4142920,4165041,"protein_coding","major histocompatibility complex, class II, DM alpha"
"205","IKBKB",0.582371406784624,0.0264170767288182,26.596222428801,0.000829865962869726,0.142249861493266,3.58308957238181,0.00033955410606934,0.00268911240323879,0.21531054142899,1,"8",42271302,42332460,"protein_coding","inhibitor of nuclear factor kappa B kinase subunit beta"
"206","SYK",0.5815760115966,0.0122854163527313,12.6506646003427,0.124447790317561,0.0355062951851325,5.24700581034786,1.54591025314232e-07,4.02964111281772e-06,0.356797664058067,1,"9",90801787,90898549,"protein_coding","spleen associated tyrosine kinase"
"207","STAT5A",0.581086098488811,0.0228944367327605,22.7832030002749,0.00365402959417471,0.11429613004791,3.84039153924123,0.000122838235220524,0.00116934844304586,0.258961577085456,1,"17",42287547,42311943,"protein_coding","signal transducer and activator of transcription 5A"
"208","KDSR",0.58095346863852,0.0451395808029326,44.9849389889295,3.70425052680713e-07,0.297608942534497,2.73440341799882,0.00624934259982401,0.0283225761595224,0.150171529413026,1,"18",63327726,63367228,"protein_coding","3-ketodihydrosphingosine reductase"
"209","AKR1C3",0.580851743325305,0.0192704869129097,19.1314197177102,0.0141723955752044,0.0857454762804172,4.1842627970092,2.86092998482701e-05,0.000343043526070982,0.340038417685937,1,"10",5035354,5107686,"protein_coding","aldo-keto reductase family 1 member C3"
"210","SRPX2",0.580054092915356,0.017432751135431,17.2936090147318,0.0271928929833182,0.0714779261120704,4.39324608196515,1.11670601183889e-05,0.000153715909070241,0.368855711295084,1,"X",100644195,100675788,"protein_coding","sushi repeat containing protein X-linked 2"
"211","TEP1",0.579541336869918,0.0327594462508826,33.1592256125244,5.76495816077644e-05,0.194342629036117,3.20196176934728,0.00136495111897128,0.00832013577466172,0.278506732354374,1,"14",20365667,20413501,"protein_coding","telomerase associated protein 1"
"212","CBLB",0.579529633122209,0.0241553477849513,23.9906504206657,0.00230007792098628,0.123218741632032,3.7287992303757,0.000192394356937298,0.00169069608459239,0.266920115462381,1,"3",105655461,105869552,"protein_coding","Cbl proto-oncogene B"
"213","AZGP1",0.579513295802228,0.0195944408511563,19.4440616035262,0.0126569654708293,0.088475400050434,4.13996783556572,3.47354521368359e-05,0.000405082745345086,0.463008457894681,1,"7",99966720,99976042,"protein_coding","alpha-2-glycoprotein 1, zinc-binding"
"214","FCGBP",0.579243268952943,0.0146992391123956,14.8069528010178,0.0630096394195501,0.052138572110092,4.77764161030445,1.7736313693284e-06,3.1796894865182e-05,0.635685117070465,1,"19",39863323,39934626,"protein_coding","Fc gamma binding protein"
"215","BARD1",0.578986730004848,0.0442772271711758,44.9132253779586,3.82199512555303e-07,0.285215981472405,2.75155629273423,0.00593128247353425,0.0271816738453977,0.155137587516798,1,"2",214725646,214809683,"protein_coding","BRCA1 associated RING domain 1"
"216","IFI16",0.578191189322951,0.0176357920559608,17.4717264264873,0.0255551643851592,0.0720953603944171,4.35385523529708,1.33764056866603e-05,0.000179854804942,0.324412174623753,1,"1",158999968,159055155,"protein_coding","interferon gamma inducible protein 16"
"217","IL3RA",0.577410343455249,0.0311056696834319,30.8753216527518,0.000147865436183032,0.1779962246653,3.27389526223699,0.00106075921040216,0.00679445591728199,0.314941383463264,1,"Y",1336616,1382689,"protein_coding","interleukin 3 receptor subunit alpha"
"218","PRCP",0.576783825645253,0.0191219326010302,18.9536705181865,0.0151093912474775,0.0850188909372306,4.17106715094509,3.03176497000734e-05,0.000359482718048359,0.215762276664591,1,"11",82822936,82970584,"protein_coding","prolylcarboxypeptidase"
"219","PXN",0.576723321903785,0.0236610414052062,23.6150548566083,0.00265813798593559,0.120156113983301,3.74930340505165,0.000177326445269799,0.00158117630964078,0.233377927763708,1,"12",120210439,120265771,"protein_coding","paxillin"
"220","KLF6",0.57663731462603,0.0279450200819017,27.9145817035788,0.000490765737733003,0.153655876212421,3.44945536330652,0.000561718588972138,0.00406353348146047,0.241004578691211,1,"10",3775996,3785281,"protein_coding","KLF transcription factor 6"
"221","MACF1",0.576632487574945,0.00818592343381926,9.56218810310677,0.297107940830137,0.0118699725953847,6.37331329662815,1.84987358764488e-10,1.10442218664709e-08,0.237682117882781,1,"1",39081316,39487177,"protein_coding","microtubule actin crosslinking factor 1"
"222","PDE9A",0.575602344808502,0.0115511068573967,12.1109462832996,0.146321958657248,0.0312701548488228,5.35563231930689,8.52577264343068e-08,2.39633431090384e-06,0.26357076128473,1,"21",42653621,42775509,"protein_coding","phosphodiesterase 9A"
"223","PTAFR",0.575362797998062,0.0196085780505655,19.5532636701901,0.0121650194428998,0.0880764425081759,4.10883524230919,3.97659635869019e-05,0.000450357045633447,0.276391380068806,1,"1",28147166,28193936,"protein_coding","platelet activating factor receptor"
"224","IRF7",0.57528892284518,0.00997062278153802,10.8390748135471,0.21098522856944,0.0215917520434971,5.76135808657124,8.34398039550877e-09,3.17482227198067e-07,0.361273877025854,1,"11",612553,615983,"protein_coding","interferon regulatory factor 7"
"225","SMARCC1",0.575287948113071,0.0345449700302952,34.7718295457201,2.94220775010669e-05,0.208911777032681,3.09522957071832,0.00196660616899624,0.0111484747756774,0.212664803947353,1,"3",47585269,47782106,"protein_coding","SWI/SNF related, matrix associated, actin dependent regulator of chromatin subfamily c member 1"
"226","NOS3",0.574772965415268,0.0182602585878875,18.1740051771223,0.0199591141124327,0.0775941839356294,4.25346507419726,2.10487780798463e-05,0.000263260547678762,0.287771900728771,1,"7",150991017,151014588,"protein_coding","nitric oxide synthase 3"
"227","AK2",0.574627561404793,0.014083373445951,14.2044798337915,0.0765889655921971,0.0475752394267377,4.84209275884775,1.28478759009454e-06,2.42795330128095e-05,0.156268331087181,1,"1",33007986,33080996,"protein_coding","adenylate kinase 2"
"228","ZNF384",0.573944691990757,0.0161975850573165,16.1909047463584,0.0397277719474481,0.0630101454453799,4.50967151691048,6.49280822861975e-06,9.78257447826261e-05,0.157921928036927,1,"12",6666477,6689572,"protein_coding","zinc finger protein 384"
"229","CALCOCO2",0.573362524112794,0.0259471400221095,25.8224986661793,0.00112631848745517,0.137661223975278,3.55946359617797,0.00037161303852784,0.00287686947804137,0.19186374928267,1,"17",48831018,48868228,"protein_coding","calcium binding and coiled-coil domain 2"
"230","RAB27A",0.573070694475572,0.0170180340928505,16.9399731259638,0.0307402395346368,0.0683196961024302,4.3929221360169,1.1183719053065e-05,0.000153862142374413,0.219009719935336,1,"15",55202966,55319113,"protein_coding","RAB27A, member RAS oncogene family"
"231","NME6",0.572794272080383,0.0193170998047242,19.3533304638527,0.0130800683727294,0.0866790064515485,4.12123808506046,3.76841730056476e-05,0.0004309926525047,0.235703969235746,1,"3",48290722,48301685,"protein_coding","NME/NM23 nucleoside diphosphate kinase 6"
"232","ZBTB5",0.571151056432394,0.0392069683901014,39.5501485349024,3.88485954075199e-06,0.248934661321375,2.88449209534123,0.00392045600774815,0.0195876262679668,0.146516137643268,1,"9",37438102,37465450,"protein_coding","zinc finger and BTB domain containing 5"
"233","ACSL1",0.57112988480533,0.0275542235500698,27.4532074112044,0.000590205009708307,0.150797320238188,3.44065238061696,0.000580313566783452,0.00416330398056147,0.254174095075421,1,"4",184755595,184826818,"protein_coding","acyl-CoA synthetase long chain family member 1"
"234","FOS",0.570882056732258,0.0483971414407542,49.338912884561,5.4741146679417e-08,0.325511966372204,2.59499507250911,0.00945922751023409,0.0391213638738478,0.474840548405901,1,"14",75278826,75283190,"protein_coding","Fos proto-oncogene, AP-1 transcription factor subunit"
"235","RHOQ",0.570593358095329,0.0344457816072999,34.6596090663054,3.08378554330115e-05,0.209500997966298,3.07438809784415,0.00210934836305743,0.0118079968861271,0.294128885233646,1,"2",46541806,46584688,"protein_coding","ras homolog family member Q"
"236","KIF1C",0.570521004167646,0.0289065453948117,28.9024830180673,0.000329837656487272,0.163538075436137,3.3556259301717,0.000791855957586352,0.00535600528701217,0.353948300189564,1,"17",4997950,5028401,"protein_coding","kinesin family member 1C"
"237","DCAF12",0.570011383740597,0.0418966288411953,42.0136592429985,1.34627547128425e-06,0.269656680730611,2.7847998659884,0.0053560770605412,0.0250858850825605,0.136858393638651,1,"9",34086387,34127399,"protein_coding","DDB1 and CUL4 associated factor 12"
"238","EMP1",0.569867048881641,0.0496881098514298,50.9995917312873,2.62454214190452e-08,0.338777539689474,2.55650889146557,0.0105728368982692,0.042499736841308,0.421926399995218,1,"12",13196723,13219941,"protein_coding","epithelial membrane protein 1"
"239","TJP2",0.569673863939685,0.0220825918968572,21.7863970761083,0.00532731961825135,0.106569207179454,3.83355123302524,0.000126306479411031,0.00119430976698048,0.296108252226629,1,"9",69121264,69274615,"protein_coding","tight junction protein 2"
"240","GBGT1",0.569373572618156,0.0138640257887462,14.124614378882,0.0785746551573028,0.0468209832411869,4.8356251402506,1.32727841961611e-06,2.4941550897232e-05,0.208264829319057,1,"9",133152948,133163933,"protein_coding","globoside alpha-1,3-N-acetylgalactosaminyltransferase 1 (FORS blood group)"
"241","SLC43A3",0.569241543653321,0.0315617722138746,31.6787372667921,0.00010632276434191,0.183176273598112,3.20417256181577,0.00135451265739772,0.00826684011851571,0.249549731225706,1,"11",57406954,57427580,"protein_coding","solute carrier family 43 member 3"
"242","TGIF1",0.568497693976766,0.0313663684162963,31.4747025959811,0.000115630787564552,0.181735420879365,3.20993758388289,0.00132763797561108,0.00814572200054233,0.176017633268598,1,"18",3411608,3459978,"protein_coding","TGFB induced factor homeobox 1"
"243","PDPN",0.568452830214827,0.0182034649641395,18.0444466411233,0.0208957206611198,0.0772821834126127,4.21325167359633,2.51720312496317e-05,0.000306914410964125,0.263914769741044,1,"1",13583465,13617957,"protein_coding","podoplanin"
"244","PFKFB3",0.566484312785094,0.0419360812655532,42.3510351789702,1.16353695445952e-06,0.272924963611529,2.76626616748494,0.0056702233349557,0.0262295415492698,0.293688231451841,1,"10",6144934,6254644,"protein_coding","6-phosphofructo-2-kinase/fructose-2,6-biphosphatase 3"
"245","WASF2",0.566140480939579,0.0212541004717538,21.1065410103379,0.00686973368290107,0.100183487906619,3.88331700801287,0.000103041086029654,0.00100915344070456,0.286015408372467,1,"1",27404230,27490167,"protein_coding","WASP family member 2"
"246","SPART",0.565598949881091,0.0265762537585663,26.5954261287128,0.00083012780289491,0.14309940775466,3.46945863155282,0.000521508373203527,0.00382694673519791,0.210299628403881,1,"13",36301638,36370180,"protein_coding","spartin"
"247","GPR65",0.565168911062429,0.016476676762175,16.5022479779737,0.0357302521009564,0.0646164783165798,4.40294695364669,1.06790284071234e-05,0.000148440823981896,0.293014669398602,1,"14",88005135,88014811,"protein_coding","G protein-coupled receptor 65"
"248","YES1",0.564573415397617,0.021579033886484,21.4363827965843,0.00607425639628195,0.103427276394392,3.84330123751975,0.000121390317693759,0.0011577266625391,0.25268458485427,1,"18",721588,812546,"protein_coding","YES proto-oncogene 1, Src family tyrosine kinase"
"249","DUSP1",0.564539717550519,0.0292602425564327,29.0742720535696,0.000307720373071377,0.164497099832061,3.30031611996091,0.000965759775797048,0.00629026928063213,0.391542786547968,1,"5",172768096,172771195,"protein_coding","dual specificity phosphatase 1"
"250","FBXO5",0.562109355990333,0.0301303044568012,30.5818539341702,0.0001667251971421,0.173224680874856,3.23831471942469,0.00120238091222657,0.00750539535521957,0.233834084155014,1,"6",152970519,152983579,"protein_coding","F-box protein 5"
"251","KCNJ10",0.562058094374722,0.0269217043240436,26.8603703760433,0.000747319485441216,0.146871631973963,3.42554700721456,0.000613562751596408,0.00435940781116144,0.296917579462877,1,"1",159998651,160070483,"protein_coding","potassium inwardly rectifying channel subfamily J member 10"
"252","IL4R",0.561348994813128,0.0181927639344863,18.0273917563312,0.0210220612350362,0.0768324426517112,4.16182301170529,3.15717013394945e-05,0.000372102349629095,0.362132889911817,1,"16",27313668,27364778,"protein_coding","interleukin 4 receptor"
"253","NES",0.561034077650791,0.0165207169188809,16.5501947232338,0.0351489672736097,0.065847960389971,4.36490500676874,1.27178013042961e-05,0.000171997299018791,0.343523352395757,1,"1",156668763,156677407,"protein_coding","nestin"
"254","SOCS3",0.560520810969572,0.025037138460768,24.9705835558433,0.00157250051958407,0.129755083449912,3.54241465708251,0.000396481693105688,0.00303802458741909,0.349432399268069,1,"17",78356778,78360077,"protein_coding","suppressor of cytokine signaling 3"
"255","CDKN2C",0.560136429017991,0.0054478776366223,7.18129250968241,0.517205037035551,0,7.5889229964245,3.21964677141295e-14,4.55991417464614e-12,0.24480265264525,1,"1",50960745,50974634,"protein_coding","cyclin dependent kinase inhibitor 2C"
"256","SHMT1",0.559782048730332,0.0174244848012443,17.2722915061347,0.0273953695103501,0.0712670616220911,4.24071410054051,2.22809790746403e-05,0.000276942466869725,0.179768337351058,1,"HSCHR17_3_CTG1",88247,123941,"protein_coding","serine hydroxymethyltransferase 1"
"257","RAD51B",0.558977300580244,0.018459133038741,18.4124327247497,0.0183382728643797,0.0798200701790262,4.11422957825859,3.88474666099814e-05,0.000442312847828609,0.261121753380389,1,"14",67819779,68730218,"protein_coding","RAD51 paralog B"
"258","MAP3K6",0.5586299806853,0.016550275043393,16.5357833440568,0.0353227522271815,0.0656557479776075,4.34231807152497,1.40987220322852e-05,0.000187784075636911,0.261634509068587,1,"1",27355184,27366961,"protein_coding","mitogen-activated protein kinase kinase kinase 6"
"259","TMC6",0.558600891917648,0.0392888328778996,39.961941555039,3.25644118854226e-06,0.251231089858705,2.81816917903165,0.00482983538564707,0.0231947252354939,0.319019289492148,1,"17",78107397,78132407,"protein_coding","transmembrane channel like 6"
"260","BAG3",0.558569019473714,0.0128317352539986,13.1470239246587,0.106890107085006,0.0393293450874646,4.93099030869348,8.18137934066598e-07,1.64615551327228e-05,0.488727396019913,1,"10",119651380,119677819,"protein_coding","BAG cochaperone 3"
"261","MAP4K5",0.558306559780044,0.0363621080068837,36.6853847228558,1.31479170771467e-05,0.224058122445034,2.92784582849323,0.003413192446446,0.0174522867782219,0.225944569435308,1,"14",50418501,50561126,"protein_coding","mitogen-activated protein kinase kinase kinase kinase 5"
"262","NFIA",0.55785201740886,0.0228859037105105,22.6385043373054,0.00386073104557372,0.113067386680997,3.68752501243131,0.000226445840960876,0.0019313428650437,0.268866963810044,1,"1",60865259,61462788,"protein_coding","nuclear factor I A"
"263","DNALI1",0.557521651743445,0.0292030870356475,28.9936811998791,0.000317908732273501,0.163274316927995,3.26247623475004,0.00110443432683449,0.00701079290189036,0.29275631461118,1,"1",37556919,37566857,"protein_coding","dynein axonemal light intermediate chain 1"
"264","TIMP1",0.557311502785338,0.00782841053801457,9.31971099528543,0.316047501887032,0.0100370408975657,6.29884919081976,2.99863467390082e-10,1.70254329046222e-08,0.433455513654772,1,"X",47582408,47586789,"protein_coding","TIMP metallopeptidase inhibitor 1"
"265","CYP27A1",0.555257581538933,0.0150246885572708,15.1265384863312,0.0567311991903651,0.0544740771692409,4.52993278446171,5.90024545021883e-06,9.01328997950952e-05,0.303433782938438,1,"2",218781749,218815293,"protein_coding","cytochrome P450 family 27 subfamily A member 1"
"266","ECM2",0.555178078365347,0.0291474657434384,29.1151588468149,0.000302674670681013,0.162856320534713,3.25186051740532,0.0011465227114269,0.00722228804002485,0.372352822416667,1,"9",92493554,92536655,"protein_coding","extracellular matrix protein 2"
"267","DDR1",0.554786965223395,0.0111912147026692,11.7765003969407,0.161457919000281,0.0287142090788714,5.24430129610332,1.56875666679213e-07,4.0850167218112e-06,0.317245859197731,1,"HSCHR6_MHC_QBL_CTG1",2136143,2155326,"protein_coding","discoidin domain receptor tyrosine kinase 1"
"268","STAG1",0.554446124916411,0.0396622259302887,40.313177574778,2.80080326528062e-06,0.251005085703337,2.78401012524073,0.00536913580466458,0.0251285806991581,0.176355742747288,1,"3",136336236,136752403,"protein_coding","STAG1 cohesin complex component"
"269","TCAP",0.553889002510008,0.0112619878539495,11.8879139953783,0.156275387514062,0.0296012617466771,5.21933550832278,1.79566215230409e-07,4.56398955620021e-06,0.431363613797988,1,"17",39665349,39666554,"protein_coding","titin-cap"
"270","CCR5",0.552761573542848,0.0130256410843928,13.2916220357128,0.102201959994088,0.0402255549098556,4.84326565426811,1.27722340237391e-06,2.41544927275356e-05,0.276344909891233,1,"3",46370946,46376206,"protein_coding","C-C motif chemokine receptor 5"
"271","TRPS1",0.551844504757091,0.0191294208104348,19.0443156360258,0.0146244354279257,0.084333112145606,3.9899349183503,6.60914274051017e-05,0.000692791430443362,0.234502574567734,1,"8",115408496,115809673,"protein_coding","transcriptional repressor GATA binding 1"
"272","ITPRID2",0.551376981723188,0.0389175313526248,39.2356902565764,4.44436004346876e-06,0.243726308612267,2.79496252823294,0.00519057311906757,0.0245043112082203,0.229034511704501,1,"2",181891730,181930738,"protein_coding","ITPR interacting domain containing 2"
"273","FOXO1",0.551246194069395,0.0343498847869291,34.5288857663693,3.25720590652084e-05,0.205521981314595,2.97428760785618,0.00293669678839747,0.015461629745274,0.241449190093817,1,"13",40555667,40666641,"protein_coding","forkhead box O1"
"274","SNAPC1",0.551203686672171,0.0247232425320977,24.7988497717783,0.00168134572212038,0.127597124638345,3.50557609744387,0.000455620235175758,0.00341420536605984,0.315975617830167,1,"14",61762420,61796428,"protein_coding","small nuclear RNA activating complex polypeptide 1"
"275","CEP104",0.551167403045745,0.0466753305755363,48.4712874585579,8.02750206172258e-08,0.317268077471282,2.55117249217965,0.0107361175440368,0.0430204093917212,0.166644859118605,1,"1",3812086,3857396,"protein_coding","centrosomal protein 104"
"276","SMTN",0.551022684489515,0.0227184773388618,22.7509889062733,0.00369909963683791,0.113387614238083,3.65577844711523,0.000256402729344574,0.00213610286901347,0.308144309361832,1,"22",31064105,31104757,"protein_coding","smoothelin"
"277","IER3",0.55062719775421,0.0203243505820095,20.0797660713375,0.0100384455038452,0.0923283954465542,3.86232949265531,0.000112310949197392,0.00108329285958725,0.352669223906542,1,"HSCHR6_MHC_COX_CTG1",2222939,2224294,"protein_coding","immediate early response 3"
"278","CLN3",0.550560533420649,0.00743854358595573,9.08656340331684,0.335046315479853,0.00823224464409154,6.38353317893543,1.73048020357669e-10,1.04291091796172e-08,0.174843851335944,1,"16",28474111,28495575,"protein_coding","CLN3 lysosomal/endosomal transmembrane protein, battenin"
"279","RP2",0.550431191878494,0.0115970407545394,12.1704216299245,0.143760531694606,0.0316743479565639,5.11127731978942,3.19987848662606e-07,7.44292903828086e-06,0.31180767630123,1,"X",46837043,46882358,"protein_coding","RP2 activator of ARL3 GTPase"
"280","SERPINH1",0.550371002237133,0.0190592705680751,19.0525758901142,0.0145809860559621,0.0847443241108853,3.9865976476995,6.70275490710637e-05,0.000701151546573884,0.480449210283837,1,"11",75562056,75572783,"protein_coding","serpin family H member 1"
"281","INPP5D",0.550306651490315,0.0229350769691363,22.9594921012704,0.00341664488142338,0.115311137927383,3.63374679005751,0.000279335007802972,0.00228845180975001,0.289123896882002,1,"HG2232_PATCH",5305,153241,"protein_coding","inositol polyphosphate-5-phosphatase D"
"282","CD68",0.548840978035883,0.0228758323466646,22.8553486388111,0.00355501165426233,0.113569978745399,3.62875859140081,0.000284787394081887,0.00232918993818721,0.364525147346377,1,"17",7579491,7582111,"protein_coding","CD68 molecule"
"283","FLI1",0.548154227039993,0.021947001094781,21.9910578146834,0.00493245959790077,0.106762984528423,3.70011459637478,0.000215502131033718,0.00185288223488788,0.279472995822959,1,"11",128686535,128813267,"protein_coding","Fli-1 proto-oncogene, ETS transcription factor"
"284","CFHR3",0.548137930654337,0.0247927032972575,24.744169595247,0.00171751656434074,0.127238275772278,3.48119149937311,0.000499188455966637,0.00369185126427545,0.267205705383967,1,"1",196774813,196795407,"protein_coding","complement factor H related 3"
"285","ABLIM1",0.548124945335345,0.0217152848985058,21.5887774909101,0.00573741101366786,0.104774192886144,3.71960481831963,0.000199534728488215,0.00174024592314406,0.21714658384422,1,"10",114431110,114768061,"protein_coding","actin binding LIM protein 1"
"286","GPR4",0.547036117684518,0.0231303953136077,23.0501691892816,0.00330042847813623,0.116040194281415,3.59686778098735,0.000322072088855263,0.00257835721781628,0.446805523165482,1,"19",45589764,45602212,"protein_coding","G protein-coupled receptor 4"
"287","NFIB",0.54697355840444,0.0347961630115162,34.9146796151709,2.771241214227e-05,0.211203712420462,2.93224769771544,0.0033651823031533,0.0172612862081061,0.168496693077576,1,"9",14081843,14398983,"protein_coding","nuclear factor I B"
"288","MKNK2",0.546828253726662,0.0138970361012969,14.2205035505965,0.0761960496410658,0.0472821701327456,4.63863128679661,3.50724113795664e-06,5.75354558107649e-05,0.426204597846987,1,"19",2037465,2051244,"protein_coding","MAPK interacting serine/threonine kinase 2"
"289","ATM",0.546748559116702,0.0251366745832285,25.2648969502265,0.00140171461533346,0.132661799514326,3.44852783491849,0.00056365137193426,0.00407105095437373,0.262588205935594,1,"11",108222804,108369102,"protein_coding","ATM serine/threonine kinase"
"290","NFE2L2",0.546125397084998,0.0176080647126487,17.4864923915628,0.0254236393245873,0.0721161508445251,4.11563224031777,3.86119540560781e-05,0.000440024382991327,0.278940186715669,1,"2",177218667,177392756,"protein_coding","NFE2 like bZIP transcription factor 2"
"291","NMB",0.545616652481736,0.0188456175905076,18.7816775347268,0.0160718651503718,0.0825016847491786,3.97449934342707,7.05274567653902e-05,0.000730579624266596,0.239224316695686,1,"15",84655129,84658563,"protein_coding","neuromedin B"
"292","RND2",0.545360404049494,0.0136734996702759,13.9125198870943,0.0840742413126225,0.0451835241690713,4.66384126308328,3.10360820088285e-06,5.18821533541681e-05,0.285827105372253,1,"17",43025231,43032041,"protein_coding","Rho family GTPase 2"
"293","EVC",0.544392133967101,0.013473561412715,13.7557375048668,0.0883584169747132,0.043823501494397,4.68997619382143,2.73236836800805e-06,4.64684901972177e-05,0.185105162247234,1,"4",5711201,5814305,"protein_coding","EvC ciliary complex subunit 1"
"294","IRAK2",0.544089229855769,0.0399097281495839,41.0557308171926,2.03517469069241e-06,0.254200982982305,2.72352110126203,0.00645900893475826,0.029099172427945,0.236328745573529,1,"3",10164919,10243745,"protein_coding","interleukin 1 receptor associated kinase 2"
"295","CKS2",0.543935631674126,0.0261702077724882,26.237442525583,0.000956396275467077,0.139010532272432,3.36235778063342,0.000772799228665688,0.00524799433574171,0.465138024299483,1,"9",89311195,89316703,"protein_coding","CDC28 protein kinase regulatory subunit 2"
"296","SMG5",0.543500774210205,0.0232895321380319,23.1833125186276,0.00313669644181132,0.117394658257817,3.56139205094237,0.000368893773497581,0.00286277289734363,0.224696502104999,1,"1",156249224,156282825,"protein_coding","SMG5 nonsense mediated mRNA decay factor"
"297","RBPMS",0.543176780981378,0.00964113854516136,10.5852963854506,0.22632158132599,0.0196040739525323,5.53193457431454,3.16718047344011e-08,1.01052480362214e-06,0.261528384116376,1,"8",30384511,30572256,"protein_coding","RNA binding protein, mRNA processing factor"
"298","MYOT",0.543091009746179,0.0277013283472043,27.6076160076855,0.000554907044207784,0.153496546863882,3.26303938727475,0.00110224199659625,0.00699861898361851,0.390215159755873,1,"5",137867858,137887851,"protein_coding","myotilin"
"299","ZHX2",0.542929052302683,0.025998587192913,25.8927343957863,0.00109561731151233,0.13868062239733,3.36719453094368,0.00075937101796808,0.00517785851566157,0.228771634819099,1,"8",122781655,122974510,"protein_coding","zinc fingers and homeoboxes 2"
"300","SPR",0.542227738158942,0.00893248145828979,10.0908897554405,0.258704530846876,0.0158707833285988,5.73714291965812,9.62870028153873e-09,3.55230761616884e-07,0.369018629232848,1,"2",72887382,72892158,"protein_coding","sepiapterin reductase"
"301","CARHSP1",0.542160786970524,0.0145365411525462,14.6645199959316,0.0660064342132712,0.050668174817946,4.49673776812797,6.90040061779307e-06,0.000103161366856026,0.26008792599564,1,"16",8852942,8869012,"protein_coding","calcium regulated heat stable protein 1"
"302","BMPR1A",0.541463885557552,0.0207746901667445,20.558899878788,0.00841621617440543,0.096505549264299,3.75666282948414,0.000172194247188839,0.00154514183160334,0.196284344169253,1,"10",86755786,86932825,"protein_coding","bone morphogenetic protein receptor type 1A"
"303","FOXN3",0.541080557842403,0.0295319908024295,29.7806473803353,0.000231102651181235,0.168891957243444,3.14858604932171,0.00164062413361621,0.00962587595817676,0.209782414412511,1,"14",89124871,89619149,"protein_coding","forkhead box N3"
"304","LDLR",0.54064784833578,0.0310120955774252,31.1936482944767,0.000129778078153968,0.180692268272987,3.07007455392022,0.00214005342825385,0.0119562529139766,0.294108602098404,1,"19",11089418,11133820,"protein_coding","low density lipoprotein receptor"
"305","CERS2",0.54053414971058,0.0382893967146546,38.3747108319572,6.4182195979609e-06,0.241139567509385,2.76238288799054,0.00573811430788518,0.0264763344888537,0.239760274009616,1,"1",150960583,150975003,"protein_coding","ceramide synthase 2"
"306","SAFB2",0.539913924060042,0.0224031484369409,22.5351196683447,0.00401529590018604,0.111463853162143,3.60719815039383,0.000309521288070824,0.00248994199961802,0.19539703738999,1,"19",5586981,5624046,"protein_coding","scaffold attachment factor B2"
"307","VAT1",0.53835078377072,0.03150589941703,31.4597028898482,0.000116345893414415,0.182352403349388,3.03297903673655,0.00242152421285136,0.0132386696886596,0.237670169744051,1,"17",43014607,43025123,"protein_coding","vesicle amine transport 1"
"308","G3BP1",0.537885211683788,0.0127499851772021,13.105417778819,0.108273624072342,0.0387526736774201,4.76359427080285,1.90174701653056e-06,3.38792709241186e-05,0.166723015201353,1,"5",151771045,151812911,"protein_coding","G3BP stress granule assembly factor 1"
"309","CBFB",0.537708233629684,0.0247548128312531,24.7012119436596,0.00174646312988864,0.129006274809499,3.41756562792533,0.000631838587924261,0.00446313691381357,0.226584456572048,1,"16",67028984,67101058,"protein_coding","core-binding factor subunit beta"
"310","DLC1",0.537256592860115,0.0219097687188318,21.9443778630407,0.005019955886964,0.107047871999277,3.62963418841118,0.000283823157146257,0.00232279413968845,0.307222464172488,1,"HG76_PATCH",6278952,6328924,"protein_coding","DLC1 Rho GTPase activating protein"
"311","SPHK1",0.537196692652196,0.0132095998051006,13.4928874160393,0.0959787944484574,0.0418142386116561,4.6739977600591,2.95392553484319e-06,4.98045130024851e-05,0.213839603320671,1,"17",76376584,76387860,"protein_coding","sphingosine kinase 1"
"312","BIRC3",0.537055740770904,0.0282993402184459,28.6307382184273,0.000368047067562865,0.158263984151791,3.19250222119485,0.00141045859919697,0.00854587074161673,0.260514085511494,1,"11",102317484,102339403,"protein_coding","baculoviral IAP repeat containing 3"
"313","ITPR3",0.536889643053628,0.0111950411336919,11.8358911564105,0.158677583311789,0.0291157907978133,5.07425372732907,3.89019694013726e-07,8.79971522581359e-06,0.323633376751009,1,"6",33620365,33696574,"protein_coding","inositol 1,4,5-trisphosphate receptor type 3"
"314","PLIN3",0.536760252384911,0.02913453821663,29.0968215193922,0.000304927495467966,0.165122376935967,3.14467869945506,0.00166269329672653,0.00973236281468535,0.332971582289605,1,"19",4838341,4867694,"protein_coding","perilipin 3"
"315","NOTCH4",0.536461392257877,0.0305491582677616,30.9429201351306,0.000143827973550833,0.17494594601482,3.0692965282086,0.00214563507456811,0.0119821850944063,0.167007261595175,1,"HSCHR6_MHC_MANN_CTG1",3499821,3529069,"protein_coding","notch receptor 4"
"316","STAG2",0.536116505045029,0.0197753991542,19.6850317826198,0.0115956802177755,0.0889919069103276,3.81238321372827,0.000137633266138693,0.00128194550737073,0.179829124869733,1,"X",123960212,124422664,"protein_coding","STAG2 cohesin complex component"
"317","GJA4",0.535484127202065,0.0114708335997431,12.0369625193733,0.149562310177076,0.0306681756785747,4.99975947544184,5.7401875919183e-07,1.22454038599462e-05,0.435403238474995,1,"1",34792999,34795747,"protein_coding","gap junction protein alpha 4"
"318","SFRP1",0.535264196503458,0.0234436474549263,23.4234017469206,0.00286112436462628,0.118044807914986,3.49587265208008,0.000472514150586134,0.00352422564098663,0.345123435275204,1,"8",41261962,41309473,"protein_coding","secreted frizzled related protein 1"
"319","BMP1",0.534937008635923,0.022502607811938,22.7655037553639,0.00367872603716103,0.112017239219306,3.56604007329662,0.000362415978323094,0.00282022910115709,0.268506367260835,1,"8",22165140,22212326,"protein_coding","bone morphogenetic protein 1"
"320","ITGB4",0.534059801247435,0.0184852652569194,18.3862703917034,0.0185098445665641,0.079162034274914,3.92805035333622,8.56372834974195e-05,0.000861203656094562,0.386797791720878,1,"17",75721328,75757818,"protein_coding","integrin subunit beta 4"
"321","TCF12",0.533910414940211,0.0208666462144694,20.7891243010667,0.0077292049540215,0.0976877919944735,3.69608598726367,0.000218948843253131,0.00187871520062338,0.224030474619499,1,"15",56918623,57299281,"protein_coding","transcription factor 12"
"322","MAP3K11",0.533357282251754,0.0400787939031445,40.6795461186639,2.39280547601501e-06,0.255832556221066,2.66416370399606,0.00771799933835804,0.0333877202948882,0.276164591261127,1,"11",65597755,65615382,"protein_coding","mitogen-activated protein kinase kinase kinase 11"
"323","MAD2L2",0.533268043140119,0.0154645471598313,15.4805303905444,0.050448337779362,0.0567699220430523,4.2882189836626,1.80111480851952e-05,0.000230154485281144,0.197228977554432,1,"1",11657230,11691811,"protein_coding","mitotic arrest deficient 2 like 2"
"324","CAPG",0.533139596017778,0.0180701020705364,18.0140713549783,0.0211212383612051,0.0761017142639045,3.96607237979204,7.30666825330406e-05,0.000753819885801216,0.221635625842561,1,"2",85394753,85418432,"protein_coding","capping actin protein, gelsolin like"
"325","STARD8",0.532778965190319,0.0183343569368891,18.357958426072,0.0186972247994219,0.0793782426875541,3.93472358923922,8.32924981180039e-05,0.000840992375923315,0.302104887947275,1,"X",68647666,68725842,"protein_coding","StAR related lipid transfer domain containing 8"
"326","HNRNPM",0.531952148133617,0.00542670344854952,6.61037929210148,0.579192015595617,0,7.2211193372757,5.15587572635923e-13,5.49952886577723e-11,0.143735191615322,1,"19",8444767,8489114,"protein_coding","heterogeneous nuclear ribonucleoprotein M"
"327","YY1",0.531790298127915,0.0233296496666876,23.2540904714841,0.00305289035945906,0.117683132565759,3.48165954529254,0.000498316822844735,0.00368647439488707,0.171517152813433,1,"14",100238298,100282788,"protein_coding","YY1 transcription factor"
"328","STAT5B",0.53159322983903,0.0109367391240291,11.6245696020029,0.168757004939886,0.0274393789643426,5.08318030549172,3.71167054202814e-07,8.42833515659143e-06,0.198442137117743,1,"17",42199176,42288633,"protein_coding","signal transducer and activator of transcription 5B"
"329","SELENOP",0.530544570773824,0.0254176837186419,25.4479198410506,0.00130477333681857,0.134304054033581,3.32777449578541,0.000875426977592797,0.0058133003229417,0.377158334173237,1,"5",42799880,42887392,"protein_coding","selenoprotein P"
"330","RDH5",0.530395480271522,0.0227510046865114,22.7338445777298,0.00372330472839561,0.112319001084491,3.51641014749362,0.000437424687580679,0.00329724055603023,0.200580467713269,1,"12",55720367,55724705,"protein_coding","retinol dehydrogenase 5"
"331","CLN8",0.53029157597706,0.0409705054840949,42.0622973281863,1.31827228218868e-06,0.266297938722171,2.6198659292961,0.00879643421629406,0.0369984321854454,0.309453113446138,1,"8",1755778,1801711,"protein_coding","CLN8 transmembrane ER and ERGIC protein"
"332","DOCK1",0.530177332385096,0.0247794153571388,24.8624320429033,0.00164021810103585,0.129680471072139,3.36802749250639,0.000757080462201465,0.0051664620709034,0.275562884712603,1,"10",126905409,127452517,"protein_coding","dedicator of cytokinesis 1"
"333","HIP1",0.529428222795928,0.0259684982921137,26.1669110243156,0.000983398938885216,0.140524497766796,3.28536533928898,0.00101850214368215,0.0065716717663602,0.264160293763215,1,"7",75533298,75738962,"protein_coding","huntingtin interacting protein 1"
"334","ANXA2",0.52933862286671,0.0301643157463,30.0160266733818,0.000210004058638513,0.170862770514148,3.04780266248621,0.00230521254406768,0.0127173303150654,0.334770649215405,1,"15",60347134,60402883,"protein_coding","annexin A2"
"335","BRCA1",0.529239397495603,0.00541435194522815,4.31157243044898,0.827975291576922,0,7.19248434203545,6.36157793110215e-13,6.64654533596668e-11,0.209627466818828,1,"17",43044295,43170245,"protein_coding","BRCA1 DNA repair associated"
"336","TRIP11",0.529053538364176,0.0127725431104649,13.1751081767762,0.105965033107278,0.0393767592787898,4.68124029560793,2.85144464773346e-06,4.82681795515731e-05,0.181201313657165,1,"14",91965991,92040896,"protein_coding","thyroid hormone receptor interactor 11"
"337","PDLIM4",0.528325962207979,0.0194009064873257,19.3401577313104,0.0131426053014919,0.0867992511415253,3.79307073300547,0.000148795749320252,0.00136817361347584,0.276467552556813,1,"5",132257696,132273454,"protein_coding","PDZ and LIM domain 4"
"338","SUGT1",0.528266097684029,0.0136982956058309,13.9263892671744,0.0837043436883634,0.0449300810155369,4.51356262982034,6.37476129128345e-06,9.62177558310769e-05,0.208905817300035,1,"13",52652709,52700909,"protein_coding","SGT1 homolog, MIS12 kinetochore complex assembly cochaperone"
"339","FLNB",0.528226220203516,0.00979029624447543,10.7271997353615,0.217640630829628,0.0206453875435133,5.33853431161965,9.37009756452056e-08,2.58519369277406e-06,0.227465109855485,1,"3",58008398,58172251,"protein_coding","filamin B"
"340","PABPC1",0.528165047720134,0.023603145394546,23.4440915802459,0.00283850717980093,0.118977536359065,3.43783253049399,0.000586390237190315,0.00419557853401423,0.177907023249772,1,"8",100685816,100722809,"protein_coding","poly(A) binding protein cytoplasmic 1"
"341","HMOX1",0.527826227067515,0.00936500251287548,10.3862581257711,0.238955057101585,0.0180912737051629,5.45427482366415,4.91731022567166e-08,1.48880035134261e-06,0.34098581696999,1,"22",35380361,35394214,"protein_coding","heme oxygenase 1"
"342","COL8A1",0.527199718251354,0.00542884890598493,7.76858467216414,0.456395882399974,0,7.15519200307658,8.35553848332893e-13,8.48636424523922e-11,0.597950211725435,1,"3",99638475,99799226,"protein_coding","collagen type VIII alpha 1 chain"
"343","HEY2",0.526749874074681,0.0383376829256728,39.3250530922765,4.27770679138912e-06,0.241105315953815,2.6902429988803,0.00714000070849674,0.0314804631722081,0.27410931383782,1,"6",125747664,125761269,"protein_coding","hes related family bHLH transcription factor with YRPW motif 2"
"344","LATS2",0.525513453327069,0.0148409795240059,15.0044103729843,0.0590597596097077,0.0532790782377388,4.31372599603357,1.60525881962581e-05,0.000209217091455628,0.293678910402729,1,"13",20973036,21061586,"protein_coding","large tumor suppressor kinase 2"
"345","CD99",0.525266172718143,0.0235166581776597,23.2860725355243,0.00301573705729183,0.117112993797015,3.42524491076064,0.000614245442076111,0.00436304236691176,0.324826588350728,1,"Y",2691187,2741309,"protein_coding","CD99 molecule (Xg blood group)"
"346","RGS1",0.524400358337945,0.0331855920278383,33.7612068681402,4.48795990282101e-05,0.198485304242357,2.87864556154534,0.00399386921419609,0.0198975391591755,0.632862876731394,1,"1",192575763,192580024,"protein_coding","regulator of G protein signaling 1"
"347","SLC11A1",0.52383179980679,0.0217537821398465,21.8491136226934,0.00520318736682813,0.104856805757263,3.55160347146819,0.000382891411689679,0.00294806727822561,0.309340652792966,1,"2",218382029,218396894,"protein_coding","solute carrier family 11 member 1"
"348","MUTYH",0.523359616913077,0.0181916541101356,18.2384939837896,0.0195078347276969,0.0781153093323787,3.88028936924526,0.000104332263194395,0.00101866809100526,0.236841297077326,1,"1",45329163,45340893,"protein_coding","mutY DNA glycosylase"
"349","SRSF4",0.523280662021143,0.0174367517169033,17.4041219116896,0.0261655436609998,0.0716377820842959,3.96279762231106,7.40765730018467e-05,0.000762387596098537,0.137479829645585,1,"1",29147743,29181900,"protein_coding","serine and arginine rich splicing factor 4"
"350","ANXA5",0.522123209004396,0.0197486672702261,19.5751429432062,0.0120686728503084,0.0882634325338198,3.71538738475121,0.00020289261438533,0.00176711356970455,0.232411670579342,1,"4",121667946,121696995,"protein_coding","annexin A5"
"351","FCGRT",0.521055379533134,0.0350041033218942,34.9446409403021,2.73664757445526e-05,0.209612371456833,2.78499490827405,0.00535285636187166,0.0250800160325665,0.200505887756228,1,"19",49506816,49526428,"protein_coding","Fc gamma receptor and transporter"
"352","SLC44A1",0.52074644927463,0.0315855278334018,31.7507563211649,0.00010321673675372,0.184911290787866,2.9300986877184,0.00338854368975028,0.0173601576131037,0.248721872310754,1,"9",105244622,105439171,"protein_coding","solute carrier family 44 member 1"
"353","KTN1",0.520215298989875,0.0269399569176566,27.0890772357515,0.000682376644202345,0.146048692007275,3.1694555965017,0.00152724791983139,0.00910477186354053,0.226073316840408,1,"14",55559072,55701526,"protein_coding","kinectin 1"
"354","SNAP23",0.520175368661144,0.0230487762028513,23.1186707867631,0.00321518141862793,0.114777121599479,3.42630364377375,0.000611855969526731,0.00435334753869522,0.221535100991894,1,"15",42491233,42545356,"protein_coding","synaptosome associated protein 23"
"355","JADE3",0.519744260775078,0.0357554679122318,36.9153394777619,1.19289393201363e-05,0.221828034464781,2.74864384257684,0.00598423711682927,0.0273721212334557,0.189084041153068,1,"X",46912276,47061242,"protein_coding","jade family PHD finger 3"
"356","TOB2",0.519575340638756,0.022320564859792,22.4458984687405,0.00415348099361121,0.111011702175272,3.47773063107677,0.00050567781865829,0.0037279481292816,0.24922214777924,1,"22",41433492,41446801,"protein_coding","transducer of ERBB2, 2"
"357","DAB2",0.518742133499486,0.0338630407373867,33.7710320419176,4.46962438926801e-05,0.201265563683131,2.81895762374838,0.00481798783327458,0.0231526793277416,0.228752400881251,1,"5",39371675,39462300,"protein_coding","DAB adaptor protein 2"
"358","LDLRAP1",0.518512248565889,0.0281341820353358,28.2966743976193,0.000421004166925341,0.156660633023952,3.09130512155357,0.00199278743164011,0.0112768324072811,0.343910059823544,1,"1",25543604,25591200,"protein_coding","low density lipoprotein receptor adaptor protein 1"
"359","FBLN1",0.518370580028045,0.00540971402769405,4.04674936959122,0.852881112333715,0,7.0477938353125,1.81765713591631e-12,1.73548814104548e-10,0.338169744028442,1,"22",45502238,45601135,"protein_coding","fibulin 1"
"360","FES",0.518189514313118,0.0245189128144706,24.3468357870045,0.00200406978359413,0.124607290743008,3.30931430039199,0.0009352478384832,0.00613265340371094,0.178458335997293,1,"15",90883695,90895776,"protein_coding","FES proto-oncogene, tyrosine kinase"
"361","TSSC4",0.518060995946871,0.0178127286799284,17.9251529697043,0.0217946789445632,0.0759182073131166,3.88164371017806,0.000103752810180824,0.00101456478325268,0.18714989016189,1,"11",2400488,2403878,"protein_coding","tumor suppressing subtransferable candidate 4"
"362","PRELP",0.517117297121961,0.012848616403748,13.2866767038785,0.102359254538375,0.0400368321871548,4.56205884741033,5.06544444545121e-06,7.83576306115823e-05,0.323757592643328,1,"1",203475806,203491352,"protein_coding","proline and arginine rich end leucine rich repeat protein"
"363","ITGB8",0.516779159965258,0.040918389682809,42.4740962382827,1.10319609852738e-06,0.264323243003592,2.55473421619627,0.0106268907794262,0.0426699207182097,0.159304048686482,1,"7",20330702,20415754,"protein_coding","integrin subunit beta 8"
"364","FYN",0.51669404780932,0.0406520226246728,40.9746139100218,2.10751223142613e-06,0.258754477318394,2.56266819709097,0.010387126215887,0.0419583280972282,0.158031850458216,1,"6",111660332,111873452,"protein_coding","FYN proto-oncogene, Src family tyrosine kinase"
"365","PTP4A2",0.516230722193528,0.0335662200820171,34.0196216338564,4.02953500447196e-05,0.20197432680159,2.81768622001861,0.00483710557433747,0.0232139179982276,0.199551187693195,1,"1",31906421,31944856,"protein_coding","protein tyrosine phosphatase 4A2"
"366","MPST",0.516223257166662,0.0196290851151068,19.5612101669247,0.0121299420701601,0.088683652189155,3.68457615848097,0.000229083523303419,0.00194667541985802,0.246904777353725,1,"22",37019635,37029821,"protein_coding","mercaptopyruvate sulfurtransferase"
"367","THBS2",0.516077945249532,0.0179732559234652,17.9968731555991,0.0212499409313307,0.0760474331942503,3.84947869705241,0.000118369477271285,0.00113188037662298,0.30478154247213,1,"6",169215780,169254050,"protein_coding","thrombospondin 2"
"368","COTL1",0.515849558412221,0.0135445168337672,13.8714444809074,0.0851783191008645,0.0446018949867789,4.43242406834781,9.31795220271425e-06,0.000132340698719051,0.199469750533988,1,"16",84565596,84618078,"protein_coding","coactosin like F-actin binding protein 1"
"369","FKBP5",0.51542580083768,0.00540400425021004,3.54948127865743,0.895315662394487,0,7.01145762140698,2.35855779351368e-12,2.17850412427697e-10,0.439488149523954,1,"6",35573585,35728583,"protein_coding","FKBP prolyl isomerase 5"
"370","FBXL7",0.515334689190149,0.0266068058474332,26.5600951760202,0.00084182697598014,0.142585609641508,3.1593155657428,0.00158140157755327,0.00934291319039754,0.225868413988137,1,"5",15500180,15939795,"protein_coding","F-box and leucine rich repeat protein 7"
"371","UXT",0.514640086890616,0.0205886781914497,20.6365643950937,0.00817815868068313,0.0964911072190418,3.58665314211749,0.000334949387054806,0.00265677184946738,0.131307521421306,1,"X",47651796,47659180,"protein_coding","ubiquitously expressed prefoldin like chaperone"
"372","PAK2",0.514594677941314,0.0245010371939003,24.5398958844574,0.00185946339982994,0.127014848623046,3.2875552144279,0.00101061369232025,0.00653566079612383,0.139194130603498,1,"3",196739857,196832647,"protein_coding","p21 (RAC1) activated kinase 2"
"373","MAT2A",0.513933178498829,0.0284395236239118,28.5643718778487,0.000378019367326437,0.15922513235877,3.04751250979616,0.0023074392149609,0.0127241072695216,0.182369785107507,1,"2",85539168,85545281,"protein_coding","methionine adenosyltransferase 2A"
"374","CREBBP",0.513817514393035,0.00990295697010668,10.8315877841231,0.211425481868828,0.0213784473886437,5.1632892830861,2.42647701931276e-07,5.88005500507035e-06,0.158079563560798,1,"16",3725054,3880713,"protein_coding","CREB binding protein"
"375","TNFAIP8",0.513194992483736,0.0221578679025849,22.0900685985641,0.00475171961624096,0.107793607057113,3.44761233291987,0.00056556516643913,0.00407747533598211,0.21714877901388,1,"5",119268692,119399688,"protein_coding","TNF alpha induced protein 8"
"376","SEC11A",0.512826099985819,0.0218924772342308,21.7712583836603,0.00535770808563151,0.106006831730672,3.46595298150785,0.000528355668705016,0.0038627390485509,0.170896090927484,1,"15",84669538,84716460,"protein_coding","SEC11 homolog A, signal peptidase complex subunit"
"377","GTF3C5",0.511605227050426,0.0108394884546271,11.5692341680645,0.171482998202287,0.0269359393346312,4.91394826049446,8.92603148283655e-07,1.77082739760274e-05,0.192212386482477,1,"9",133030675,133058503,"protein_coding","general transcription factor IIIC subunit 5"
"378","IL10",0.511292536761237,0.0194154826121245,19.4218782375752,0.0127591908987506,0.0864328775475515,3.66940254893916,0.000243117992414277,0.00204345762631624,0.250388766989836,1,"1",206767602,206774541,"protein_coding","interleukin 10"
"379","LILRA2",0.51126542201597,0.0189606977285244,19.0861550199767,0.0144056185752565,0.0840024570616359,3.71295139506785,0.000204856240998197,0.00178015268814213,0.247259959187617,1,"19",54572920,54590287,"protein_coding","leukocyte immunoglobulin like receptor A2"
"380","MYBPH",0.511041524714427,0.00539120920709577,1.09536202485243,0.997571111014217,0,6.96006182951962,3.40127925824163e-12,2.98995903897772e-10,0.511820213823489,1,"1",203167811,203175826,"protein_coding","myosin binding protein H"
"381","PDGFRB",0.510724805520282,0.0263741281976228,26.5419934207542,0.000847883300343047,0.143179899002495,3.14483522478735,0.00166180399762639,0.00973236281468535,0.290847605240732,1,"5",150113839,150155872,"protein_coding","platelet derived growth factor receptor beta"
"382","ABCB7",0.510628980047491,0.0222616737459924,22.2781069644874,0.00442590712203947,0.109457266208848,3.42236678346392,0.000620785095863052,0.00439968708613756,0.248274452884939,1,"X",75051048,75156732,"protein_coding","ATP binding cassette subfamily B member 7"
"383","HNRNPH3",0.510528961535047,0.0337451774828145,34.4888097393309,3.31227508668458e-05,0.204093358434058,2.77916624084208,0.0054498626409174,0.0254130873065497,0.162933953380851,1,"10",68331174,68343193,"protein_coding","heterogeneous nuclear ribonucleoprotein H3"
"384","PPP1R13L",0.5102531961327,0.0205219563351748,20.499694473757,0.00860214195723767,0.0953101898642255,3.56185597096035,0.000368242393363083,0.00285945882851205,0.252332943757242,1,"19",45379638,45406349,"protein_coding","protein phosphatase 1 regulatory subunit 13 like"
"385","TLR2",0.50836979927482,0.013329932366123,13.6975504981787,0.0899973035578165,0.0430866868905406,4.40317320699107,1.06678927724868e-05,0.000148366934232955,0.306864123213089,1,"4",153684050,153706260,"protein_coding","toll like receptor 2"
"386","JUP",0.507632641151509,0.0194602984574076,19.5421879479159,0.0122140712557894,0.08828375211834,3.63893913356262,0.000273763488808587,0.00225130729683784,0.232947243725155,1,"17",41754604,41786931,"protein_coding","junction plakoglobin"
"387","TOP3B",0.507326445866393,0.0184900033513017,18.630208898173,0.0169674168960841,0.0805399723490911,3.73094637392111,0.000190761829772956,0.00167924424254212,0.155627638635395,1,"22",21957025,21982813,"protein_coding","DNA topoisomerase III beta"
"388","CASP4",0.507139090068152,0.0143898369983594,14.5869475506558,0.0676924414945113,0.0498841437433938,4.2276512092398,2.3614347498313e-05,0.000290681101291402,0.29068012931905,1,"11",104942866,104969366,"protein_coding","caspase 4"
"389","MORC2",0.507057462966448,0.0251433312007464,25.4002894205869,0.00132935333291731,0.132437105448539,3.19775930282644,0.00138499830145999,0.00840861197883297,0.139914371249064,1,"22",30925130,30968774,"protein_coding","MORC family CW-type zinc finger 2"
"390","TBX19",0.506947083536915,0.0290411972601005,29.4715074922205,0.000262002353894862,0.163513563614097,2.97478354508245,0.00293195351665454,0.0154462266997467,0.140212042077341,1,"1",168280877,168314426,"protein_coding","T-box transcription factor 19"
"391","RO60",0.506932230620422,0.0145992503989661,14.8508433683786,0.0621114355716889,0.0519539822028603,4.19550869724979,2.72259838483002e-05,0.000328128036408625,0.159415418794346,1,"1",193059454,193091777,"protein_coding","Ro60, Y RNA binding protein"
"392","PKNOX1",0.506679576134054,0.00818678978129017,9.60958836198509,0.293503337523772,0.012113064839681,5.59985238797784,2.14534405795774e-08,7.12125730071833e-07,0.212470982014206,1,"21",42974510,43033931,"protein_coding","PBX/knotted 1 homeobox 1"
"393","SLC14A1",0.506496550842951,0.0168618905792193,16.9627976317,0.0304988046279012,0.0678566271975357,3.9005276320138,9.59832696130203e-05,0.000950253006696981,0.456120859033645,1,"18",45687025,45752520,"protein_coding","solute carrier family 14 member 1 (Kidd blood group)"
"394","ITGA2",0.506423122508502,0.0119031754743499,12.4373380836428,0.132731539237527,0.0334407261974037,4.64175387586617,3.45464217321734e-06,5.67456139960242e-05,0.337081509198064,1,"5",52989340,53094779,"protein_coding","integrin subunit alpha 2"
"395","BAZ2B",0.505757141266549,0.0180046645353034,18.0911183926203,0.0205536369938165,0.0765949642727612,3.76920281435116,0.000163769775511691,0.00147996557501579,0.198543712824291,1,"2",159315312,159616569,"protein_coding","bromodomain adjacent to zinc finger domain 2B"
"396","CNNM3",0.50525912479826,0.0210294513737666,21.1649332089176,0.0067219670807167,0.100503390669882,3.48417687607059,0.000493653135741123,0.00365727968307133,0.253395071490827,1,"2",96816245,96835382,"protein_coding","cyclin and CBS domain divalent metal cation transport mediator 3"
"397","FGF1",0.504959351086588,0.0137843634701436,14.1025604585034,0.079131072744594,0.0460878328784753,4.30093680119039,1.70077565400106e-05,0.000219422437993164,0.250514747558263,1,"5",142592178,142698070,"protein_coding","fibroblast growth factor 1"
"398","ETV6",0.504645884471247,0.00541236463205374,7.69263801860527,0.464055270438205,0,6.85951187227223,6.90958401605712e-12,5.83264984507762e-10,0.32841725772304,1,"12",11649674,11895377,"protein_coding","ETS variant transcription factor 6"
"399","BAZ1B",0.503660975971693,0.0149342063162034,15.1804817458577,0.0557296624519619,0.0544476811662059,4.12142336919014,3.76538723014797e-05,0.000430839392541122,0.149873128541185,1,"7",73440406,73522293,"protein_coding","bromodomain adjacent to zinc finger domain 1B"
"400","SERTAD1",0.503426454937752,0.0220689860468818,22.0640968173493,0.00479850169346487,0.108322520783365,3.38879145892896,0.00070201378318302,0.0048512977432054,0.312462273567386,1,"19",40421589,40425992,"protein_coding","SERTA domain containing 1"
"401","EIF5B",0.503002213568433,0.0220416597965629,22.0941316679101,0.00474444088879013,0.106813001363034,3.38803391279638,0.000703955598118977,0.00486208075395478,0.124525294799159,1,"2",99337389,99401326,"protein_coding","eukaryotic translation initiation factor 5B"
"402","STAB1",0.50229756968496,0.00539895804663456,4.64394856148962,0.794864730655379,0,6.83606369345326,8.13993317194672e-12,6.75932626555172e-10,0.396870036494613,1,"3",52495338,52524495,"protein_coding","stabilin 1"
"403","RGS3",0.501827042440071,0.0157924853322956,15.9625686362789,0.0429190140332509,0.0602900361271667,3.99327132667712,6.51679251284509e-05,0.000684518300494273,0.208955507532076,1,"9",113444731,113597743,"protein_coding","regulator of G protein signaling 3"
"404","SAMD4A",0.501660034873786,0.0168603258986843,16.8498189634745,0.0317114532437142,0.0669483066503028,3.86346090151019,0.000111791793451665,0.00107910192747569,0.217518505191392,1,"14",54566117,54793315,"protein_coding","sterile alpha motif domain containing 4A"
"405","FLT1",0.501395056983845,0.017721075900135,17.7608150196143,0.0230929445817925,0.0738900598285007,3.76647427281895,0.000165569136515442,0.00149199505026093,0.291187570448381,1,"13",28300346,28495145,"protein_coding","fms related receptor tyrosine kinase 1"
"406","ZFP36",0.50130649960575,0.0255947242685548,25.7701831366272,0.001149730380442,0.136255281296714,3.13348851893659,0.00172741676253674,0.0100085682155857,0.385459328645713,1,"19",39406847,39409407,"protein_coding","ZFP36 ring finger protein"
"407","UCP3",0.500878414982725,0.0233751885422647,23.4810554002942,0.00279853086629739,0.118266038746508,3.27608193681277,0.00105258018800836,0.00674884978191575,0.292022890045747,1,"11",74000277,74009085,"protein_coding","uncoupling protein 3"
"408","RAB8A",0.500695207126883,0.0287408105602329,29.2518338199669,0.000286390480850358,0.162722426823323,2.9534112721609,0.00314282941505817,0.0163377141676342,0.147087684404675,1,"19",16111889,16134234,"protein_coding","RAB8A, member RAS oncogene family"
"409","C1R",0.500258776813138,0.0170296728668974,17.1169342803802,0.0289142252698456,0.0693702332249658,3.83346554474646,0.000126350505689654,0.00119430976698048,0.349812286469991,1,"12",7080214,7092540,"protein_coding","complement C1r"
"410","TANK",0.499973824948365,0.0314220430356622,31.8570535554346,9.87949794218447e-05,0.183164979826946,2.82052568414266,0.0047945035223278,0.0230615619423967,0.105412916842411,1,"2",161136908,161236230,"protein_coding","TRAF family member associated NFKB activator"
"411","CEBPB",0.499761092637404,0.0211031375730348,21.1784782664977,0.00668812943906428,0.100193327626088,3.44024147530261,0.000581195387952871,0.00416644284917479,0.242812275420158,1,"20",50190734,50192690,"protein_coding","CCAAT enhancer binding protein beta"
"412","RIPK1",0.499313453748841,0.020675673743058,20.7797810203585,0.0077560063601351,0.0969762969189521,3.47250942219865,0.000515616912651229,0.00378829731924278,0.180795076782249,1,"6",3063824,3115187,"protein_coding","receptor interacting serine/threonine kinase 1"
"413","AXIN1",0.498885001309286,0.0215270385234907,21.6476204037514,0.00561222466415883,0.103519967421036,3.40023006675682,0.000673291767721018,0.00467945120897271,0.226307170581697,1,"16",287440,352723,"protein_coding","axin 1"
"414","IL18R1",0.49877272371059,0.0290524055190073,29.4536034851714,0.00026391123338351,0.164637805717254,2.92625148115332,0.00343073487219026,0.0175234870961223,0.341577921644807,1,"2",102311529,102398777,"protein_coding","interleukin 18 receptor 1"
"415","CTSZ",0.49778390227243,0.0217265389432083,21.8238739949707,0.00525280402306746,0.105312125939078,3.37711285358571,0.000732509895136513,0.00503474649682263,0.21978307746352,1,"20",58985686,59008238,"protein_coding","cathepsin Z"
"416","CD163",0.497486154531856,0.0243589570823821,24.522806939599,0.00187184263713818,0.126523217001425,3.18751071493151,0.00143503140901724,0.00867107269733977,0.602741432779536,1,"12",7470811,7503893,"protein_coding","CD163 molecule"
"417","HLX",0.49544686045158,0.0222233544116354,22.272021039042,0.00443610579514683,0.108903403957318,3.32347391565949,0.000889037366976764,0.00588375638534233,0.205656518109363,1,"1",220879431,220885059,"protein_coding","H2.0 like homeobox"
"418","SLC1A7",0.495292308022562,0.026372529816033,26.6905356171291,0.00079941813367913,0.14329567086953,3.04990061387373,0.00228917105182513,0.0126397742309244,0.282988249468988,1,"1",53087179,53142638,"protein_coding","solute carrier family 1 member 7"
"419","MANF",0.495117584310851,0.00539660575806432,5.13759978179749,0.742773160870298,0,6.7398154458017,1.58588697729556e-11,1.23961639744582e-09,0.236352580182219,1,"3",51385291,51389397,"protein_coding","mesencephalic astrocyte derived neurotrophic factor"
"420","EIF4EBP1",0.495084082860254,0.00539846875240007,5.3849549034848,0.715749955053215,0,6.73819643940347,1.60365054568956e-11,1.23961639744582e-09,0.258905662561998,1,"8",38030534,38060365,"protein_coding","eukaryotic translation initiation factor 4E binding protein 1"
"421","ARPC1B",0.495071664419899,0.00539870008100718,6.27821698578448,0.61609848953428,0,6.73788306163762,1.60711444152639e-11,1.23961639744582e-09,0.327893105172459,1,"7",99374249,99394816,"protein_coding","actin related protein 2/3 complex subunit 1B"
"422","PLCD1",0.495039481200002,0.0121069834915825,12.623338532211,0.125483286937658,0.0350355371126237,4.49906079516018,6.82543379548761e-06,0.000102413645525819,0.252067762315868,1,"3",38007496,38029642,"protein_coding","phospholipase C delta 1"
"423","ABTB2",0.49440838741949,0.0209877121159091,21.166654444473,0.00671765805551252,0.100379345396272,3.41274061116143,0.000643131249133511,0.00452160643523458,0.24724835813618,1,"11",34150987,34358010,"protein_coding","ankyrin repeat and BTB domain containing 2"
"424","KIF5B",0.493749809902429,0.0255938730813291,25.9185322545547,0.00108454699616455,0.136475813010102,3.08630566101777,0.00202660374947361,0.0114326641702436,0.231859845003852,1,"10",32009015,32056425,"protein_coding","kinesin family member 5B"
"425","TRAF3IP2",0.493150499065289,0.0149833773027033,15.1841561215817,0.0556620342232643,0.0542572908408664,4.02878989431925,5.60646961165201e-05,0.000601539266876451,0.202344609092041,1,"6",111555381,111606906,"protein_coding","TRAF3 interacting protein 2"
"426","MYH3",0.492683774425631,0.0145547539577554,14.7934361387002,0.0632886234531465,0.051504494552805,4.08381279735295,4.43027255523365e-05,0.000493191870089832,0.254213380694415,1,"17",10628526,10657309,"protein_coding","myosin heavy chain 3"
"427","SLC1A5",0.49247471513937,0.0267888261917407,27.031404671153,0.000698212634034539,0.144914376275966,3.00889543491655,0.00262199340788882,0.0141107194315621,0.215905350407402,1,"19",46774883,46788594,"protein_coding","solute carrier family 1 member 5"
"428","MAP3K3",0.492295971947454,0.0252224815354846,25.5928100491457,0.00123269488971436,0.134299147007476,3.09979073543009,0.0019365741289763,0.0110100544759128,0.199068329585558,1,"17",63622415,63696305,"protein_coding","mitogen-activated protein kinase kinase kinase 3"
"429","PF4",0.49227647632933,0.0113368190335048,11.9734046250658,0.152394453611162,0.029974405545439,4.62342137191563,3.77461859613071e-06,6.11662346018212e-05,0.335668123102889,1,"4",73980811,73982027,"protein_coding","platelet factor 4"
"430","PKN3",0.491859421255071,0.00606311968931262,8.32908492942852,0.402002010208767,0.00247496389440449,6.31673886809134,2.67140309873071e-10,1.530383802156e-08,0.398312346381759,1,"9",128702503,128720916,"protein_coding","protein kinase N3"
"431","TJP1",0.490949532759718,0.0201289476547825,20.1045962933257,0.00994748974379576,0.092145636520001,3.46040009924203,0.000539373327115955,0.00391968193505332,0.202573606718218,1,"15",29699367,29968915,"protein_coding","tight junction protein 1"
"432","CHST3",0.490574673031913,0.0140872318654198,14.3884424445049,0.0721859578317092,0.0484071394171566,4.13325587433611,3.5766016464045e-05,0.000414446844417227,0.308604225033839,1,"10",71964395,72013558,"protein_coding","carbohydrate sulfotransferase 3"
"433","TNFAIP3",0.490476794816553,0.0167556315062988,16.8614341704391,0.0315847353789079,0.0670804135964937,3.78911742887056,0.000151183441270408,0.00138402653617233,0.286496258448599,1,"6",137867214,137883314,"protein_coding","TNF alpha induced protein 3"
"434","FSTL3",0.490366428588505,0.00824642452586709,9.65177086535614,0.290322389896245,0.0124354691979276,5.39992696125668,6.6668034204298e-08,1.93208566795619e-06,0.250917941005783,1,"19",676392,683392,"protein_coding","follistatin like 3"
"435","CEBPD",0.489888759166508,0.0359558204548465,36.8558436002103,1.22331626757772e-05,0.22161212813043,2.58352621586554,0.00977960344130624,0.0401338426479749,0.334814713678397,1,"8",47736913,47738164,"protein_coding","CCAAT enhancer binding protein delta"
"436","TNFRSF11B",0.489476862889,0.0127859744428869,13.1967274946501,0.105257711940973,0.0392822931958028,4.3287773839718,1.49939399372023e-05,0.000197914659290712,0.368347044383347,1,"8",118923557,118951885,"protein_coding","TNF receptor superfamily member 11b"
"437","TNFSF14",0.489368983399942,0.0199621385287425,20.0532538367447,0.0101364407100742,0.0917765666360228,3.46364128358097,0.000532916655851867,0.00388827827923058,0.381356063982865,1,"19",6658085,6670588,"protein_coding","TNF superfamily member 14"
"438","CD37",0.487507753611424,0.0139894110937195,14.2755208175505,0.0748607526894762,0.0473880197308431,4.1217515609502,3.76002577533452e-05,0.000430419115808724,0.32491298366926,1,"19",49335171,49343335,"protein_coding","CD37 molecule"
"439","FOXD1",0.487442231695652,0.0174794702426199,17.6064855728922,0.0243781730807285,0.0732410850959007,3.68688015212857,0.000227020206724049,0.00193430017714445,0.335063823490145,1,"5",73444827,73448777,"protein_coding","forkhead box D1"
"440","ANKRD12",0.486684605779531,0.0336703109992265,34.1349202082048,3.8402126182146e-05,0.198832024734212,2.65230855115798,0.00799434497986207,0.0343461372535717,0.102327128068233,1,"18",9136228,9285985,"protein_coding","ankyrin repeat domain 12"
"441","DCN",0.486445817940963,0.0218768855844246,21.9891969329468,0.00493591927284122,0.107196687285254,3.28883227925496,0.00100603954695622,0.00651103482370013,0.288063659732235,1,"12",91140484,91183217,"protein_coding","decorin"
"442","ZIC2",0.485998932727368,0.0185011936322824,18.5085511150541,0.0177207717472398,0.0803650250177734,3.57301995168094,0.000352887862395512,0.00276295155898304,0.352919799531754,1,"13",99981784,99986765,"protein_coding","Zic family member 2"
"443","LYL1",0.485826679858533,0.0231708651209143,23.2663593742834,0.00303858552235696,0.116037982048908,3.19161308138666,0.00141480717075271,0.00856511023604815,0.235197104282683,1,"19",13099033,13103161,"protein_coding","LYL1 basic helix-loop-helix family member"
"444","NEK6",0.485447119196181,0.0188375406858056,18.9256264885262,0.0152624978972897,0.0831005050254468,3.53695737904651,0.000404764979666128,0.00308296194401811,0.230634903413333,1,"9",124257606,124353307,"protein_coding","NIMA related kinase 6"
"445","TGFBR2",0.484795617590753,0.0175866585569778,17.7456012971315,0.0232167486859818,0.0740473118683852,3.65567029112777,0.000256510864092396,0.00213630560545817,0.278762736623519,1,"3",30606478,30694249,"protein_coding","transforming growth factor beta receptor 2"
"446","SYNE2",0.484173210123433,0.0302611898009868,31.1760600003725,0.000130717973492072,0.174671784054844,2.78328549308531,0.00538114323180294,0.0251709145703399,0.173552390148594,1,"14",63761899,64226433,"protein_coding","spectrin repeat containing nuclear envelope protein 2"
"447","GDF15",0.484169245453311,0.0166063980712185,16.7411833154388,0.0329198319945997,0.0664203553209227,3.75715816047063,0.000171853887820372,0.00154263069091717,0.397980622407584,1,"19",18374731,18389176,"protein_coding","growth differentiation factor 15"
"448","MFSD10",0.484163363561893,0.00539344259352816,6.31814511386948,0.61164173889,0,6.59263289613559,4.32094360292012e-11,3.00146635611016e-09,0.188787857038998,1,"4",2930561,2934834,"protein_coding","major facilitator superfamily domain containing 10"
"449","BOK",0.483768846561708,0.0316841396567678,32.3687917348458,7.99865383956122e-05,0.187797941420601,2.71779651902709,0.00657182401971568,0.0294904963447653,0.251401814408017,1,"2",241551424,241574131,"protein_coding","BCL2 family apoptosis regulator BOK"
"450","NT5C2",0.483569442232636,0.0297684271301963,30.2268134636604,0.00019272414935661,0.170625883564854,2.80272769386562,0.00506724333927355,0.0240557233609126,0.221694206249458,1,"10",103087185,103277605,"protein_coding","5'-nucleotidase, cytosolic II"
"451","FMO3",0.483493514004707,0.0319308204234663,32.891295161563,6.4428482657809e-05,0.189336848425192,2.7057372073148,0.00681529549309667,0.0303374066711216,0.253068816799925,1,"1",171090901,171117819,"protein_coding","flavin containing dimethylaniline monoxygenase 3"
"452","SNTB1",0.48317630975076,0.0342938218521949,34.6890641046013,3.04598666048387e-05,0.206793294345557,2.60914183804135,0.00907696103780942,0.0378969812867467,0.193513357732897,1,"8",120535745,120813273,"protein_coding","syntrophin beta 1"
"453","KCNN3",0.482477410060283,0.0160907973636375,16.2435376505095,0.0390240599009627,0.0625827494327145,3.80354186947992,0.000142641871313742,0.00131961053374441,0.287582858353873,1,"1",154697455,154870281,"protein_coding","potassium calcium-activated channel subfamily N member 3"
"454","IL10RB",0.482413307338226,0.0140672312587936,14.3487937097877,0.0731151367131297,0.0478970274951561,4.06738203159532,4.75442635639034e-05,0.00052492243873304,0.170968551094824,1,"21",33266367,33311420,"protein_coding","interleukin 10 receptor subunit beta"
"455","NFATC1",0.482199513910808,0.0211604724728223,21.1902745210934,0.00665879408204308,0.10034651467258,3.31485158046331,0.000916917942637818,0.00603692900611206,0.215833693200042,1,"18",79395856,79529325,"protein_coding","nuclear factor of activated T cells 1"
"456","EPHA2",0.481993545040191,0.0160728706741302,16.1146052197543,0.0407688263897232,0.0613102888728475,3.80184578895711,0.000143622114464392,0.00132561859668384,0.239012237844433,1,"1",16124337,16156069,"protein_coding","EPH receptor A2"
"457","ACACB",0.481853017920449,0.0113148861773638,11.9745733231566,0.152341969361183,0.0299965328847812,4.52990911412785,5.9009065138671e-06,9.01328997950952e-05,0.334735262932487,1,"12",109116587,109268226,"protein_coding","acetyl-CoA carboxylase beta"
"458","LAMC1",0.481401944914971,0.0204875053163563,20.6119742082313,0.00825282494635145,0.0960840329249518,3.36328213872288,0.000770216027186743,0.005236094686326,0.205666767185125,1,"1",183023420,183145592,"protein_coding","laminin subunit gamma 1"
"459","LPAR4",0.48114132401435,0.0330240374577407,33.0580870083586,6.01215763092709e-05,0.194886477218046,2.64763171594618,0.00810577761118458,0.0347061788112074,0.375728986471689,1,"X",78747709,78758714,"protein_coding","lysophosphatidic acid receptor 4"
"460","ABCA1",0.481007619123053,0.0301934217719549,30.2003985526206,0.000194810495705638,0.171161472934921,2.76818932006893,0.00563687005658031,0.0260989335910646,0.32333743646836,1,"9",104781006,104928155,"protein_coding","ATP binding cassette subfamily A member 1"
"461","EFCAB14",0.480874565788917,0.0243579901007017,24.3233333823671,0.00202240324794856,0.125575173737511,3.08113751850619,0.00206211385492838,0.0115996179399138,0.167119821591216,1,"1",46674659,46719146,"protein_coding","EF-hand calcium binding domain 14"
"462","SLC16A4",0.480732957995495,0.020781952680093,20.8653297263254,0.00751390362246688,0.0974042434442125,3.33473034601589,0.00085382151886626,0.00569355793367972,0.209327505369013,1,"1",110362851,110391082,"protein_coding","solute carrier family 16 member 4"
"463","DHRS3",0.480457510336326,0.019522058805996,19.5597786578548,0.0121362538953947,0.0879387646098341,3.43868328962466,0.000584550671894446,0.00418594108949582,0.23441174140062,1,"1",12567909,12620133,"protein_coding","dehydrogenase/reductase 3"
"464","MYD88",0.480313024305757,0.00537922812279942,3.03815888635435,0.931940075807412,0,6.54884003252562,5.79856163085424e-11,3.87986172323798e-09,0.261816911053176,1,"3",38138552,38143024,"protein_coding","MYD88 innate immune signal transduction adaptor"
"465","PBX3",0.480213444529506,0.0294779156889079,29.5475338451641,0.000254046539722217,0.167211413417473,2.79695789516802,0.00515862554447333,0.0243715420691732,0.163797829369103,1,"9",125747345,125967377,"protein_coding","PBX homeobox 3"
"466","KLKB1",0.479631859650205,0.0316443215084119,32.6045487135976,7.25549373615198e-05,0.186511158525422,2.69624982130698,0.00701250520342556,0.0310579908184378,0.215863483196616,1,"4",186226438,186258471,"protein_coding","kallikrein B1"
"467","HDGF",0.479552586451231,0.0263710561457554,26.7112000910038,0.000792894184117731,0.143422054702872,2.95306139381723,0.00314639380092641,0.016346243563688,0.168008061133562,1,"1",156742109,156766925,"protein_coding","heparin binding growth factor"
"468","MYL12A",0.47861834482976,0.0212288533918946,21.1868434437998,0.00666731382391569,0.100944123057236,3.28492963870006,0.00102007842266838,0.00657851232711485,0.240562697634134,1,"18",3247481,3256236,"protein_coding","myosin light chain 12A"
"469","TFPI",0.477801296596162,0.0159701675916842,16.1892708129464,0.0397498051609616,0.061827072043832,3.7808773312393,0.000156276666327004,0.00142538857054537,0.23172924236933,1,"2",187464230,187565760,"protein_coding","tissue factor pathway inhibitor"
"470","GNA12",0.477093420572207,0.0218563101582999,22.0342996873801,0.00485272188814233,0.10669885492482,3.22711918263009,0.00125043364638833,0.00776170074199601,0.213089185145312,1,"7",2721822,2870786,"protein_coding","G protein subunit alpha 12"
"471","IFITM1",0.477014562963484,0.00700334785358877,8.8611838697994,0.354141426146655,0.00647424591222689,5.70005162314857,1.1977115299544e-08,4.27038601861925e-07,0.376043717792183,1,"11",310041,315272,"protein_coding","interferon induced transmembrane protein 1"
"472","HSPB7",0.476590586128588,0.0276767233922282,28.3036381685724,0.00041982753934451,0.15460995220828,2.864759201359,0.00417326454855327,0.0205940830693512,0.22332566902019,1,"1",16014028,16019594,"protein_coding","heat shock protein family B (small) member 7"
"473","CHRNA5",0.476525085879125,0.00839348578241235,9.8011230829973,0.279262927931604,0.0134409892683482,5.20133215740672,1.9786511407105e-07,4.95012301571469e-06,0.375079427194648,1,"15",78565520,78595269,"protein_coding","cholinergic receptor nicotinic alpha 5 subunit"
"474","RALGDS",0.476494703473212,0.0227170735026234,22.7446674603499,0.00370800675016984,0.112016573334341,3.16141773984178,0.00157003156984548,0.00929512652347207,0.23515165016864,1,"9",133097720,133149334,"protein_coding","ral guanine nucleotide dissociation stimulator"
"475","AP3B1",0.476467589829786,0.0191843569405347,19.2609064617608,0.0135248998685644,0.0848953225148141,3.44001028775947,0.00058169207501102,0.00416781227325911,0.134752802820438,1,"5",77991640,78294762,"protein_coding","adaptor related protein complex 3 subunit beta 1"
"476","CRB1",0.475735421672857,0.0113952894230844,12.093770871774,0.147068841397749,0.0307510990979525,4.45659130589885,8.32731424504907e-06,0.000120004647851349,0.212387231058447,1,"1",197268204,197478455,"protein_coding","crumbs cell polarity complex component 1"
"477","BIRC2",0.475397823786651,0.022279707132111,22.300319361252,0.00438887586973458,0.108309468631479,3.18494876556669,0.00144779638143322,0.00873164730349588,0.115117317809742,1,"11",102347211,102378670,"protein_coding","baculoviral IAP repeat containing 2"
"478","SLC6A9",0.475394441500483,0.0201655656577677,20.3383522495214,0.00912901072005565,0.0934862490892401,3.34771821332206,0.000814798131005601,0.00547775547302895,0.246246748749768,1,"1",43991500,44031467,"protein_coding","solute carrier family 6 member 9"
"479","SLC6A2",0.474741063123246,0.0333137226168958,34.1831534446814,3.76364265047568e-05,0.198218304725461,2.60102912570266,0.00929445625638015,0.0385713126068532,0.114407855211891,1,"16",55655988,55707645,"protein_coding","solute carrier family 6 member 2"
"480","SERPING1",0.474721223945965,0.00604867809842614,8.32532335357133,0.402353867711207,0.00244508802949018,6.10391408859659,1.03501940351691e-09,5.06444331168074e-08,0.237760514306708,1,"11",57597387,57619171,"protein_coding","serpin family G member 1"
"481","GIGYF2",0.474710940328295,0.0153896539786172,15.5936065194218,0.0485802627814943,0.0574139650989605,3.8266153834189,0.00012991726660494,0.00122033193719961,0.143736702456181,1,"2",232697299,232860605,"protein_coding","GRB10 interacting GYF protein 2"
"482","COL6A1",0.474709051313323,0.0053943198501548,7.68790026935048,0.464535230073829,0,6.46337219462448,1.02394981382758e-10,6.5422437603776e-09,0.289133099078085,1,"21",45981770,46005050,"protein_coding","collagen type VI alpha 1 chain"
"483","IKZF1",0.474409418188725,0.00538837962269757,6.98222258964536,0.538551933419556,0,6.46285198599884,1.02747810259984e-10,6.54664082268576e-09,0.370795228681793,1,"7",50304068,50405101,"protein_coding","IKAROS family zinc finger 1"
"484","PPP1CC",0.47411655360232,0.0114131558844096,12.076679305851,0.147815293240296,0.0307513939391308,4.43794835820414,9.08204010241498e-06,0.000129478571019687,0.16325332816362,1,"12",110719680,110742939,"protein_coding","protein phosphatase 1 catalytic subunit gamma"
"485","ORMDL2",0.473809103663436,0.00658912935978359,8.62250475120557,0.375134203473763,0.00467525306595462,5.83699584266799,5.3150421841508e-09,2.13380110867018e-07,0.270542082228188,1,"12",55818041,55821879,"protein_coding","ORMDL sphingolipid biosynthesis regulator 2"
"486","PNN",0.473338456631888,0.0341752711301,35.6264615288423,2.05516169599006e-05,0.208467290490304,2.56044709100951,0.0104537579927841,0.0421495470304418,0.130265020217451,1,"14",39175183,39183220,"protein_coding","pinin, desmosome associated protein"
"487","FPR3",0.473028429785126,0.0247214628174206,25.0346394531841,0.00153368492296733,0.128973952202277,3.00850100369584,0.0026253993479759,0.0141260670278492,0.343299064867427,1,"19",51795157,51826190,"protein_coding","formyl peptide receptor 3"
"488","UPF2",0.473007697574943,0.01768314879822,17.893374327919,0.0220402357352689,0.0746904810681353,3.55703720444282,0.000375061054904702,0.00290003987645907,0.122407813838335,1,"10",11920022,12043170,"protein_coding","UPF2 regulator of nonsense mediated mRNA decay"
"489","MYBPC1",0.473002515809538,0.0224836803256671,22.5701038095593,0.00396233492775727,0.11122643006792,3.1544943200255,0.00160776507927651,0.00946794991129502,0.296995382001871,1,"12",101568353,101686028,"protein_coding","myosin binding protein C1"
"490","SLC22A5",0.472828659910277,0.0109094925810055,11.6459155613475,0.167715142820256,0.0275112061334333,4.52690642381049,5.9853427569756e-06,9.12585782916142e-05,0.174762960878705,1,"5",132369710,132395613,"protein_coding","solute carrier family 22 member 5"
"491","ZIC3",0.472560016466694,0.0143798168995669,14.6731343584144,0.0658215742620443,0.0505488878183001,3.94076280044171,8.12229120008556e-05,0.000822652243002707,0.26227042580632,1,"X",137566127,137577691,"protein_coding","Zic family member 3"
"492","IGF2BP2",0.472460348364109,0.0199454058788688,20.1173682092228,0.00990101246442814,0.0921735209795198,3.34536821781878,0.000821733983281447,0.00551565677614374,0.242635373765245,1,"3",185643130,185825042,"protein_coding","insulin like growth factor 2 mRNA binding protein 2"
"493","NKX2-2",0.472355317298079,0.0298948145236905,30.4109111262575,0.00017878118605468,0.172773098030482,2.73193823848131,0.00629629427138068,0.0284998987678103,0.266999915619007,1,"20",21511017,21514064,"protein_coding","NK2 homeobox 2"
"494","KLF15",0.471096877228148,0.0328419718955872,34.0166118250242,4.03459859195434e-05,0.198384578630887,2.59953466328526,0.00933502500582972,0.0387081640327939,0.232687800051538,1,"3",126342635,126357408,"protein_coding","KLF transcription factor 15"
"495","S1PR3",0.471001145088663,0.0332210614641705,34.1108579053225,3.87898423206529e-05,0.200286469086791,2.58413507352268,0.00976235532663505,0.0400953317773332,0.266044007631162,1,"9",88990863,89005155,"protein_coding","sphingosine-1-phosphate receptor 3"
"496","TGM2",0.470276319381068,0.017116566853282,17.2092506904309,0.0280024435888713,0.069874570384964,3.59455207903174,0.000324950143235636,0.00259359862288856,0.344216010753975,1,"20",38127385,38166578,"protein_coding","transglutaminase 2"
"497","PRDX6",0.470164201114778,0.0175608196692724,17.6206154711623,0.0242577596337126,0.0726490501414085,3.54794735220475,0.000388245818500277,0.00298388623787385,0.211977443039303,1,"1",173477330,173488815,"protein_coding","peroxiredoxin 6"
"498","KAT6B",0.470111791548709,0.00925354714630224,10.3985282038175,0.238160649591347,0.017957678446114,4.88705271320074,1.02356695452777e-06,1.99493825472296e-05,0.257821028383207,1,"10",74824927,75032624,"protein_coding","lysine acetyltransferase 6B"
"499","SEC61A1",0.469608702432031,0.0168665093846721,16.995570584742,0.0301552358881737,0.0681174134581227,3.61595927186312,0.000299237425060328,0.00242123535340487,0.177301063033212,1,"3",128051641,128071705,"protein_coding","SEC61 translocon subunit alpha 1"
"500","SGPL1",0.469599133600127,0.0308613085064558,31.1866377735455,0.000130151911289992,0.178571719482904,2.67313024024428,0.00751470689387101,0.0327219122415288,0.141586356138414,1,"10",70815905,70958701,"protein_coding","sphingosine-1-phosphate lyase 1"
"501","GATA2",0.469459103596718,0.00903216627245264,10.2371873812745,0.248771608747617,0.0167869421186938,4.9397139818027,7.82372451713087e-07,1.5960513106285e-05,0.337322757343683,1,"3",128479427,128493201,"protein_coding","GATA binding protein 2"
"502","USP21",0.469283643475539,0.00894170183951186,10.1739637397222,0.253027682971144,0.0162857443207241,4.96278345095338,6.94900454067948e-07,1.44377320909162e-05,0.149569822718291,1,"1",161159450,161165723,"protein_coding","ubiquitin specific peptidase 21"
"503","CENPB",0.469064853611444,0.0319509317383206,32.2965896949909,8.24090427651921e-05,0.187144115247972,2.62416494337244,0.00868617085607903,0.0366313570941312,0.262584978472363,1,"20",3783851,3786740,"protein_coding","centromere protein B"
"504","PIK3CG",0.468987268585573,0.0140258378959547,14.4259078257921,0.071317759603843,0.0483418648203186,3.96001331006447,7.49455861115411e-05,0.000769777528904721,0.33843457993475,1,"7",106865278,106908980,"protein_coding","phosphatidylinositol-4,5-bisphosphate 3-kinase catalytic subunit gamma"
"505","IL7R",0.468296791289902,0.0145134367539278,14.8048275881552,0.0630534295839659,0.0512664026537319,3.88719251416132,0.000101410325088036,0.000995860330304046,0.255067432377546,1,"5",35852695,35879603,"protein_coding","interleukin 7 receptor"
"506","SYNGR2",0.46783155213755,0.0340337154004516,34.7195105787505,3.00739639674982e-05,0.207125878643465,2.53591578687389,0.0112153700815225,0.0444724575343371,0.225595640115715,1,"17",78168581,78173527,"protein_coding","synaptogyrin 2"
"507","HSPA1A",0.46753753646856,0.0179587534702751,18.0512829502667,0.0208452796262617,0.0765479117080757,3.4888186061342,0.000485160258444806,0.00360378510155403,0.508471022870969,1,"HSCHR6_MHC_QBL_CTG1",3071292,3073774,"protein_coding","heat shock protein family A (Hsp70) member 1A"
"508","PIP4K2A",0.46715319745422,0.0223073531545626,22.4483548075679,0.00414961583155506,0.110125016864705,3.12777356178619,0.00176135822495072,0.0101634914505814,0.262710628657093,1,"10",22534854,22714578,"protein_coding","phosphatidylinositol-5-phosphate 4-kinase type 2 alpha"
"509","ERN1",0.466775463630169,0.014113448805884,14.407572662796,0.0717414609323771,0.0482744384318594,3.92908516844459,8.52696375797102e-05,0.000858522460829207,0.198066698762158,1,"17",64039080,64130819,"protein_coding","endoplasmic reticulum to nucleus signaling 1"
"510","AURKB",0.466537175839962,0.0053861969302104,7.26411331481102,0.508423486366454,0,6.35689652227004,2.05870653857687e-10,1.22337076428765e-08,0.260685982450926,1,"17",8204733,8210600,"protein_coding","aurora kinase B"
"511","ACADVL",0.466252403778105,0.0248074303052969,24.8829968655038,0.00162712679328657,0.128904143095987,2.96026229717097,0.00307377219335669,0.0160310299765225,0.175354722464395,1,"17",7217125,7225266,"protein_coding","acyl-CoA dehydrogenase very long chain"
"512","MT1F",0.466127106427166,0.0122410807492017,12.824097057498,0.118046899107368,0.0362756076770942,4.21302928118386,2.51968383784273e-05,0.000307047323509201,0.379274457544734,1,"16",56657731,56660698,"protein_coding","metallothionein 1F"
"513","PGF",0.465942564901387,0.02955894238726,30.2292493171613,0.000192532866553821,0.168218949670142,2.71011637639485,0.00672596041431928,0.0300183663939498,0.195744157181742,1,"14",74941834,74955626,"protein_coding","placental growth factor"
"514","BAX",0.465792351840858,0.0099784996757098,10.9629382454938,0.203808026001968,0.022142603599536,4.66293895067392,3.11725250012884e-06,5.20760930444198e-05,0.225164332941612,1,"19",48954815,48961798,"protein_coding","BCL2 associated X, apoptosis regulator"
"515","APLN",0.464240324205947,0.0142626451935181,14.5612557233052,0.0682593905661621,0.0493702370883702,3.88725312683169,0.00010138501464052,0.000995860330304046,0.29240108155371,1,"X",129645259,129654956,"protein_coding","apelin"
"516","SLA",0.464193400351374,0.0156552963844777,15.9174690434147,0.043576732311296,0.0596767214946962,3.70995220418654,0.000207298379351739,0.00179689139232026,0.25811208282764,1,"8",133036728,133102912,"protein_coding","Src like adaptor"
"517","DPF2",0.463879096913326,0.0163939158344972,16.5773553774476,0.0348236028048018,0.0647921628636028,3.62295927670659,0.000291251690633709,0.00236838256756783,0.206819299693734,1,"11",65333843,65354262,"protein_coding","double PHD fingers 2"
"518","MTTP",0.463390195324318,0.0282355740263711,28.7856015478305,0.00034576988315469,0.15775420539177,2.75770959284548,0.00582078843867562,0.0267850829724111,0.184007977691715,1,"4",99564081,99623997,"protein_coding","microsomal triglyceride transfer protein"
"519","CP",0.462910705624425,0.0248770084215869,25.0563021745687,0.00152077047987634,0.129812168541681,2.93493270743461,0.00333620030683757,0.0171436715223161,0.462685798495821,1,"3",149162410,149221829,"protein_coding","ceruloplasmin"
"520","PTPN21",0.462892207799071,0.0142980015343986,14.5774340695814,0.0679018788632611,0.0495548744021448,3.87116961558923,0.000108314388838959,0.00105030761303598,0.18378050682081,1,"14",88465778,88555007,"protein_coding","protein tyrosine phosphatase non-receptor type 21"
"521","SH3BP4",0.462312625419972,0.0209668312533072,21.0428687371946,0.00703442037167059,0.0992558512366955,3.19278264376136,0.00140908967734821,0.00854063793262907,0.178358349639586,1,"2",234952017,235055714,"protein_coding","SH3 domain binding protein 4"
"522","RBMS2",0.462181618959264,0.0121105341558266,12.6382348033007,0.12491788504303,0.0348641417114059,4.19982331416118,2.67123345727427e-05,0.000322891202116135,0.221175879580416,1,"12",56521820,56596193,"protein_coding","RNA binding motif single stranded interacting protein 2"
"523","ICAM2",0.462061794842447,0.0207604546934739,20.893578621228,0.007435565434597,0.0984230034653064,3.20687203294262,0.00134186671988945,0.00821128379504123,0.298331818653654,1,"17",64002594,64020634,"protein_coding","intercellular adhesion molecule 2"
"524","RFC1",0.460851061483295,0.0151143703436851,15.3891223944746,0.0520064561776941,0.0557909521308668,3.74856945838169,0.000177846086381939,0.00158470125135783,0.129169029653738,1,"4",39287456,39366375,"protein_coding","replication factor C subunit 1"
"525","PRKD1",0.460020637812539,0.0305191391089675,31.3242144461922,0.000123005711574566,0.176834168235178,2.63324444324594,0.00845734548168475,0.0358800313470776,0.157045814990385,1,"14",29576479,30191898,"protein_coding","protein kinase D1"
"526","CASP7",0.459420212886801,0.0179225859154515,18.1570889692606,0.0200791135832773,0.0764329312108182,3.43170354425861,0.000599802835665075,0.00427833623100441,0.213915051059431,1,"10",113679162,113730907,"protein_coding","caspase 7"
"527","EMILIN1",0.459211889747126,0.00537947439549081,7.33270732351444,0.501198018180903,0,6.26099276244171,3.8253422651735e-10,2.11081061398416e-08,0.267689062698196,1,"2",27078615,27086403,"protein_coding","elastin microfibril interfacer 1"
"528","DDX39A",0.458310378714102,0.0217963102430512,22.0603142165953,0.00480535214226481,0.106634733473332,3.10433228632988,0.00190709014824697,0.0108618072272699,0.159396565049478,1,"19",14408798,14419383,"protein_coding","DExD-box helicase 39A"
"529","VEGFC",0.458244947372611,0.0132792920805913,13.7354970394033,0.088925464696273,0.0430336765509879,3.97658457354824,6.99121418621385e-05,0.000725384710008749,0.211128992287684,1,"4",176683538,176792922,"protein_coding","vascular endothelial growth factor C"
"530","CDC14B",0.457530779311694,0.0147067630819249,14.9873166370262,0.0593925495683997,0.052329672186824,3.77278248667591,0.000161437021691802,0.00146355405191646,0.168102701295848,1,"9",96490241,96619843,"protein_coding","cell division cycle 14B"
"531","TFAP2A",0.457452132667128,0.025406863255984,25.6941402103775,0.0011846093301787,0.133500233412426,2.86992225189857,0.00410572737802317,0.0203474549082319,0.112074816811711,1,"6",10393186,10419659,"protein_coding","transcription factor AP-2 alpha"
"532","ENTPD2",0.457440745783402,0.0163838934612812,16.5336636501432,0.0353483807249355,0.0644491384068282,3.57376744585494,0.000351881477931748,0.00275761282413589,0.254311752006389,1,"9",137048107,137054061,"protein_coding","ectonucleoside triphosphate diphosphohydrolase 2"
"533","FLNC",0.457439091073895,0.0224673953412838,22.6335518527263,0.00386800217009443,0.11102601039343,3.05180592191652,0.00227469123046919,0.0125816236793993,0.304151159813673,1,"7",128830406,128859274,"protein_coding","filamin C"
"534","H1-3",0.457232514880202,0.0102082372401958,11.0995367208268,0.196122850806386,0.0232619762411448,4.52544956608594,6.02672530236603e-06,9.17249600795327e-05,0.275571801846453,1,"6",26234212,26234987,"protein_coding","H1.3 linker histone, cluster member"
"535","PLOD1",0.456980525708838,0.0175094148612735,17.7598833687512,0.0231005081309615,0.0738813710316519,3.45351921343319,0.00055332288606702,0.00401076495152305,0.24195957555719,1,"1",11934205,11975538,"protein_coding","procollagen-lysine,2-oxoglutarate 5-dioxygenase 1"
"536","BCL7C",0.456528040303554,0.0214032346493967,21.5825334596442,0.00575085178263503,0.103249269030758,3.12052560875242,0.0018052860028801,0.0103840604854293,0.162115109650094,1,"16",30833626,30894302,"protein_coding","BAF chromatin remodeling complex subunit BCL7C"
"537","LIMK2",0.456370634947426,0.0119172063668324,12.4876952069114,0.13073440145875,0.0338012044646785,4.18052150758888,2.90841299610545e-05,0.000347279496532628,0.188208506422723,1,"22",31212239,31280080,"protein_coding","LIM domain kinase 2"
"538","STX11",0.456025579723654,0.013788075185912,14.0939190604496,0.0793500573973204,0.0458752233859338,3.88362584545707,0.000102910229191178,0.00100825921320934,0.23978846294663,1,"6",144150487,144191939,"protein_coding","syntaxin 11"
"539","MFAP3L",0.455709056881823,0.0257224685064182,26.0347518832794,0.00103601410353921,0.136794814584706,2.84139320715813,0.00449168928976129,0.0218565823752404,0.151516601236809,1,"4",169986597,170033031,"protein_coding","microfibril associated protein 3 like"
"540","P4HA2",0.455336050098606,0.00537059901321493,4.57086523150851,0.802302105174093,0,6.21327637418939,5.18910692193231e-10,2.72193215557243e-08,0.283382384444797,1,"5",132190147,132295315,"protein_coding","prolyl 4-hydroxylase subunit alpha 2"
"541","GPER1",0.455084422818432,0.020288774627819,20.5012850102342,0.0085970960376083,0.0953112326345312,3.19494996517069,0.00139855084479823,0.00848281148856561,0.299134485999219,1,"7",1082208,1093815,"protein_coding","G protein-coupled estrogen receptor 1"
"542","ZRSR2",0.453738719190797,0.0248141511817353,25.1848162784046,0.00144630599201144,0.129674473423548,2.8804220633685,0.00397143126783939,0.0197973596619143,0.170775498109375,1,"X",15790156,15830694,"protein_coding","zinc finger CCCH-type, RNA binding motif and serine/arginine rich 2"
"543","ST14",0.453276422716789,0.0102116832537677,11.0822970554235,0.197079599994295,0.0231372871729008,4.48553719226092,7.27304578429511e-06,0.000107236411902276,0.24389146028972,1,"11",130159782,130210362,"protein_coding","ST14 transmembrane serine protease matriptase"
"544","IFI30",0.452674962826558,0.00537645847514957,6.85466968756182,0.552390979554156,0,6.17359771715548,6.67532695786122e-10,3.39668882508495e-08,0.350218623297069,1,"19",18173162,18178117,"protein_coding","IFI30 lysosomal thiol reductase"
"545","CD55",0.452430586020801,0.0155864872319936,15.8283139853804,0.0449044339726161,0.0590242104683738,3.62391358580183,0.000290178591402013,0.0023619166125835,0.208090433002027,1,"1",207321519,207386804,"protein_coding","CD55 molecule (Cromer blood group)"
"546","LAPTM5",0.452420729045344,0.0179972356780973,18.1966941351809,0.0197992279995294,0.0768975871329153,3.37240398103289,0.000745150634024583,0.00510648524548083,0.295532226225393,1,"1",30732469,30757774,"protein_coding","lysosomal protein transmembrane 5"
"547","OFD1",0.4521004899909,0.0229452980204316,23.2727730009431,0.00303113348015094,0.114862144836652,2.98461368737298,0.00283936666552131,0.0150549031622577,0.144812708944113,1,"X",13734743,13777955,"protein_coding","OFD1 centriole and centriolar satellite protein"
"548","RASSF8",0.451951566202888,0.0218438128824165,21.97932221785,0.00495431715285404,0.105354877987153,3.05793093154089,0.0022287093817166,0.0123810172735021,0.231592779163122,1,"12",25958232,26079892,"protein_coding","Ras association domain family member 8"
"549","CD82",0.451916482342983,0.0136323933115396,14.0800017564704,0.0797038847571282,0.0458624543863851,3.87054505734686,0.000108592283043496,0.00105244191183522,0.29755652483912,1,"11",44564427,44620363,"protein_coding","CD82 molecule"
"550","IGFBP5",0.451830944868885,0.0264163049750323,26.5827968424494,0.000834291386322333,0.141506866882695,2.77996889420119,0.00543641055965005,0.0253549971454736,0.271146846217325,1,"2",216672105,216695549,"protein_coding","insulin like growth factor binding protein 5"
"551","ITGAX",0.451209197159934,0.0287572221193063,29.1915517125026,0.000293463966800243,0.161135647510977,2.66075249152517,0.00779662460518393,0.0336595006028711,0.230057302069582,1,"16",31355134,31382999,"protein_coding","integrin subunit alpha X"
"552","NAB1",0.451200232535212,0.0122170047691597,12.8152671034831,0.118365730043653,0.0362425694852663,4.08213105177168,4.46246199306e-05,0.0004965584617594,0.139196309303854,1,"2",190646746,190692766,"protein_coding","NGFI-A binding protein 1"
"553","MT2A",0.450996251572817,0.0225129160690072,22.5613097183347,0.0039755840092273,0.111075341508871,3.0057790709308,0.00264901389710404,0.0142231068405377,0.286213362799054,1,"16",56608584,56609497,"protein_coding","metallothionein 2A"
"554","DNAJB1",0.45051778447597,0.00908352191715646,10.2692085257223,0.246637137714707,0.0170218774702005,4.7269913273218,2.27870993740886e-06,3.98157316205374e-05,0.385174598363736,1,"19",14513789,14560391,"protein_coding","DnaJ heat shock protein family (Hsp40) member B1"
"555","PTPRC",0.449899712706159,0.0195087418025324,19.7811844982121,0.011196374260944,0.088696996151041,3.22107684139554,0.00127709901801976,0.00789398161285764,0.182865222650071,1,"HSCHR1_3_CTG31",280076,363881,"protein_coding","protein tyrosine phosphatase receptor type C"
"556","TBX2",0.449672755078024,0.016655462322574,16.911509632078,0.0310438267018157,0.0675192120795624,3.48432156635533,0.000493386318720201,0.00365636552998084,0.319953700613248,1,"17",61399843,61409466,"protein_coding","T-box transcription factor 2"
"557","SCAMP2",0.449469860423385,0.0260642956374729,25.9494358497393,0.00107142938107607,0.137289534703329,2.78405351202492,0.00536841763759721,0.0251285806991581,0.180308223137235,1,"15",74843730,74873365,"protein_coding","secretory carrier membrane protein 2"
"558","WAS",0.449418598217392,0.0161420033719663,16.3072737198456,0.0381873853401426,0.0627468549469748,3.53730350118084,0.000404234856265617,0.00307984434870872,0.226816049259243,1,"X",48676596,48691431,"protein_coding","WASP actin nucleation promoting factor"
"559","IL1R1",0.449073298304268,0.00832683180568613,9.72797301739434,0.284640123234757,0.0129662320476183,4.92127163068865,8.59836936539793e-07,1.71576439035009e-05,0.304423840068869,1,"2",102064544,102179874,"protein_coding","interleukin 1 receptor type 1"
"560","PLSCR1",0.44870034934079,0.0200809245153263,20.3431509154772,0.00911290380985937,0.0924069206236715,3.16639109769369,0.00154343126003242,0.00917464465908818,0.225816097485918,1,"3",146515180,146544856,"protein_coding","phospholipid scramblase 1"
"561","TNFRSF10A",0.446990830047557,0.0116701423391067,12.299974299089,0.138313219259769,0.0322788627882215,4.1377146514418,3.50782234777025e-05,0.000408706193380745,0.247151018952313,1,"8",23190452,23225102,"protein_coding","TNF receptor superfamily member 10a"
"562","FAT1",0.446768797423595,0.0290368249676406,29.247955880576,0.000286840435546432,0.164074657509749,2.62185259216113,0.00874532475983258,0.0368138315889056,0.239070964895297,1,"4",186587794,186726722,"protein_coding","FAT atypical cadherin 1"
"563","ITGAL",0.446337855575033,0.023000205989095,23.0701182550748,0.00327537940168421,0.113738621738618,2.94305148601015,0.00324994363984232,0.0167782124768125,0.24017007418917,1,"16",30472658,30523567,"protein_coding","integrin subunit alpha L"
"564","GADD45G",0.445683931088022,0.0208306308058801,20.9142444211115,0.00737875372227707,0.0984694996512429,3.08798914655243,0.00201515830538623,0.0113756489546526,0.310034628227033,1,"9",89605012,89606555,"protein_coding","growth arrest and DNA damage inducible gamma"
"565","MYL3",0.445437582243811,0.0137837858718716,14.1454201375118,0.0780529538984356,0.0462989120792281,3.79404604658832,0.000148212169713835,0.00136403351715336,0.221367845233388,1,"3",46835110,46882178,"protein_coding","myosin light chain 3"
"566","OR7A17",0.444895832702577,0.0246415428334871,25.0347886333802,0.00153359562352156,0.128151482585477,2.83416016616566,0.00459462973242375,0.0222767013633851,0.192538522248941,1,"19",14878203,14886132,"protein_coding","olfactory receptor family 7 subfamily A member 17"
"567","TMOD3",0.444034674191402,0.00979224430615631,10.7992602400068,0.213334865078952,0.0210041021182968,4.4872034919086,7.21641417023022e-06,0.000106586353674206,0.245794946393259,1,"15",51829628,51947295,"protein_coding","tropomodulin 3"
"568","DYNLT1",0.443784412297127,0.0203034738244936,20.3413917515088,0.00911880534949577,0.0937111546611579,3.1144894840171,0.0018426352486407,0.010556022560359,0.181773282233191,1,"6",158636474,158644743,"protein_coding","dynein light chain Tctex-type 1"
"569","TXNIP",0.44351649740078,0.00537422148999009,7.86213636332675,0.44705177452901,0,6.04995296443329,1.44888123720932e-09,6.70350805447862e-08,0.418641761833352,1,"1",145992435,145996579,"protein_coding","thioredoxin interacting protein"
"570","CLCA4",0.443273651059464,0.00806983652176873,9.5506597535648,0.297989458534122,0.0116286841985554,4.93445904095033,8.03732093546117e-07,1.62357704126554e-05,0.366770988483866,1,"1",86547078,86580754,"protein_coding","chloride channel accessory 4"
"571","SP100",0.442860041157118,0.00781439004165387,9.37705907928565,0.311492576135125,0.0103385720408681,5.00978345138549,5.44913147271231e-07,1.1693157292412e-05,0.117967486669137,1,"2",230415942,230545606,"protein_coding","SP100 nuclear antigen"
"572","AKAP8",0.442822140701799,0.0283310729364832,28.4770512144851,0.000391544889424711,0.155302488030922,2.63086047297296,0.00851689942657785,0.0360606738219148,0.111475920921004,1,"19",15353385,15379815,"protein_coding","A-kinase anchoring protein 8"
"573","CTRL",0.442050070543079,0.011490127848876,12.2028830353347,0.142378709184872,0.0314756407195511,4.12390862308528,3.72496719440729e-05,0.000426981064240221,0.273039147049553,1,"16",67927640,67932365,"protein_coding","chymotrypsin like"
"574","HIPK3",0.441316436718027,0.0204695785935133,20.4583795415109,0.00873421119148872,0.0943953934859874,3.0845772556471,0.00203841662074633,0.0114865948082861,0.141959965481961,1,"11",33256672,33357023,"protein_coding","homeodomain interacting protein kinase 3"
"575","PLP2",0.439740726667876,0.0270761592577601,27.6626795103025,0.000542826400504464,0.149886124291163,2.67241044067152,0.00753084738248155,0.0327770352719536,0.277190855817133,1,"X",49171898,49175235,"protein_coding","proteolipid protein 2"
"576","LY86",0.439699687113344,0.0207309336405127,21.003693147759,0.00713762559858847,0.0975465584035067,3.05384313997326,0.00225930178775657,0.012518230922686,0.224838472734932,1,"6",6588108,6654983,"protein_coding","lymphocyte antigen 86"
"577","OR7A5",0.439410217463479,0.00537359280804459,7.90928549481258,0.442381275502607,0,5.99429033373429,2.04375960599634e-09,9.07692746265937e-08,0.549343256565511,1,"19",14826241,14835185,"protein_coding","olfactory receptor family 7 subfamily A member 5"
"578","DAPP1",0.439408327013301,0.0189765815295184,19.288799322915,0.0133891574825081,0.0850482632518593,3.18976943646963,0.00142386341432155,0.00861175563969139,0.295197334675988,1,"4",99816827,99870190,"protein_coding","dual adaptor of phosphotyrosine and 3-phosphoinositides 1"
"579","NAP1L1",0.439369436868753,0.0192196552511681,19.3482832706761,0.0131039961115339,0.0861633887859664,3.16925399798987,0.00152830772162305,0.0091051995202936,0.140999472042672,1,"12",76036585,76084735,"protein_coding","nucleosome assembly protein 1 like 1"
"580","PER1",0.439119655795753,0.0292639201030541,29.9274372766515,0.000217712904539422,0.168113681591305,2.56694537044498,0.0102598774929574,0.0415523931186546,0.168126174943205,1,"17",8140467,8156506,"protein_coding","period circadian regulator 1"
"581","SMARCE1",0.438537972416686,0.017100524754949,17.3767298075699,0.0264167341199927,0.0710305692106835,3.3535322371648,0.000797871189354593,0.00538993928589484,0.130057520515168,1,"17",40624962,40648654,"protein_coding","SWI/SNF related, matrix associated, actin dependent regulator of chromatin, subfamily e, member 1"
"582","C7",0.438421229732163,0.00826737952498014,9.69436251862203,0.287136240038977,0.0126848155683815,4.82178274424752,1.42280863069111e-06,2.64563533349441e-05,0.386611339688402,1,"5",40909492,41020216,"protein_coding","complement C7"
"583","FCAR",0.438077052155357,0.024083996875783,24.7093755619812,0.0017409258647819,0.126219649530301,2.82283974104616,0.0047600358781581,0.0229300731857557,0.272870481232619,1,"HSCHR19KIR_FH05_B_HAP_CTG3_1",244487,260711,"protein_coding","Fc alpha receptor"
"584","FZD9",0.437711305351172,0.0176767973731506,17.9089403661962,0.0219196311814032,0.0750725886812921,3.29219819153686,0.0009940753052462,0.00644505639792507,0.270852731918298,1,"7",73433778,73436120,"protein_coding","frizzled class receptor 9"
"585","MAX",0.437015409526446,0.0127705381089912,13.2415174452936,0.103805522279302,0.0392482544464301,3.86716009939576,0.000110110143793696,0.00106488539291832,0.145477407290511,1,"14",65006174,65102695,"protein_coding","MYC associated factor X"
"586","ATF3",0.436920334983702,0.0258229672511042,26.0653250264947,0.00102360322809837,0.137076486772553,2.71893725652475,0.00654920299014705,0.0294252435368027,0.181247806388926,1,"1",212565334,212620777,"protein_coding","activating transcription factor 3"
"587","TAP1",0.436640294858337,0.00862035839119926,9.9513631583568,0.268456202983307,0.0145955108072936,4.7028502566859,2.56554581712365e-06,4.39834966482402e-05,0.250782859928631,1,"HSCHR6_MHC_APD_CTG1",4150074,4158843,"protein_coding","transporter 1, ATP binding cassette subfamily B member"
"588","PLPP1",0.436566697454722,0.0176753246684237,17.8338560003095,0.0225071737884331,0.074493847344721,3.2837259383379,0.00102444491690612,0.00659999349676212,0.144728429472529,1,"5",55424854,55534969,"protein_coding","phospholipid phosphatase 1"
"589","PCSK5",0.436365151441205,0.0231661162161653,23.5353766210884,0.00274077179857718,0.118069207146623,2.8669719556263,0.00414419734086247,0.0205022361363491,0.156373866304431,1,"9",75890644,76362975,"protein_coding","proprotein convertase subtilisin/kexin type 5"
"590","LRRC14",0.436069144258074,0.0266058046028507,27.3672389379617,0.000610800456801779,0.146104295654791,2.67341979234953,0.00750822285060315,0.0327079844720482,0.161123179647697,1,"8",144517992,144525172,"protein_coding","leucine rich repeat containing 14"
"591","RARRES2",0.43600294794341,0.0180033774246254,18.1400983508499,0.0202003269130434,0.0768333115081468,3.24946925767468,0.0011562057466783,0.00726884170162017,0.260023855266816,1,"7",150338317,150341662,"protein_coding","retinoic acid receptor responder 2"
"592","KAT2B",0.435733710597784,0.00641524855177838,8.5393210365578,0.382633900652502,0.00403367074406485,5.44019437212593,5.32224713190033e-08,1.59248880438421e-06,0.237306589886896,1,"3",20040446,20154404,"protein_coding","lysine acetyltransferase 2B"
"593","RPS16",0.435722305586141,0.024060802005518,24.2417233568971,0.00208733938095275,0.124067288068716,2.80901943062251,0.00496926472966774,0.023678778645499,0.127525498735606,1,"19",39433137,39435949,"protein_coding","ribosomal protein S16"
"594","TNS2",0.4353547217946,0.0127387433476672,13.2785459409552,0.102618331101224,0.0396498788322935,3.85726933984943,0.000114660794902743,0.00110220499413863,0.263480883301716,1,"12",53046969,53064379,"protein_coding","tensin 2"
"595","SNX5",0.435173870860251,0.0274657800528977,27.7578998061109,0.00052254055651155,0.149919024853702,2.62583142916904,0.00864376128944944,0.0365008127467177,0.11955732409775,1,"20",17941597,17968980,"protein_coding","sorting nexin 5"
"596","MYOF",0.434850687967006,0.0168826997380273,16.9874521442885,0.030240005014563,0.0677360918423418,3.34671872210806,0.00081774139656754,0.00549319668582247,0.192943629986706,1,"10",93306429,93482334,"protein_coding","myoferlin"
"597","PMP2",0.434291141665993,0.0106876829258837,11.4973650753372,0.175078096188026,0.0262094527156067,4.20086950153903,2.65891828050702e-05,0.000321707658875014,0.237978460823746,1,"8",81440326,81447439,"protein_coding","peripheral myelin protein 2"
"598","CDC25B",0.433366342501279,0.0135063774497753,13.9790756373993,0.0823124348392993,0.0446827641238592,3.72894293705454,0.000192284684461974,0.00169031498654797,0.153039993320081,1,"20",3786772,3806121,"protein_coding","cell division cycle 25B"
"599","CASP6",0.433038489538685,0.00799208756633203,9.50373961485911,0.301596729620847,0.0112683644269799,4.84391353654583,1.27306349329004e-06,2.41115955679368e-05,0.206472440460119,1,"4",109688622,109703583,"protein_coding","caspase 6"
"600","RAB9A",0.43291657790732,0.0101604848861361,11.0743871720319,0.197519842298999,0.0230720933291806,4.29484010347289,1.74819289344708e-05,0.000224517286814339,0.163232891043732,1,"X",13689128,13710504,"protein_coding","RAB9A, member RAS oncogene family"
"601","MYL6",0.432663711771531,0.00955388983989879,10.6324791772851,0.223405282089835,0.0197496080720549,4.4264988632576,9.57748869190311e-06,0.000135268099292347,0.115566020886922,1,"12",56158346,56163496,"protein_coding","myosin light chain 6"
"602","CDR2L",0.432479470326286,0.020179895390124,20.4769294670535,0.00867467497952977,0.0944694961337824,3.0444303386721,0.00233121411736348,0.0128302334831492,0.344563094707753,1,"17",74987632,75005800,"protein_coding","cerebellar degeneration related protein 2 like"
"603","RPL11",0.432046501610773,0.0212772733454635,21.3884038765839,0.00618419187202944,0.101637082988035,2.96191442233561,0.0030573274625465,0.0159550560906239,0.130449599103973,1,"1",23691742,23696835,"protein_coding","ribosomal protein L11"
"604","PRKCH",0.43107791872852,0.0175428298297612,17.7173891865426,0.0234479852955735,0.0736291769333701,3.25466244036357,0.00113527215161358,0.007170835718802,0.218402497049751,1,"14",61187559,61550980,"protein_coding","protein kinase C eta"
"605","KANK1",0.430936051585225,0.014984414806034,15.2710155585629,0.0540850713774826,0.0548450011491805,3.52040747692688,0.000430884291582112,0.00325853848866888,0.216041315195965,1,"9",470291,746105,"protein_coding","KN motif and ankyrin repeat domains 1"
"606","CD14",0.430013613519115,0.00733533824231008,9.07725993168475,0.335820409214349,0.00808044519612548,5.02079087462496,5.14591607103654e-07,1.11741770356844e-05,0.368592481207635,1,"5",140631728,140633700,"protein_coding","CD14 molecule"
"607","SYPL1",0.42950736930644,0.0245539173065816,25.02181460295,0.00154138085630571,0.127659551767372,2.74100750862671,0.00612511077482547,0.0278934349736738,0.152630601600513,1,"7",106090505,106112589,"protein_coding","synaptophysin like 1"
"608","HCLS1",0.429374794604709,0.00706397013777867,8.91494369712297,0.349521989810275,0.00685517022539218,5.1087202225859,3.24348210511971e-07,7.52375698870034e-06,0.329241264128815,1,"3",121631399,121660927,"protein_coding","hematopoietic cell-specific Lyn substrate 1"
"609","CD7",0.429187943645262,0.0144764369218445,14.8186390716371,0.0627693369453294,0.05114003670767,3.56711140031509,0.000360938064775551,0.00281294983779512,0.213232945174008,1,"17",82313564,82317608,"protein_coding","CD7 molecule"
"610","MICA",0.429093373797631,0.00535950576197699,7.08034778102543,0.527989119994642,0,5.86123908489431,4.59425919530076e-09,1.87694630874683e-07,0.213550007674057,1,"HSCHR6_MHC_SSTO_CTG1",2702061,2718516,"protein_coding","MHC class I polypeptide-related sequence A"
"611","MAPK7",0.428973823708956,0.0221230741753965,22.202794238733,0.00455372407291359,0.10762878601726,2.88408499003398,0.0039255279325523,0.0196068737430556,0.113848728323686,1,"17",19377721,19383544,"protein_coding","mitogen-activated protein kinase 7"
"612","TCF7",0.428831767391947,0.0145675806079551,14.9613137465771,0.0599020693034126,0.0523219625861602,3.55298386291579,0.000380887829213306,0.00293707605267235,0.246556827153064,1,"5",134114681,134151865,"protein_coding","transcription factor 7"
"613","SLC6A16",0.428130709781801,0.0107520416275563,11.559578670923,0.17196239436946,0.026698798351892,4.12886717863619,3.64554908216519e-05,0.000420905718983864,0.169445777779292,1,"19",49289638,49325215,"protein_coding","solute carrier family 6 member 16"
"614","LRP2",0.428105237370054,0.0154790215805039,15.8102718368228,0.0451776227857622,0.0583638358669236,3.44095337604609,0.000579668407767686,0.00416032846824933,0.29083276411419,1,"2",169127109,169362534,"protein_coding","LDL receptor related protein 2"
"615","DIP2C",0.427766857536871,0.0288704066817638,29.4936141142851,0.000259664101436591,0.164073842538098,2.5175649436934,0.0118169182189802,0.0463029873491423,0.114211220287474,1,"10",274201,689668,"protein_coding","disco interacting protein 2 homolog C"
"616","SLCO2B1",0.427318107610937,0.0145524601477142,14.9327198680837,0.0604669582403166,0.0521288959096806,3.54228163168272,0.000396681707399482,0.00303864386019681,0.250677251576067,1,"11",75100563,75206549,"protein_coding","solute carrier organic anion transporter family member 2B1"
"617","FGF2",0.427113843057544,0.0275626003663781,28.3893864574539,0.000405600767689534,0.153470130218787,2.57266686688763,0.0100918293987997,0.0410517004728899,0.154500572484522,1,"4",122826682,122898236,"protein_coding","fibroblast growth factor 2"
"618","DAAM2",0.427030830729942,0.0170531523244471,17.2829275609474,0.0272941707353342,0.0701836597895327,3.27006884234834,0.00107521313799497,0.006871498753298,0.270983080566768,1,"6",39792298,39904877,"protein_coding","dishevelled associated activator of morphogenesis 2"
"619","RPS28",0.42685060593257,0.0180798579304325,18.4758072514863,0.0179288848012115,0.0782673292970837,3.17452239722036,0.00150083307602222,0.0089940614967171,0.16678973903291,1,"19",8321158,8323340,"protein_coding","ribosomal protein S28"
"620","LAMA2",0.42684534139147,0.00863970032533291,9.9790438269416,0.266499848530016,0.0147797804325204,4.59220435837869,4.38588573770105e-06,6.95331996960278e-05,0.239949989536265,1,"6",128883138,129516566,"protein_coding","laminin subunit alpha 2"
"621","MGST2",0.42681719982402,0.0160169053064985,16.2105589711509,0.039463625377085,0.0620498907059403,3.37250504683369,0.000744877213497031,0.00510598408273186,0.157427126444457,1,"4",139665768,139740745,"protein_coding","microsomal glutathione S-transferase 2"
"622","TOB1",0.426537946712927,0.0292733020336198,29.5427299659103,0.000254542143761761,0.164969381885402,2.49299735164666,0.0126669791044556,0.0489123444880167,0.18434773690324,1,"17",50862223,50867978,"protein_coding","transducer of ERBB2, 1"
"623","ITGB2",0.426492973558751,0.0123354411708393,12.9000929846495,0.115333639680354,0.0367431746022805,3.84002929351207,0.000123019630546839,0.00117063808941044,0.319126241886562,1,"21",44885953,44931989,"protein_coding","integrin subunit beta 2"
"624","CD86",0.426418159398959,0.0136954542088297,14.1006556909725,0.0791792954292633,0.0457695734616005,3.6437407629101,0.00026870406451085,0.0022168520118366,0.359292893789902,1,"3",122055362,122121139,"protein_coding","CD86 molecule"
"625","LPAR6",0.426321193487349,0.0241677553138979,24.6352592791564,0.00179183085005878,0.124997571128526,2.74232400574294,0.00610061321914679,0.02780823117494,0.17788128265857,1,"13",48389567,48444704,"protein_coding","lysophosphatidic acid receptor 6"
"626","TAB2",0.425623447236016,0.02889613284744,29.5754619845939,0.000251183979956084,0.163137831610843,2.50383486324538,0.0122855360892433,0.0477650101453531,0.110879039647859,1,"6",149218641,149411613,"protein_coding","TGF-beta activated kinase 1 (MAP3K7) binding protein 2"
"627","CLDN5",0.425524232430181,0.0171325064476544,17.3701463737799,0.0264774419181065,0.0709476946926304,3.25097661125888,0.00115009318594961,0.00724291640054678,0.318283903438649,1,"22",19523024,19527545,"protein_coding","claudin 5"
"628","PPBP",0.424802557789558,0.0133229220663153,13.7965979813558,0.0872235039683059,0.0434762543494185,3.68033523272036,0.000232927528908355,0.00197145467943583,0.365113871136994,1,"4",73985966,73988276,"protein_coding","pro-platelet basic protein"
"629","CFB",0.424323154667337,0.0107573909733464,11.5883872637592,0.170535337121919,0.0268881934811153,4.09112976189177,4.29276842126569e-05,0.000480577206489832,0.314078859630212,1,"HSCHR6_MHC_DBB_CTG1",3193430,3199864,"protein_coding","complement factor B"
"630","TAL1",0.423872420534714,0.0200830796373288,20.3114207974722,0.00921991439247078,0.0927795090887813,2.99102473603561,0.0027804296973688,0.0148008966955571,0.15766199328188,1,"1",47216290,47232225,"protein_coding","TAL bHLH transcription factor 1, erythroid differentiation factor"
"631","FCGR2B",0.423838607543129,0.0175285919337196,17.6549560059529,0.0239674418658868,0.072475303987361,3.20130460073816,0.00136806827765468,0.00833162078410193,0.205627378992336,1,"1",161663143,161678654,"protein_coding","Fc gamma receptor IIb"
"632","VHL",0.423741880947484,0.0115444149207774,12.2439756326907,0.140645747463292,0.0317541639474481,3.94380493689801,8.01988997058967e-05,0.000814870685612764,0.218167858608042,1,"3",10141778,10153676,"protein_coding","von Hippel-Lindau tumor suppressor"
"633","REPIN1",0.422910048649669,0.0268253101927831,27.4678888776572,0.000586756399372199,0.148253350766363,2.58211528257511,0.00981967770315006,0.0402658908937437,0.13100450377409,1,"7",150368189,150374044,"protein_coding","replication initiator 1"
"634","POU2F1",0.422640244829285,0.0231953802817949,23.7553872029756,0.00251844125461726,0.118810647225027,2.77504545188182,0.00551939935510859,0.0256903501478516,0.210300756112095,1,"1",167220876,167427345,"protein_coding","POU class 2 homeobox 1"
"635","VSIG4",0.422045893876455,0.00535278232103378,5.26448028993384,0.728970202310409,0,5.76859286000293,7.99361621339756e-09,3.05061763664886e-07,0.446771169074253,1,"X",66021738,66040125,"protein_coding","V-set and immunoglobulin domain containing 4"
"636","CD93",0.421521445229512,0.00676972766879726,8.74392492547758,0.364356633120496,0.00556690969503474,5.12311465448997,3.00529477748057e-07,7.0412156407148e-06,0.353395251259975,1,"20",23065139,23086324,"protein_coding","CD93 molecule"
"637","TLE4",0.42138131787255,0.0144873644558873,14.8145282655897,0.0628537714084104,0.0509757732977376,3.50090708155184,0.000463677480025959,0.00346541483386156,0.167614911596208,1,"9",79571773,79726882,"protein_coding","TLE family member 4, transcriptional corepressor"
"638","BBOX1",0.42074478607546,0.0124888874704732,13.0383351463046,0.11053740965377,0.0376754066662532,3.76492965915877,0.00016659597372648,0.00150071772374882,0.245080390919147,1,"11",27040725,27127809,"protein_coding","gamma-butyrobetaine hydroxylase 1"
"639","SMARCD2",0.420687033704878,0.0168063070301725,17.2425661503327,0.0276800663102214,0.069123912742841,3.24506185840561,0.00117425112548175,0.00736775386214774,0.203415153654568,1,"17",63832081,63843065,"protein_coding","SWI/SNF related, matrix associated, actin dependent regulator of chromatin, subfamily d, member 2"
"640","IRF3",0.420524516110996,0.0108608658105867,11.700072822329,0.165095900073858,0.0276450363699902,4.03514453933934,5.456869470577e-05,0.000588211304073655,0.124927815827153,1,"19",49659569,49665875,"protein_coding","interferon regulatory factor 3"
"641","RAB31",0.420310597604879,0.0233922486078466,23.5196356818015,0.00275738887618797,0.117790651719461,2.74811153401666,0.00599396155472109,0.0273989711161027,0.187426212940644,1,"18",9708275,9862551,"protein_coding","RAB31, member RAS oncogene family"
"642","TRAFD1",0.420295080329965,0.00535970476180282,7.21839442748488,0.513263488521072,0,5.74095143261134,9.4146090923175e-09,3.49863891531269e-07,0.155641283706572,1,"12",112125538,112153604,"protein_coding","TRAF-type zinc finger domain containing 1"
"643","RASSF1",0.420164802242851,0.0163101211387013,16.5892732107243,0.0346817234003919,0.064765085405708,3.28996346278792,0.00100200392781802,0.0064898592814697,0.158693075462016,1,"3",50329782,50340980,"protein_coding","Ras association domain family member 1"
"644","SART1",0.419641680524255,0.0169873544761726,17.2884727732176,0.0272415489202945,0.0701010973445576,3.21970248584336,0.0012832369925273,0.00792479666920992,0.166322335384031,1,"11",65961728,65980137,"protein_coding","spliceosome associated factor 1, recruiter of U4/U6.U5 tri-snRNP"
"645","SOX13",0.419268146489465,0.0131204498700629,13.6268433380168,0.0920252247678324,0.042134562507618,3.66030694112365,0.000251913299252449,0.00210489208057774,0.184072890385127,1,"1",204073115,204127743,"protein_coding","SRY-box transcription factor 13"
"646","MAP3K2",0.419091234070677,0.0255701159256774,25.6816192197077,0.00119045050807936,0.133088460221496,2.62085038009091,0.00877107469198779,0.0369039457208854,0.140467082467362,1,"2",127298668,127388465,"protein_coding","mitogen-activated protein kinase kinase kinase 2"
"647","HLA-DOA",0.418877945049405,0.0247553975287809,24.9375367065803,0.00159289815971138,0.128804672474667,2.66227271941567,0.0077614965505266,0.0335271467997504,0.213246012679467,1,"HSCHR6_MHC_MCF_CTG1",4303233,4308667,"protein_coding","major histocompatibility complex, class II, DO alpha"
"648","NRM",0.418808916191149,0.0179194956617393,18.315364857578,0.0189825115127578,0.0771652567856354,3.12862151655296,0.00175628373365888,0.010145692549777,0.186118318346383,1,"6",30688047,30691420,"protein_coding","nurim"
"649","LILRB1",0.418799658049613,0.0228942444983732,23.1272461312797,0.0032046612165093,0.114951830835694,2.76785388594731,0.00564267472480151,0.0261163229410612,0.273208463536817,1,"HSCHR19_4_CTG3_1",613049,620134,"protein_coding","leukocyte immunoglobulin like receptor B1"
"650","AXL",0.418724483135956,0.0138845299462267,14.2768029024521,0.0748298887907504,0.0470945970210459,3.55355273182408,0.000380064993711349,0.00293339294116967,0.212182417413287,1,"19",41219223,41261766,"protein_coding","AXL receptor tyrosine kinase"
"651","DOCK2",0.418698399647406,0.0160980292344205,16.3437896691493,0.0377155707761697,0.0623886895202643,3.30000763789636,0.000966821971493115,0.00629557918755402,0.202137976193791,1,"5",169637268,170083382,"protein_coding","dedicator of cytokinesis 2"
"652","SMC3",0.418252740003691,0.0140385109551237,14.3998217990232,0.0719212560051823,0.0478429341911717,3.53002899095328,0.00041551413354024,0.00315728816880517,0.140962505935376,1,"10",110567684,110606048,"protein_coding","structural maintenance of chromosomes 3"
"653","RPGR",0.417852740267525,0.0147505982895323,15.1811363429693,0.0557176088511347,0.0536686098978364,3.44047523987394,0.000580693565870094,0.00416416907868532,0.173280309670852,1,"X",38269163,38327544,"protein_coding","retinitis pigmentosa GTPase regulator"
"654","PLK3",0.417727779715874,0.0137675982481509,14.1401790016329,0.0781840803998279,0.0460396785524043,3.56011695552395,0.000370689661152834,0.00287408501574489,0.14971223438891,1,"1",44800377,44805995,"protein_coding","polo like kinase 3"
"655","UGDH",0.417661867188087,0.0199440847796777,20.0888564215742,0.0100050546433329,0.0913800296095327,2.95745244402304,0.0031019259340237,0.016158029798951,0.139554262900393,1,"4",39498755,39528311,"protein_coding","UDP-glucose 6-dehydrogenase"
"656","STARD3",0.417228170866427,0.023442513015241,23.6296390616809,0.00264327679173885,0.118902143254096,2.72503158875064,0.00642953353014408,0.0289914292555459,0.206317489107624,1,"17",39637090,39664201,"protein_coding","StAR related lipid transfer domain containing 3"
"657","HYAL2",0.416744991729984,0.0235046872180759,23.6246885688098,0.00264831224546127,0.118174636132492,2.71827349951551,0.00656235687704476,0.029468762350978,0.187226201808606,1,"3",50317790,50322782,"protein_coding","hyaluronidase 2"
"658","MTHFD2",0.416383999303511,0.0066061275526231,8.65122240031956,0.37256691611401,0.00486950573927932,5.1229551616409,3.00783894902068e-07,7.0412156407148e-06,0.275893291640548,1,"2",74186172,74217565,"protein_coding","methylenetetrahydrofolate dehydrogenase (NADP+ dependent) 2, methenyltetrahydrofolate cyclohydrolase"
"659","POU2F2",0.41627328471672,0.0175294076020093,17.8687713387447,0.022232134789408,0.0737205720036014,3.14408964439414,0.00166604394059489,0.00974362426647979,0.188917912049662,1,"19",42086110,42196585,"protein_coding","POU class 2 homeobox 2"
"660","PLEC",0.415968059202211,0.0273260428016953,28.0063838977018,0.000473036214210468,0.15202360695555,2.5163532714376,0.0118576261978065,0.0464270411089973,0.166445031949062,1,"8",143915153,143976734,"protein_coding","plectin"
"661","PPM1D",0.415945109187843,0.0243386319843618,24.4800177923301,0.00190319181964845,0.125005073846327,2.66617063068961,0.0076720742534746,0.033223065898391,0.194606345122425,1,"17",60600193,60666280,"protein_coding","protein phosphatase, Mg2+/Mn2+ dependent 1D"
"662","PTH1R",0.415418358410765,0.0244334698953599,24.7560055679413,0.00170962341969687,0.127562068861259,2.65762139627981,0.00786942429300841,0.0339163539309659,0.316695676823888,1,"3",46877721,46903799,"protein_coding","parathyroid hormone 1 receptor"
"663","ANKS1A",0.414737921305024,0.00535251054584878,6.00552542664915,0.646612925757299,0,5.66885019926301,1.43758986936859e-08,5.01347175647244e-07,0.139163271214943,1,"6",34889255,35091406,"protein_coding","ankyrin repeat and sterile alpha motif domain containing 1A"
"664","CDK18",0.414538399641883,0.0249304798774104,25.289885128745,0.00138807676327175,0.130770460626417,2.62542397816958,0.00865411317775133,0.0365384742034473,0.229884226008691,1,"1",205504596,205532793,"protein_coding","cyclin dependent kinase 18"
"665","ITGA6",0.414367085534901,0.0241930638019511,24.3925715075205,0.00196885489557105,0.124386611251236,2.6640343196298,0.00772096851424986,0.0333894232966534,0.179883236725675,1,"2",172234216,172506459,"protein_coding","integrin subunit alpha 6"
"666","CTDSPL",0.414303483772559,0.0100546770605472,11.032486387459,0.199865261612879,0.0227081920240197,4.13175462603381,3.60004607229403e-05,0.000416973986919544,0.188392195477262,1,"3",37861880,37984469,"protein_coding","CTD small phosphatase like"
"667","S100A9",0.414119241400173,0.01126273311539,12.0338750431263,0.149698849591733,0.0302171779540395,3.902145987568,9.53436223651849e-05,0.00094591730583164,0.550909543708531,1,"1",153357854,153361023,"protein_coding","S100 calcium binding protein A9"
"668","PPP2R1B",0.413833278467914,0.0211769193871573,21.4282116401061,0.0060928453268307,0.100625800966391,2.84376706331182,0.0044583628730166,0.0217269998726547,0.106373389981371,1,"11",111726908,111766389,"protein_coding","protein phosphatase 2 scaffold subunit Abeta"
"669","S100A3",0.413495906411639,0.0249437233542565,25.5597067014266,0.00124881249767572,0.131659210412614,2.61812618224876,0.00884141045055586,0.0371203908645675,0.152039814123786,1,"1",153547329,153549258,"protein_coding","S100 calcium binding protein A3"
"670","TRAF1",0.412338404362468,0.0250655793012081,25.3852630042184,0.00133720106238573,0.131667210537331,2.60444333483488,0.00920236364939364,0.0382701234117442,0.154346430517598,1,"9",120902393,120929173,"protein_coding","TNF receptor associated factor 1"
"671","ABCA6",0.411877305674457,0.0219010655646945,22.1026827502226,0.00472915731976367,0.107573681490083,2.78314120025984,0.00538353711096762,0.025174816715611,0.272394502563173,1,"17",69078702,69141895,"protein_coding","ATP binding cassette subfamily A member 6"
"672","RNASET2",0.411604746055055,0.0213724324211094,21.7094153504488,0.00548359274790437,0.102964045052961,2.81548616454553,0.00487034939850073,0.0233467922321917,0.169420604059982,1,"6",166922113,166957191,"protein_coding","ribonuclease T2"
"673","TES",0.41109419413058,0.0055387693200367,8.08776104331798,0.424944682297995,0.000656262233275934,5.52375877305634,3.31822973542728e-08,1.05213470951801e-06,0.285586756362819,1,"7",116210506,116258783,"protein_coding","testin LIM domain protein"
"674","SLC45A2",0.411009197611202,0.0152401899723044,15.4904415758382,0.0502819971006256,0.0560725747700763,3.32932621470643,0.00087056373944483,0.00578552695768171,0.18732459677178,1,"HSCHR5_6_CTG1",145938,155826,"protein_coding","solute carrier family 45 member 2"
"675","MAPRE1",0.410875717980835,0.0215264487743404,21.7498277974883,0.00540101239840433,0.104303902555846,2.80042715979756,0.00510350237808899,0.0241783285866238,0.146593430340411,1,"20",32819954,32850405,"protein_coding","microtubule associated protein RP/EB family member 1"
"676","ADH1A",0.410807087832487,0.0107941755391132,11.6033740465276,0.169796863400802,0.0270002838411503,3.95405940548559,7.68363188468069e-05,0.000786661958378172,0.279911122601985,1,"4",99276369,99291003,"protein_coding","alcohol dehydrogenase 1A (class I), alpha polypeptide"
"677","RPN2",0.410397813782381,0.0253605595427689,25.7237917012563,0.00117088786874172,0.134379116373766,2.57706648483585,0.00996427831074165,0.0406561054698682,0.162818204815145,1,"HG410_PATCH",87883,151121,"protein_coding","ribophorin II"
"678","EMP2",0.410278565270778,0.0131716880964282,13.6792595885006,0.0905180467575458,0.0425437831344712,3.57485234972689,0.000350425598313109,0.00275043096607022,0.216924653260677,1,"16",10528422,10580632,"protein_coding","epithelial membrane protein 2"
"679","CDKN1C",0.410262148787352,0.0176118009179491,17.8880237867549,0.0220818356577386,0.0745540489072899,3.09143106380512,0.00199194228591293,0.0112745525521266,0.237698909395732,1,"HSCHR11_1_CTG7",115392,118091,"protein_coding","cyclin dependent kinase inhibitor 1C"
"680","PRPF3",0.409411540795339,0.00965309691625995,10.722251403919,0.217938826652003,0.0202992627889085,4.16703115476485,3.08592336355495e-05,0.000364716941618481,0.13213231294903,1,"1",150321479,150353233,"protein_coding","pre-mRNA processing factor 3"
"681","NAMPT",0.40917798872396,0.0218369373906935,22.1610316937966,0.00462613023375306,0.106481957247714,2.76895819426851,0.00562358505293536,0.0260563529179355,0.149010149134192,1,"7",106248298,106285966,"protein_coding","nicotinamide phosphoribosyltransferase"
"682","KDM6A",0.409101869191615,0.0119206467470356,12.5971166922515,0.126483943832939,0.0343617173689001,3.7469815495264,0.000178975244862878,0.00159253609678511,0.211230371586972,1,"X",44873188,45112779,"protein_coding","lysine demethylase 6A"
"683","TPM2",0.408993671179888,0.0114775198425766,12.2202764242571,0.141642980106668,0.0315641324043014,3.81761880799069,0.000134745903782818,0.00125873115615074,0.30789302315267,1,"9",35681992,35690056,"protein_coding","tropomyosin 2"
"684","SLC14A2",0.408834939682316,0.0257847626880689,26.1301183730975,0.000997778864246754,0.136489403440229,2.54604710783833,0.0108950484415153,0.0434922014019729,0.247320963770361,1,"18",45212995,45683688,"protein_coding","solute carrier family 14 member 2"
"685","HNRNPU",0.408765225169285,0.0201689643055788,20.3121766863673,0.0092173512022831,0.0927515907065239,2.87827405761407,0.00399857598796149,0.0199093159494341,0.120512023861648,1,"1",244840638,244864560,"protein_coding","heterogeneous nuclear ribonucleoprotein U"
"686","CSF3R",0.408579572492946,0.0257105544584881,26.2359299801676,0.000956967675302084,0.138482103572566,2.54812617136179,0.0108303292809058,0.043289053677976,0.186108497250166,1,"1",36466043,36483278,"protein_coding","colony stimulating factor 3 receptor"
"687","RXRA",0.408494877996331,0.0260455405421885,26.4037779706407,0.000895551124626277,0.141246437925945,2.53116191838718,0.011368535449602,0.0449330347622798,0.209491710226568,1,"9",134317098,134440585,"protein_coding","retinoid X receptor alpha"
"688","PLAUR",0.408247617895902,0.0224870951322713,22.9038004717435,0.00348997594817944,0.111794598344109,2.72243162283966,0.00648034423906019,0.0291755598901324,0.197284600047322,1,"19",43646095,43670547,"protein_coding","plasminogen activator, urokinase receptor"
"689","MARCO",0.408224014038173,0.00634471804208125,8.50568570631441,0.385692957289732,0.00378619196972858,5.12498248301257,2.97565410090073e-07,6.99800276699836e-06,0.315930874289594,1,"2",118942194,118994660,"protein_coding","macrophage receptor with collagenous structure"
"690","TBXAS1",0.408102230211711,0.0181811023702948,18.3715436093741,0.0186070895347597,0.0777109092360849,3.02662672145568,0.00247299139133839,0.0134709336622627,0.212035949699777,1,"7",139777051,140020325,"protein_coding","thromboxane A synthase 1"
"691","NR6A1",0.407079606771445,0.0221545281844772,22.3451645932338,0.00431502247299617,0.107840582683216,2.73494182944386,0.00623913007815746,0.0282863494722511,0.11590523898483,1,"9",124517275,124771311,"protein_coding","nuclear receptor subfamily 6 group A member 1"
"692","C5AR1",0.407012476580192,0.0211344153294579,21.3002492378258,0.00639119500972967,0.100794015802349,2.79970713049899,0.00511489895101946,0.024215878143355,0.30194315228601,1,"19",47290023,47322066,"protein_coding","complement C5a receptor 1"
"693","IL18RAP",0.407007938575872,0.0205725349991766,20.79517776627,0.00771188794314145,0.0964369799770153,2.83765096235237,0.00454468499407312,0.0220765347854242,0.228616272757587,1,"2",102418689,102452565,"protein_coding","interleukin 18 receptor accessory protein"
"694","IFNAR2",0.406995896108962,0.0168454231985684,17.1255437757009,0.028828030216298,0.0683151502397941,3.13580513602492,0.00171383037325668,0.00995231838392538,0.159434006556402,1,"21",33205282,33265675,"protein_coding","interferon alpha and beta receptor subunit 2"
"695","IL18",0.406558099702595,0.0235629039914166,23.8270617711609,0.00244986749130668,0.119842578096684,2.64855021255632,0.00808378395194942,0.0346411000650608,0.262315482731602,1,"11",112143251,112164096,"protein_coding","interleukin 18"
"696","DHX16",0.406350751634137,0.0237226297312018,23.9090021315993,0.00237369194699471,0.120416953267831,2.63827250986584,0.00833295889403862,0.0354585413262772,0.0991329751011116,1,"6",30653119,30673006,"protein_coding","DEAH-box helicase 16"
"697","TCEA3",0.406179218594445,0.0248732274807733,25.0135748415595,0.00154634520245939,0.130036004963124,2.5754411403798,0.0100112310927976,0.0408150190706362,0.243403487547587,1,"HSCHR1_4_CTG3",150888,194727,"protein_coding","transcription elongation factor A3"
"698","BAMBI",0.405252861106768,0.0135057266576695,13.9218414098569,0.0838254746681306,0.0444344826668441,3.4871217588484,0.000488249017038145,0.00362356104551774,0.236453237614675,1,"10",28677510,28682932,"protein_coding","BMP and activin membrane bound inhibitor"
"699","PIGA",0.405077254687861,0.0264346972746965,26.6003682898924,0.000828504021159133,0.141223513011639,2.49144146048525,0.0127225930586012,0.0491115860846203,0.0886007901560303,1,"X",15319452,15335554,"protein_coding","phosphatidylinositol glycan anchor biosynthesis class A"
"700","TFAP2C",0.404885792242901,0.0140782596320376,14.5492180684952,0.068526506099026,0.0490773011500793,3.41238521965721,0.00064397040055364,0.00452550904436509,0.195308217553304,1,"20",56629306,56639283,"protein_coding","transcription factor AP-2 gamma"
"701","CD2",0.404866982813505,0.0172277790055201,17.539523657931,0.0249564997808175,0.0712312475900185,3.08459190949166,0.00203831620333306,0.0114865948082861,0.107396641036096,1,"1",116754430,116769229,"protein_coding","CD2 molecule"
"702","SFTPB",0.404530349956639,0.0160216123954872,16.2714390166522,0.0386557214189516,0.0619539536338258,3.19593545533135,0.00139378287256942,0.00845791639381388,0.213063910882009,1,"2",85657314,85668741,"protein_coding","surfactant protein B"
"703","HIRIP3",0.403768224935057,0.011145092129974,11.9386562067578,0.153961950620977,0.0294841403310175,3.8246377485832,0.000130964506927844,0.00122835841615583,0.162997651332517,1,"16",29992330,29996074,"protein_coding","HIRA interacting protein 3"
"704","CLIP2",0.403449812690806,0.0152490008879203,15.5854469421114,0.0487129021982086,0.0570352639101984,3.26714811357093,0.00108636827203257,0.00692889325967632,0.169870190322896,1,"7",74289407,74405935,"protein_coding","CAP-Gly domain containing linker protein 2"
"705","DDB2",0.403248317647062,0.0217569254495214,22.0355626081344,0.00485041186962587,0.105720121674848,2.73384446185078,0.00625996072958723,0.0283606146933299,0.150522406215748,1,"11",47214465,47239217,"protein_coding","damage specific DNA binding protein 2"
"706","FMO2",0.403212772526686,0.00880037625395372,10.1121283339247,0.257244041943223,0.0157186298465367,4.29817071172799,1.72213507723118e-05,0.000221841281070513,0.356384381428234,1,"1",171185249,171212686,"protein_coding","flavin containing dimethylaniline monoxygenase 2"
"707","OSMR",0.403171434261003,0.0148781548089015,15.2449217605291,0.05455445874502,0.0540180810629307,3.30533298037563,0.000948636244177958,0.00620250930311072,0.182323899682088,1,"5",38845858,38945596,"protein_coding","oncostatin M receptor"
"708","CSDE1",0.402898780796366,0.0095319623175947,10.6332639736071,0.223357027491424,0.0196815659523403,4.12671802358101,3.67977133455266e-05,0.000422833607109787,0.100181203421035,1,"1",114716913,114758676,"protein_coding","cold shock domain containing E1"
"709","EYA2",0.402380010123237,0.00534060074086451,4.49195007010471,0.810237936759466,0,5.50606509364408,3.66942898288869e-08,1.14497861763502e-06,0.260301453640729,1,"20",46894624,47188844,"protein_coding","EYA transcriptional coactivator and phosphatase 2"
"710","LIFR",0.402129097496726,0.0212357029498302,21.3823572810528,0.00619818176293904,0.100892642207752,2.75951130966862,0.00578878833923047,0.0266763523376721,0.246524639579616,1,"5",38474668,38608354,"protein_coding","LIF receptor subunit alpha"
"711","CLIC4",0.401404281967585,0.0225986521884421,23.0326202138846,0.0033226171989658,0.113322780670864,2.67018118854116,0.00758103260915233,0.0329351166164145,0.208658180565739,1,"1",24745382,24844321,"protein_coding","chloride intracellular channel 4"
"712","NFKB2",0.400713935486378,0.00887688688762886,10.1376816523467,0.2554951865357,0.0159497989045649,4.25308539777665,2.10845122821102e-05,0.000263354959141516,0.297281701710361,1,"10",102394110,102402524,"protein_coding","nuclear factor kappa B subunit 2"
"713","MOV10",0.400681571973036,0.0151155103235732,15.4541479113811,0.0508935860036733,0.0557791452784883,3.25902702523816,0.00111795017834782,0.00707369170926306,0.143090839643256,1,"1",112673141,112700756,"protein_coding","Mov10 RNA helicase"
"714","TK1",0.400637986362397,0.0230011256681716,23.4534964565899,0.00282828360733051,0.11712869424278,2.64166400758602,0.0082499853166087,0.035179274622554,0.216632528301265,1,"17",78172780,78187233,"protein_coding","thymidine kinase 1"
"715","UBA7",0.40062775566953,0.0226130012538419,23.0296005690802,0.00332644974343402,0.112811776974423,2.66416998224652,0.00771785528802194,0.0333877202948882,0.165116737371281,1,"3",49805209,49813953,"protein_coding","ubiquitin like modifier activating enzyme 7"
"716","IL12RB1",0.400599722985943,0.01622863817241,16.4936194933163,0.03583580527379,0.0636143032022919,3.14463038078323,0.00166296790782394,0.00973236281468535,0.219844009709201,1,"19",18058995,18098944,"protein_coding","interleukin 12 receptor subunit beta 1"
"717","PSMC3IP",0.400531448249305,0.0252877343482218,25.7540469428192,0.00115704687213699,0.134687984255796,2.51873026514043,0.0117778844353187,0.0461658741304514,0.191231896197358,1,"17",42572310,42577831,"protein_coding","PSMC3 interacting protein"
"718","TIAL1",0.400415601836083,0.00968683507897786,10.7617624534607,0.215566868118016,0.0205516238135136,4.06836620552248,4.73439333112946e-05,0.000523845005167028,0.171304175064318,1,"10",119571802,119597029,"protein_coding","TIA1 cytotoxic granule associated RNA binding protein like 1"
"719","PSG3",0.400344621044271,0.0185677962610025,18.8924339114365,0.0154456179584128,0.0813485934521287,2.93801370107198,0.00330322425301932,0.0170016345411309,0.102614795095409,1,"19",42721638,42740481,"protein_coding","pregnancy specific beta-1-glycoprotein 3"
"720","PDLIM1",0.39978850615239,0.0053496660191392,7.69989827001327,0.463320253126254,0,5.46596654461571,4.60391171852592e-08,1.40897384682331e-06,0.413711155479215,1,"10",95237572,95291012,"protein_coding","PDZ and LIM domain 1"
"721","IRF1",0.399253500736112,0.011977072503993,12.6386792270298,0.124901050470128,0.0347224869428116,3.64815593658103,0.00026412931751163,0.00218492224338818,0.286114372368334,1,"5",132440440,132508719,"protein_coding","interferon regulatory factor 1"
"722","MED13L",0.398231320605072,0.0250934463300686,25.2703141648293,0.00139874700881805,0.130553313902066,2.51394202660066,0.0119390057884514,0.0466954701695293,0.141943022730093,1,"12",115957905,116277693,"protein_coding","mediator complex subunit 13L"
"723","REL",0.39801664175799,0.0135281972984152,13.9749538544991,0.0824205749927978,0.0446056511532364,3.42200994072745,0.000621600409248302,0.00440424103195302,0.234553008887587,1,"2",60881491,60931612,"protein_coding","REL proto-oncogene, NF-kB subunit"
"724","FOXN2",0.397782642360667,0.0161793199221695,16.4847726034309,0.0359443314580687,0.0637447434957434,3.12727229239018,0.00176436435208127,0.0101762308659746,0.235266326524202,1,"2",48314637,48379295,"protein_coding","forkhead box N2"
"725","HNRNPA2B1",0.39748448622833,0.0255859208698179,25.9584558063721,0.00106762997353342,0.136093936369657,2.48496145508796,0.0129565462608012,0.0498342235707009,0.155907521670061,1,"7",26171151,26201529,"protein_coding","heterogeneous nuclear ribonucleoprotein A2/B1"
"726","CHEK2",0.396862507611445,0.00534497058895492,6.59039604882574,0.581399240669421,0,5.42834463378882,5.68791285182613e-08,1.6899995609744e-06,0.265308060057023,1,"22",28687743,28742422,"protein_coding","checkpoint kinase 2"
"727","EPOR",0.396595789736694,0.0230633098815009,23.4274398889371,0.00285669636984876,0.116276688239307,2.61148347644437,0.00901503442454721,0.0377063613757148,0.157784260569951,1,"19",11377207,11384342,"protein_coding","erythropoietin receptor"
"728","PDK4",0.396488600925837,0.00899328137999777,10.2219690520461,0.249791007968721,0.0165798340260297,4.18091766414135,2.90334988932717e-05,0.000346999994039463,0.324593577142396,1,"7",95583499,95596516,"protein_coding","pyruvate dehydrogenase kinase 4"
"729","C3",0.395864658708838,0.0192348108814994,19.3738761086233,0.0129830944662234,0.0856279513791285,2.85432072564162,0.00431289658845579,0.0211806343150652,0.279691338335731,1,"19",6677704,6730562,"protein_coding","complement C3"
"730","RIT1",0.394165522005943,0.0167646687115294,16.9976117507808,0.030133957941574,0.0674251107461155,3.04425582455205,0.00233256695171913,0.0128349081157297,0.144081003311743,1,"1",155897808,155911404,"protein_coding","Ras like without CAAX 1"
"731","SELPLG",0.39414489317335,0.0210723219573777,21.4036768343659,0.00614899034272032,0.100255701991802,2.71518676065003,0.0066238404670389,0.0296456399273565,0.185692753410384,1,"12",108620413,108633894,"protein_coding","selectin P ligand"
"732","CFH",0.394116140054704,0.00679102289960126,8.76932884220249,0.362127364273767,0.00574451616993705,4.78251810974385,1.73112785550877e-06,3.12104967613049e-05,0.287703457672407,1,"1",196651754,196752476,"protein_coding","complement factor H"
"733","TP53BP2",0.39365958744639,0.0204576717785015,20.7113704886849,0.00795497919085173,0.0950773020367918,2.75228073183481,0.00591817636079073,0.0271431247363602,0.161106675046052,1,"1",223779893,223845954,"protein_coding","tumor protein p53 binding protein 2"
"734","GRN",0.393578168673833,0.018296415259446,18.5568299373669,0.0174180924660679,0.0790164174696911,2.90969854135932,0.0036177752184412,0.0183210058887011,0.1487791979234,1,"17",44345246,44353106,"protein_coding","granulin precursor"
"735","CBS",0.393439625547873,0.0129152291185144,13.4588757290726,0.0970062883650456,0.040904321530835,3.46199981665233,0.000536177520500392,0.0039029299374947,0.219091512623484,1,"21",43053191,43076943,"protein_coding","cystathionine beta-synthase"
"736","HNRNPAB",0.39288877608436,0.01738100833796,17.7221959320661,0.0234084348140864,0.0729649267802986,2.98010892590237,0.0028814590175299,0.0152337276511592,0.105701938778207,1,"5",178204533,178211163,"protein_coding","heterogeneous nuclear ribonucleoprotein A/B"
"737","TBX3",0.39280032591751,0.0206714503912634,20.9348498626196,0.00732252319723348,0.0978494611848941,2.73203566633119,0.00629443265636542,0.0284965320029699,0.221721169941732,1,"12",114670255,114684175,"protein_coding","T-box transcription factor 3"
"738","CEACAM1",0.392638224540441,0.0193161616233676,19.5680917408756,0.0120996434408119,0.0867782229206391,2.82508918077653,0.00472674581545629,0.0227958628591425,0.174968839528465,1,"19",42507304,42561234,"protein_coding","CEA cell adhesion molecule 1"
"739","KIF14",0.392487506024563,0.00533454258402363,4.67881644782594,0.791287971642562,0,5.37374734227281,7.71168966462454e-08,2.19168455540996e-06,0.263476751556439,1,"1",200551497,200620751,"protein_coding","kinesin family member 14"
"740","CHD1L",0.391530093525208,0.0126527047158117,13.1914252641813,0.105430799995219,0.038753950866791,3.48075504882265,0.000500002530258614,0.0036955373088306,0.125139259134937,1,"1",147242654,147295765,"protein_coding","chromodomain helicase DNA binding protein 1 like"
"741","KLK6",0.391391671021365,0.0226406969220931,23.0711145526465,0.00327413323901651,0.114071188037661,2.60115770599247,0.00929097317030148,0.0385694152467832,0.321421161886443,1,"19",50958631,50969673,"protein_coding","kallikrein related peptidase 6"
"742","IL6ST",0.391266275576587,0.0210702465649371,21.3560664116744,0.00625936541120331,0.100698238384342,2.69548927069782,0.00702853413240034,0.0311235748892274,0.236459127043091,1,"5",55935095,55995022,"protein_coding","interleukin 6 cytokine family signal transducer"
"743","KCNJ5",0.391232728304278,0.0239756864635467,24.6663978987019,0.00177027000906471,0.124486767382142,2.52667656888749,0.0115147490541776,0.0453632356109024,0.113366298803067,1,"11",128891356,128921163,"protein_coding","potassium inwardly rectifying channel subfamily J member 5"
"744","HLA-DMB",0.391138687166389,0.0224521801057681,22.7236501240349,0.00373777026984725,0.111161941914873,2.61036666673876,0.0090445221917852,0.0378110862963562,0.264075730340924,1,"HSCHR6_MHC_MANN_CTG1",4353997,4372491,"protein_coding","major histocompatibility complex, class II, DM beta"
"745","TRIOBP",0.391138262284812,0.0102480452710308,11.1900486582569,0.191161568443902,0.0238093531128573,3.86375681735897,0.000111656384105041,0.00107857210111375,0.14957138032282,1,"22",37697048,37776556,"protein_coding","TRIO and F-actin binding protein"
"746","SLC16A3",0.391013369458305,0.0154017736957051,15.7217084587758,0.046541004085859,0.0577569743448844,3.15069408806056,0.00162882994046609,0.00957209812639513,0.251078936470701,1,"17",82217934,82261129,"protein_coding","solute carrier family 16 member 3"
"747","VNN2",0.39062980622634,0.0119076063914307,12.5822686267843,0.127053618880975,0.0342867560805332,3.57975366943282,0.000343918251483499,0.00271117117866457,0.27455137741388,1,"6",132743870,132763459,"protein_coding","vanin 2"
"748","LAIR1",0.390362015273961,0.0143298374723925,14.7579870307709,0.0640256378690348,0.0506391569944027,3.26097086819521,0.00111031446935561,0.00703448403498598,0.240935403622919,1,"HSCHR19LRC_PGF2_CTG3_1",335587,352601,"protein_coding","leukocyte associated immunoglobulin like receptor 1"
"749","DVL2",0.390295150339645,0.015949585162382,16.3027299817488,0.0382464759513619,0.0624506050211111,3.09042678352381,0.0019986907479137,0.0113027114544286,0.124009179084147,1,"17",7225342,7234517,"protein_coding","dishevelled segment polarity protein 2"
"750","PDLIM3",0.38991711224465,0.016774641765809,17.0361415973452,0.0297349327470628,0.0674151688514248,3.01054877869062,0.00260776058125978,0.014057864347231,0.180604688474597,1,"4",185500660,185535507,"protein_coding","PDZ and LIM domain 3"
"751","PEX6",0.389891292599138,0.0184209874052785,18.5627632135051,0.0173812342414817,0.0794415764749756,2.87267889304993,0.0040700757185137,0.0202100584908589,0.244452398834467,1,"6",42963865,42979181,"protein_coding","peroxisomal biogenesis factor 6"
"752","ALOX5AP",0.389824283314121,0.012554130041402,13.1114687400099,0.108071441256726,0.0381681260079793,3.47916942142265,0.000502970495684263,0.00371335848435532,0.323233319612346,1,"13",30713478,30764426,"protein_coding","arachidonate 5-lipoxygenase activating protein"
"753","CAV1",0.389647651574959,0.0156682328662529,16.0369104427974,0.0418548467251591,0.0600996291879027,3.11287767144504,0.00185272793989122,0.0106019289274179,0.204890636782097,1,"7",116524994,116561179,"protein_coding","caveolin 1"
"754","AOAH",0.388374407205176,0.0149128985073451,15.3062449603436,0.053457218810169,0.05470007279427,3.18031086028377,0.00147117141852449,0.00885168113581419,0.198624726894741,1,"7",36509308,36724549,"protein_coding","acyloxyacyl hydrolase"
"755","ADM",0.388349469649198,0.0182423742450989,18.5568336913718,0.0174180691223371,0.0790998635301479,2.87529252862832,0.00403653328686815,0.0200591312050935,0.378753782990015,1,"11",10305073,10307397,"protein_coding","adrenomedullin"
"756","HERPUD1",0.38806585101432,0.0214817021704066,21.7712836903958,0.00535765714728919,0.103655091735563,2.64771406135962,0.00810380364354901,0.0347041327988125,0.138999006757754,1,"16",56932142,56944864,"protein_coding","homocysteine inducible ER protein with ubiquitin like domain 1"
"757","RNASE3",0.388039927706799,0.00533640490974129,5.53003223116621,0.699710451598477,0,5.31192613683274,1.08472571369589e-07,2.9449321213258e-06,0.349008196465508,1,"14",20891385,20892348,"protein_coding","ribonuclease A family member 3"
"758","XPO1",0.387909721039323,0.0080447482267663,9.57630643616645,0.296030955257938,0.0117275622195849,4.32488371430163,1.52612344705982e-05,0.000200580151692321,0.15592678307324,1,"2",61476032,61538741,"protein_coding","exportin 1"
"759","CASP1",0.387621304125746,0.00946869250031017,10.5824207411946,0.226500287816346,0.0192464963891029,3.98347991653087,6.79134133299009e-05,0.000708974875519723,0.270770763074584,1,"11",105025397,105035250,"protein_coding","caspase 1"
"760","TGFB2",0.387491763362957,0.0202461786254874,20.4815936889303,0.00865976641785873,0.0939376786548614,2.72327151461077,0.00646389101346445,0.0291086333874314,0.265118601581775,1,"1",218345336,218444619,"protein_coding","transforming growth factor beta 2"
"761","MAPKAPK3",0.387169901747434,0.0149092638362341,15.2506738986752,0.0544506671304568,0.0542294776399346,3.17083386734863,0.00152002047518618,0.00907066525606771,0.19221346454191,1,"3",50611520,50649291,"protein_coding","MAPK activated protein kinase 3"
"762","HSPA1L",0.387030003828788,0.00533507841063535,5.38218911905223,0.716054555721626,0,5.29875977672559,1.16591907906027e-07,3.1353138272662e-06,0.231779321916607,1,"HSCHR6_MHC_COX_CTG1",3286871,3292316,"protein_coding","heat shock protein family A (Hsp70) member 1 like"
"763","RENBP",0.386355037822582,0.0217563175805559,22.0974547105015,0.00473849587369962,0.105294467896698,2.61935212043727,0.00880969597113013,0.0370267236041047,0.167818657711168,1,"X",153935269,153944687,"protein_coding","renin binding protein"
"764","CASP8AP2",0.385417013462284,0.0212942398379137,21.8353507676585,0.00523018640749252,0.103261295863553,2.64119101498034,0.00826151262438768,0.0352132990024269,0.170110764695206,1,"6",89829894,89874436,"protein_coding","caspase 8 associated protein 2"
"765","BCL2L11",0.385336751977847,0.0234371237466267,24.0031468260705,0.00228900864339771,0.119625939289283,2.51702932758328,0.0118348977504197,0.0463522888848439,0.185334595056899,1,"2",111119378,111168444,"protein_coding","BCL2 like 11"
"766","TSPAN4",0.385334734516819,0.0210017278221214,21.2895771742186,0.00641670283292808,0.100923051334024,2.65895290767534,0.00783839183255819,0.0338054682773483,0.184977893852918,1,"11",842812,867116,"protein_coding","tetraspanin 4"
"767","CHN2",0.38520650572178,0.00719095633603635,9.0166028606593,0.340897294487662,0.00756924170362862,4.54255597380609,5.55762331400089e-06,8.55042191574078e-05,0.261651209618913,1,"7",29146547,29514328,"protein_coding","chimerin 2"
"768","SVIL",0.385085085091252,0.0157019260843466,16.1361404931361,0.0404724599946205,0.0607985159725868,3.0731250576275,0.00211829695704258,0.0118528850583596,0.195344656765823,1,"10",29457338,29736959,"protein_coding","supervillin"
"769","TMEM63A",0.384687760668708,0.0163414923430372,16.6747034275034,0.0336803536365267,0.0649950671311427,3.00927939527699,0.00261868176475843,0.0140958729368638,0.251113072165558,1,"1",225845536,225882380,"protein_coding","transmembrane protein 63A"
"770","CD34",0.384095853025391,0.00873756036221664,10.0684865129668,0.26025193788482,0.0154023307983989,4.10907930992079,3.97239646503511e-05,0.000450081347036178,0.27075666043668,1,"1",207880972,207911402,"protein_coding","CD34 molecule"
"771","HGF",0.38408240327935,0.020258477686662,20.4341964526914,0.00881241540950625,0.0931027223317491,2.69849120372462,0.00696545786829339,0.0308871834121418,0.184247016568322,1,"7",81699010,81770438,"protein_coding","hepatocyte growth factor"
"772","PSMB8",0.383508574129279,0.012491602469746,13.1087462408403,0.108162367996151,0.0382223628139946,3.43135775769609,0.000600567995226564,0.00428139818297282,0.163710633558325,1,"HSCHR6_MHC_COX_CTG1",4252915,4256902,"protein_coding","proteasome 20S subunit beta 8"
"773","CTNS",0.383234675168144,0.0237033012102285,23.9229756303092,0.00236093318806656,0.120584201697037,2.48920336596728,0.0128029707761865,0.0493328497577574,0.176895756206184,1,"17",3636459,3663103,"protein_coding","cystinosin, lysosomal cystine transporter"
"774","PZP",0.383184741156597,0.01216332544084,12.7462272488189,0.12088455429395,0.0354586678624147,3.47441781535667,0.000511963168416951,0.0037655732984574,0.28355076789142,1,"12",9148840,9208395,"protein_coding","PZP alpha-2-macroglobulin like"
"775","ELF4",0.382799660663569,0.00533189640145303,5.83271954729582,0.665963412797321,0,5.24240649331408,1.58495718105556e-07,4.11040828246687e-06,0.377054890503055,1,"X",130063955,130110716,"protein_coding","E74 like ETS transcription factor 4"
"776","ABCC3",0.382528025172451,0.0237152832767797,24.2641309390928,0.00206931081110341,0.121958077957464,2.4839857500597,0.0129921006860181,0.0499408357642731,0.209669799743707,1,"17",50634777,50692253,"protein_coding","ATP binding cassette subfamily C member 3"
"777","ACP5",0.382421824502631,0.0110945274432047,11.9045339203727,0.155514442611579,0.0291292890080244,3.63068244033003,0.000282672810040685,0.00231412265458163,0.249221998184451,1,"19",11574653,11579993,"protein_coding","acid phosphatase 5, tartrate resistant"
"778","TYROBP",0.382231003416091,0.00533796621843959,6.73924970002931,0.565009196891806,0,5.23164178740728,1.68011090817544e-07,4.3307449324688e-06,0.286684043034991,1,"19",35904401,35908295,"protein_coding","transmembrane immune signaling adaptor TYROBP"
"779","SIGLEC8",0.381947134013929,0.0121545001762527,12.8017173105893,0.118856442270994,0.0357825987000523,3.46445323571677,0.000531310508064431,0.00387877971995605,0.178112473608868,1,"19",51450847,51458456,"protein_coding","sialic acid binding Ig like lectin 8"
"780","PGLS",0.381855652740257,0.00576078051578799,8.20804818971623,0.413415898158822,0.00154559221580488,5.03104914262754,4.87803082149796e-07,1.06594046258459e-05,0.137555048219559,1,"19",17511636,17521288,"protein_coding","6-phosphogluconolactonase"
"781","ATXN7",0.38134084416431,0.0132508460163244,13.7229422531269,0.0892788216679627,0.0426386434832094,3.31277179570676,0.000923763200838756,0.00607102224258376,0.128579316687631,1,"3",63863155,64003462,"protein_coding","ataxin 7"
"782","RARG",0.381218559491496,0.0190996218554181,19.4853057458431,0.0124689757178045,0.0861885109920006,2.75842799315678,0.00580800993950459,0.0267359330783298,0.144393311714283,1,"12",53210567,53232980,"protein_coding","retinoic acid receptor gamma"
"783","UBE2C",0.38117614467733,0.0128645493560094,13.3862431748115,0.0992331849531946,0.0403039342773067,3.36068977325825,0.000777480987199208,0.00527276477964071,0.255777758665794,1,"20",45812576,45816957,"protein_coding","ubiquitin conjugating enzyme E2 C"
"784","RNF144A",0.381139062689827,0.0217092734083346,22.1898905236487,0.00457597835831094,0.106622898339514,2.5867878802357,0.00968752088074853,0.0398393240543511,0.147300760111058,1,"2",6917412,7068286,"protein_coding","ring finger protein 144A"
"785","C1S",0.381123198619165,0.0176066518143882,17.8810162053806,0.0221364308876467,0.0742190605744405,2.87228147213817,0.0040751981716145,0.0202236766573815,0.22254972251613,1,"12",6988259,7071032,"protein_coding","complement C1s"
"786","DRD3",0.38101403631347,0.0172440336681442,17.524579936587,0.0250873123527553,0.071158705630441,2.90149311288297,0.00371388943061013,0.0187203692640433,0.193916610016723,1,"3",114127580,114199407,"protein_coding","dopamine receptor D3"
"787","CHSY1",0.380915768290934,0.00911578467238885,10.3288800714102,0.242697296096751,0.017371099969671,3.9896235794528,6.61782334949734e-05,0.000693416237767101,0.172098192672076,1,"15",101175727,101252048,"protein_coding","chondroitin sulfate synthase 1"
"788","IRF5",0.380687226116623,0.0083428898145195,9.77381502974733,0.281261449755652,0.0132181440784308,4.16783051907258,3.0751243350613e-05,0.000363609205351195,0.223918067451731,1,"7",128937457,128950038,"protein_coding","interferon regulatory factor 5"
"789","BCAR3",0.380488852129132,0.0146706035246378,15.0219204773409,0.0587206287683546,0.0526316433006444,3.14136171699499,0.00168164199912102,0.00981683065802431,0.181167195775253,1,"1",93561741,93847150,"protein_coding","BCAR3 adaptor protein, NSP family member"
"790","ZNF20",0.380365077256494,0.0179830765919869,18.2087550638782,0.0197147297796996,0.0764967690348452,2.83640759034486,0.00456241793311052,0.0221500134010258,0.177990018172483,1,"19",12092843,12140355,"protein_coding","zinc finger protein 20"
"791","CHI3L2",0.380248434852234,0.00532621434698165,3.62376496928448,0.889374900138992,0,5.21024463495494,1.88591794181292e-07,4.76961369946793e-06,0.490184412017964,1,"1",111200771,111243440,"protein_coding","chitinase 3 like 2"
"792","CYBA",0.379768351751414,0.0135627497626527,14.0241849414663,0.0811372186413783,0.0450743914247139,3.26095567183483,0.00111037397547498,0.00703448403498598,0.257781328541045,1,"16",88643275,88651083,"protein_coding","cytochrome b-245 alpha chain"
"793","LTA",0.379153057790729,0.0147876154711348,15.2038834658013,0.0553002275865159,0.0537012637297048,3.11792373733053,0.00182129924595409,0.0104511889411407,0.226617405206601,1,"HSCHR6_MHC_SSTO_CTG1",2871334,2873604,"protein_coding","lymphotoxin alpha"
"794","TLR4",0.379064582988587,0.019087001612767,19.5312469241967,0.0122627116926345,0.0860949007849174,2.74374883973728,0.00607419918720975,0.0277337100568703,0.212892283780313,1,"9",117704175,117724735,"protein_coding","toll like receptor 4"
"795","HCK",0.378724173670296,0.0161056099536364,16.3451781562857,0.0376977377650537,0.0622531463477744,2.98424474734802,0.00284279280431976,0.0150699349054946,0.218894366784406,1,"20",32052197,32101856,"protein_coding","HCK proto-oncogene, Src family tyrosine kinase"
"796","INMT",0.378620055220718,0.0135675646034874,14.0533301651666,0.0803859318755233,0.0453592929008217,3.25051867413039,0.00115194702845201,0.00725100878921653,0.263364068813333,1,"7",30697985,30757602,"protein_coding","indolethylamine N-methyltransferase"
"797","NKX3-1",0.378007769290015,0.0053382791520299,7.25869479421646,0.508996120752466,0,5.17368622400446,2.2952014244737e-07,5.64608286102871e-06,0.355829680851148,1,"8",23678697,23682938,"protein_coding","NK3 homeobox 1"
"798","MMP9",0.37791657400224,0.022297824250573,22.5999165935974,0.00391773628977759,0.11044129241048,2.53084002883599,0.0113789732532781,0.0449603479767232,0.220209997759879,1,"20",46008908,46016561,"protein_coding","matrix metallopeptidase 9"
"799","NEBL",0.377486195440916,0.0112914498570554,12.0552282622945,0.148756692700839,0.0301983951008217,3.55243564499812,0.000381682369460457,0.00294231286503037,0.138463389872691,1,"10",20779973,21293011,"protein_coding","nebulette"
"800","MST1",0.377215448938174,0.0134743632921258,13.9877165419021,0.082086142339322,0.0445983425249566,3.24964069551014,0.00115550902857176,0.00726884170162017,0.122402326364428,1,"3",49683947,49689501,"protein_coding","macrophage stimulating 1"
"801","HSPA6",0.377172866131808,0.00533379143558015,7.06969009548646,0.529132665722143,0,5.1644303790105,2.41172218640173e-07,5.85543178075613e-06,0.46543691243655,1,"1",161524540,161526894,"protein_coding","heat shock protein family A (Hsp70) member 6"
"802","SERPINA1",0.376710238231449,0.00697685090440591,8.88791662215184,0.351839309919785,0.00660308920843508,4.51001205295201,6.48239425493635e-06,9.7726597717973e-05,0.350498870047687,1,"14",94376747,94390693,"protein_coding","serpin family A member 1"
"803","CASP5",0.376366778433925,0.0151731583939652,15.5490027270356,0.0493094057190532,0.0565775512885265,3.05543666562421,0.00224733061736493,0.0124627364430029,0.237779090673036,1,"11",104994235,105023168,"protein_coding","caspase 5"
"804","ENTPD1",0.375349980863344,0.019702102972524,20.11589850213,0.00990635016285244,0.0905952547148292,2.67411515803356,0.00749267176598112,0.0326681514161376,0.130296536579378,1,"10",95711779,95877266,"protein_coding","ectonucleoside triphosphate diphosphohydrolase 1"
"805","CNTRL",0.374424096964783,0.0173021312620959,17.5509775779583,0.0248566702311294,0.0712491493709021,2.84651836298763,0.00442001799176439,0.0215967311301741,0.116928553011523,1,"9",121074660,121177729,"protein_coding","centriolin"
"806","NPC1",0.374351679838616,0.011670050705339,12.371165903143,0.135395762357374,0.0325751006321124,3.46532055598803,0.000529599818228421,0.00386759948445293,0.17347005534923,1,"18",23506184,23586506,"protein_coding","NPC intracellular cholesterol transporter 1"
"807","FCN1",0.374158804284929,0.0158826934556172,16.2523784663481,0.0389069972539779,0.0616329970548275,2.96888853144075,0.00298878994108764,0.0156711686483232,0.229518908284263,1,"9",134903232,134917912,"protein_coding","ficolin 1"
"808","KLF11",0.374127273869187,0.0180307497969287,18.2771600274482,0.0192419019851893,0.0771088354021773,2.78620120640657,0.00533297580240277,0.0250052514494489,0.169048796896058,1,"2",10042849,10054836,"protein_coding","KLF transcription factor 11"
"809","ITGA1",0.373962469131815,0.0198914736039354,20.3516336181266,0.00908449785812395,0.09266985987571,2.65151775577041,0.00801308996723304,0.0344075631690537,0.192084778761094,1,"5",52787916,52959209,"protein_coding","integrin subunit alpha 1"
"810","DDX3X",0.373901785504335,0.0139990651623635,14.431464615307,0.0711897968091166,0.0481444983844357,3.16015235864864,0.00157686657263034,0.00932297107676162,0.120286416357834,1,"X",41333348,41364472,"protein_coding","DEAD-box helicase 3 X-linked"
"811","IFITM3",0.373573207807628,0.00533559809305222,7.32706330250442,0.501790867776004,0,5.1142760657948,3.14946467572241e-07,7.33235643636452e-06,0.281984621554323,1,"11",319676,329475,"protein_coding","interferon induced transmembrane protein 3"
"812","LIMS1",0.373542614116942,0.0137357313112877,14.1938497351408,0.0768506302953093,0.046360700165495,3.18723627991821,0.00143639380957139,0.0086714358957381,0.185372852763763,1,"2",108533671,108687246,"protein_coding","LIM zinc finger domain containing 1"
"813","SAMHD1",0.373014005360245,0.00533081317324581,5.91003987113161,0.657308162569441,0,5.10891182474955,3.24019512332185e-07,7.52297762102405e-06,0.15472002948193,1,"20",36890229,36951893,"protein_coding","SAM and HD domain containing deoxynucleoside triphosphate triphosphohydrolase 1"
"814","KCNJ8",0.372779657101831,0.0119101233932322,12.5863375698865,0.126897285683209,0.0342367151839337,3.41581289765962,0.000635919241873895,0.004485746882427,0.159736740133024,1,"12",21764955,21775600,"protein_coding","potassium inwardly rectifying channel subfamily J member 8"
"815","RPS3",0.37228140687632,0.0178280889989427,18.1549163672161,0.0200945748042512,0.0765982459655458,2.78816807245918,0.00530070356459711,0.0248997302325915,0.148278787723393,1,"11",75399515,75422280,"protein_coding","ribosomal protein S3"
"816","KLF2",0.371656575744548,0.0154968070767909,15.908908743008,0.0437026203526579,0.0593530390814181,2.98552497103145,0.00283092023701337,0.0150163648776908,0.298481491142171,1,"19",16324826,16328685,"protein_coding","KLF transcription factor 2"
"817","FAS",0.371252714264904,0.0150862298589523,15.4261832168831,0.0513694759142158,0.0553237531575804,3.02259025107857,0.00250621337620283,0.0136111839794501,0.186800790511509,1,"10",88953813,89029605,"protein_coding","Fas cell surface death receptor"
"818","HLA-DRA",0.370643856726657,0.0118184166278023,12.4912166681617,0.130595715863693,0.0334780960703057,3.40939373159242,0.00065107438153289,0.00456388253881328,0.354981742260677,1,"6",32439878,32445046,"protein_coding","major histocompatibility complex, class II, DR alpha"
"819","PEX11A",0.369916577144995,0.00532543203088687,4.78685891906737,0.780095114586391,0,5.06904761651935,3.99811206586165e-07,9.00387552076069e-06,0.200949838327619,1,"15",89677764,89690783,"protein_coding","peroxisomal biogenesis factor 11 alpha"
"820","CSF1R",0.369681219953466,0.0135770891269657,14.0966673310224,0.0792803535775474,0.0455385944170946,3.17266380645948,0.00151047323103959,0.00902425452985522,0.245496799148704,1,"5",150053291,150113372,"protein_coding","colony stimulating factor 1 receptor"
"821","RBCK1",0.368223454317703,0.0148426818447719,15.3341996938606,0.0529637764314372,0.0546632762192601,3.02242309151506,0.00250759793868749,0.0136149516759019,0.150368577302138,1,"20",407498,432139,"protein_coding","RANBP2-type and C3HC4-type zinc finger containing 1"
"822","SNRPG",0.367123588129231,0.0164141240014028,16.7590774660439,0.0327178789679067,0.0653996627638823,2.86551993640069,0.00416325057400191,0.0205685555974866,0.107364804272787,1,"2",70281362,70293740,"protein_coding","small nuclear ribonucleoprotein polypeptide G"
"823","EFNB1",0.366550067454552,0.00533303536960366,7.55144631413627,0.478464209927965,0,5.01933372252426,5.18510042679665e-07,1.12305662854993e-05,0.283633317365097,1,"X",68829021,68842160,"protein_coding","ephrin B1"
"824","MASP1",0.36650696877999,0.0148271305830244,15.1769946560897,0.0557939131427888,0.0535583708298018,3.00991118297357,0.002613240941989,0.0140755020777785,0.180585847861562,1,"3",187217282,187291980,"protein_coding","MBL associated serine protease 1"
"825","HEBP2",0.36609799455923,0.0172035566304841,17.5646307333731,0.0247381632308106,0.0720812477191767,2.79118247198154,0.00525158568677786,0.0247328050827689,0.175757990292421,1,"6",138403531,138422197,"protein_coding","heme binding protein 2"
"826","SLC1A3",0.366069100920461,0.00533226465467572,7.25745461354716,0.509127222091761,0,5.01310988623923,5.35572901361192e-07,1.15501437852993e-05,0.183493216539749,1,"5",36596588,36688334,"protein_coding","solute carrier family 1 member 3"
"827","B4GALT1",0.365890887556357,0.0212036186088036,21.6974951459273,0.00550818249195791,0.102813316417135,2.51273449388383,0.0119799458402319,0.0467981549655273,0.228456545211653,1,"9",33100493,33167336,"protein_coding","beta-1,4-galactosyltransferase 1"
"828","XBP1",0.365575322628811,0.0177770246320042,18.078053990349,0.020648856595387,0.075368557394451,2.74187299930169,0.00610899565230549,0.0278318516167131,0.161217879162383,1,"22",28794555,28800597,"protein_coding","X-box binding protein 1"
"829","LY96",0.365430595288395,0.0156901391579396,16.1546434872327,0.0402194196481385,0.060755085274865,2.91736996629967,0.00352996799714766,0.0179333348248875,0.243198870789512,1,"8",73991392,74029079,"protein_coding","lymphocyte antigen 96"
"830","PHLPP1",0.365424079386153,0.0132552701908074,13.7631503219551,0.0881515508025822,0.0429801055419506,3.17397037745178,0.00150369036297615,0.00900694981751669,0.153453682604974,1,"18",62715541,62980433,"protein_coding","PH domain and leucine rich repeat protein phosphatase 1"
"831","F13A1",0.364277360278153,0.00929539134646798,10.473281137574,0.233365289834094,0.018414100660358,3.77831655714647,0.00015789209542838,0.00143806473338896,0.236927009958906,1,"6",6144084,6321013,"protein_coding","coagulation factor XIII A chain"
"832","ATL3",0.363356976669774,0.0132011537355429,13.7083702065566,0.0896905231460684,0.0425575065834748,3.16247833475426,0.00156432375282956,0.00927641438262011,0.171305771250928,1,"11",63624087,63671921,"protein_coding","atlastin GTPase 3"
"833","CHRNB1",0.363321075163674,0.016426209124516,16.7520313574606,0.0327972628215523,0.0658174664508124,2.83479668948068,0.00458548575155238,0.0222365965882299,0.205107201498042,1,"17",7445061,7457710,"protein_coding","cholinergic receptor nicotinic beta 1 subunit"
"834","SLC22A1",0.362696747839632,0.0103144015593178,11.2532703261913,0.187757362936814,0.0242172972748806,3.57126143344058,0.000355266058886361,0.00277730685041092,0.202274633440324,1,"6",160121815,160158718,"protein_coding","solute carrier family 22 member 1"
"835","PMAIP1",0.362474513571937,0.0191459879837235,19.4654088242718,0.0125593306066737,0.0862574024654801,2.61962173262424,0.00880273487210426,0.0370153879693083,0.194385985064607,1,"18",59899996,59904305,"protein_coding","phorbol-12-myristate-13-acetate-induced protein 1"
"836","HEYL",0.362425995453669,0.0104885974234344,11.4133004265285,0.179362355236425,0.0254444979613986,3.53883759343059,0.000401893027155875,0.00306577257472785,0.275343188234552,1,"1",39623435,39639643,"protein_coding","hes related family bHLH transcription factor with YRPW motif like"
"837","NUDT13",0.361932406718226,0.00797271138994276,9.53120725173673,0.299481185919196,0.0113810556740459,4.05344653656181,5.04685378472924e-05,0.000552186452936063,0.251152155234163,1,"10",73110375,73131828,"protein_coding","nudix hydrolase 13"
"838","STC1",0.361696879797366,0.0111438825322201,11.914761465647,0.155047729652,0.0291490679290365,3.42630878310007,0.000611844391618765,0.00435334753869522,0.314168131829722,1,"8",23841929,23854806,"protein_coding","stanniocalcin 1"
"839","JAKMIP2",0.361320977552616,0.0131572607996101,13.7009797960175,0.0898999687511167,0.0425365806237529,3.14999913784627,0.00163270944382421,0.00958903025016938,0.171513026297899,1,"5",147585438,147782775,"protein_coding","janus kinase and microtubule interacting protein 2"
"840","HLA-E",0.360858636697303,0.019506810069278,19.7528639613838,0.0113125996496664,0.0886469335627794,2.58371125070522,0.00977435878398203,0.040125238080524,0.251174426871683,1,"HSCHR6_MHC_DBB_CTG1",1745299,1750037,"protein_coding","major histocompatibility complex, class I, E"
"841","CYP2J2",0.360401085337947,0.0053236029393066,6.49445104394225,0.592023202305793,0,4.93950309725943,7.83218997213453e-07,1.5960513106285e-05,0.186252991643364,1,"1",59893308,59926773,"protein_coding","cytochrome P450 family 2 subfamily J member 2"
"842","ADIPOQ",0.360255092773646,0.00531749255166202,4.03542101448583,0.853913585680996,0,4.94033823944974,7.79871682343725e-07,1.59305038445421e-05,0.289247300089045,1,"3",186842704,186858463,"protein_coding","adiponectin, C1Q and collagen domain containing"
"843","SHC1",0.358922514204022,0.00766234424533597,9.32592841095657,0.315551417055433,0.00985464852854759,4.10034001491039,4.1254355527931e-05,0.000464941328679728,0.138517108577993,1,"1",154962298,154974395,"protein_coding","SHC adaptor protein 1"
"844","MSI1",0.358754038277547,0.0192978347371229,19.6313768363583,0.0118243722948637,0.0873389191613253,2.58251294381987,0.00980836828216192,0.0402324589890835,0.155783030745691,1,"12",120341330,120369164,"protein_coding","musashi RNA binding protein 1"
"845","ZNF32",0.3586088117786,0.0111679172304508,12.0086297516102,0.150819259644989,0.0297926944531946,3.39339850057633,0.000690311352664841,0.00478599600584302,0.0871856276192945,1,"10",43643860,43648881,"protein_coding","zinc finger protein 32"
"846","NECTIN2",0.35842354595431,0.00651570248803662,8.62546970486925,0.374868623113169,0.0046407420758104,4.44033676419955,8.98182123099112e-06,0.000128564609007106,0.175737372394691,1,"19",44846175,44889223,"protein_coding","nectin cell adhesion molecule 2"
"847","AK3",0.358372107155915,0.0148998493906888,15.2802745505394,0.0539194077769712,0.0543581462331635,2.93591353421341,0.00332567007469908,0.0170930054867548,0.10447254136743,1,"9",4709556,4742043,"protein_coding","adenylate kinase 3"
"848","DMPK",0.358258077534168,0.0202815303771399,20.7382469384659,0.00787623132611693,0.0956200501210297,2.51562342372963,0.0118822065142048,0.0465161380016313,0.141392158260293,1,"19",45769709,45782552,"protein_coding","DM1 protein kinase"
"849","HLA-DPA1",0.358170205959102,0.0121112157452883,12.7283307736376,0.121545037165829,0.0352673214656432,3.25458475918025,0.00113558268443414,0.00717102040482528,0.29524723738145,1,"HSCHR6_MHC_MCF_CTG1",4363634,4379828,"protein_coding","major histocompatibility complex, class II, DP alpha 1"
"850","COL8A2",0.357294300255605,0.0151115102221216,15.5078758246399,0.0499906187498329,0.0560405079450957,2.90651222209633,0.00365482620724755,0.0184792710236735,0.309299884405217,1,"1",36095239,36125222,"protein_coding","collagen type VIII alpha 2 chain"
"851","S100A8",0.356415135777162,0.0165236200303717,16.8506913077511,0.0317019198020068,0.0666277946231491,2.77270419200887,0.00555926296532583,0.0258146249134884,0.469891104995064,1,"1",153390032,153391073,"protein_coding","S100 calcium binding protein A8"
"852","POLR3D",0.356163308583409,0.0175592472917771,17.8853311666209,0.0221027985032394,0.0741856752569504,2.68779554320936,0.00719254214603482,0.031635520519128,0.117251962360342,1,"8",22245133,22254601,"protein_coding","RNA polymerase III subunit D"
"853","BATF",0.356050760455941,0.0118067891185067,12.5083231911666,0.129923813336373,0.0335776375036296,3.27677041980487,0.00105001709380015,0.00673580417016789,0.202260003908657,1,"14",75522455,75546993,"protein_coding","basic leucine zipper ATF-like transcription factor"
"854","ARHGEF5",0.355975507808156,0.00531802443864476,5.60458549135393,0.691427292337357,0,4.88140626089375,1.05331990085666e-06,2.04199880095353e-05,0.211531773467707,1,"HSCHR7_3_CTG4_4",404891,430104,"protein_coding","Rho guanine nucleotide exchange factor 5"
"855","LRIG1",0.355950646947927,0.0175839111750867,17.8393139568002,0.0224639693070599,0.0737030854639523,2.68430614746505,0.00726805184336787,0.0318906102655727,0.160913040189135,1,"3",66378797,66501263,"protein_coding","leucine rich repeats and immunoglobulin like domains 1"
"856","APAF1",0.355769679547799,0.0100597807338924,11.0812590045824,0.197137329549169,0.0229243350417213,3.5471101514335,0.000389481710251216,0.00299158097000128,0.102207489670844,1,"12",98645149,98735433,"protein_coding","apoptotic peptidase activating factor 1"
"857","GLA",0.355479376524547,0.0180207354177451,18.3328511339716,0.0188648956995115,0.0771032517840085,2.64806203312933,0.00809546688500284,0.0346853339998954,0.0834979701179442,1,"X",101393273,101408012,"protein_coding","galactosidase alpha"
"858","TSPAN8",0.355111318966059,0.0176721793265687,17.9282502029441,0.0217708848011621,0.0742021483753236,2.67128029468305,0.00755625203269061,0.0328386520745622,0.242596222747077,1,"12",71125085,71441898,"protein_coding","tetraspanin 8"
"859","RGS19",0.354941995727447,0.0128194597842218,13.452016847406,0.0972146719052861,0.0404153982072524,3.13489157535504,0.00171917640249575,0.0099742749269058,0.116977813558564,1,"20",64073181,64079988,"protein_coding","regulator of G protein signaling 19"
"860","ST3GAL1",0.354405614073735,0.0183344591601093,18.7233833162954,0.0164110841970437,0.0802436510089485,2.61737856314969,0.00886080105542564,0.0371832759351384,0.168903701537443,1,"8",133454848,133571926,"protein_coding","ST3 beta-galactoside alpha-2,3-sialyltransferase 1"
"861","KLF4",0.354295119220474,0.0203504138556064,20.5687260330839,0.00838573383874208,0.094515875956356,2.4835822464343,0.0130068294553711,0.049974846014435,0.2229445108111,1,"9",107484852,107490482,"protein_coding","KLF transcription factor 4"
"862","SLC3A2",0.354000726767843,0.0138462801262908,14.3735870400777,0.0725328419757496,0.0474864157167076,3.00841397067319,0.00262615142844136,0.0141271319614382,0.160268518059989,1,"11",62856004,62888880,"protein_coding","solute carrier family 3 member 2"
"863","RALBP1",0.352793054720266,0.0148429513346421,15.2228046022507,0.0549552309416819,0.0540443096673473,2.89574219876963,0.00378263008475677,0.019019839990277,0.102410750454359,1,"18",9475009,9538114,"protein_coding","ralA binding protein 1"
"864","FTL",0.351716926589371,0.0104019994894198,11.3310495754536,0.183637662521628,0.0247979246924672,3.44853672578342,0.000563632815792747,0.00407105095437373,0.1548747921448,1,"19",48965309,48967896,"protein_coding","ferritin light chain"
"865","PDE1C",0.351094495910374,0.0120632633328528,12.7537074580911,0.120609416942291,0.0352826267746437,3.1966244503621,0.00139045830330931,0.0084397508395867,0.192459207458103,1,"7",31751179,32428131,"protein_coding","phosphodiesterase 1C"
"866","SERPINB1",0.350705909427791,0.0191431477124462,19.5954823621647,0.0119797602990862,0.0867306821611938,2.53475745254806,0.0112525207360439,0.0445781680068324,0.170347254871934,1,"6",2832332,2841959,"protein_coding","serpin family B member 1"
"867","MCM5",0.349612978609583,0.016592801202778,16.9704146303291,0.0304186283357874,0.0669355386394922,2.71411153940773,0.00664537872247162,0.0297315970115776,0.202999643786139,1,"22",35400134,35425431,"protein_coding","minichromosome maintenance complex component 5"
"868","MAP3K8",0.349184800618768,0.00531690170783969,5.65288780546107,0.686048795604367,0,4.7887924583176,1.67787898730509e-06,3.04009730087908e-05,0.236133159681091,1,"10",30434021,30461833,"protein_coding","mitogen-activated protein kinase kinase kinase 8"
"869","FYB1",0.349081475388617,0.00532064096230143,6.53281490705716,0.587770140639442,0,4.78569289677402,1.70398439314212e-06,3.08082795279235e-05,0.291080064876487,1,"5",39105252,39274528,"protein_coding","FYN binding protein 1"
"870","CEMIP2",0.348903535316495,0.0078633304246304,9.48417853975771,0.303109860653646,0.0109739954050488,3.93461376765459,8.33305904202053e-05,0.000840992375923315,0.145075521370084,1,"9",71683366,71816690,"protein_coding","cell migration inducing hyaluronidase 2"
"871","C1QC",0.348866476998816,0.00531646947323158,5.40691945962041,0.713329270995297,0,4.78462138800187,1.71309941254805e-06,3.09511292162207e-05,0.347370345159206,1,"1",22643014,22648110,"protein_coding","complement C1q C chain"
"872","RNF19A",0.348004402639375,0.0180004536057436,18.2951357856732,0.0191194412925,0.0771679019451677,2.59383898665701,0.00949109238879853,0.0392211677167611,0.120743524675759,1,"8",100257060,100336218,"protein_coding","ring finger protein 19A, RBR E3 ubiquitin protein ligase"
"873","TTN",0.347597767836586,0.0109093602121398,11.782123228614,0.161192947865412,0.028035897599544,3.32795417835078,0.000874862548262856,0.00581106590486321,0.174153018578583,1,"2",178525989,178830802,"protein_coding","titin"
"874","TPST2",0.34717239576327,0.0106668658503529,11.6006993245425,0.169928464605981,0.026733415175916,3.36145088280461,0.000775341450480749,0.00526105392523442,0.147918950256901,1,"22",26521996,26596717,"protein_coding","tyrosylprotein sulfotransferase 2"
"875","POGZ",0.347095458352999,0.00959074707042869,10.7149563354971,0.218379034279717,0.0201780757313324,3.54423664991334,0.000393751648234852,0.00302076619689817,0.107442729101063,1,"1",151402724,151459494,"protein_coding","pogo transposable element derived with ZNF domain"
"876","NR1H3",0.346385633041076,0.0114055172731598,12.2032193269636,0.142364453396912,0.0312953803047432,3.24341392768372,0.00118106489602043,0.00740139808118213,0.160168283298142,1,"11",47248300,47269033,"protein_coding","nuclear receptor subfamily 1 group H member 3"
"877","H2BC21",0.345714247017069,0.0168130362486097,17.2703060879071,0.0274142990865064,0.069156440257081,2.66620907744546,0.00767119686129392,0.033223065898391,0.204510910007311,1,"1",149884459,149886682,"protein_coding","H2B clustered histone 21"
"878","MSX2",0.345271677100613,0.0053138408604951,6.06894513759508,0.63950909910608,0,4.73649062806388,2.17450792172613e-06,3.80994710986696e-05,0.219997981421922,1,"5",174724582,174730896,"protein_coding","msh homeobox 2"
"879","KRT8",0.344983694693424,0.0127125839025044,13.4134433306949,0.0983939933690223,0.0401186940729856,3.05971977198652,0.00221544176293609,0.0123126786271048,0.165444424472348,1,"12",52897187,52949954,"protein_coding","keratin 8"
"880","GPR25",0.344523316859911,0.00531711639358223,5.70207708403255,0.680563337126411,0,4.72476852016818,2.30377622845168e-06,4.01436550867524e-05,0.252279458989011,1,"1",200872981,200874178,"protein_coding","G protein-coupled receptor 25"
"881","COL4A1",0.344418906230985,0.0136577618913699,14.1727596173618,0.0773721553058085,0.0459619414642358,2.94711589472447,0.003207529639218,0.0165894812522995,0.175750216870063,1,"13",110148963,110307202,"protein_coding","collagen type IV alpha 1 chain"
"882","SLC26A1",0.344271719410382,0.00560194277885595,8.13870573464046,0.420039648317007,0.00102173592470203,4.59972655383878,4.23045884856421e-06,6.74044296415296e-05,0.190358779185458,1,"4",979073,993440,"protein_coding","solute carrier family 26 member 1"
"883","IL15",0.344249154714515,0.00801113140463924,9.56390540336682,0.296976788919368,0.011617664688659,3.84614767171728,0.000119989462972869,0.00114522327950856,0.329535920700744,1,"4",141636583,141733987,"protein_coding","interleukin 15"
"884","BCAT2",0.343621539744591,0.00831034345898581,9.78459700112576,0.2804711167207,0.0132405602248147,3.76938842824255,0.000163648041568765,0.00147938990202572,0.177686494151524,1,"19",48795062,48811029,"protein_coding","branched chain amino acid transaminase 2"
"885","GZMK",0.34357826033501,0.00531318353515729,4.79795759979892,0.778936329058697,0,4.71355161680806,2.43436022917543e-06,4.19602064383834e-05,0.297430447913065,1,"5",55024256,55034570,"protein_coding","granzyme K"
"886","GZMB",0.343197194076295,0.0137315932633342,14.2579097449693,0.0752858702882842,0.0466919515021759,2.9287564834229,0.00340320929194471,0.0174203644589742,0.216421923347011,1,"14",24630954,24634267,"protein_coding","granzyme B"
"887","SERPINA6",0.343090874690837,0.0128468561235307,13.4432448672798,0.0974817559157265,0.0404721916297409,3.02698826269225,0.0024700354918481,0.0134600754804761,0.133105004331902,1,"14",94304248,94323389,"protein_coding","serpin family A member 6"
"888","TAAR2",0.342500563386088,0.0177313514257541,18.110626228459,0.0204122261874477,0.0757603867285899,2.57211493725771,0.010107932820836,0.0410909793336903,0.195915859525413,1,"6",132617022,132624275,"protein_coding","trace amine associated receptor 2"
"889","CPT1A",0.342129796211898,0.01240535732531,13.0578189520762,0.109875667889041,0.0376529501654628,3.071752777041,0.00212805896542068,0.0118996725609716,0.243760000021567,1,"11",68754620,68844410,"protein_coding","carnitine palmitoyltransferase 1A"
"890","CEBPA",0.342124351762358,0.0148082356192324,15.2941503635531,0.0536720096658143,0.054246520894131,2.81146272256191,0.00493168050246084,0.0235446889072759,0.144459648826834,1,"19",33299934,33302534,"protein_coding","CCAAT enhancer binding protein alpha"
"891","GAN",0.341944025006093,0.0121468618615708,12.8059918709639,0.118701446181244,0.0357148587194228,3.10257988976141,0.00191841760414646,0.0109190042381125,0.175057943563195,1,"16",81314944,81390884,"protein_coding","gigaxonin"
"892","HSPD1",0.341576269307636,0.0189103362434929,19.1664749571061,0.0139942488774194,0.0837413912697239,2.48392263656886,0.0129944034933984,0.049942157132098,0.101538534718064,1,"2",197486584,197516737,"protein_coding","heat shock protein family D (Hsp60) member 1"
"893","POLR2J",0.340866478128197,0.00531616596139617,7.91178698362568,0.442134220312051,0,4.67503674020703,2.93900998937779e-06,4.95858250557301e-05,0.0992393881529666,1,"7",102473128,102478922,"protein_coding","RNA polymerase II subunit J"
"894","BTK",0.340651644332133,0.0143223282140124,14.7900988103693,0.0633576786606671,0.0505279646806444,2.84645078103484,0.00442095628985761,0.0215967311301741,0.159832290661035,1,"X",101349338,101390796,"protein_coding","Bruton tyrosine kinase"
"895","COL4A6",0.339923749447275,0.00995325839424603,10.9766866488523,0.203023668195953,0.0221239787755704,3.40720974400665,0.000656306718630484,0.00459018578272892,0.144590263805052,1,"X",108155607,108439497,"protein_coding","collagen type IV alpha 6 chain"
"896","TCF7L2",0.339780216874858,0.0113492545107623,12.1464506539701,0.144788257428018,0.030841061437947,3.18943988963334,0.00142548781384422,0.00861953530320935,0.178968546188467,1,"10",112950247,113167678,"protein_coding","transcription factor 7 like 2"
"897","MPDZ",0.339357724857284,0.0117170659468332,12.4628825140795,0.13171520150282,0.0331477570790962,3.13507765339166,0.00171808625769598,0.00997248929131232,0.14678337694235,1,"9",13105706,13279692,"protein_coding","multiple PDZ domain crumbs cell polarity complex component"
"898","ID4",0.338659120781941,0.0179915523554013,18.3692538836068,0.018622252585731,0.0777372181755494,2.52480858391368,0.011576132318079,0.0455557797444871,0.186337045481668,1,"6",19837370,19842197,"protein_coding","inhibitor of DNA binding 4"
"899","TAX1BP3",0.338568511352827,0.0168621892234866,17.2140309575763,0.0279559720043171,0.0689504009061286,2.60729147543544,0.00912616377780928,0.0380401067998188,0.178044816206341,1,"17",3662895,3668679,"protein_coding","Tax1 binding protein 3"
"900","CD40",0.337996483712272,0.00566854601205923,8.17241386024928,0.416812144066307,0.00127642506382577,4.4892763878174,7.14655227462835e-06,0.000105799684748607,0.227878566905033,1,"20",46118271,46129863,"protein_coding","CD40 molecule"
"901","GPR35",0.337972960879401,0.00532072235478601,7.45850887443917,0.488064309539831,0,4.63336653763213,3.59766728097455e-06,5.87918794832591e-05,0.258192654032103,1,"2",240605430,240633159,"protein_coding","G protein-coupled receptor 35"
"902","RFXANK",0.336649477094023,0.00529842879756905,1.42702907577731,0.993854317683986,0,4.62492179011926,3.74739773634225e-06,6.08099366598173e-05,0.124601435876038,1,"19",19192229,19201869,"protein_coding","regulatory factor X associated ankyrin containing protein"
"903","CHI3L1",0.33659831216028,0.0130092122704797,13.5775480509414,0.0934629790779653,0.0414271127188789,2.95111704066272,0.00316626912809448,0.0164093715963636,0.295021112730005,1,"1",203178931,203186704,"protein_coding","chitinase 3 like 1"
"904","GGT5",0.336313686939842,0.00866901873280664,10.015702281368,0.263925550178132,0.0149731883824126,3.61209838891207,0.000303729277223663,0.00245030710894394,0.225159007369159,1,"22",24219654,24245108,"protein_coding","gamma-glutamyltransferase 5"
"905","MYC",0.336168020419795,0.0170905522807363,17.3849132297464,0.026341454519976,0.0701108783585798,2.57145156294272,0.0101273180930996,0.0411435410593449,0.155657252057058,1,"8",127735434,127742951,"protein_coding","MYC proto-oncogene, bHLH transcription factor"
"906","CD84",0.335987034184299,0.0112380528311293,12.0444374552804,0.149232178872784,0.0300194051706901,3.16939948835386,0.00152754281192191,0.00910477186354053,0.2728798862028,1,"1",160541095,160579516,"protein_coding","CD84 molecule"
"907","SLC6A3",0.335582736906147,0.0111668635754974,11.977290005558,0.152220026873437,0.0295676384016226,3.17566005624504,0.0014949602560006,0.0089694096978638,0.105225295093349,1,"HSCHR5_3_CTG1",64343,121219,"protein_coding","solute carrier family 6 member 3"
"908","IMPA2",0.335365819121923,0.00789480827990274,9.48428604083415,0.303101530111758,0.0110241844351031,3.77440068848037,0.000160392787097452,0.00145667735000903,0.149028656112862,1,"18",11981025,12030877,"protein_coding","inositol monophosphatase 2"
"909","SERPINB5",0.335109029915697,0.00531027205313662,6.47057869983343,0.594672882487939,0,4.59862234209876,4.25293936845428e-06,6.77202893941317e-05,0.248915304657889,1,"18",63476958,63505085,"protein_coding","serpin family B member 5"
"910","GUCA2B",0.334968969916495,0.014729385940348,15.1317163790369,0.0566343546338894,0.0532244115075415,2.76002017633978,0.00577977918425199,0.0266396511922141,0.241162242474343,1,"1",42153410,42155820,"protein_coding","guanylate cyclase activator 2B"
"911","AGER",0.334926544271059,0.00531292912579124,5.96999905354596,0.65059257980301,0,4.59496869826091,4.3281423482977e-06,6.87888609009684e-05,0.26082721650253,1,"HSCHR6_MHC_APD_CTG1",3513570,3516926,"protein_coding","advanced glycosylation end-product specific receptor"
"912","MDM2",0.333835647741446,0.00530415315604866,3.74014266094521,0.879774762583089,0,4.58378967401142,4.56623554989655e-06,7.21233227221268e-05,0.18961724931759,1,"12",68808177,68845544,"protein_coding","MDM2 proto-oncogene"
"913","APBA3",0.333774583103965,0.0158606023626174,16.2915198202063,0.0383926257137072,0.0619120235295331,2.65029015647645,0.00804226691335685,0.0345147715783204,0.14003118464705,1,"19",3750772,3761692,"protein_coding","amyloid beta precursor protein binding family A member 3"
"914","CACYBP",0.333551404539314,0.0177757647740506,18.2990289503061,0.0190930162228517,0.0764400603851714,2.5017771779954,0.0123571670614069,0.0479573916495255,0.208536311057398,1,"1",174999163,175012027,"protein_coding","calcyclin binding protein"
"915","ZMYND8",0.333551048856243,0.00530929903603174,4.94177782835401,0.763780503832907,0,4.5776619433155,4.70201752644783e-06,7.37198848719155e-05,0.125458478125001,1,"20",47209214,47356889,"protein_coding","zinc finger MYND-type containing 8"
"916","HPR",0.333117708272122,0.00722605899076759,9.05915600250976,0.33733024472793,0.00784774788779793,3.91874468123724,8.9011340692835e-05,0.000891267128154926,0.261919430011552,1,"16",72063148,72077246,"protein_coding","haptoglobin-related protein"
"917","PNLIPRP1",0.332898011831972,0.00530788192749439,4.65509510377489,0.793723265373881,0,4.56930948821999,4.89333741238163e-06,7.61574179815902e-05,0.250921508372755,1,"10",116590385,116609175,"protein_coding","pancreatic lipase related protein 1"
"918","ARHGDIB",0.332723779416629,0.0159157635837727,16.3117543033571,0.0381291990769316,0.0619487892867729,2.6373641643336,0.00835530810263196,0.0355180706120388,0.180629637636621,1,"12",14942031,14961728,"protein_coding","Rho GDP dissociation inhibitor beta"
"919","MFAP4",0.33254559621904,0.0118317364767088,12.5364147736245,0.128826912717091,0.0337459459198784,3.05722186445079,0.00223398856949419,0.0124022366293806,0.204238813615438,1,"17",19383442,19387190,"protein_coding","microfibril associated protein 4"
"920","PRPH",0.332353686001841,0.00829962726975795,9.76263010793228,0.282083059898733,0.0130771981630597,3.64813755473079,0.000264148211435389,0.00218492224338818,0.213808827232105,1,"12",49295147,49298686,"protein_coding","peripherin"
"921","C1QA",0.33222167769652,0.00529707974454021,1.61549798214065,0.990619850403509,0,4.56467342205718,5.00272503112242e-06,7.76229270958028e-05,0.279738439329566,1,"1",22635077,22639678,"protein_coding","complement C1q A chain"
"922","COMP",0.331843926263198,0.0126548477611096,13.2969043711363,0.102034181993444,0.0393146990998993,2.94988720870581,0.00317889957800022,0.0164647880824786,0.277357594292603,1,"19",18782773,18791305,"protein_coding","cartilage oligomeric matrix protein"
"923","MFAP3",0.331735042418884,0.00531827105040021,7.73836105604533,0.459436194384712,0,4.54889713557031,5.39277937705585e-06,8.30683532684499e-05,0.237287507693407,1,"5",154038959,154220478,"protein_coding","microfibril associated protein 3"
"924","STK4",0.331630095476227,0.0141034538120859,14.5124275224243,0.0693487663648319,0.0484587165588556,2.79248722926392,0.0052304532209102,0.0246469397339489,0.0816594267372379,1,"20",44966494,45084214,"protein_coding","serine/threonine kinase 4"
"925","SLC7A5",0.330813467788955,0.0124441555373302,13.102984515084,0.108355021088514,0.0379825775679442,2.96551733146327,0.0030217431868298,0.0158124306101081,0.196592361785018,1,"16",87830016,87869507,"protein_coding","solute carrier family 7 member 5"
"926","MLC1",0.330741686300695,0.0160603293560374,16.4362568060456,0.0365449388178901,0.0631127409516476,2.60982695718831,0.00905880329427777,0.0378459640086895,0.163085453186667,1,"22",50059391,50085426,"protein_coding","modulator of VRAC current 1"
"927","ADGRE2",0.330571754439789,0.0166693674659051,16.9916903434633,0.0301957238640184,0.0670231736011829,2.56039035473779,0.0104554650148136,0.0421495470304418,0.182627140414093,1,"19",14732392,14778560,"protein_coding","adhesion G protein-coupled receptor E2"
"928","SCARF1",0.330286378012879,0.0160075051481437,16.4922410245438,0.0358526950878682,0.0633794508332754,2.61053089524269,0.009040180578475,0.037799134572259,0.165925505183771,1,"17",1633858,1645744,"protein_coding","scavenger receptor class F member 1"
"929","TSKU",0.329927284973293,0.0149079230661008,15.3154759479242,0.0532938140337526,0.0545529771834356,2.70215129481576,0.00688924060046037,0.0306077745952485,0.210401356427168,1,"11",76782251,76798153,"protein_coding","tsukushi, small leucine rich proteoglycan"
"930","H2AC6",0.329915049610813,0.00758800034408774,9.28869203716394,0.318530701058163,0.00955291799957926,3.78737629038917,0.00015224644401024,0.00139161656405631,0.197989614600721,1,"6",26124145,26139116,"protein_coding","H2A clustered histone 6"
"931","PPP1R3D",0.329787584339312,0.017276756301523,17.5550558750844,0.0248212155317439,0.0713290085455465,2.50901465423349,0.0121068461713401,0.0472070708849758,0.106442575940638,1,"20",59936663,59940305,"protein_coding","protein phosphatase 1 regulatory subunit 3D"
"932","MT1M",0.328922971956091,0.0162356512319714,16.6178197677496,0.0343440692259517,0.0646065286503084,2.58142403257037,0.00983936439835875,0.0403177315238062,0.236077119816467,1,"16",56632659,56633981,"protein_coding","metallothionein 1M"
"933","MAP2K3",0.328764351580374,0.00951129098974357,10.6607114219471,0.221674557660232,0.019750533017369,3.37104838343588,0.000748827050097489,0.00512479140621082,0.184190763244913,1,"17",21284672,21315232,"protein_coding","mitogen-activated protein kinase kinase 3"
"934","IFRD1",0.328149483821232,0.0164947021779287,16.8960141213861,0.0312102752121325,0.0661826254102271,2.55505048771654,0.0106172396756348,0.0426513222582662,0.130137669514737,1,"7",112422887,112481017,"protein_coding","interferon related developmental regulator 1"
"935","LILRB2",0.327950292911049,0.0142057111650882,14.6762611692761,0.0657545907743168,0.0497602769527119,2.75154444988315,0.00593149694433559,0.0271816738453977,0.200795262360552,1,"HSCHR19LRC_PGF1_CTG3_1",248805,253362,"protein_coding","leukocyte immunoglobulin like receptor B2"
"936","FABP2",0.327847953082224,0.00532703305783234,8.0048704487792,0.432994503216488,3.59246149141487e-05,4.49189691000949,7.05915937215806e-06,0.000104843779774381,0.324252785479313,1,"4",119317250,119322138,"protein_coding","fatty acid binding protein 2"
"937","IL10RA",0.327633890029812,0.00687378236469992,8.84040512783312,0.355937685681529,0.00623574131425296,3.95176335354936,7.75774364558668e-05,0.000792975776892306,0.223176654387935,1,"11",117986370,118003037,"protein_coding","interleukin 10 receptor subunit alpha"
"938","EBF1",0.327552790331241,0.0100446078861028,11.1236734925946,0.1947896847211,0.0231467320217686,3.26824653597545,0.00108216057076072,0.00690551174728483,0.33679564438026,1,"5",158695920,159099916,"protein_coding","EBF transcription factor 1"
"939","ADORA3",0.327355913907255,0.0151021434017006,15.5618246954123,0.0490987791074894,0.0562310423239582,2.66379559411765,0.00772644959128166,0.0334074591978533,0.233534143491953,1,"1",111499429,111503633,"protein_coding","adenosine A3 receptor"
"940","PDZK1",0.327247865451955,0.00530769337974413,5.4290196371055,0.710890695580776,0,4.49183618495839,7.06117289883679e-06,0.000104843779774381,0.254359174580967,1,"1",145670852,145708148,"protein_coding","PDZ domain containing 1"
"941","PC",0.326915588430941,0.00997330470694116,11.0468319200994,0.199059732918027,0.0225786133658453,3.27352819398538,0.00106213793968424,0.00680157812016334,0.12836783520983,1,"11",66848417,66958386,"protein_coding","pyruvate carboxylase"
"942","SNAI1",0.325310313049425,0.0153792187310006,15.7564906588175,0.0460010892648484,0.0577537494594051,2.62319571789495,0.00871092163387721,0.0366932460694699,0.227059035314548,1,"20",49982980,49988886,"protein_coding","snail family transcriptional repressor 1"
"943","PLCG2",0.32514281445068,0.0166810630564308,17.1012786959656,0.0290715819528575,0.0677790659163767,2.51745837634291,0.0118204935342336,0.0463029873491423,0.155988832343558,1,"16",81738248,81962685,"protein_coding","phospholipase C gamma 2"
"944","APOBEC2",0.324847385311121,0.00530905416229932,6.31664679531865,0.611808902642978,0,4.45831548672365,8.26062603298539e-06,0.000119448746147984,0.353392162035217,1,"6",41053202,41064891,"protein_coding","apolipoprotein B mRNA editing enzyme catalytic subunit 2"
"945","CTNNA3",0.324457852233264,0.0162022804725751,16.5872687964786,0.0347055478205326,0.06414895954416,2.54900223405183,0.0108031608212835,0.0432354717049312,0.293268267958998,1,"10",65912457,67763637,"protein_coding","catenin alpha 3"
"946","HTATIP2",0.324404656269492,0.011373111971641,12.214840781806,0.141872554699799,0.0311705615942715,3.0419174321725,0.00235076367194487,0.012921090618562,0.152849039240068,1,"11",20363685,20383782,"protein_coding","HIV-1 Tat interactive protein 2"
"947","PLAU",0.324238316770973,0.015591340289105,16.0186855791323,0.0421134434608481,0.0597695003466582,2.5967049809449,0.00941227269470657,0.0389650970779725,0.127591260001466,1,"10",73909177,73917496,"protein_coding","plasminogen activator, urokinase"
"948","CXCL8",0.324126558615322,0.010888991670837,11.7610148774375,0.162189552058309,0.0279378088165319,3.10613827626997,0.0018954805648792,0.0108077580050247,0.237703446211354,1,"4",73740519,73747379,"protein_coding","C-X-C motif chemokine ligand 8"
"949","ZNF592",0.32393412028703,0.0154863718944144,15.8661367811481,0.0443366762902762,0.0586048599284236,2.60304606020362,0.00923995390355503,0.0384076544698073,0.164328734899074,1,"15",84748592,84806445,"protein_coding","zinc finger protein 592"
"950","LRRFIP2",0.323891489950521,0.0136391883229035,14.1508125683702,0.0779182485543497,0.0458610375219513,2.77335378596271,0.00554817665149465,0.0257960363626761,0.0914325975848826,1,"3",37052626,37183689,"protein_coding","LRR binding FLII interacting protein 2"
"951","CHORDC1",0.323032680496995,0.0132162041431072,13.8753041952997,0.0850740236639207,0.0434433500842014,2.80991441324313,0.00495546759435661,0.0236218652548491,0.227291019086801,1,"HSCHR11_2_CTG8",106552,129200,"protein_coding","cysteine and histidine rich domain containing 1"
"952","TFCP2L1",0.322942755575022,0.00758030634909954,9.28645988964905,0.318709921399435,0.00953087087676613,3.70921637102089,0.000207901706652525,0.00180150441632368,0.267151628641523,1,"2",121216587,121285202,"protein_coding","transcription factor CP2 like 1"
"953","EHD4",0.322446842028798,0.00891735218663236,10.2153319615262,0.250236597924505,0.016425854245137,3.41460261269558,0.000638751285020334,0.00450074253980745,0.123454709189569,1,"15",41895933,41972557,"protein_coding","EH domain containing 4"
"954","ADH4",0.322426183892109,0.00531094668241159,6.81633011251049,0.556572896019382,0,4.42429760372169,9.67565645737523e-06,0.0001364559912913,0.282484931687914,1,"4",99123657,99157792,"protein_coding","alcohol dehydrogenase 4 (class II), pi polypeptide"
"955","TMEM176B",0.322341993571883,0.00824558056372331,9.73425391198048,0.284175443808676,0.0128530919794408,3.54981947643862,0.000385495401283409,0.00296632486112827,0.142167604013311,1,"7",150791285,150801360,"protein_coding","transmembrane protein 176B"
"956","FHL3",0.322263599078849,0.0127278953121217,13.3506627818688,0.1003404756237,0.039687699871528,2.85649162948899,0.00428351298797502,0.0210606743688423,0.105019977376313,1,"1",37996764,38005606,"protein_coding","four and a half LIM domains 3"
"957","WNT6",0.322051363448309,0.00810752350001498,9.65292714208966,0.290235552128985,0.0122401164699069,3.57668780589726,0.000347975341597584,0.00273372430919791,0.255785277309689,1,"2",218859805,218874233,"protein_coding","Wnt family member 6"
"958","HAS2",0.321489105854585,0.012704423651704,13.3106581439848,0.101598472817038,0.0394641413019676,2.85225780327521,0.00434098786208903,0.0212852054116018,0.221218225793638,1,"8",121612116,121641440,"protein_coding","hyaluronan synthase 2"
"959","HIBCH",0.320970612346068,0.0146665487508408,15.1188958682671,0.0568744193605242,0.0529004128132416,2.65033825797988,0.00804112187357275,0.0345147715783204,0.119972101335904,1,"2",190189735,190344193,"protein_coding","3-hydroxyisobutyryl-CoA hydrolase"
"960","PTPN13",0.320315972785473,0.00906045985673923,10.3342338991255,0.242346203720566,0.0172964621704088,3.36514262247858,0.000765041026451696,0.00521336297442745,0.123978324907935,1,"4",86594315,86815171,"protein_coding","protein tyrosine phosphatase non-receptor type 13"
"961","MERTK",0.31986632162718,0.00699833461214379,8.92248027862278,0.348877618978918,0.00683663306107093,3.82358865463505,0.000131523270159306,0.00123223914964028,0.194119843411384,1,"2",111898607,112029561,"protein_coding","MER proto-oncogene, tyrosine kinase"
"962","RGS9",0.319338363971542,0.0135504553761021,14.0609520336951,0.0801904925759505,0.0450515007130002,2.74330535231097,0.0060824096368377,0.027758479926943,0.2042583015739,1,"17",65100812,65227703,"protein_coding","regulator of G protein signaling 9"
"963","OSM",0.31761364247201,0.00920249122618744,10.4548139379663,0.234542868643622,0.0181336872984161,3.31090288599903,0.00092995476228408,0.00610227458298791,0.25546204513268,1,"22",30262829,30266851,"protein_coding","oncostatin M"
"964","MKRN3",0.317450630140444,0.0158111542715941,16.285933551836,0.0384656487627629,0.0617654445764289,2.52461062363392,0.0115826544138899,0.0455744110160976,0.189717092269408,1,"15",23565674,23630075,"protein_coding","makorin ring finger protein 3"
"965","CPS1",0.317000414567049,0.00530809701959179,6.61415314096843,0.578775406373402,0,4.35101323263321,1.35509873000483e-05,0.000181614619400999,0.166293254051803,1,"2",210477682,210679107,"protein_coding","carbamoyl-phosphate synthase 1"
"966","NME4",0.316992979090779,0.00530809153133711,6.71178108763524,0.568024383695589,0,4.35091342573239,1.35571576793669e-05,0.000181614619400999,0.122768605998042,1,"16",396725,410367,"protein_coding","NME/NM23 nucleoside diphosphate kinase 4"
"967","TBX6",0.316916184624361,0.00953713020242149,10.6859904892819,0.22013390860701,0.01991157540447,3.24515588065889,0.00117386346510684,0.00736713474051419,0.245199949522955,1,"16",30085793,30091924,"protein_coding","T-box transcription factor 6"
"968","PACSIN3",0.316701134871956,0.00531038082522373,7.51197821702136,0.482530181881159,0,4.34597062136444,1.38661128774586e-05,0.000185072678316782,0.203780317937795,1,"11",47177522,47186443,"protein_coding","protein kinase C and casein kinase substrate in neurons 3"
"969","CTF1",0.316640368619043,0.00617193316558696,8.44741721521671,0.391028260809935,0.00330013183625181,4.03046983537457,5.56654726684425e-05,0.000597743774828958,0.278029343201466,1,"16",30896614,30903547,"protein_coding","cardiotrophin 1"
"970","IL32",0.316621684794776,0.00598216848295337,8.34100960699576,0.400887800252279,0.00252061962331859,4.09365590840134,4.24624323696055e-05,0.000476450170949979,0.258905306599216,1,"16",3065297,3082192,"protein_coding","interleukin 32"
"971","EEF1AKMT3",0.314647172745013,0.00878035237619776,10.1323976046637,0.255856077461555,0.0157811288112537,3.35790079267064,0.000785367949140303,0.00532059131741529,0.13952205256291,1,"12",57771492,57782541,"protein_coding","EEF1A lysine methyltransferase 3"
"972","UMOD",0.314601434049693,0.011131326499224,11.9428756825469,0.153770886360956,0.0292749369822358,2.98185991744165,0.00286503059207321,0.0151631738367713,0.176692669057911,1,"16",20333051,20356301,"protein_coding","uromodulin"
"973","RAB32",0.313946176155786,0.0133478129082321,13.9516694785652,0.0830338633337776,0.0442394013495131,2.71737854685384,0.00658013005632996,0.0295116023971433,0.144510792792729,1,"6",146543833,146554953,"protein_coding","RAB32, member RAS oncogene family"
"974","POLM",0.313879603086881,0.00845582984598022,9.90994101569416,0.271403888842179,0.014110801950078,3.41338265377864,0.000641617834173713,0.00451594794218401,0.137111503124402,1,"7",44072062,44082530,"protein_coding","DNA polymerase mu"
"975","SFSWAP",0.313818719841594,0.0124176085269477,13.0979651852064,0.108523096303664,0.0378917538381229,2.81617646217051,0.00485989650701413,0.0233057452319998,0.131527862896704,1,"12",131711081,131799738,"protein_coding","splicing factor SWAP"
"976","GPR37L1",0.313742281434141,0.0137612698791882,14.3185048084286,0.0738322229358016,0.0469986262239581,2.67450734062224,0.00748391378079916,0.0326355480694343,0.202187499751697,1,"1",202122886,202133592,"protein_coding","G protein-coupled receptor 37 like 1"
"977","IFT140",0.313222631789434,0.00540426539460857,8.04552924904764,0.429035371295037,0.000334942624745569,4.26073771169144,2.0375323992905e-05,0.000256128271474915,0.162887151876685,1,"16",1510427,1612072,"protein_coding","intraflagellar transport 140"
"978","PPIB",0.312840600104214,0.00585588204939932,8.27642770351404,0.406944340583107,0.00203702828227493,4.0881512026934,4.34824716664117e-05,0.00048554474384224,0.113800868488113,1,"15",64155740,64163134,"protein_coding","peptidylprolyl isomerase B"
"979","PTPRB",0.311937702399839,0.00914697211492008,10.4042196245711,0.237792866338753,0.0178112748678545,3.26158868227704,0.00110789771977671,0.00702467942686926,0.192479312764019,1,"12",70515870,70637440,"protein_coding","protein tyrosine phosphatase receptor type B"
"980","P2RY2",0.31153510412973,0.014869040986663,15.3857222959708,0.0520652567560692,0.0548482859292371,2.55485061339515,0.0106233379831406,0.0426641137759171,0.170707753556718,1,"11",73218281,73242427,"protein_coding","purinergic receptor P2Y2"
"981","NXF1",0.308358601122105,0.0139967060349455,14.5066354090683,0.0694790294332239,0.0483180168257912,2.60641247780056,0.00914962039004763,0.0380880588836519,0.0988004034754712,1,"11",62792123,62806302,"protein_coding","nuclear RNA export factor 1"
"982","IGFALS",0.308163077212859,0.0136906907030935,14.2384124824559,0.0757590547318468,0.0464037307935983,2.63370981751606,0.00844576350950677,0.0358487927319108,0.191479432229611,1,"16",1790413,1794971,"protein_coding","insulin like growth factor binding protein acid labile subunit"
"983","CTSS",0.307284384615401,0.0138973436767627,14.3698740149139,0.0726197784937611,0.047349240447779,2.60660120870527,0.0091445794533882,0.0380857317440329,0.133289880282368,1,"1",150730079,150765957,"protein_coding","cathepsin S"
"984","HOXA2",0.307105671759275,0.00530131863308704,5.82902543036156,0.66637672872645,0,4.21789615557084,2.46592330435114e-05,0.000301649629548098,0.206962689707993,1,"7",27100354,27102686,"protein_coding","homeobox A2"
"985","ZNF318",0.306774742855437,0.014140493221864,14.6887516232095,0.0654876333285335,0.0497468471765497,2.57980762335511,0.00988553681936888,0.0404600388896231,0.105990388503771,1,"6",43307134,43369647,"protein_coding","zinc finger protein 318"
"986","VEGFB",0.306155248154665,0.0114686130083737,12.2913339571772,0.138670942620336,0.0318633497532807,2.85881636423711,0.00425224864322526,0.0209311787336825,0.119844933424076,1,"11",64234584,64239264,"protein_coding","vascular endothelial growth factor B"
"987","SLC2A5",0.305874098129726,0.0078682308585558,9.49331291320478,0.302402600806557,0.011044036907023,3.44829295520777,0.000564141795942108,0.00407181959341794,0.163276905119351,1,"1",9035106,9088478,"protein_coding","solute carrier family 2 member 5"
"988","RHOD",0.305824175003024,0.0107212150291155,11.6605152615701,0.167005652301907,0.02712201909908,2.95358728406019,0.00314103768571528,0.0163317303124494,0.169011704727626,1,"11",67056847,67072017,"protein_coding","ras homolog family member D"
"989","SELL",0.305290545260014,0.0128376641187049,13.5272610522023,0.0949501781437545,0.041044644271026,2.69445137265168,0.00705046136251219,0.0311838096707384,0.260908420116794,1,"1",169690665,169711702,"protein_coding","selectin L"
"990","MICB",0.305276926668137,0.00686856713511974,8.85540910447658,0.354640033976187,0.00630894621223445,3.68350197538483,0.000230051500324624,0.00195317388266254,0.201069254131253,1,"HSCHR6_MHC_MCF_CTG1",2840040,2853071,"protein_coding","MHC class I polypeptide-related sequence B"
"991","TRDN",0.304679365066864,0.00530235318846351,6.67397720427164,0.572181213345896,0,4.18416416410297,2.86217228240293e-05,0.000343043526070982,0.301358607375886,1,"6",123216339,123637189,"protein_coding","triadin"
"992","GNLY",0.304136287224807,0.0118756206425374,12.6411587894265,0.12480716180833,0.0343311739482067,2.79087305018652,0.00525660852959375,0.0247473169427393,0.124146266575361,1,"2",85685175,85698852,"protein_coding","granulysin"
"993","H2AC20",0.303878445185882,0.0071717755263055,9.03159468866247,0.339637682769364,0.00763969428231177,3.58828187745343,0.000332864306442193,0.00264517137285874,0.190397881022607,1,"1",149886918,149887411,"protein_coding","H2A clustered histone 20"
"994","MMP7",0.303564510860258,0.00720036441405363,9.05254883642264,0.337882422126285,0.00778754307000421,3.57745153753657,0.000346960521162121,0.00272911587966243,0.373234971482669,1,"11",102520508,102530750,"protein_coding","matrix metallopeptidase 7"
"995","ADAM28",0.302769665518514,0.00625280959837104,8.49144561133666,0.386992643158948,0.00363391251878726,3.82890647932841,0.000128713903403632,0.00121134419558888,0.197097346859989,1,"8",24294069,24359014,"protein_coding","ADAM metallopeptidase domain 28"
"996","TRAM2",0.302766018951871,0.0140603882381353,14.58435093016,0.0677495474052949,0.0489402350449623,2.55333897228574,0.010669560184654,0.0427873364460257,0.119539930312034,1,"6",52497408,52577060,"protein_coding","translocation associated membrane protein 2"
"997","ATP1B3",0.300046356962638,0.0123561702193877,13.0724504401737,0.109381014256221,0.0376350603713977,2.6992705526641,0.00694916563209969,0.0308400079844122,0.117703129667631,1,"3",141876124,141926549,"protein_coding","ATPase Na+/K+ transporting subunit beta 3"
"998","MAGEA8",0.299987142571386,0.00530123043814327,6.96954074215205,0.539922546858542,0,4.12016207126919,3.78605985051905e-05,0.000432816250086467,0.287475167885021,1,"X",149881141,149885835,"protein_coding","MAGE family member A8"
"999","NKX6-1",0.299767673935891,0.00918647733314018,10.4544337054428,0.234567163287796,0.0181045375144189,3.12759344403357,0.00176243785391472,0.010167419825718,0.143765160179193,1,"4",84491985,84499292,"protein_coding","NK6 homeobox 1"
"1000","SP3",0.299620861036045,0.0113527935797835,12.1461913601911,0.144799408459289,0.0307295121755552,2.81203470984381,0.00492291906419862,0.0235327162391928,0.0967263802612434,1,"2",173880850,173965373,"protein_coding","Sp3 transcription factor"
"1001","GLI3",0.299399527516486,0.00530265008060712,7.10727572120254,0.525103969144972,0,4.11154100650729,3.93027050793471e-05,0.000446088098539402,0.188232067679785,1,"7",41960949,42264100,"protein_coding","GLI family zinc finger 3"
"1002","CHRND",0.29812830944404,0.00528360055698639,1.75941142397923,0.987520166567594,0,4.10145762350861,4.10555701604309e-05,0.000463315471491751,0.259799905661533,1,"2",232525993,232536667,"protein_coding","cholinergic receptor nicotinic delta subunit"
"1003","HNMT",0.297557412161185,0.0122038665900529,12.8818849521062,0.115978711590465,0.0362601764532196,2.69353142854281,0.00706994796059979,0.031252676150437,0.11753881864377,1,"2",137964020,138016364,"protein_coding","histamine N-methyltransferase"
"1004","SMAD7",0.29659185756349,0.0140868382433941,14.6228138709789,0.0669081061716,0.0492724797848673,2.49892061711714,0.012457221239309,0.0482529296604246,0.137985865193555,1,"18",48919853,48950965,"protein_coding","SMAD family member 7"
"1005","DPYD",0.296317733354681,0.0121419547838136,12.8792547565027,0.116072153530594,0.0360066920675691,2.6891395330295,0.00716364686744786,0.0315519781603055,0.100182663844611,1,"1",97077743,97995000,"protein_coding","dihydropyrimidine dehydrogenase"
"1006","TNNI2",0.296238792880829,0.0106405012260851,11.5684456663077,0.171522105625249,0.0264068014538437,2.87184427248985,0.00408084010093845,0.0202437938690843,0.259198643300857,1,"HG28_PATCH",29484,32183,"protein_coding","troponin I2, fast skeletal type"
"1007","CMKLR1",0.295786152456307,0.00692178030396349,8.88127958061859,0.352409934781502,0.0065147118289234,3.55524007587396,0.00037763411176317,0.00291728073066015,0.209410553699579,1,"12",108288044,108339317,"protein_coding","chemerin chemokine-like receptor 1"
"1008","NR4A2",0.294808669289826,0.0138667421086233,14.3957619449364,0.0720155938838486,0.0475588086514738,2.50353133252296,0.0122960792457041,0.0477985442967625,0.221048768446881,1,"2",156324437,156342348,"protein_coding","nuclear receptor subfamily 4 group A member 2"
"1009","HLA-DRB5",0.294149815093192,0.0129656112659944,13.6222184481972,0.0921592743804035,0.041720082273231,2.58328356814412,0.00978648488816214,0.0401556187435888,0.439936820189666,1,"6",32517353,32530287,"protein_coding","major histocompatibility complex, class II, DR beta 5"
"1010","WT1",0.294023853391743,0.0124705808442336,13.1165126066594,0.107903162184982,0.037944857622641,2.632929460399,0.00846519265521528,0.0359013735417407,0.145850485509326,1,"11",32387775,32435564,"protein_coding","WT1 transcription factor"
"1011","TIE1",0.293423316762645,0.00529723374296563,6.27975877193045,0.615926319747029,0,4.03153146320964,5.54145762377001e-05,0.000595315546577197,0.223808540813901,1,"1",43300982,43323108,"protein_coding","tyrosine kinase with immunoglobulin like and EGF like domains 1"
"1012","CDKN2B",0.29283672177811,0.00533664851510459,8.01633503838846,0.43187608944169,0.000120063269485673,4.00858628637173,6.10833200955785e-05,0.000647214081129087,0.300550059839958,1,"9",22002903,22009305,"protein_coding","cyclin dependent kinase inhibitor 2B"
"1013","OTX1",0.292304801616901,0.0136365287343931,14.2122920586841,0.0763971755700052,0.046168079925289,2.50313362084328,0.0123099059146219,0.0478305794058003,0.151562725868179,1,"2",63050057,63057836,"protein_coding","orthodenticle homeobox 1"
"1014","UGT2B7",0.291937808253064,0.00553317833649737,8.11307330669819,0.422503510579829,0.000834273900440853,3.92466876756909,8.68491549956829e-05,0.000872358356306125,0.243136675978198,1,"4",69051363,69112987,"protein_coding","UDP glucuronosyltransferase family 2 member B7"
"1015","PYGL",0.291701482226842,0.00529825032385046,6.79332999940035,0.559086286298356,0,4.00748955634321,6.13675743279529e-05,0.000649685868913,0.17064287144241,1,"14",50857891,50944483,"protein_coding","glycogen phosphorylase L"
"1016","TAGLN",0.29168381713273,0.0123389280873775,13.036418238072,0.110602703215068,0.037391868195658,2.62587239860446,0.00864272101369945,0.0365008127467177,0.246914515943491,1,"11",117199370,117207464,"protein_coding","transgelin"
"1017","RP9",0.291464464067618,0.00661900142947632,8.70977082064291,0.367367784824533,0.00522745177965245,3.58252619695919,0.00034028747885273,0.00268935282047917,0.16415990870327,1,"7",33094797,33109405,"protein_coding","RP9 pre-mRNA splicing factor"
"1018","CRYAA",0.290165061058383,0.0128003198833673,13.4901075781695,0.0960624100379804,0.0405435614470471,2.56468898249496,0.0103268325431614,0.0417544713755452,0.130069008960974,1,"21",43169008,43172810,"protein_coding","crystallin alpha A"
"1019","EOMES",0.289888344896128,0.00587796655263722,8.29648599626289,0.405057444728652,0.00217210068347199,3.78109160711631,0.00015614220098259,0.00142467184310994,0.46608791284593,1,"3",27715949,27722711,"protein_coding","eomesodermin"
"1020","SLC16A1",0.289052899403443,0.0102877230720589,11.300072257362,0.185269431082899,0.0244078508140241,2.84982175439489,0.00437437361315451,0.0214288828824266,0.146582606980141,1,"HG2104_PATCH",2426,47592,"protein_coding","solute carrier family 16 member 1"
"1021","LTB4R",0.288184161694986,0.00648516993061769,8.62952402167693,0.374505658961622,0.0046393445033818,3.57856927285634,0.000345480302364365,0.00271999053371672,0.393982905779542,1,"14",24311450,24318036,"protein_coding","leukotriene B4 receptor"
"1022","IFIT2",0.287241154231022,0.0107396458898471,11.663268770974,0.166872123575215,0.0270781481200508,2.77173484890683,0.00557584346028395,0.0258757457145107,0.1600636345274,1,"10",89283694,89309271,"protein_coding","interferon induced protein with tetratricopeptide repeats 2"
"1023","CLN5",0.286714193383998,0.00529495147503881,6.41321797799681,0.601048764774697,0,3.94019939881132,8.14139096692035e-05,0.000824155154522918,0.150572161804159,1,"13",76990660,77019143,"protein_coding","CLN5 intracellular trafficking protein"
"1024","CD74",0.28453052216432,0.00784855512179457,9.47583823708572,0.303756674157141,0.0109064962231482,3.21169284726896,0.00131955373251547,0.00810587549470284,0.235163384083057,1,"5",150401637,150412969,"protein_coding","CD74 molecule"
"1025","KCNE1",0.284208015429859,0.0107847721380174,11.693394110159,0.165417045621433,0.0273771848626128,2.73672295634613,0.00620545285973151,0.0281787691045841,0.314995903398556,1,"21",34446688,34512214,"protein_coding","potassium voltage-gated channel subfamily E regulatory subunit 1"
"1026","VSX1",0.284200913055235,0.00645058404377042,8.61093953467612,0.376171281231982,0.00450736124325202,3.53855499681616,0.000402323463186693,0.0030671148465964,0.144945061009409,1,"20",25070885,25082141,"protein_coding","visual system homeobox 1"
"1027","DNASE1L2",0.283752663901672,0.00528887246118764,5.04160244755911,0.753120492359089,0,3.90174066745627,9.55034443037572e-05,0.000946237584778734,0.275934133518659,1,"16",2235816,2238711,"protein_coding","deoxyribonuclease 1 like 2"
"1028","OXT",0.281907222550704,0.00623385528921546,8.48818684756385,0.387290451146044,0.00359683235761123,3.57049019291711,0.000356313795456531,0.00278379025055879,0.229894678148285,1,"20",3071620,3072517,"protein_coding","oxytocin/neurophysin I prepropeptide"
"1029","MYL9",0.281809960900486,0.00529426032633595,6.68725721841013,0.570720048324696,0,3.87305526038502,0.000107479445603298,0.0010434019446934,0.280229540999692,1,"20",36541497,36551447,"protein_coding","myosin light chain 9"
"1030","THBD",0.281235280590463,0.00795518147656959,9.55911668389558,0.297342612768123,0.0115134962052089,3.15315090368469,0.00161518287501794,0.00950065921385148,0.202198207320941,1,"20",23045633,23049672,"protein_coding","thrombomodulin"
"1031","GOLGB1",0.279605821932922,0.0111705285838271,12.0259795844667,0.150048496476508,0.0298186463078449,2.64550963705347,0.00815679635536082,0.034871911703373,0.0890938241724603,1,"3",121663199,121749966,"protein_coding","golgin B1"
"1032","VENTX",0.277252491477135,0.00529657304290341,7.70048512085151,0.463260866900408,0,3.80958768917267,0.000139198731350598,0.00129326603806203,0.204769611099496,1,"10",133237855,133241928,"protein_coding","VENT homeobox"
"1033","MYLK",0.276359966541697,0.009932616387267,11.005332117899,0.201397256553095,0.0222318083764673,2.77295805369552,0.00555492805022562,0.0258092330398846,0.176855739182431,1,"3",123610049,123884332,"protein_coding","myosin light chain kinase"
"1034","MMP11",0.276178168194633,0.0114613126803128,12.2972927465265,0.138424154960685,0.0317921453515139,2.5797175862943,0.00988811437745651,0.0404600388896231,0.146893277978691,1,"22",23768226,23784316,"protein_coding","matrix metallopeptidase 11"
"1035","CNN2",0.275798682703094,0.00612560708991497,8.42755059474508,0.392857688009616,0.00315611580185182,3.52385166875333,0.000425322276410789,0.00322353436832352,0.240861272411021,1,"19",1026586,1039068,"protein_coding","calponin 2"
"1036","FMOD",0.275652034859003,0.00529077189293619,6.867824601197,0.550958379764158,0,3.78967253201454,0.000150846010325889,0.00138228516938817,0.309297918951108,1,"1",203340628,203351758,"protein_coding","fibromodulin"
"1037","MED22",0.275048978935091,0.00896446391216764,10.2772374874568,0.246104163390163,0.0168164874290464,2.90501163027124,0.00367239454023305,0.0185533797095048,0.102318212343528,1,"9",133338312,133348131,"protein_coding","mediator complex subunit 22"
"1038","P2RY6",0.273745092715243,0.00528189373862181,4.16853565810764,0.841606324823751,0,3.76661743762864,0.000165474264708365,0.00149199505026093,0.172785451409551,1,"11",73264498,73305103,"protein_coding","pyrimidinergic receptor P2Y6"
"1039","DEFB1",0.273661497655079,0.0105158974377319,11.5336151541538,0.173257016619549,0.0260201150343952,2.66864330073857,0.00761582830102348,0.03305811525251,0.304413012046611,1,"8",6870592,6877936,"protein_coding","defensin beta 1"
"1040","SERPINE1",0.273448791708173,0.00984522324320802,10.9317280029537,0.205597676340367,0.0216816339831391,2.75589853871318,0.00585311501114383,0.026904699058617,0.189731510699205,1,"7",101127104,101139247,"protein_coding","serpin family E member 1"
"1041","KCNMB1",0.27317682443999,0.00888029605139137,10.2066311866864,0.250821661036834,0.0163017734737068,2.8988792790757,0.00374499055851718,0.0188566155062766,0.147225352193708,1,"5",170374671,170389634,"protein_coding","potassium calcium-activated channel subfamily M regulatory beta subunit 1"
"1042","CD69",0.272181285942969,0.0100193138214083,11.079238155394,0.197249755294691,0.0227592298461682,2.71918823031603,0.00654423554288264,0.0294162075641308,0.271846287750178,1,"12",9752486,9760901,"protein_coding","CD69 molecule"
"1043","ITPR2",0.272069262383325,0.00944549268744508,10.6590152280027,0.221778238683756,0.0196049288078359,2.79941426377689,0.00511954100183876,0.0242228022939635,0.123295518532678,1,"12",26335352,26833194,"protein_coding","inositol 1,4,5-trisphosphate receptor type 2"
"1044","POU3F3",0.271627849467999,0.00529491847248493,7.92247692787446,0.441079288404065,0,3.73288539349521,0.000189298740206789,0.00166809290843127,0.262080692749325,1,"2",104853287,104858574,"protein_coding","POU class 3 homeobox 3"
"1045","NCF2",0.271154389936192,0.00529062979399843,7.74958260034408,0.458306163048635,0,3.72788883520249,0.000193090509280403,0.00169506072764645,0.194132046719825,1,"1",183554461,183590905,"protein_coding","neutrophil cytosolic factor 2"
"1046","SELP",0.27089031470583,0.00985209770254978,10.9363605470069,0.205331240114844,0.0217153052539562,2.72916078740375,0.00634957364707156,0.028715572287528,0.246732576822408,1,"1",169588849,169630193,"protein_coding","selectin P"
"1047","SLC13A1",0.269556997802659,0.00556733523185662,8.13631791585058,0.420268823077641,0.00100008205452345,3.61265861806183,0.000303073598608039,0.00244734090887385,0.276888916120647,1,"7",123113531,123199972,"protein_coding","solute carrier family 13 member 1"
"1048","TM4SF5",0.269496961216078,0.00528802274702386,6.07273502722253,0.639084640334824,0,3.70601536217893,0.000210545534169659,0.00181823756862708,0.284055857105988,1,"17",4771884,4783213,"protein_coding","transmembrane 4 L six family member 5"
"1049","SPTA1",0.269237282458116,0.00527912828277561,3.48799725652318,0.900119183525913,0,3.70556205558643,0.000210922478593334,0.00182087597249572,0.263020341965668,1,"1",158610704,158686715,"protein_coding","spectrin alpha, erythrocytic 1"
"1050","SLC10A1",0.265934510230596,0.0111658282745556,12.0529444757704,0.148857218046815,0.0299249828510962,2.5166871235191,0.0118463975343628,0.0463902015888649,0.242809839980931,1,"14",69775416,69797241,"protein_coding","solute carrier family 10 member 1"
"1051","NID1",0.265711587259773,0.00528457694826821,5.60435979901508,0.691452402762941,0,3.65515148530918,0.000257030162846617,0.00213796178613781,0.237712550175776,1,"1",235975830,236065109,"protein_coding","nidogen 1"
"1052","ITIH1",0.26519277758293,0.0106154221559709,11.6053935746413,0.169697555226225,0.0265761121969879,2.57390822145762,0.0100556943572949,0.0409439093196805,0.161147133893104,1,"3",52777595,52792068,"protein_coding","inter-alpha-trypsin inhibitor heavy chain 1"
"1053","C8A",0.264254799485989,0.00888177332655252,10.2101128485377,0.25058741890825,0.0163209042428912,2.80396792408391,0.0050477926614465,0.0239812482889034,0.135063421012482,1,"1",56854768,56918223,"protein_coding","complement C8 alpha chain"
"1054","ARHGEF16",0.263861557838637,0.00529086171035456,7.53296085056091,0.480366535761964,0,3.62754590557795,0.000286127914473466,0.00233565767648802,0.142878174368917,1,"1",3454665,3481113,"protein_coding","Rho guanine nucleotide exchange factor 16"
"1055","CPNE1",0.263091518188827,0.0104642194525134,11.4684649604153,0.176541290459841,0.0256174489453456,2.57189614567801,0.0101143227423885,0.0411104001389846,0.0874823535954284,1,"20",35626031,35664956,"protein_coding","copine 1"
"1056","IL24",0.262852386990173,0.00528004006015221,4.38707137557373,0.820622057153665,0,3.61737319791383,0.000297608047831854,0.0024123758230135,0.213519106832577,1,"1",206897443,206904139,"protein_coding","interleukin 24"
"1057","TARS1",0.260385401733655,0.00963012723892921,10.8095096568579,0.212728008961001,0.0206775450785828,2.65338713793083,0.00796884149723565,0.0342695135440331,0.108781819531889,1,"5",33440696,33468091,"protein_coding","threonyl-tRNA synthetase 1"
"1058","THBS1",0.260335450062052,0.0103384873075279,11.3461075235912,0.182848748842565,0.0247234939034992,2.560382268313,0.0104557083309567,0.0421495470304418,0.143067595347831,1,"15",39581079,39599466,"protein_coding","thrombospondin 1"
"1059","MRE11",0.259311344737269,0.0081769594955064,9.72308459785183,0.285002170413136,0.0126946701404239,2.86764636845276,0.00413537470836656,0.0204625596739885,0.163735972516196,1,"11",94415570,94493885,"protein_coding","MRE11 homolog, double strand break repair nuclease"
"1060","BLNK",0.259293965311553,0.00772484705017171,9.41359931498896,0.30861473861024,0.0104031637319295,2.95017286858693,0.00317596174587975,0.0164562586966895,0.219765088086387,1,"10",96189171,96271587,"protein_coding","B cell linker"
"1061","PON1",0.259291301808403,0.0102142377641455,11.228240703862,0.189099110670383,0.0238623958678389,2.56557648661644,0.0103004508844533,0.0416742412946148,0.189153044396135,1,"7",95297676,95324532,"protein_coding","paraoxonase 1"
"1062","PKHD1",0.258741732894712,0.00528352168760715,5.75574687788116,0.674570217067595,0,3.55962899155331,0.000371379086086643,0.00287680554287657,0.418179280528731,1,"6",51615299,52087613,"protein_coding","PKHD1 ciliary IPT domain containing fibrocystin/polyductin"
"1063","KYNU",0.258347689317368,0.00568747317950162,8.1987120870951,0.41430414053582,0.00146368609657624,3.4256650803759,0.000613296116780182,0.0043587281586499,0.174793086456654,1,"2",142877657,143055833,"protein_coding","kynureninase"
"1064","SLC22A2",0.258285765333722,0.00528204959821943,5.81542334617503,0.667898399800845,0,3.55385115582805,0.000379634005592155,0.00293095387781975,0.254265249474994,1,"6",160171061,160277638,"protein_coding","solute carrier family 22 member 2"
"1065","ADH1C",0.258055716637731,0.00985723249444329,10.9606597843324,0.203938250140305,0.0218793571048688,2.59917777208227,0.00934473653045997,0.0387417413864277,0.182185969318835,1,"4",99336497,99352746,"protein_coding","alcohol dehydrogenase 1C (class I), gamma polypeptide"
"1066","ADAM18",0.257758773845539,0.00920260196882451,10.4752222760144,0.233241780597392,0.0182478537928941,2.68694104772678,0.00721096783581987,0.0317056231525623,0.17815777436955,1,"HSCHR8_9_CTG1",335123,480684,"protein_coding","ADAM metallopeptidase domain 18"
"1067","PKD2",0.25763380842218,0.00906585331101411,10.3898460720297,0.238722547867591,0.0175629782962323,2.70581755172194,0.00681364691110575,0.0303353651248374,0.0828923465487923,1,"4",88007635,88077777,"protein_coding","polycystin 2, transient receptor potential cation channel"
"1068","FGA",0.257588220352608,0.010362847069619,11.3720201072793,0.181497677976132,0.0249063259665196,2.53038412398119,0.0113937712836587,0.0449941236134619,0.201292527819247,1,"4",154583126,154590742,"protein_coding","fibrinogen alpha chain"
"1069","CXCR3",0.25748438457234,0.00528999541381707,7.61082883993181,0.472377749230563,0,3.54016291360138,0.000399880104313466,0.00305663745294615,0.203446756819856,1,"X",71615916,71618511,"protein_coding","C-X-C motif chemokine receptor 3"
"1070","PES1",0.257379729685751,0.00528250790180801,6.3473643228339,0.608383117806948,0,3.54123104367283,0.000398264665791626,0.00304710718037992,0.0847622848486434,1,"22",30576625,30607083,"protein_coding","pescadillo ribosomal biogenesis factor 1"
"1071","PSTPIP2",0.257354303632616,0.00892913743648829,10.2536512988846,0.247672383499794,0.016628359265376,2.72349562121983,0.00645950718902211,0.029099172427945,0.150273904790161,1,"18",45983536,46072272,"protein_coding","proline-serine-threonine phosphatase interacting protein 2"
"1072","TACR3",0.257308120244725,0.0105950915363969,11.5624939033445,0.171817535491017,0.026325947946677,2.4997762380994,0.0124271771776396,0.0481468127339768,0.16705967810249,1,"4",103586031,103719985,"protein_coding","tachykinin receptor 3"
"1073","TRIM21",0.25631536481879,0.0103124304960148,11.3395672475824,0.183191062434321,0.0246286854364346,2.52402773902717,0.0116018773526974,0.0456359603999867,0.126164076315501,1,"11",4384897,4393702,"protein_coding","tripartite motif containing 21"
"1074","ABCD4",0.25621482716218,0.00616477593756509,8.45294733479743,0.390519951876721,0.00333774135085488,3.26321441300654,0.00110156144859541,0.00699604036099722,0.164230384467558,1,"14",74285269,74303055,"protein_coding","ATP binding cassette subfamily D member 4"
"1075","CCL20",0.255524975174594,0.00959582916225489,10.7498759200211,0.216278274996386,0.0203050998562277,2.60850756775974,0.00909380009051719,0.037936220865252,0.260958706694584,1,"2",227805739,227817564,"protein_coding","C-C motif chemokine ligand 20"
"1076","IPO8",0.255109867739115,0.00650567423617609,8.64588439044451,0.37304326925846,0.00476376285450391,3.16286824696358,0.00156223016524604,0.00926831128755346,0.117125119435917,1,"12",30628988,30695869,"protein_coding","importin 8"
"1077","KCNQ1",0.255093000424977,0.00527448401298232,4.06489679736032,0.851221260530739,0,3.51243706885751,0.000444017143895081,0.00334199263339749,0.172755457530159,1,"HSCHR11_1_CTG7",1031,81275,"protein_coding","potassium voltage-gated channel subfamily Q member 1"
"1078","AMELX",0.254666966670657,0.00834050017783431,9.83815943254492,0.276569310167752,0.0135508749884109,2.78853800254608,0.00529465351549185,0.0248804796443196,0.224470348545196,1,"X",11293413,11300761,"protein_coding","amelogenin X-linked"
"1079","CLDN7",0.254663264595562,0.0052843944286373,6.17007283447757,0.628187720502554,0,3.50323030503991,0.000459651857558807,0.00343936155114372,0.145654972825054,1,"17",7259903,7263983,"protein_coding","claudin 7"
"1080","DNAJA1",0.254421414727403,0.00528744950474593,7.44623478848016,0.489338808164474,0,3.49889207583433,0.000467195644269447,0.0034886404684713,0.172513924672218,1,"9",33025273,33039907,"protein_coding","DnaJ heat shock protein family (Hsp40) member A1"
"1081","FGL1",0.253829364200615,0.00904806947207474,10.3417901187878,0.241851353611544,0.017285110739824,2.66847967149259,0.00761953893084333,0.0330685914136856,0.279008974041779,1,"8",17864380,17910365,"protein_coding","fibrinogen like 1"
"1082","NINJ2",0.252846224126365,0.00801015821868896,9.61200410220789,0.293320485731754,0.0118731183376084,2.82511366137123,0.0047263846826926,0.0227958628591425,0.177098019467497,1,"12",564296,663589,"protein_coding","ninjurin 2"
"1083","ATP2A3",0.252442030610431,0.00807904105538974,9.6793525279415,0.288256151162767,0.0123196391952389,2.80854739670805,0.00497655563272525,0.0237046585846534,0.271498708742935,1,"17",3923868,3964464,"protein_coding","ATPase sarcoplasmic/endoplasmic reticulum Ca2+ transporting 3"
"1084","MMP20",0.249116855987652,0.00528217199620637,6.64267156255367,0.57562953921407,0,3.42765296438342,0.00060882320130573,0.00433661074906035,0.240517498765507,1,"11",102576832,102625332,"protein_coding","matrix metallopeptidase 20"
"1085","KLRD1",0.24868711102058,0.0052859762503361,7.55916817185701,0.477670626144626,0,3.42050849560552,0.000625041834392936,0.00442002537702611,0.151077656795511,1,"12",10226058,10329608,"protein_coding","killer cell lectin like receptor D1"
"1086","AHCYL2",0.247973124676587,0.00733452507332763,9.16375446006164,0.328670830060962,0.00855146814232263,2.89546697450717,0.00378594864814463,0.0190252688521883,0.120845989401712,1,"7",129225030,129430211,"protein_coding","adenosylhomocysteinase like 2"
"1087","CD209",0.247848081504371,0.00528158307708262,6.68431046225117,0.571044186688714,0,3.41038574091934,0.00064871058840632,0.00455234206565266,0.169327194759953,1,"19",7739993,7747564,"protein_coding","CD209 molecule"
"1088","HOXC11",0.24767068037163,0.00528605356987496,7.8952054720196,0.443773254719869,0,3.40650332495059,0.000658007489787282,0.0045945179230751,0.195663241121212,1,"12",53973126,53977643,"protein_coding","homeobox C11"
"1089","NR0B2",0.247422874168089,0.00527050866773754,4.38441885863926,0.820882171694432,0,3.40810982736565,0.000654145604741307,0.0045788396215459,0.133992914567827,1,"1",26911489,26913975,"protein_coding","nuclear receptor subfamily 0 group B member 2"
"1090","KIF25",0.244486661000329,0.00528309076035082,7.85812961412782,0.447449885738446,0,3.3636525864499,0.000769183029755149,0.00523319535029304,0.267419397266057,1,"6",167996241,168045091,"protein_coding","kinesin family member 25"
"1091","PLA2G5",0.243502398493966,0.0052783132095775,6.04140100332217,0.642594220996667,0,3.35162687962731,0.000803382157431587,0.00541385708152351,0.271183723329811,1,"1",20028179,20091911,"protein_coding","phospholipase A2 group V"
"1092","SOCS1",0.243330022939051,0.00526537961489415,1.873618395253,0.984644189305951,0,3.35336520100493,0.000798352910349465,0.00538993928589484,0.168409961174008,1,"16",11254417,11256204,"protein_coding","suppressor of cytokine signaling 1"
"1093","ZNF124",0.242353835951274,0.00528066879096952,6.58125701179411,0.58240934423445,0,3.33507368472836,0.000852767995186854,0.00568950916024561,0.204481562760072,1,"1",247121975,247172020,"protein_coding","zinc finger protein 124"
"1094","NAP1L4",0.241287963246628,0.00844342619729841,9.93108223688882,0.269896416374019,0.0141811320694324,2.62588862368377,0.00864230906540286,0.0365008127467177,0.081275398475528,1,"11",2944431,2992377,"protein_coding","nucleosome assembly protein 1 like 4"
"1095","RBL2",0.241157968769145,0.00890212449487129,10.2438754460202,0.248324623090882,0.0165395480318496,2.55596431096678,0.0105893979176903,0.0425595965813778,0.0697310648204717,1,"16",53433977,53491648,"protein_coding","RB transcriptional corepressor like 2"
"1096","SLPI",0.24096013280803,0.00904846053165952,10.3727834820026,0.239829826778759,0.0174409587690554,2.53313214281586,0.0113048326845657,0.0447384328216964,0.305974493526945,1,"20",45252239,45254564,"protein_coding","secretory leukocyte peptidase inhibitor"
"1097","OPHN1",0.240178092867028,0.00929470944345884,10.5509917368196,0.228460700667623,0.0188038554977142,2.49123950965009,0.0127298274354581,0.0491178281840676,0.162840283457812,1,"X",67949349,68433913,"protein_coding","oligophrenin 1"
"1098","PLCB3",0.239387440355731,0.00527522361276859,5.35339076618237,0.719223252381699,0,3.29595234824578,0.000980886512282009,0.0063708891356956,0.181576061380323,1,"11",64251530,64269150,"protein_coding","phospholipase C beta 3"
"1099","HSD17B3",0.237841733245114,0.00785911613373112,9.50763766443884,0.301295849968357,0.0110955480019154,2.68287975251542,0.00729912297480184,0.0319807882253574,0.17561228985837,1,"9",96235306,96302176,"protein_coding","hydroxysteroid 17-beta dehydrogenase 3"
"1100","PMEL",0.237473130959939,0.00527262675086626,5.15140587709038,0.741277907113415,0,3.27040067585589,0.00107395249190168,0.00686516320863827,0.243086567541892,1,"12",55954105,55973317,"protein_coding","premelanosome protein"
"1101","ADAM8",0.237037103035049,0.00527963554782074,6.93079622735835,0.544117368705236,0,3.26222835755589,0.00110540058025266,0.00701343379601319,0.152509665472188,1,"10",133262420,133276868,"protein_coding","ADAM metallopeptidase domain 8"
"1102","NEB",0.236702422237419,0.00906954069031446,10.3662925194049,0.240252105834548,0.0174250562820382,2.48547875561641,0.012937730907197,0.0497725992215566,0.148951299199719,1,"2",151485336,151734487,"protein_coding","nebulin"
"1103","UPK1B",0.236389492297331,0.00527738330460874,7.24384811226764,0.510566508415195,0,3.25400973961438,0.00113788378508795,0.00717666287314374,0.212508449867496,1,"3",119173517,119205143,"protein_coding","uroplakin 1B"
"1104","TULP2",0.234139254324389,0.00728882738853018,9.12619019344914,0.331762870732007,0.00829676381959737,2.74249218150325,0.00609749014692484,0.0278024175130665,0.148783081305824,1,"19",48880965,48898744,"protein_coding","TUB like protein 2"
"1105","MELTF",0.232573542672801,0.00808871104590056,9.66358171742769,0.289436274710677,0.0122445206028786,2.58595312134214,0.00971101371764549,0.0399166192686128,0.172567369392228,1,"3",196980590,197029835,"protein_coding","melanotransferrin"
"1106","FFAR1",0.231887099438315,0.00527936184747829,7.81232283002066,0.452014605277802,0,3.19143404375255,0.00141568429498951,0.00856838550146426,0.184839536889021,1,"19",35347902,35353864,"protein_coding","free fatty acid receptor 1"
"1107","ONECUT1",0.231324787230874,0.00701018250321848,8.95798813855117,0.34585242991086,0.00704485356595359,2.76285128612452,0.00572988665510565,0.0264479450477292,0.161379522486598,1,"15",52755053,52791078,"protein_coding","one cut homeobox 1"
"1108","HLA-DQB1",0.231257416282814,0.00527984013920407,7.376387668297,0.496620170098492,0,3.1826236267823,0.00145947194930596,0.0087937410549886,0.22888922905449,1,"HSCHR6_MHC_COX_CTG1",4072371,4079982,"protein_coding","major histocompatibility complex, class II, DQ beta 1"
"1109","KCNE3",0.230804917174177,0.00692797033462907,8.90594149057864,0.350292711406675,0.00666463474161745,2.77295005469189,0.00555506459380406,0.0258092330398846,0.151194211498285,1,"11",74454841,74467729,"protein_coding","potassium voltage-gated channel subfamily E regulatory subunit 3"
"1110","CCNB2",0.230576716992314,0.00527884556379274,7.1049902731454,0.52534860659274,0,3.17355458819386,0.00150584582070556,0.0090156241210068,0.227672870577086,1,"15",59105126,59125045,"protein_coding","cyclin B2"
"1111","H2BC10",0.230519965881693,0.00527123965655881,4.88522792742573,0.769769777847902,0,3.17506167436117,0.00149804657655506,0.00897947363651965,0.234295559452561,1,"6",26272931,26273412,"protein_coding","H2B clustered histone 10"
"1112","CAV2",0.230465350836017,0.00621656299610058,8.488452229039,0.387266193460459,0.00358899259943766,2.92301114611693,0.00346664106568295,0.0176771789664369,0.117899942189159,1,"7",116287380,116508541,"protein_coding","caveolin 2"
"1113","HADHA",0.2291256772412,0.00527672019930588,6.77974970825982,0.560571895046216,0,3.15421816571173,0.00160928732522159,0.00947472558472839,0.11306822272351,1,"2",26190635,26244672,"protein_coding","hydroxyacyl-CoA dehydrogenase trifunctional multienzyme complex subunit alpha"
"1114","ARHGAP11A",0.22839736998035,0.00605033550733863,8.39535006001712,0.395834016512931,0.0029106276062221,2.93630638573042,0.00332146088748186,0.0170748139553489,0.121887224707297,1,"HSCHR15_4_CTG8",4829724,4854533,"protein_coding","Rho GTPase activating protein 11A"
"1115","PSME1",0.228254986766146,0.00682808336760075,8.84276412726844,0.355733454890455,0.00620247464012206,2.76230014992624,0.0057395687509898,0.0264782530164645,0.0763512986567597,1,"14",24136163,24138967,"protein_coding","proteasome activator subunit 1"
"1116","HPN",0.228223991812588,0.00547870908885201,8.09761616043189,0.42399328044655,0.000717179702338112,3.08334539485741,0.00204687435737627,0.0115291577535557,0.170733702836406,1,"19",35040506,35066573,"protein_coding","hepsin"
"1117","GJA3",0.226785424105424,0.00527769786137677,7.08052869201748,0.527969716653895,0,3.1217123047966,0.0017980255247827,0.0103446320702517,0.161224029646002,1,"13",20138255,20161052,"protein_coding","gap junction protein alpha 3"
"1118","AMHR2",0.224905024824566,0.0052714641898501,6.52027751652481,0.589159339680266,0,3.09765843424402,0.00195056101663926,0.0110698245763991,0.246567211561282,1,"12",53423855,53431672,"protein_coding","anti-Mullerian hormone receptor type 2"
"1119","TFAP2B",0.223432587382905,0.00527335471278613,6.0848884545337,0.637723552347648,0,3.07682660460353,0.00209216963975289,0.0117272824595911,0.277751691230596,1,"6",50818723,50847619,"protein_coding","transcription factor AP-2 beta"
"1120","MR1",0.223128334812173,0.00700266415445644,8.95397110551306,0.346193785637358,0.00701688719435644,2.66638633683022,0.00766715279362451,0.033223065898391,0.108436282878912,1,"1",181033374,181061938,"protein_coding","major histocompatibility complex, class I-related"
"1121","GJA5",0.222243220965216,0.00526122910003248,3.31147927767425,0.913318350033614,0,3.06397287264419,0.00218418714712554,0.0121669626400557,0.214195565273226,1,"1",147756199,147773362,"protein_coding","gap junction protein alpha 5"
"1122","CDC45",0.221653247450807,0.00527385587046405,6.35371870242538,0.607674794425769,0,3.05217879080152,0.00227186736447216,0.0125741890409224,0.199320489174897,1,"22",19479457,19520612,"protein_coding","cell division cycle 45"
"1123","HOXA10",0.219120703032533,0.00526963541044978,5.33243075469646,0.721526045426166,0,3.01851353981189,0.00254018050567018,0.0137604805845835,0.115379279908507,1,"7",27170605,27180261,"protein_coding","homeobox A10"
"1124","ZNF157",0.218367729840459,0.00527439787161009,7.1035920178243,0.525498299174354,0,3.00678251057237,0.00264028590008802,0.0141822183841011,0.207843394579974,1,"X",47370578,47414498,"protein_coding","zinc finger protein 157"
"1125","WNT9B",0.217711613322533,0.00525557944410727,1.39743262745376,0.994282907050998,0,3.00311036854703,0.00267235497077101,0.0143273071019696,0.226012062290821,1,"17",46833201,46886730,"protein_coding","Wnt family member 9B"
"1126","COL9A1",0.216367974508303,0.00727469350469382,9.13397226667402,0.331120662233687,0.0083205645442904,2.53679649684905,0.0111871964649941,0.0444005206139022,0.125276693075755,1,"6",70216040,70303084,"protein_coding","collagen type IX alpha 1 chain"
"1127","RPS25",0.214456154832262,0.00712472903598865,9.03575911130288,0.339288350094703,0.00760231142454424,2.54070556489065,0.0110629039240757,0.0440185125232499,0.0694206702603173,1,"HG2217_PATCH",37312,40291,"protein_coding","ribosomal protein S25"
"1128","SLC5A1",0.214322450207869,0.00527344571878284,7.52296019552992,0.481397190674949,0,2.95134803034312,0.00316390195853899,0.0164093715963636,0.180436246689666,1,"22",32043261,32113029,"protein_coding","solute carrier family 5 member 1"
"1129","NR2E3",0.21409249212952,0.00525588596036415,2.00885594291211,0.980739146798636,0,2.95310215682558,0.00314597833817887,0.016346243563688,0.159926279769082,1,"15",71792638,71818259,"protein_coding","nuclear receptor subfamily 2 group E member 3"
"1130","OTX2",0.213439660622372,0.00527155538866913,6.31228115864448,0.612296001790729,0,2.93971842692964,0.00328510631876466,0.0169284204679151,0.281927167081393,1,"14",56799905,56816693,"protein_coding","orthodenticle homeobox 2"
"1131","ENG",0.213093240313783,0.0052723678975197,6.81417842959835,0.556807880706508,0,2.93472100064908,0.00333847718792013,0.0171519143393083,0.199241948825023,1,"9",127811130,127854773,"protein_coding","endoglin"
"1132","KLK2",0.212345141324196,0.00684719370929764,8.86381016157824,0.353914819173117,0.00633908620713118,2.56617353129935,0.0102827370949219,0.0416157829434583,0.168093615798782,1,"19",50861568,50880567,"protein_coding","kallikrein related peptidase 2"
"1133","ABCA9",0.211350926548572,0.00637547184682134,8.5834979989372,0.378639300445758,0.00427989053933703,2.64696372701541,0.00812180642151494,0.0347456303244975,0.16165427649196,1,"17",68974488,69060949,"protein_coding","ATP binding cassette subfamily A member 9"
"1134","URB2",0.209799750780092,0.00526751878679018,5.61296470808644,0.69049488407932,0,2.89069267101764,0.00384393824284146,0.0192741848007569,0.131774219667221,1,"1",229626247,229660200,"protein_coding","URB2 ribosome biogenesis homolog"
"1135","CEACAM7",0.207677734805345,0.00526467638113769,5.04316352455584,0.75295295139148,0,2.86222715702117,0.00420675285347594,0.0207312488872341,0.167750330523821,1,"19",41673303,41706976,"protein_coding","CEA cell adhesion molecule 7"
"1136","LDB3",0.206289929255231,0.00527473843264712,7.95355895019332,0.438019756423659,0,2.84038730371654,0.00450587906408684,0.0219047244433192,0.273567094974681,1,"10",86666785,86736072,"protein_coding","LIM domain binding 3"
"1137","ACP3",0.204157121506731,0.00527230496632177,7.4424974336002,0.489727184448799,0,2.8116695150553,0.00492851132371852,0.0235446889072759,0.199220034149456,1,"3",132317369,132368302,"protein_coding","acid phosphatase 3"
"1138","TSPAN12",0.203157149090159,0.00526889743806514,6.58570899317478,0.58191723210652,0,2.79880239769164,0.00512925160573885,0.0242552422899463,0.121608193386397,1,"7",120787320,120858402,"protein_coding","tetraspanin 12"
"1139","PTGER2",0.202518836309142,0.00525739588568014,3.27663212639007,0.915817494653681,0,2.79305882645666,0.00522121958695632,0.0246125279087051,0.1938029133493,1,"14",52314305,52329822,"protein_coding","prostaglandin E receptor 2"
"1140","SFTPC",0.200761626295178,0.00527303762114496,7.90312722911951,0.442989803698249,0,2.76471437195656,0.00569726581712904,0.0263402969670059,0.181363943852696,1,"8",22156913,22164479,"protein_coding","surfactant protein C"
"1141","GTF2E2",0.200248222642149,0.00526697371358648,5.99128536222046,0.648208109352369,0,2.75923121563012,0.00579375262376325,0.0266869712991794,0.0607456845377694,1,"8",30578318,30658236,"protein_coding","general transcription factor IIE subunit 2"
"1142","SLC16A5",0.200140262271512,0.00526139940504122,4.62816158468794,0.796478221097596,0,2.75920411395508,0.00579423316757377,0.0266869712991794,0.175344179755604,1,"17",75087727,75106162,"protein_coding","solute carrier family 16 member 5"
"1143","RIBC2",0.199907084746088,0.00527044772838989,7.31235942065283,0.503336788876339,0,2.75362268402067,0.00589396751062155,0.027063204925842,0.154379596273973,1,"22",45413693,45432509,"protein_coding","RIB43A domain with coiled-coils 2"
"1144","HCST",0.198169533140804,0.00526473362663516,5.59255906067384,0.692765065923727,0,2.73116969542302,0.00631099668775659,0.0285563078737981,0.131317615340283,1,"19",35902529,35904377,"protein_coding","hematopoietic cell signal transducer"
"1145","CYP2C9",0.197604848423717,0.00526886147977271,7.57179261365666,0.476374559996057,0,2.72232020017829,0.00648252980341035,0.0291771066875601,0.168442021775204,1,"10",94938658,94990091,"protein_coding","cytochrome P450 family 2 subfamily C member 9"
"1146","PGK2",0.196549713311199,0.00526350593207218,5.33020989937715,0.721769866846801,0,2.70916125749152,0.00674535460298964,0.0300733341892296,0.16441618637938,1,"6",49785660,49787285,"protein_coding","phosphoglycerate kinase 2"
"1147","TNFRSF8",0.194545295378185,0.00526520177123893,6.07100140250161,0.63927880108192,0,2.68110130171813,0.00733802984300258,0.0321092335715182,0.155157355849813,1,"1",12063303,12144207,"protein_coding","TNF receptor superfamily member 8"
"1148","PTK7",0.192670028237927,0.00526898170679613,7.80480304956391,0.452766296258255,0,2.65430494186633,0.00794719717326897,0.034205284068571,0.105977829192232,1,"6",43076307,43161719,"protein_coding","protein tyrosine kinase 7 (inactive)"
"1149","GP2",0.189866504220063,0.00525129782454009,2.35030495703158,0.968346277281216,0,2.6200828803441,0.00879083992055407,0.0369810036459876,0.170755329949329,1,"16",20309574,20327808,"protein_coding","glycoprotein 2"
"1150","POU3F4",0.185972828262031,0.00526273740699188,6.33999614320535,0.609204603660885,0,2.56356093823937,0.0103604512008668,0.0418771178791339,0.0866339195333092,1,"X",83508290,83512127,"protein_coding","POU class 3 homeobox 4"
"1151","SCGB1D1",0.182348239426892,0.00526401269349222,6.8307412370836,0.554999844795588,0,2.51329293623524,0.0119609970300343,0.04675224533848,0.145328539651836,1,"11",62190216,62193539,"protein_coding","secretoglobin family 1D member 1"
