"","symbol","Com.ES","ES.var","Qval","Qpval","tau2","Zval","Pval","FDR","AveFC","propDataset","chr","start","end","biotype","description"
"1","VIP",-0.980534678097497,0.011488049587665,11.408846177734,0.179591758531521,0.0279692877865699,-9.14828755124835,0,0,-0.798325757173594,1,"6",152750797,152759765,"protein_coding","vasoactive intestinal peptide"
"2","SLC30A3",-0.933112196726439,0.0222966581829238,20.8327082793679,0.00760535372974308,0.104828112179462,-6.24904969175402,4.12957446016549e-10,2.25428783111346e-08,-0.793272647918571,1,"2",27253684,27275817,"protein_coding","solute carrier family 30 member 3"
"3","NPTXR",-0.906377672073601,0.0214229209914656,20.0917626904389,0.00999440171097444,0.0986588240273711,-6.19255475619171,5.91967808105665e-10,3.0548654518295e-08,-0.605023973787914,1,"22",38818452,38844028,"protein_coding","neuronal pentraxin receptor"
"4","KCNF1",-0.903112805868772,0.0475841543560269,45.2186946170721,3.34489676427998e-07,0.309518792473017,-4.1400999187017,3.47154576769704e-05,0.00040503485700641,-0.438620390519368,1,"2",10911934,10914225,"protein_coding","potassium voltage-gated channel modifier subfamily F member 1"
"5","USP11",-0.881706730316092,0.0199893431038799,18.8250743166185,0.0158236683167535,0.0878166096593778,-6.23626978361179,4.48127979169044e-10,2.41524874692525e-08,-0.429550731560514,1,"X",47232866,47248328,"protein_coding","ubiquitin specific peptidase 11"
"6","GSS",-0.874668922905599,0.019131201646799,18.1357477255921,0.0202314758477986,0.0818605964408178,-6.3237191192294,2.55341747745774e-10,1.4760605839644e-08,-0.304365064946714,1,"20",34928432,34956027,"protein_coding","glutathione synthetase"
"7","OPA1",-0.868335439015638,0.0206558150959291,19.6041732559939,0.0119419594459828,0.0942897538991689,-6.04180017499656,1.5240415596196e-09,7.00043089718605e-08,-0.381664178562534,1,"3",193593144,193697811,"protein_coding","OPA1 mitochondrial dynamin like GTPase"
"8","LETMD1",-0.867301797657236,0.0165540688993766,15.8642051761018,0.0443655101824015,0.0634517481191194,-6.74089973345779,1.57409640877404e-11,1.23472122304236e-09,-0.293641927058048,1,"12",51047962,51060424,"protein_coding","LETM1 domain containing 1"
"9","PIN1",-0.855219891817586,0.012409482946006,12.3059123634633,0.138067832815002,0.0343571935635328,-7.67716633877226,1.62092561595273e-14,2.48929257394475e-12,-0.307792817725585,1,"19",9835257,9849689,"protein_coding","peptidylprolyl cis/trans isomerase, NIMA-interacting 1"
"10","RGS4",-0.853536914793338,0.0267943214267705,25.4089836124501,0.00132483320828524,0.142840408509961,-5.21435898776097,1.8445395322253e-07,4.68355042779079e-06,-0.954189121482231,1,"1",163068775,163076802,"protein_coding","regulator of G protein signaling 4"
"11","TSPAN7",-0.851912120854889,0.0322547363498205,30.4103353808357,0.000178823205690953,0.18383774069703,-4.74349065352031,2.10066640105033e-06,3.69581011469815e-05,-0.537152352782887,1,"X",38561542,38688920,"protein_coding","tetraspanin 7"
"12","PLK2",-0.844772181050527,0.0135252124658765,13.2825110789537,0.102491914811054,0.0422521669689902,-7.26386151407843,3.76143560743003e-13,4.13320163535404e-11,-0.742275348833224,1,"5",58453982,58460139,"protein_coding","polo like kinase 2"
"13","NAP1L2",-0.839823285031199,0.0180701334804777,17.1856914673383,0.0282325353464283,0.0728009433720645,-6.24751390575345,4.17037071542836e-10,2.26202682230671e-08,-0.625812905228363,1,"X",73212299,73214851,"protein_coding","nucleosome assembly protein 1 like 2"
"14","RCAN2",-0.839597598499703,0.027265935048616,26.0150642209746,0.00104408375091209,0.146777709309468,-5.08464913362235,3.68306281028907e-07,8.37576451585186e-06,-0.430944485629306,1,"6",46220736,46491972,"protein_coding","regulator of calcineurin 2"
"15","WASF1",-0.824831034869997,0.0178557945541902,17.119298648803,0.0288905300852187,0.0730258920935907,-6.17270330819712,6.71321220835353e-10,3.40238407211842e-08,-0.494018461396982,1,"6",110099819,110180004,"protein_coding","WASP family member 1"
"16","RBP4",-0.824781283937331,0.0235310070503453,22.4693873202555,0.00411666223405276,0.116473336763932,-5.37673386279048,7.5849160507957e-08,2.16047223332888e-06,-0.622626748504177,1,"10",93591687,93601744,"protein_coding","retinol binding protein 4"
"17","BEX3",-0.821165545424709,0.0220557891555762,21.0069960439396,0.00712886849431176,0.103790743404545,-5.52929063375511,3.2152827955656e-08,1.02203496642586e-06,-0.326321438014277,1,"X",103376395,103378164,"protein_coding","brain expressed X-linked 3"
"18","RIMS1",-0.820388931292566,0.0946664016999895,98.5290041500843,8.52812794742766e-18,0.729186204346205,-2.66637885950403,0.00766732334577447,0.033223065898391,-0.359090746857086,1,"6",71886550,72403150,"protein_coding","regulating synaptic membrane exocytosis 1"
"19","MPPED2",-0.820181792188493,0.0203881146914315,19.4805872892579,0.0124903467062052,0.0924670815510343,-5.7440946808027,9.24140719504862e-09,3.45441632878848e-07,-0.335085991714568,1,"11",30384493,30586872,"protein_coding","metallophosphoesterase domain containing 2"
"20","NMNAT2",-0.819937281468824,0.0208696052487799,19.8350472621775,0.010978465259254,0.094280578070715,-5.67575338009161,1.3807958998413e-08,4.8419023211354e-07,-0.699986358191787,1,"1",183248237,183418380,"protein_coding","nicotinamide nucleotide adenylyltransferase 2"
"21","DGKB",-0.816403983826586,0.0112782512835297,11.5238564656585,0.173745705177725,0.0279383987373781,-7.68748412571709,1.50990331349021e-14,2.34707104700037e-12,-0.637196193200022,1,"7",14145049,14974777,"protein_coding","diacylglycerol kinase beta"
"22","CRYM",-0.81523934317786,0.0180295930346767,17.330350583334,0.0268472081029513,0.0744228739527414,-6.07144644376544,1.26763244345796e-09,5.98439886686549e-08,-0.794515835614167,1,"16",21238874,21303083,"protein_coding","crystallin mu"
"23","ME3",-0.813829526664874,0.020731588213825,19.8649634688116,0.0108591914398588,0.0948396662866164,-5.65219524698189,1.58411499473488e-08,5.44991141171068e-07,-0.291280781953195,1,"11",86441108,86672636,"protein_coding","malic enzyme 3"
"24","UBE2N",-0.811865613758854,0.0172411645556839,16.64818307406,0.0339882897771848,0.0687016858324766,-6.18302281411635,6.28856300366465e-10,3.21916338659484e-08,-0.487928320984057,1,"12",93405673,93441947,"protein_coding","ubiquitin conjugating enzyme E2 N"
"25","ATXN10",-0.810159460965062,0.0199054724648574,19.156064447431,0.0140469302372661,0.0889641865191708,-5.74227864540906,9.34109434247432e-09,3.48146956246634e-07,-0.242752020283236,1,"22",45671798,45845307,"protein_coding","ataxin 10"
"26","SST",-0.805135760908799,0.0310356220165337,29.7395709411883,0.000234992245276585,0.177090639855342,-4.57023876520561,4.87168853258169e-06,7.58668025419089e-05,-0.980482652557827,1,"3",187668912,187670394,"protein_coding","somatostatin"
"27","SRD5A1",-0.797838008728386,0.00847353818186276,9.57332355010108,0.296258261806563,0.0123382094701149,-8.66727001923805,0,0,-0.391528517058283,1,"5",6633290,6676539,"protein_coding","steroid 5 alpha-reductase 1"
"28","SYNGR3",-0.796991203373253,0.025252555576053,24.1510625770389,0.0021618538133998,0.128952572344975,-5.01534554482797,5.29382373937182e-07,1.14466029336561e-05,-0.548548938451996,1,"HG401_PATCH",55808,60423,"protein_coding","synaptogyrin 3"
"29","SUB1",-0.795072291558645,0.0252994819952349,24.2678698842055,0.0020663173235628,0.129865605252944,-4.99862784261397,5.77397196943608e-07,1.22765527453573e-05,-0.353923752270083,1,"5",32531633,32604507,"protein_coding","SUB1 regulator of transcription"
"30","PPP1R2",-0.792909187270849,0.0153985272393834,15.0294230103855,0.0585758665298301,0.0558934401210495,-6.38974986025093,1.6615731013303e-10,1.00375552303823e-08,-0.457138331897707,1,"3",195514428,195543386,"protein_coding","protein phosphatase 1 regulatory inhibitor subunit 2"
"31","KCNV1",-0.791362105164404,0.0157873699669404,15.3740785183909,0.0522670843277492,0.0584915384978983,-6.29825669125569,3.0101166004215e-10,1.70526449987878e-08,-0.80428520751186,1,"8",109963636,109975771,"protein_coding","potassium voltage-gated channel modifier subfamily V member 1"
"32","TUBB2A",-0.790098735723104,0.0308102194775946,29.9214209095551,0.000218246403531086,0.175653977273269,-4.50125866952522,6.75522349946611e-06,0.000101635514733792,-0.521225938935407,1,"6",3153497,3157544,"protein_coding","tubulin beta 2A class IIa"
"33","KIFAP3",-0.787465369580941,0.0148922941114022,14.5098772430017,0.0694060942006805,0.0513092412178718,-6.4528365052043,1.09775744050467e-10,6.89288926866636e-09,-0.474023578916397,1,"1",169921326,170085208,"protein_coding","kinesin associated protein 3"
"34","CLIP3",-0.784886019906467,0.0424263327299692,41.7085087419609,1.53592928950595e-06,0.273030194173679,-3.81056037345398,0.000138652145193818,0.00129002158300219,-0.286451914268259,1,"19",36014660,36033343,"protein_coding","CAP-Gly domain containing linker protein 3"
"35","ICAM5",-0.784395371976357,0.0359770019774672,34.8269404691096,2.87504940364439e-05,0.21705619238039,-4.13544774582703,3.54263222905882e-05,0.000411714800532962,-0.490432856284493,1,"19",10289952,10296778,"protein_coding","intercellular adhesion molecule 5"
"36","MDH2",-0.784247176946698,0.012585921466293,12.6063324321055,0.12613147616986,0.0363015280738464,-6.99053565711387,2.73847611254041e-12,2.51122199773355e-10,-0.313840606174352,1,"7",76048051,76067508,"protein_coding","malate dehydrogenase 2"
"37","HPRT1",-0.779913464832242,0.0132489253313077,13.1902858151382,0.105468029279109,0.0408556624423052,-6.77573000298543,1.23778765015459e-11,9.89182462864918e-10,-0.738718844695304,1,"X",134460165,134520513,"protein_coding","hypoxanthine phosphoribosyltransferase 1"
"38","EMC1",-0.779120703520596,0.0164564071033649,16.0068596997958,0.0422820337833131,0.0627868111990949,-6.0734747980541,1.25171650822153e-09,5.93122842826981e-08,-0.206545852766652,1,"1",19215660,19251552,"protein_coding","ER membrane protein complex subunit 1"
"39","ATP6AP2",-0.777250931077575,0.0103954340064157,10.9456419250836,0.204798268302231,0.0230572359052507,-7.62324606225157,2.46469511466785e-14,3.54985720667952e-12,-0.379447461980041,1,"X",40579372,40606848,"protein_coding","ATPase H+ transporting accessory protein 2"
"40","AP1S1",-0.769815952660783,0.0230318676304093,22.2190189907154,0.00452589048410041,0.112282434819759,-5.07250318809259,3.92616555933145e-07,8.86534442905551e-06,-0.39919586710009,1,"7",101154456,101161596,"protein_coding","adaptor related protein complex 1 subunit sigma 1"
"41","PACSIN1",-0.769076253935212,0.0279362757882027,26.7211120118463,0.000789783404884505,0.151358496502918,-4.60134871340144,4.19763988568356e-06,6.69652275380043e-05,-0.522385844272612,1,"6",34466061,34535229,"protein_coding","protein kinase C and casein kinase substrate in neurons 1"
"42","MTX2",-0.76848448310318,0.0089300495567056,9.92495356406206,0.270332772592911,0.014989798750131,-8.13220219820539,4.44089209850063e-16,1.04825613210256e-13,-0.418940994764779,1,"2",176269395,176338025,"protein_coding","metaxin 2"
"43","HSPB3",-0.76768824133133,0.0352298349509985,34.1187296765483,3.86625810302701e-05,0.214864094873296,-4.09005910787896,4.31263270113114e-05,0.000482413099824204,-0.618262670083853,1,"5",54455699,54456377,"protein_coding","heat shock protein family B (small) member 3"
"44","CHRM1",-0.765989595901242,0.0101956085687229,10.7709616776818,0.215017578827774,0.0217788669379104,-7.58606036176175,3.30846461338297e-14,4.65981703806475e-12,-0.612630022845531,1,"11",62908679,62921807,"protein_coding","cholinergic receptor muscarinic 1"
"45","ATP6V1E1",-0.765785161438466,0.0247606654965603,23.7942438430582,0.00248103764145054,0.126463968667776,-4.86660155157016,1.13533597878579e-06,2.17945181530016e-05,-0.370796024220891,1,"22",17592136,17628749,"protein_coding","ATPase H+ transporting V1 subunit E1"
"46","SORCS3",-0.765044396397462,0.0303324063341136,29.2748995343028,0.000283728464639063,0.171444824651203,-4.3927168085863,1.11942903069373e-05,0.000153924510676781,-0.334799442917061,1,"10",104641290,105265242,"protein_coding","sortilin related VPS10 domain containing receptor 3"
"47","ARF5",-0.76284672398518,0.0265509920877509,25.5770684907872,0.00124033379853047,0.14167150764021,-4.68162807514099,2.84605495703971e-06,4.82321081511432e-05,-0.298856337667065,1,"7",127588386,127591700,"protein_coding","ADP ribosylation factor 5"
"48","PPP2R1A",-0.762760345413788,0.0162871671162752,15.8130449846811,0.0451355330619392,0.0617598414676509,-5.9767533065273,2.27628493831844e-09,1.00396768049398e-07,-0.325566229910833,1,"19",52170936,52229518,"protein_coding","protein phosphatase 2 scaffold subunit Aalpha"
"49","STXBP1",-0.761626330136452,0.0222670664242316,21.3630042698039,0.00624316352701039,0.106349837304358,-5.10399743284303,3.32552785531348e-07,7.69307455676103e-06,-0.628408503762368,1,"9",127579370,127696027,"protein_coding","syntaxin binding protein 1"
"50","BNIP3",-0.761056874514722,0.0220715471335997,21.3209297386604,0.00634204298121695,0.105493341949211,-5.12272125317964,3.01157393245433e-07,7.04349121651909e-06,-0.229749662067615,1,"10",131967684,131981967,"protein_coding","BCL2 interacting protein 3"
"51","SLC25A14",-0.760291921124337,0.0109037982027993,11.3615111524281,0.182044614944855,0.0262578171367905,-7.28100740925335,3.31290550548147e-13,3.7042061425982e-11,-0.313113653554715,1,"X",130339888,130373361,"protein_coding","solute carrier family 25 member 14"
"52","ADAM23",-0.758642441353353,0.013801616258668,13.6719456617181,0.0907270242320753,0.0446063787094981,-6.45761517963072,1.06365805052633e-10,6.72849495832945e-09,-0.487591780990846,1,"2",206443532,206621127,"protein_coding","ADAM metallopeptidase domain 23"
"53","PRKAR1B",-0.758379788110464,0.0322426838306385,31.4641562624033,0.000116133127176605,0.186462643890289,-4.2234869597126,2.40551294947711e-05,0.00029510943994716,-0.409561129745535,1,"7",549197,727650,"protein_coding","protein kinase cAMP-dependent type I regulatory subunit beta"
"54","KCNB2",-0.758207565195395,0.0312015663756176,30.0256403535263,0.000209183809529378,0.178219071551755,-4.29239731877789,1.76754296825621e-05,0.000226545866715714,-0.580967560348409,1,"8",72537225,72938349,"protein_coding","potassium voltage-gated channel subfamily B member 2"
"55","NPTN",-0.757806110592231,0.0187351169024986,18.049019210996,0.0208619696594169,0.0792356442016272,-5.53643109586734,3.08697203355024e-08,9.89889032091777e-07,-0.35552442010755,1,"15",73560014,73634134,"protein_coding","neuroplastin"
"56","BSCL2",-0.755578548603656,0.00805782760382587,9.32762204796592,0.31541637777164,0.0103804073924061,-8.41725789709248,0,0,-0.387224106017659,1,"11",62689289,62709845,"protein_coding","BSCL2 lipid droplet biogenesis associated, seipin"
"57","SNCB",-0.755468614302458,0.0296618829780562,28.8851918646656,0.00033214840219384,0.164692238966111,-4.38648923448203,1.15194863632428e-05,0.000157687729979451,-0.461399581516137,1,"5",176620082,176630556,"protein_coding","synuclein beta"
"58","FGF13",-0.755017378129915,0.0227001389431643,21.8097063022748,0.00528085481489311,0.109740851495637,-5.01121100888159,5.40885650934797e-07,1.16165104458979e-05,-0.472893074109724,1,"X",138614727,139222777,"protein_coding","fibroblast growth factor 13"
"59","CCKBR",-0.75482468279729,0.0380902410747425,36.8159003202898,1.24416993220256e-05,0.236413173316493,-3.86757934774537,0.000109921067008578,0.00106346025094865,-0.572612282697063,1,"11",6259806,6272127,"protein_coding","cholecystokinin B receptor"
"60","PTPRN2",-0.754816043196614,0.034257751493107,33.1200148216075,5.8595828449871e-05,0.202975880420067,-4.07813590768511,4.53982274397635e-05,0.000504716570654927,-0.387852073933685,1,"HSCHR7_1_CTG7",53097,186331,"protein_coding","protein tyrosine phosphatase receptor type N2"
"61","ENTPD6",-0.754687114148233,0.0271329332536513,26.3105329884399,0.000929178195966642,0.1451597699875,-4.58161467845552,4.61399467499568e-06,7.27976459775319e-05,-0.31951270299427,1,"20",25195693,25228075,"protein_coding","ectonucleoside triphosphate diphosphohydrolase 6"
"62","PCSK1N",-0.752644083964826,0.0128126687941154,12.8192423510837,0.118222099596707,0.0377444510359596,-6.64920698391176,2.94675395196009e-11,2.13413632094655e-09,-0.422204357309859,1,"X",48831096,48835610,"protein_coding","proprotein convertase subtilisin/kexin type 1 inhibitor"
"63","VGF",-0.752009867784425,0.0494110693574546,48.1110131453122,9.40827380975391e-08,0.331668048849318,-3.38307334102334,0.000716794875058824,0.00494382283304721,-0.742128560700946,1,"7",101162509,101165569,"protein_coding","VGF nerve growth factor inducible"
"64","MRPL15",-0.750213234701458,0.022854024116969,22.0951349327756,0.00474264526187747,0.112398704012959,-4.96253269086804,6.95798506589185e-07,1.44446183456662e-05,-0.300012530224162,1,"8",54135241,54148514,"protein_coding","mitochondrial ribosomal protein L15"
"65","ZNHIT3",-0.749922629550722,0.00561064068150536,7.63277508135922,0.470137954174098,0,-10.0117554028586,0,0,-0.228543390637096,1,"HSCHR17_7_CTG4",721533,734214,"protein_coding","zinc finger HIT-type containing 3"
"66","BZW2",-0.74982393394729,0.0467660805601666,47.5391823649396,1.20998017068935e-07,0.315082633434294,-3.46731910052864,0.000525677439180861,0.00384978309596026,-0.284986733366778,1,"7",16646131,16706523,"protein_coding","basic leucine zipper and W2 domains 2"
"67","AP3B2",-0.746240278158014,0.0196823012291243,19.0146007834217,0.0147817572658242,0.0866239202213207,-5.31913177025971,1.04263604194799e-07,2.84581591192505e-06,-0.483517256487269,1,"15",82659281,82710112,"protein_coding","adaptor related protein complex 3 subunit beta 2"
"68","TUSC2",-0.742442170096421,0.0208925173707961,20.1935590086539,0.00962804018999112,0.0961953446155898,-5.13649944485396,2.79903177080598e-07,6.6620530557305e-06,-0.2467457343096,1,"3",50320027,50328251,"protein_coding","tumor suppressor 2, mitochondrial calcium regulator"
"69","PFN2",-0.742377296551808,0.0279608604168182,27.167217313362,0.000661479979211476,0.15236034302137,-4.43965697398072,9.01023751720409e-06,0.000128826688180642,-0.380343970554659,1,"3",149964904,150050788,"protein_coding","profilin 2"
"70","PSMG1",-0.742037108429765,0.00958305608074805,10.3681469146245,0.24013140651614,0.0184886355994408,-7.58007686466929,3.46389583683049e-14,4.85192838287471e-12,-0.408818128440369,1,"21",39174769,39183488,"protein_coding","proteasome assembly chaperone 1"
"71","ARHGEF9",-0.740760566991691,0.0194895647909696,18.8970928157524,0.0154197899309651,0.0863007773091859,-5.30611654598989,1.11985372530654e-07,3.02099799145393e-06,-0.370830770858018,1,"X",63634967,63809274,"protein_coding","Cdc42 guanine nucleotide exchange factor 9"
"72","OLA1",-0.73998283528431,0.0124844819351077,12.6203965953669,0.125595212493513,0.0361955658870461,-6.62271983601024,3.52649021095885e-11,2.51119594826743e-09,-0.326608107200338,1,"2",174072447,174248599,"protein_coding","Obg like ATPase 1"
"73","EHD3",-0.739650295710798,0.01205017730299,12.2083946464228,0.142145219282295,0.032950674209184,-6.73797998666222,1.60602642296226e-11,1.23961639744582e-09,-0.392545944451524,1,"2",31234152,31269451,"protein_coding","EH domain containing 3"
"74","RPH3A",-0.738556265433905,0.0262447660288187,25.3562794420311,0.00135246584794952,0.13823116824401,-4.55892275872301,5.1416676178917e-06,7.94403227775231e-05,-0.629479634132901,1,"12",112570380,112898881,"protein_coding","rabphilin 3A"
"75","PNMA2",-0.737740614075907,0.00750603542015316,9.01310717160515,0.341191456714593,0.00786507927353009,-8.51526931638518,0,0,-0.666939649044262,1,"8",26504701,26514092,"protein_coding","PNMA family member 2"
"76","ATP6V1G2",-0.737583182593031,0.0213184099005028,20.4993300391943,0.0086032985124823,0.0991307947007531,-5.05165405511314,4.38000461233656e-07,9.71796845798921e-06,-0.554211799049755,1,"HSCHR6_MHC_MANN_CTG1",2849515,2851897,"protein_coding","ATPase H+ transporting V1 subunit G2"
"77","GPI",-0.73455588876488,0.0185836194229098,17.9997602140181,0.0212282840851734,0.0787637031539668,-5.38839833514645,7.10883565346876e-08,2.04312905652626e-06,-0.359545885439456,1,"19",34359480,34402413,"protein_coding","glucose-6-phosphate isomerase"
"78","SYP",-0.730407591237215,0.0253721622976609,24.4529798806368,0.00192326362747459,0.130981334859536,-4.58549831135223,4.52904935643872e-06,7.16247240965833e-05,-0.730953849471126,1,"X",49187815,49200218,"protein_coding","synaptophysin"
"79","UBE2V2",-0.72917114627791,0.0407078505016903,39.8714037537779,3.38534117327712e-06,0.257669388238544,-3.61401865160109,0.000301487359027908,0.00243530330915667,-0.284345449275122,1,"8",48008415,48064708,"protein_coding","ubiquitin conjugating enzyme E2 V2"
"80","FKBP1B",-0.728846512554787,0.0290349826234489,28.2667230163392,0.000426101836846343,0.162173683681184,-4.27735498749123,1.89127080210127e-05,0.000240230027692914,-0.3468094571414,1,"2",24049701,24063681,"protein_coding","FKBP prolyl isomerase 1B"
"81","SEZ6L2",-0.728724095379168,0.0206187650521198,20.0618881216111,0.0101044264026899,0.0942920818427356,-5.07495043249755,3.87597026474396e-07,8.77532060027688e-06,-0.479440195805482,1,"16",29871159,29899550,"protein_coding","seizure related 6 homolog like 2"
"82","ARF3",-0.727828105641277,0.0300471475859076,29.0207011502596,0.000314456493348607,0.168164143023279,-4.19881941914296,2.68310177284903e-05,0.000324025440801081,-0.323520468833205,1,"12",48935723,48957487,"protein_coding","ADP ribosylation factor 3"
"83","TARBP1",-0.727505392963881,0.027573035776593,26.7136709161372,0.000792117615949857,0.150149058717394,-4.38120853364596,1.18022845936316e-05,0.000160896064783664,-0.397475442891352,1,"1",234391313,234479179,"protein_coding","TAR (HIV-1) RNA binding protein 1"
"84","UCHL1",-0.726935321614812,0.0150645788147879,14.8454118815053,0.0622219534833022,0.0535906888929094,-5.92266644666778,3.16762926999559e-09,1.34811974924871e-07,-0.658837491895906,1,"4",41256413,41268455,"protein_coding","ubiquitin C-terminal hydrolase L1"
"85","NIPSNAP1",-0.726780818866011,0.0261908873202733,25.3451047912696,0.0013583964619398,0.137590538813333,-4.49084794778729,7.09401826415323e-06,0.000105266477071047,-0.266051691333701,1,"22",29554808,29581327,"protein_coding","nipsnap homolog 1"
"86","PRKCG",-0.724325568893174,0.0391541056660632,38.4097650687808,6.32306386993862e-06,0.245899172342131,-3.66054004230202,0.000251684215770487,0.00210435740001214,-0.549353238197431,1,"19",53879190,53907652,"protein_coding","protein kinase C gamma"
"87","BASP1",-0.723920237179293,0.0238061350059317,22.9345427518968,0.00344931018340209,0.118227834986493,-4.69187325194615,2.70714831818175e-06,4.61010902307331e-05,-0.544248811823205,1,"5",17065598,17276843,"protein_coding","brain abundant membrane attached signal protein 1"
"88","CACNB1",-0.72332614248374,0.0247465277532189,23.899481744353,0.00238242303459366,0.126503872888149,-4.59808532832135,4.2639136985656e-06,6.78526541307946e-05,-0.406603483166909,1,"17",39173453,39197702,"protein_coding","calcium voltage-gated channel auxiliary subunit beta 1"
"89","PCMT1",-0.723122570658534,0.014741256478854,14.542789173224,0.0686695507731894,0.051065867676788,-5.95586254402569,2.58703702904484e-09,1.12353211211993e-07,-0.364594267928889,1,"6",149749444,149811420,"protein_coding","protein-L-isoaspartate (D-aspartate) O-methyltransferase"
"90","MAGED1",-0.722440292798627,0.0251769501196284,24.4556003662883,0.0019213093144728,0.130258545833932,-4.55302882935494,5.28790233533805e-06,8.15514181698565e-05,-0.316082383855435,1,"X",51803007,51902354,"protein_coding","MAGE family member D1"
"91","LDB2",-0.719149744368307,0.0257637427456998,25.1863986631233,0.00144541163076865,0.136789148117498,-4.48038003599595,7.45102498900252e-06,0.000109543817788144,-0.544010889973449,1,"4",16501541,16898678,"protein_coding","LIM domain binding 2"
"92","GNG3",-0.718945717579714,0.0323912240920192,31.3618949178785,0.000121116783887206,0.188141504810814,-3.99468391483585,6.47806189937317e-05,0.000681011265982351,-0.540391651316609,1,"11",62707676,62712083,"protein_coding","G protein subunit gamma 3"
"93","GLMN",-0.717007653296001,0.0154485052112204,15.2068640789279,0.0552457496401414,0.0566055701879836,-5.768734606373,7.98689669956332e-09,3.05061763664886e-07,-0.32454271100199,1,"1",92246402,92298987,"protein_coding","glomulin, FKBP associated protein"
"94","SCG5",-0.716115435888768,0.0153410674301008,15.0758948784272,0.0576864233285647,0.0553602682887615,-5.78169590401584,7.3951296197805e-09,2.86075932317245e-07,-0.591198696031541,1,"15",32641676,32697098,"protein_coding","secretogranin V"
"95","KCNIP1",-0.714893141028207,0.0448163566585177,45.4707265222309,2.99615814489723e-07,0.295451062814443,-3.37693620615869,0.000732980478164169,0.00503662299995665,-0.310146269915472,1,"5",170353487,170736632,"protein_coding","potassium voltage-gated channel interacting protein 1"
"96","ARL6IP1",-0.713988254325688,0.0137728233167378,13.7679873833462,0.088016798068405,0.0449497170510102,-6.0838651495267,1.17319287618045e-09,5.63243050705617e-08,-0.317611384162332,1,"16",18791609,18801572,"protein_coding","ADP ribosylation factor like GTPase 6 interacting protein 1"
"97","CRH",-0.713375573643695,0.0268433687058287,26.076793782129,0.00101898513347031,0.14510257339517,-4.3541133066658,1.33606593046842e-05,0.000179737882667185,-0.721038701878559,1,"8",66176376,66178464,"protein_coding","corticotropin releasing hormone"
"98","THYN1",-0.713219318409339,0.015593408274202,15.358845584722,0.0525322085944048,0.0577039802138213,-5.7115314571348,1.11963995852449e-08,4.02013823417814e-07,-0.241234271400398,1,"11",134248279,134253370,"protein_coding","thymocyte nuclear protein 1"
"99","THY1",-0.711005060514574,0.0195913680669274,19.0190516138286,0.0147580908427642,0.0865067412556291,-5.07972626607146,3.77979097798686e-07,8.57279460870277e-06,-0.597404356684599,1,"11",119415476,119424985,"protein_coding","Thy-1 cell surface antigen"
"100","AGPAT1",-0.71090454518549,0.0225320698292483,21.7937547550454,0.00531261034936561,0.108371670364679,-4.73598967238807,2.17988688899773e-06,3.81674838332549e-05,-0.146345163302588,1,"HSCHR6_MHC_MCF_CTG1",3510233,3520117,"protein_coding","1-acylglycerol-3-phosphate O-acyltransferase 1"
"101","WASL",-0.710260014178091,0.0122128577753909,12.4317711268418,0.132953925584714,0.0345683531590972,-6.42700615628879,1.30141453169585e-10,8.04756740557961e-09,-0.316300829620007,1,"7",123681943,123749003,"protein_coding","WASP like actin nucleation promoting factor"
"102","AP3M2",-0.709260819884485,0.0122999953529028,12.5181131190971,0.129540631780561,0.0350213714831109,-6.39519065158417,1.60347068955957e-10,9.75591367277856e-09,-0.284467609929462,1,"8",42152946,42171673,"protein_coding","adaptor related protein complex 3 subunit mu 2"
"103","HPCA",-0.7087166695093,0.0389340448459578,37.7525225552249,8.36357444284183e-06,0.242781178475973,-3.59176476224133,0.000328446262156001,0.00261658767535717,-0.595005794836723,1,"1",32885994,32898441,"protein_coding","hippocalcin"
"104","MEF2C",-0.708209706912192,0.00556921153830952,7.03089817284907,0.533302687932077,0,-9.48997389777134,0,0,-0.526762166045563,1,"5",88717117,88904257,"protein_coding","myocyte enhancer factor 2C"
"105","SHANK2",-0.706490469382236,0.0134759713575138,13.506247577151,0.0955778295209787,0.043116934477587,-6.08592040242029,1.15823972635098e-09,5.5816645262506e-08,-0.342806534522116,1,"11",70467854,71252577,"protein_coding","SH3 and multiple ankyrin repeat domains 2"
"106","SPCS1",-0.705955980448928,0.0202714335029223,19.7556963304576,0.0113009241675804,0.0926084604428935,-4.95832958217663,7.11018690813248e-07,1.46769226598398e-05,-0.277019586005264,1,"3",52704955,52711148,"protein_coding","signal peptidase complex subunit 1"
"107","PSMB4",-0.703599551910586,0.00624910935551489,8.33719437328407,0.401244082985083,0.00259848958644881,-8.90054277898724,0,0,-0.198713346113697,1,"1",151399560,151401937,"protein_coding","proteasome 20S subunit beta 4"
"108","PCDH8",-0.703300587289346,0.0336293687710658,32.9246214873058,6.35442837667109e-05,0.19942440397139,-3.83514353205468,0.000125490989027366,0.00118794719022452,-0.561885868110598,1,"13",52842889,52848641,"protein_coding","protocadherin 8"
"109","CDK20",-0.703173161369934,0.0128273622072032,12.9225410819733,0.114542663222766,0.0382100224378103,-6.20859895158536,5.34590594014617e-10,2.79842258998247e-08,-0.340691002188792,1,"9",87966441,87974753,"protein_coding","cyclin dependent kinase 20"
"110","SLC8A3",-0.703056312645891,0.0199274626463965,19.2571253940556,0.0135434012158132,0.0885260538384225,-4.98039868981046,6.34534136123577e-07,1.33356790867258e-05,-0.324097979893603,1,"14",70044215,70189480,"protein_coding","solute carrier family 8 member A3"
"111","NDUFB5",-0.702281030909363,0.020087889364849,19.7041339937373,0.0115152851916459,0.0915152223213584,-4.95500142909863,7.2329757605516e-07,1.48824814724222e-05,-0.299717212840208,1,"3",179604690,179627647,"protein_coding","NADH:ubiquinone oxidoreductase subunit B5"
"112","TAC3",-0.700970466327705,0.00773270406130971,9.17857569846279,0.327456341088053,0.00910985931986835,-7.97138941503029,1.55431223447522e-15,3.16992654347814e-13,-0.740871234986415,1,"12",57010000,57028883,"protein_coding","tachykinin precursor 3"
"113","PSMA5",-0.700536557731012,0.0128523226924541,12.9943373869586,0.112044592778183,0.0386838655172026,-6.17931014573554,6.43822994916832e-10,3.28917427042381e-08,-0.234557461985361,1,"1",109399042,109426448,"protein_coding","proteasome 20S subunit alpha 5"
"114","TUBG1",-0.699949836757765,0.0123984528873514,12.5925513859511,0.126658865091118,0.0356880737518222,-6.28612725504436,3.25483195950937e-10,1.82363584931368e-08,-0.1965114932189,1,"17",42609641,42615238,"protein_coding","tubulin gamma 1"
"115","KIAA0513",-0.699627422471333,0.0366858770220464,35.7338982539846,1.96430736091964e-05,0.222579374863008,-3.65272831119548,0.000259468720785971,0.00215250117116719,-0.448118593702883,1,"16",85027782,85094230,"protein_coding","KIAA0513"
"116","TAGLN3",-0.699506306064058,0.0212287389930151,20.5579419236135,0.00841919358575471,0.0987035960453463,-4.8009760039711,1.57894190233598e-06,2.88544558539435e-05,-0.659240899843996,1,"3",111998739,112013887,"protein_coding","transgelin 3"
"117","RTN3",-0.69878114186882,0.0264358975354131,25.8566941624983,0.00111126764493109,0.140907832123252,-4.29777965968942,1.725175280054e-05,0.000222120673810185,-0.310555906444337,1,"11",63681446,63759891,"protein_coding","reticulon 3"
"118","LSM4",-0.698202364305555,0.0184416238398515,17.8956328228763,0.022022698352282,0.0768603242128919,-5.14140405168033,2.72692902258953e-07,6.50913872405196e-06,-0.219113053656206,1,"19",18306236,18323112,"protein_coding","LSM4 homolog, U6 small nuclear RNA and mRNA degradation associated"
"119","SRSF8",-0.697956844433529,0.00984051473793016,10.5656115962654,0.22754711734429,0.0199794800223237,-7.03590006695817,1.97974969751158e-12,1.86925033476528e-10,-0.21706834381998,1,"11",95066919,95071225,"protein_coding","serine and arginine rich splicing factor 8"
"120","TM7SF2",-0.697581389259595,0.0182869903573169,17.8302516542491,0.0225357482517701,0.0769209448351897,-5.15850395219495,2.48930854818141e-07,6.00377888541048e-06,-0.312296935119832,1,"11",65111845,65116384,"protein_coding","transmembrane 7 superfamily member 2"
"121","UQCRC2",-0.697206674187116,0.0156801217538717,15.499865352371,0.0501243043605602,0.0583999365648033,-5.56784094688153,2.57915080403848e-08,8.40796565822927e-07,-0.32168627464124,1,"16",21953288,21983660,"protein_coding","ubiquinol-cytochrome c reductase core protein 2"
"122","CRMP1",-0.696827492939795,0.0283187290184432,27.7125544230349,0.000532106648311023,0.155499679259752,-4.14083950805796,3.46037020395595e-05,0.000403915831545097,-0.302973310009908,1,"4",5748084,5893086,"protein_coding","collapsin response mediator protein 1"
"123","ATP2A2",-0.696789672042506,0.0168633653666378,16.5522646513703,0.0351240717664639,0.0669310218419023,-5.36573944593726,8.06182502977038e-08,2.28355672759929e-06,-0.324097925408229,1,"12",110280756,110351093,"protein_coding","ATPase sarcoplasmic/endoplasmic reticulum Ca2+ transporting 2"
"124","ADCYAP1",-0.693802743601822,0.0376461283483347,36.9575305768343,1.17177484414677e-05,0.232479963676928,-3.57582168384277,0.000349129574367613,0.00274194708544472,-0.473497893852425,1,"18",904871,912172,"protein_coding","adenylate cyclase activating polypeptide 1"
"125","NECAP1",-0.692846741145624,0.0150514890511229,14.8995610452246,0.061128108278608,0.0537340103561006,-5.64738563841117,1.62906130807272e-08,5.58945624854615e-07,-0.480238798197359,1,"12",8076939,8097881,"protein_coding","NECAP endocytosis associated 1"
"126","HABP4",-0.691973465538474,0.0202051292591689,19.7363554062865,0.0113808801244411,0.0909885086847013,-4.86809029114296,1.126818477859e-06,2.16884988906685e-05,-0.227924683025263,1,"9",96450169,96491336,"protein_coding","hyaluronan binding protein 4"
"127","CYP2C8",-0.688420449506849,0.0288393241839448,28.4356883502694,0.000398116326870263,0.160916198989654,-4.05378977635512,5.03945068985878e-05,0.000551613209259639,-0.375356508984749,1,"10",95036772,95069497,"protein_coding","cytochrome P450 family 2 subfamily C member 8"
"128","NXPH1",-0.687455940375115,0.020164524809259,19.5132652720206,0.0123430541264279,0.0905358403248311,-4.84117601639224,1.29072979060396e-06,2.43640276591371e-05,-0.454540187844612,1,"7",8433609,8752961,"protein_coding","neurexophilin 1"
"129","DDX25",-0.687008764837869,0.0136112100924286,13.6629103899189,0.0909857777010581,0.0439722862412362,-5.88862514446607,3.89421606072915e-09,1.62214460843412e-07,-0.363540983553095,1,"11",125903348,125943702,"protein_coding","DEAD-box helicase 25"
"130","PTPRN",-0.685738933811846,0.0379942627876855,37.5437287368129,9.13915615030391e-06,0.234241527180905,-3.51803209135039,0.000434759782838912,0.00328006248710044,-0.462608749666013,1,"2",219289623,219309648,"protein_coding","protein tyrosine phosphatase receptor type N"
"131","ARL4D",-0.685313250273518,0.0106973249414597,11.2525153003349,0.187797722690872,0.0251718106411751,-6.62600157475576,3.44901884830051e-11,2.46290861343767e-09,-0.349198516162847,1,"17",43398993,43401137,"protein_coding","ADP ribosylation factor like GTPase 4D"
"132","CALB1",-0.684360484814062,0.023573615125325,23.087833453298,0.00325328973329325,0.117552128816992,-4.4572996461709,8.29985487604823e-06,0.000119851227353969,-0.758138700087063,1,"8",90058608,90095475,"protein_coding","calbindin 1"
"133","R3HDM1",-0.68396805045358,0.0178278897687767,17.4735680067171,0.0255387260282086,0.0740940444421389,-5.12254574430061,3.01437934835391e-07,7.0435905341509e-06,-0.463205258054298,1,"2",135531455,135725270,"protein_coding","R3H domain containing 1"
"134","PTPN3",-0.682086307013003,0.0231813191309369,22.7190406986596,0.00374432870562375,0.115740970466008,-4.47991999494597,7.4671022793904e-06,0.000109716909745533,-0.564646310746999,1,"9",109375466,109498313,"protein_coding","protein tyrosine phosphatase non-receptor type 3"
"135","CACNB2",-0.679503882934004,0.0344365127822497,34.3874093762667,3.45575032684064e-05,0.207606721951193,-3.6616966248363,0.000250550454733656,0.00209900845958761,-0.359378217353953,1,"10",18140424,18543557,"protein_coding","calcium voltage-gated channel auxiliary subunit beta 2"
"136","DGKI",-0.679405546643885,0.0289711189673743,28.3723435830144,0.000408390244520278,0.161517084275093,-3.9915948475255,6.56304294166521e-05,0.000688525323917165,-0.443607884474312,1,"7",137381037,137847092,"protein_coding","diacylglycerol kinase iota"
"137","PFKM",-0.678938735888335,0.022056630131479,21.6092004904236,0.00569365994836297,0.105214836378132,-4.57152403216742,4.84189746385866e-06,7.55413048018046e-05,-0.254391633281838,1,"12",48105139,48146404,"protein_coding","phosphofructokinase, muscle"
"138","SNX10",-0.678319070066898,0.0315320865328085,31.0015838846175,0.000140412210050902,0.183564565003899,-3.81994994384974,0.000133478759732242,0.00124847445207037,-0.574838368639203,1,"7",26291862,26374383,"protein_coding","sorting nexin 10"
"139","DDX1",-0.678224356332511,0.00553222876856129,5.29071263378073,0.726100362805444,0,-9.11849819970919,0,0,-0.27644513958187,1,"2",15591178,15634346,"protein_coding","DEAD-box helicase 1"
"140","MARK1",-0.677012727866826,0.00554038021672664,7.80225930915731,0.453020721265781,0,-9.09550985159006,0,0,-0.377233805053033,1,"1",220528136,220664461,"protein_coding","microtubule affinity regulating kinase 1"
"141","KCNAB1",-0.676907927929993,0.0241581394489932,23.4534633292326,0.00282831955568198,0.121381598096174,-4.35509726345526,1.33007846649935e-05,0.000179092710905769,-0.415279521002501,1,"3",156037701,156538756,"protein_coding","potassium voltage-gated channel subfamily A regulatory beta subunit 1"
"142","COX6B1",-0.676297056317952,0.0267224675457058,25.9703657043211,0.00106263339831397,0.140566740376958,-4.13713047740068,3.51676154042302e-05,0.000409373524885863,-0.193519601459102,1,"19",35648323,35658782,"protein_coding","cytochrome c oxidase subunit 6B1"
"143","SLC9A6",-0.675779784688725,0.0168524663374425,16.6330685113462,0.0341649617735453,0.0673992334783417,-5.20563198255216,1.93337474030386e-07,4.85591352261737e-06,-0.440534374354092,1,"X",135973841,136047269,"protein_coding","solute carrier family 9 member A6"
"144","YWHAB",-0.675275983554689,0.0287582068250145,28.4438882421121,0.000396805049423268,0.159888679933725,-3.98199217958504,6.83400289833713e-05,0.000712844664023357,-0.295154574436792,1,"20",44885702,44908532,"protein_coding","tyrosine 3-monooxygenase/tryptophan 5-monooxygenase activation protein beta"
"145","LDOC1",-0.673790434005019,0.0055393957110444,7.9296714294014,0.440370072112721,0,-9.05302345737747,0,0,-0.348169581510064,1,"X",141111605,141177129,"protein_coding","LDOC1 regulator of NFKB signaling"
"146","CHGB",-0.672486385105506,0.0460625356443814,45.7427144216347,2.66023354982246e-07,0.303656083176775,-3.13335480954936,0.00172820395042739,0.0100107028648592,-0.749526494776589,1,"20",5911510,5925353,"protein_coding","chromogranin B"
"147","PPP2R2B",-0.672156029967279,0.0185446292249405,18.3055257833382,0.0190489955256402,0.0803322633921012,-4.93583941572383,7.98067545160208e-07,1.61606861881227e-05,-0.24382110893119,1,"5",146580742,147084784,"protein_coding","protein phosphatase 2 regulatory subunit Bbeta"
"148","SYNGR1",-0.67078111147317,0.0415100782790606,41.8736422998627,1.43022621121621e-06,0.264294441460918,-3.29233522533484,0.000993591016413609,0.00644355527383163,-0.232430136587889,1,"22",39349925,39385575,"protein_coding","synaptogyrin 1"
"149","AP2S1",-0.670516300024755,0.0196951059879727,19.1968975692348,0.0138413736171529,0.0871099078282236,-4.7778243417196,1.77202075590799e-06,3.17903765871656e-05,-0.21588529091652,1,"19",46838136,46850846,"protein_coding","adaptor related protein complex 2 subunit sigma 1"
"150","ATP5F1A",-0.66998081615523,0.0117292503266806,12.0730284576733,0.147975155886308,0.0314351159943534,-6.18624676872998,6.1613536495031e-10,3.166761866669e-08,-0.325053739420226,1,"18",46080248,46104334,"protein_coding","ATP synthase F1 subunit alpha"
"151","ATP6V1C1",-0.669696519708081,0.0120724966533183,12.4334438973873,0.132887068814324,0.0342261195027077,-6.09508119149097,1.09381925739171e-09,5.30160206141405e-08,-0.385575549329859,1,"8",103021063,103073051,"protein_coding","ATPase H+ transporting V1 subunit C1"
"152","PGRMC1",-0.669392280070945,0.0117363622350181,12.0949608899727,0.147016988444373,0.0316144402382647,-6.1789395554938,6.45336006854791e-10,3.29031016454984e-08,-0.41016449784174,1,"X",119236245,119244466,"protein_coding","progesterone receptor membrane component 1"
"153","PTGFRN",-0.669015414548489,0.0231201221914882,22.6524643730046,0.00384030632395265,0.115274422866511,-4.39988232877217,1.08309593576106e-05,0.000149980253614105,-0.338000667061932,1,"1",116909916,116990353,"protein_coding","prostaglandin F2 receptor inhibitor"
"154","NDUFV1",-0.668837587536146,0.0253167473239043,24.8314456141274,0.00166013754299154,0.131302012131506,-4.20355484516694,2.62755448421359e-05,0.000318669107830909,-0.241734869759859,1,"11",67605653,67612554,"protein_coding","NADH:ubiquinone oxidoreductase core subunit V1"
"155","STX1A",-0.668330091088886,0.0352283024085614,34.5594774209226,3.21577870645993e-05,0.214199721095971,-3.56078012721827,0.000369754610076489,0.00286858012010954,-0.483498026303473,1,"7",73699206,73719672,"protein_coding","syntaxin 1A"
"156","FGF12",-0.668303407551283,0.0230418371566846,22.4429560464712,0.00415811561129581,0.113797569155265,-4.40265975766393,1.06931794758847e-05,0.000148556525546991,-0.57237179300662,1,"3",192139390,192767764,"protein_coding","fibroblast growth factor 12"
"157","SLC4A3",-0.667789978447862,0.0487566393873856,49.565742798159,4.95204157086641e-08,0.327932396485146,-3.02428708922212,0.00249219819924762,0.0135523909328967,-0.242245631534299,1,"2",219627394,219641980,"protein_coding","solute carrier family 4 member 3"
"158","MAPK8IP2",-0.667365861454869,0.0333103737554521,33.2479569341642,5.55635725949985e-05,0.196392185435968,-3.65657288174712,0.000255609759880704,0.00213298186862153,-0.278912975855342,1,"22",50600793,50613981,"protein_coding","mitogen-activated protein kinase 8 interacting protein 2"
"159","HERC1",-0.66712111290602,0.0122440116432904,12.4959888163387,0.130407976898424,0.034855626236859,-6.02896577342228,1.65012226105432e-09,7.45861113493933e-08,-0.363584099875577,1,"15",63608618,63833948,"protein_coding","HECT and RLD domain containing E3 ubiquitin protein ligase family member 1"
"160","AP2M1",-0.666878966757123,0.0149931876157877,14.878661870373,0.0615481915365841,0.053271913855783,-5.44628084153627,5.1433906023135e-08,1.55355991261585e-06,-0.273113164374174,1,"3",184174689,184184214,"protein_coding","adaptor related protein complex 2 subunit mu 1"
"161","IDS",-0.666598929925567,0.0174746051057687,17.1971568801593,0.02812033765214,0.0717310894810824,-5.04267439870585,4.59070028213659e-07,1.01325300686154e-05,-0.298518811122203,1,"X",149476988,149521096,"protein_coding","iduronate 2-sulfatase"
"162","SV2B",-0.66578545031405,0.0248054545507531,24.1131068141924,0.00219381176605599,0.12706718987148,-4.22727698584384,2.3653642236221e-05,0.000291024276799219,-0.656589166000534,1,"15",91099950,91302565,"protein_coding","synaptic vesicle glycoprotein 2B"
"163","ENO2",-0.664839023719942,0.0254343436208115,24.8098512916739,0.00167415836774867,0.131643234317604,-4.16875369220022,3.06269739549503e-05,0.00036247606640369,-0.493511008471301,1,"12",6913745,6923698,"protein_coding","enolase 2"
"164","AP3S1",-0.66389800772493,0.0202974836588059,20.0930099903587,0.00998983306014266,0.0945817502353596,-4.6599393593055,3.16302555258829e-06,5.27020621325905e-05,-0.247091453743062,1,"5",115841592,115914081,"protein_coding","adaptor related protein complex 3 subunit sigma 1"
"165","BDH1",-0.662689350040555,0.0534786506902954,54.6192100622932,5.23480136690724e-09,0.372009618588655,-2.8656277268772,0.00416183343327492,0.0205685555974866,-0.212337507848752,1,"3",197509783,197573323,"protein_coding","3-hydroxybutyrate dehydrogenase 1"
"166","OXCT1",-0.662327415472387,0.0236181839911903,23.0361150307484,0.00331818690316866,0.117012698013318,-4.30972422764179,1.63458250286297e-05,0.000212279224378429,-0.367971734979865,1,"5",41730065,41870425,"protein_coding","3-oxoacid CoA-transferase 1"
"167","SCN8A",-0.661703244113578,0.0271353100182626,26.7984947850683,0.000765904182230848,0.148006230510237,-4.01694485737984,5.89575128666642e-05,0.000628083525077254,-0.408661561060158,1,"12",51590266,51812864,"protein_coding","sodium voltage-gated channel alpha subunit 8"
"168","FARSA",-0.661642885904323,0.0356987829480361,34.9394770509881,2.74257927949477e-05,0.215559165012176,-3.50184518419504,0.000462048016200756,0.0034552625629234,-0.230983494013188,1,"19",12922479,12934037,"protein_coding","phenylalanyl-tRNA synthetase subunit alpha"
"169","GRM7",-0.660541392309715,0.0177128359087656,17.3582596821519,0.0265873844661203,0.0724909385424795,-4.96313385082394,6.93647430161093e-07,1.44352277037524e-05,-0.372266063359367,1,"3",6770001,7741533,"protein_coding","glutamate metabotropic receptor 7"
"170","DCTN3",-0.660450341017361,0.0173054169937113,16.97540644689,0.0303661915939485,0.0691452849628583,-5.02052500528789,5.15304421577767e-07,1.11801324419421e-05,-0.216979512710415,1,"9",34613545,34620523,"protein_coding","dynactin subunit 3"
"171","VPS33B",-0.660063124553676,0.0136317507456421,13.682320689403,0.0904307105894652,0.0439104633135075,-5.65339919400701,1.57305384274053e-08,5.42650360121576e-07,-0.242566210885684,1,"15",90998673,91022603,"protein_coding","VPS33B late endosome and lysosome associated"
"172","MAPRE3",-0.65968964558358,0.0207871912084506,20.3520856852697,0.00908298640794649,0.0957873653355807,-4.57553373862666,4.75007404698857e-06,7.43818413267074e-05,-0.301051778468751,1,"2",26970637,27027219,"protein_coding","microtubule associated protein RP/EB family member 3"
"173","SEZ6L",-0.659536292386738,0.0420977119744851,42.1905954214486,1.24714665610416e-06,0.269968208130333,-3.2144705578891,0.00130685316116597,0.00805308378960696,-0.346477654822525,1,"22",26169462,26383597,"protein_coding","seizure related 6 homolog like"
"174","YWHAZ",-0.658877408806945,0.0235075811485436,22.9952720466895,0.00337032174179152,0.117483120770053,-4.29734919368662,1.72852781687993e-05,0.000222439977969309,-0.342171961861865,1,"8",100916523,100953388,"protein_coding","tyrosine 3-monooxygenase/tryptophan 5-monooxygenase activation protein zeta"
"175","ATRN",-0.658366579412978,0.0235899242534573,22.9774998897623,0.00339325424410251,0.117977019002869,-4.28651653696792,1.81496697304606e-05,0.000231808381983283,-0.257839229069457,1,"20",3471018,3651118,"protein_coding","attractin"
"176","COPS3",-0.657651316506238,0.00552004455095651,6.68530161048258,0.570935156535976,0,-8.85165344678922,0,0,-0.269337722341761,1,"17",17246616,17281273,"protein_coding","COP9 signalosome subunit 3"
"177","CIRBP",-0.657501943421236,0.0130774570310969,13.2874217413249,0.102335543726679,0.0408689560319084,-5.74957031998412,8.94705354248515e-09,3.36876972041031e-07,-0.450178788725242,1,"19",1259384,1274880,"protein_coding","cold inducible RNA binding protein"
"178","EXTL1",-0.657314547301765,0.0367371660345928,36.1752833585351,1.63090192756402e-05,0.226495650035442,-3.42941796364913,0.000604877258620684,0.00431091304277805,-0.395939762679183,1,"1",26019884,26036464,"protein_coding","exostosin like glycosyltransferase 1"
"179","TAC1",-0.657260574632103,0.0192319505211113,18.837576147642,0.015752845200754,0.084268761410678,-4.73942784394047,2.14322537872569e-06,3.76548894416637e-05,-0.513526883701593,1,"7",97732084,97740472,"protein_coding","tachykinin precursor 1"
"180","CSPG5",-0.657194522400786,0.0254597389079677,24.9890321052501,0.00156122431935217,0.131884934042752,-4.11876451274075,3.80909159158893e-05,0.000434864182464741,-0.289230821317893,1,"3",47562238,47580792,"protein_coding","chondroitin sulfate proteoglycan 5"
"181","DLGAP2",-0.656767160574185,0.0387963475931937,38.1840423108392,6.96116595027417e-06,0.242884376666494,-3.33438703298832,0.000854876170511165,0.00569760999080814,-0.483690367116602,1,"HSCHR8_1_CTG1",206898,271426,"protein_coding","DLG associated protein 2"
"182","SPINT2",-0.656724834878397,0.0337370490891776,33.6782803164336,4.64570162312912e-05,0.201485531793361,-3.57544328474091,0.000349634969027734,0.00274507060838437,-0.340377051766997,1,"19",38244035,38292615,"protein_coding","serine peptidase inhibitor, Kunitz type 2"
"183","SNCA",-0.656203426925099,0.0128152883201734,13.0280575531123,0.110887879357954,0.0387917260562933,-5.79661295846721,6.76676137345567e-09,2.64173120510728e-07,-0.479260785513755,1,"4",89700345,89838315,"protein_coding","synuclein alpha"
"184","KCNQ3",-0.655458029770534,0.0313323019906331,30.5731708904764,0.000167317828963567,0.180114030323739,-3.70295757492581,0.000213100529560695,0.00183594856373464,-0.350278132306349,1,"8",132120861,132481095,"protein_coding","potassium voltage-gated channel subfamily Q member 3"
"185","TUB",-0.65527841411509,0.0196864340988451,19.3852810019112,0.0129295602775169,0.0882344534890393,-4.67027370184271,3.00798686203585e-06,5.05821959590237e-05,-0.212331456955784,1,"11",8019244,8106243,"protein_coding","TUB bipartite transcription factor"
"186","CACNG3",-0.655066765947564,0.0296808541427811,29.254264321187,0.000286108824757272,0.168607557434437,-3.80230866454305,0.00014335396977172,0.00132486056901791,-0.718893146724857,1,"16",24256335,24362412,"protein_coding","calcium voltage-gated channel auxiliary subunit gamma 3"
"187","LARGE1",-0.654856139327269,0.0206025556217341,20.0803033949924,0.010036468834777,0.0948056044049724,-4.56231592870791,5.0592442581987e-06,7.83092373249906e-05,-0.355153043580549,1,"22",33162226,33922841,"protein_coding","LARGE xylosyl- and glucuronyltransferase 1"
"188","PPP3R1",-0.653817463229603,0.0198477344901607,19.4278442801621,0.0127316210783914,0.0891370379885688,-4.6408875497778,3.4691588335356e-06,5.69473703434147e-05,-0.453459390497794,1,"2",68178857,68256237,"protein_coding","protein phosphatase 3 regulatory subunit B, alpha"
"189","COX4I1",-0.653685188691348,0.0186849382212028,18.4068090777876,0.0183750250377445,0.0802811495580127,-4.78214578570042,1.73433820283009e-06,3.1246278307242e-05,-0.174903242778425,1,"16",85798633,85807068,"protein_coding","cytochrome c oxidase subunit 4I1"
"190","DLD",-0.653523183616586,0.0154703699319781,15.3783399228808,0.0521931360637448,0.0570835053834596,-5.25424898863759,1.48629696994362e-07,3.8941591628749e-06,-0.324461540690053,1,"7",107891162,107931730,"protein_coding","dihydrolipoamide dehydrogenase"
"191","DLX1",-0.653303847367473,0.0171358856776998,16.841783272299,0.0317993975821714,0.0688066132557959,-4.99070543923474,6.0159178616459e-07,1.2727285813024e-05,-0.439995486061751,1,"HSCHR2_11_CTG7_2",523507,528444,"protein_coding","distal-less homeobox 1"
"192","ACO2",-0.653213483581136,0.0138551353931807,13.9140082676715,0.0840344761336682,0.0457330007629866,-5.54944758477209,2.86573651475663e-08,9.22840012020662e-07,-0.237761701030711,1,"22",41447830,41529273,"protein_coding","aconitase 2"
"193","ENTPD3",-0.652841042096548,0.014233595009737,14.2349892468722,0.0758424100543675,0.0482965837005826,-5.47205113412385,4.44856425030338e-08,1.36635239075884e-06,-0.565499019477635,1,"3",40387184,40428744,"protein_coding","ectonucleoside triphosphate diphosphohydrolase 3"
"194","PRKAG1",-0.65106094185293,0.00854579448597468,9.76956602361364,0.281573359973706,0.0135184873992827,-7.04280104350528,1.88404847278889e-12,1.79216595958236e-10,-0.30470388171241,1,"12",49002274,49018807,"protein_coding","protein kinase AMP-activated non-catalytic subunit gamma 1"
"195","SSTR1",-0.650792129064995,0.0284774836201263,27.7381181289478,0.000526692819249657,0.155601808688133,-3.85648357844316,0.000115029821774471,0.00110491908308085,-0.417726005149951,1,"14",38207904,38213067,"protein_coding","somatostatin receptor 1"
"196","NSF",-0.650323307625376,0.0290570813295417,28.3864041142609,0.000406087547834619,0.16157269055063,-3.81507715077907,0.000136140392645201,0.00126943197867744,-0.534460073820465,1,"HSCHR17_2_CTG5",1110346,1276876,"protein_coding","N-ethylmaleimide sensitive factor, vesicle fusing ATPase"
"197","WNT10B",-0.650221475880532,0.0287139005092114,28.2906411507742,0.000422026182532056,0.160946339061652,-3.83720687480659,0.000124441636192296,0.00118020484800975,-0.463340758530613,1,"12",48965340,48971735,"protein_coding","Wnt family member 10B"
"198","RNF112",-0.650189548796137,0.0413277052421057,41.3723996868136,1.77559072246424e-06,0.264614192293661,-3.19830103526932,0.00138239889662062,0.00839883104660377,-0.256479150534298,1,"17",19411125,19417276,"protein_coding","ring finger protein 112"
"199","RUNDC3A",-0.648284657559029,0.0438892555225011,43.2938199634393,7.73302313984213e-07,0.284523089983397,-3.0944725641572,0.00197163169038772,0.0111715818878478,-0.395857017846597,1,"17",44308413,44318670,"protein_coding","RUN domain containing 3A"
"200","PTH2R",-0.64805342117877,0.0132688587504574,13.4191629306847,0.0982183305543773,0.0419477404925192,-5.62592608765321,1.84515345225122e-08,6.25511927636176e-07,-0.609363287956725,1,"2",208359714,208854503,"protein_coding","parathyroid hormone 2 receptor"
"201","TRAF5",-0.647642704505207,0.00632737994292462,8.40545385882623,0.394898633431916,0.00309820476078335,-8.14185794838921,4.44089209850063e-16,1.04825613210256e-13,-0.308568834862434,1,"1",211326615,211374946,"protein_coding","TNF receptor associated factor 5"
"202","WDR7",-0.64754865558306,0.01644800380201,16.2149797344525,0.0394044365763828,0.0637341292069444,-5.04912133360975,4.43846780218138e-07,9.83325204918891e-06,-0.378446496467776,1,"18",56651343,57029811,"protein_coding","WD repeat domain 7"
"203","RBFOX2",-0.646756577410798,0.0159210537836329,15.7531299591752,0.0460530032572449,0.0600844481866604,-5.12572083637566,2.96401515109679e-07,6.98843921383419e-06,-0.382173342423277,1,"22",35738736,36028824,"protein_coding","RNA binding fox-1 homolog 2"
"204","MTHFD1",-0.646715388390695,0.0107571233306461,11.3633527595233,0.181948670709699,0.0258619001155745,-6.23541152066146,4.50592008149897e-10,2.42340549868467e-08,-0.228245781985059,1,"14",64388031,64463457,"protein_coding","methylenetetrahydrofolate dehydrogenase, cyclohydrolase and formyltetrahydrofolate synthetase 1"
"205","CADPS",-0.646439736059028,0.0171075462902605,16.8432940248654,0.0317828462112625,0.0688291819849112,-4.94235779536805,7.71834000490301e-07,1.57789608456289e-05,-0.594705998423147,1,"3",62398346,62875416,"protein_coding","calcium dependent secretion activator"
"206","PGAM1",-0.645992785424034,0.0242171730263976,23.73080451962,0.0025423867486987,0.122663733597683,-4.15112628257014,3.30843145865956e-05,0.00038724445902483,-0.328066077794481,1,"10",97426191,97433444,"protein_coding","phosphoglycerate mutase 1"
"207","ALDH5A1",-0.645399730462177,0.0154352363578874,15.3735692042178,0.052275928899265,0.0567861539841498,-5.19483954176937,2.04896487998596e-07,5.12100604759628e-06,-0.232776709299762,1,"6",24494867,24537207,"protein_coding","aldehyde dehydrogenase 5 family member A1"
"208","DOC2A",-0.644605427785972,0.0174092557830767,17.1788397750174,0.0282997844366558,0.0712000098840336,-4.88544192481218,1.03197121670284e-06,2.0097816827659e-05,-0.438001965672062,1,"16",30005514,30023270,"protein_coding","double C2 domain alpha"
"209","CDH8",-0.64413784288984,0.0176245664754061,17.3305226453988,0.0268455989922815,0.0723374601925514,-4.85198660245463,1.22230881993701e-06,2.32193135220971e-05,-0.581662177835635,1,"16",61647242,62037035,"protein_coding","cadherin 8"
"210","ASMTL",-0.643961519521386,0.00550983440607559,7.79452741205112,0.453794524614889,0,-8.67542267377192,0,0,-0.282351996960436,1,"X",1403139,1453762,"protein_coding","acetylserotonin O-methyltransferase like"
"211","PLD3",-0.643862518423298,0.0344870658249148,34.2588738508532,3.6464665642492e-05,0.205828727220376,-3.46708924641646,0.000526127173215096,0.00385107430020199,-0.317602966986982,1,"19",40348456,40389472,"protein_coding","phospholipase D family member 3"
"212","ADGRB1",-0.643821265480422,0.0255569415100632,25.1711946418083,0.00145402725028553,0.132323338323563,-4.02727121384978,5.6427930184455e-05,0.000604673066074952,-0.213799406220414,1,"8",142449430,142545009,"protein_coding","adhesion G protein-coupled receptor B1"
"213","MCF2",-0.643059760839267,0.00850825288290108,9.71612310935661,0.285518338814658,0.0131783996591914,-6.97157878886162,3.13393755391189e-12,2.80327965129389e-10,-0.529095288170603,1,"X",139581770,139708216,"protein_coding","MCF.2 cell line derived transforming sequence"
"214","PI4KA",-0.642899202205511,0.0263378580761121,25.867545131508,0.00110653284079923,0.139509522806499,-3.96143614883916,7.45003056803473e-05,0.000765512411410356,-0.284960932205371,1,"22",20707691,20859417,"protein_coding","phosphatidylinositol 4-kinase alpha"
"215","SORBS2",-0.642895797438486,0.034903962053657,34.846439386746,2.85165241411972e-05,0.211708212420383,-3.44114698066747,0.000579253785119915,0.00415852344242805,-0.306560707593531,1,"4",185585444,185956652,"protein_coding","sorbin and SH3 domain containing 2"
"216","FH",-0.642567135068078,0.00963874360459492,10.4935659419192,0.232077151140201,0.0191824997366586,-6.5449795698702,5.95035132278099e-11,3.95032047582437e-09,-0.383511375072308,1,"1",241497511,241519799,"protein_coding","fumarate hydratase"
"217","ASH2L",-0.641139862505472,0.017316592864024,17.0989222559929,0.0290953362128696,0.0701072332310793,-4.8721601647352,1.10384622820092e-06,2.13023102918441e-05,-0.209290944759255,1,"8",38105493,38144076,"protein_coding","ASH2 like, histone lysine methyltransferase complex subunit"
"218","TSPOAP1",-0.64109745767802,0.0285948082394442,28.1241137332879,0.00045121552566535,0.15877889970921,-3.79123286465941,0.000149901323223123,0.00137560634734596,-0.23933876378057,1,"17",58301228,58328795,"protein_coding","TSPO associated protein 1"
"219","RPS6KC1",-0.64069803017896,0.0163349515552614,16.1127298977487,0.0407947293481601,0.063048328029801,-5.0129625866755,5.35983214922098e-07,1.15501437852993e-05,-0.192380792131578,1,"1",213051233,213274774,"protein_coding","ribosomal protein S6 kinase C1"
"220","FKBP8",-0.640184645451266,0.0457923250243635,47.2371941637559,1.38170266066074e-07,0.303946232731894,-2.99163707165543,0.00277485934110011,0.0147805033812505,-0.152717843971282,1,"19",18531751,18544077,"protein_coding","FKBP prolyl isomerase 8"
"221","APBB3",-0.640050702985795,0.0128007047116358,12.9913989330494,0.112145889940735,0.0385326160445161,-5.65714667815672,1.53910224565124e-08,5.32379016938765e-07,-0.210642684885103,1,"5",140558268,140564781,"protein_coding","amyloid beta precursor protein binding family B member 3"
"222","TRPC1",-0.639188001448421,0.010638598480226,11.2934095042939,0.18562195281704,0.0252778440181874,-6.19707004432417,5.75238967570613e-10,2.99276877556686e-08,-0.227528034191001,1,"3",142724034,142807888,"protein_coding","transient receptor potential cation channel subfamily C member 1"
"223","GAD2",-0.638862836465743,0.0300629316654327,29.4887620787524,0.000260175547082281,0.169663483991332,-3.68461368277833,0.000229049778287971,0.00194667541985802,-0.627515649846468,1,"10",26216665,26304558,"protein_coding","glutamate decarboxylase 2"
"224","ACOT7",-0.637931096456512,0.0347821553845962,34.1814061892956,3.76638991505848e-05,0.207288259569819,-3.42054672447741,0.000624953991457122,0.00442002537702611,-0.355692824442156,1,"1",6264269,6393767,"protein_coding","acyl-CoA thioesterase 7"
"225","NPM2",-0.637899328810546,0.0447513129464553,44.580936059499,4.41793936687402e-07,0.295053205428897,-3.01543002228472,0.0025661514599884,0.0138628733141522,-0.313153877030191,1,"8",22024125,22036897,"protein_coding","nucleophosmin/nucleoplasmin 2"
"226","TOMM20",-0.636654734706795,0.0216146596254577,21.2680559791257,0.00646843995639603,0.103308743017344,-4.33041753591144,1.48826873700436e-05,0.000196786488135125,-0.375849213564905,1,"1",235109341,235128837,"protein_coding","translocase of outer mitochondrial membrane 20"
"227","YWHAH",-0.635976725529712,0.022564917620807,22.0086047321833,0.00489995193923171,0.109778903234629,-4.23374158200006,2.29835034921688e-05,0.000284150559905849,-0.447086109234552,1,"22",31944522,31957603,"protein_coding","tyrosine 3-monooxygenase/tryptophan 5-monooxygenase activation protein eta"
"228","STAT4",-0.634965266427662,0.03571516219213,35.2688857534619,2.38850299737448e-05,0.218612523700657,-3.35987914448106,0.000779765752535466,0.00528544757494992,-0.628622944030856,1,"2",191029576,191178435,"protein_coding","signal transducer and activator of transcription 4"
"229","FAIM2",-0.634371086014813,0.0199716730800288,19.6426895414898,0.0117757992263175,0.0903809997031753,-4.48886098364354,7.16050042881555e-06,0.000105944653181541,-0.289876470587048,1,"12",49866896,49904217,"protein_coding","Fas apoptotic inhibitory molecule 2"
"230","GLRB",-0.634281934005811,0.0146355128842296,14.6466292711341,0.066391866493687,0.0511105322609453,-5.2429820222228,1.58001939309926e-07,4.10595661450352e-06,-0.579216561880092,1,"4",157076125,157172090,"protein_coding","glycine receptor beta"
"231","ORC5",-0.633963940928997,0.0167722684647012,16.5408924748172,0.035261050550727,0.0661103937579743,-4.89517986464545,9.8215856514372e-07,1.92720028272864e-05,-0.201111916918409,1,"7",104126341,104208047,"protein_coding","origin recognition complex subunit 5"
"232","NELL1",-0.63370109455335,0.0203362522276938,19.9413820695173,0.0105601111281478,0.0928626982256169,-4.44374364907493,8.840693409784e-06,0.000126686788699058,-0.674875896161471,1,"11",20669551,21575686,"protein_coding","neural EGFL like 1"
"233","SCN2B",-0.633667785171476,0.0532258424031237,54.7118794254158,5.02229869128006e-09,0.365365582075871,-2.74663124938283,0.00602107891522174,0.0275130605459308,-0.4782928517422,1,"11",118162806,118176639,"protein_coding","sodium voltage-gated channel beta subunit 2"
"234","NFS1",-0.633040939477405,0.0295936614291019,29.6349506676498,0.000245191749807647,0.167202549391003,-3.67986974854225,0.000233353114028834,0.00197374616321734,-0.138991185100645,1,"20",35668052,35699355,"protein_coding","NFS1 cysteine desulfurase"
"235","HIGD1A",-0.632689384618975,0.0135879996926956,13.7327142087732,0.0890036803278983,0.0440409392827968,-5.42766186133822,5.70970797308945e-08,1.69253006230197e-06,-0.324548502350774,1,"3",42782908,42804490,"protein_coding","HIG1 hypoxia inducible domain family member 1A"
"236","RNMT",-0.63153066445858,0.0147244495255376,14.6930138824523,0.0653967618334461,0.0518399521839412,-5.20445082129469,1.94571140754718e-07,4.88208867250002e-06,-0.281430476438952,1,"18",13726660,13764556,"protein_coding","RNA guanine-7 methyltransferase"
"237","NAPA",-0.631470636324201,0.0308523643461234,30.8416268800521,0.000149919364903372,0.177539839693485,-3.5950831101874,0.000324288035695286,0.00259074738137885,-0.237097144625187,1,"19",47487637,47515091,"protein_coding","NSF attachment protein alpha"
"238","RAB5A",-0.631401023314705,0.00562423998714022,8.05639049731359,0.427981208446553,0.000426551933952175,-8.41924910675111,0,0,-0.21796088064589,1,"3",19947097,19985175,"protein_coding","RAB5A, member RAS oncogene family"
"239","CAPNS1",-0.630856876852338,0.0183127178521393,18.0438305557943,0.0209002720420496,0.0772628500459324,-4.66180860834481,3.13442614974235e-06,5.22653688382631e-05,-0.251510640863208,1,"19",36139953,36150353,"protein_coding","calpain small subunit 1"
"240","DPP6",-0.629936299092313,0.0278661433325506,27.6665737735929,0.000541981839137097,0.152296819569904,-3.77362031555326,0.000160895570036734,0.00145968354695604,-0.26878202989366,1,"7",153748133,154894285,"protein_coding","dipeptidyl peptidase like 6"
"241","DCTN2",-0.629834030130232,0.0234071165530405,23.1985619602637,0.00311845369927788,0.116886298469793,-4.1167279041068,3.84289311732289e-05,0.000438134500178499,-0.170105850927706,1,"12",57529633,57547224,"protein_coding","dynactin subunit 2"
"242","MAPK6",-0.629519135864655,0.0235605934852342,23.3792302780691,0.0029099969071167,0.119609622955976,-4.10124603135247,4.10931354763999e-05,0.000463534204734453,-0.296626181042715,1,"15",51952106,52067375,"protein_coding","mitogen-activated protein kinase 6"
"243","ATP6V1F",-0.629483179480201,0.0106762628340237,11.2884098904591,0.185886840738633,0.0252763166174152,-6.09220489547048,1.11366005306479e-09,5.38719843126769e-08,-0.215903195733172,1,"7",128862856,128865847,"protein_coding","ATPase H+ transporting V1 subunit F"
"244","NNT",-0.629367953262185,0.0130486619358178,13.2309921512918,0.10414518060499,0.0402047722012383,-5.50961986124068,3.59609455546916e-08,1.12623143123557e-06,-0.335781576000472,1,"5",43602692,43707405,"protein_coding","nicotinamide nucleotide transhydrogenase"
"245","ELAVL4",-0.629361541796629,0.0216325506219672,21.1650419125095,0.00672169486821896,0.102871199455499,-4.27903990650304,1.8770121061884e-05,0.000238656706349431,-0.641266201829975,1,"1",50024029,50203772,"protein_coding","ELAV like RNA binding protein 4"
"246","RAB11A",-0.62926723210443,0.0163358781149569,16.148135978815,0.0403082463515629,0.0628246338673297,-4.92338587193523,8.50594926937731e-07,1.70072286058224e-05,-0.209145200889503,1,"15",65726054,65891989,"protein_coding","RAB11A, member RAS oncogene family"
"247","KLK7",-0.628640120648082,0.0158675978451716,15.8201257842785,0.0450282276911569,0.0600198492772742,-4.99052806570122,6.0214450492424e-07,1.27284161393314e-05,-0.681610883439969,1,"19",50976468,50984099,"protein_coding","kallikrein related peptidase 7"
"248","ATP5PD",-0.62703997610018,0.0329763716463914,32.3426714426286,8.08547081253509e-05,0.192147622517236,-3.45297787079738,0.000554434483878818,0.00401768001635097,-0.2208165879624,1,"17",75038863,75046985,"protein_coding","ATP synthase peripheral stalk subunit d"
"249","EIPR1",-0.62686713164663,0.013433593852789,13.5601112133753,0.0939763013151033,0.0426909970658426,-5.40853185911035,6.3543484918327e-08,1.85344858240607e-06,-0.193562054993716,1,"2",3188925,3377830,"protein_coding","EARP complex and GARP complex interacting protein 1"
"250","COPG1",-0.626615849120522,0.0186087387560453,18.3530155508363,0.0187301222951662,0.0802415695079235,-4.5934913818148,4.35891029426649e-06,6.9196358694087e-05,-0.255331005173915,1,"3",129249606,129277773,"protein_coding","COPI coat complex subunit gamma 1"
"251","PPP2R2C",-0.626573187341406,0.0214988117399941,21.1177477853144,0.00684113389378936,0.101906252622446,-4.27331176043879,1.92590880054855e-05,0.000244143177784108,-0.23076191427579,1,"4",6320578,6563600,"protein_coding","protein phosphatase 2 regulatory subunit Bgamma"
"252","ATP6V0C",-0.62653783247362,0.0205855598487633,20.3949387458633,0.0089407992895811,0.0946024824943329,-4.36682671938137,1.26064660017633e-05,0.000170636503112871,-0.260091773761552,1,"16",2513952,2520218,"protein_coding","ATPase H+ transporting V0 subunit c"
"253","COX6C",-0.6265002802701,0.0144995081085818,14.5360300177567,0.0688202353829687,0.050325593319624,-5.20288989133925,1.96213134184831e-07,4.91361633573073e-06,-0.21382676139989,1,"8",99873200,99893707,"protein_coding","cytochrome c oxidase subunit 6C"
"254","PLCB1",-0.626464799120998,0.0368201365811696,36.7939857351713,1.25576011112376e-05,0.228479987660583,-3.26478040794491,0.00109548969942308,0.00696615587612686,-0.37953840942848,1,"20",8077251,8968360,"protein_coding","phospholipase C beta 1"
"255","NRXN1",-0.62545259087007,0.0412445910998694,40.7503035964674,2.32108474178659e-06,0.263494695858205,-3.07971759825935,0.00207196953921907,0.0116447794231287,-0.340737797293903,1,"2",49918503,51225575,"protein_coding","neurexin 1"
"256","TIMM23",-0.624851738898779,0.0163687310647825,16.2630250352331,0.0387664569161504,0.0639257383513588,-4.88393051022476,1.03991736799536e-06,2.02062602609037e-05,-0.23124047188399,1,"10",45972489,46003742,"protein_coding","translocase of inner mitochondrial membrane 23"
"257","GOT2",-0.624485440214908,0.013283845500105,13.4842896759893,0.0962376174639319,0.0421958383270134,-5.41826708890524,6.01794696297731e-08,1.76542602908148e-06,-0.271608456618119,1,"16",58707131,58734342,"protein_coding","glutamic-oxaloacetic transaminase 2"
"258","SLC25A12",-0.624219365838727,0.0125919940916036,12.8420788734844,0.117399925606214,0.0372614757396254,-5.56275563722362,2.65547615008188e-08,8.62370108204298e-07,-0.419852187876738,1,"2",171783405,171999859,"protein_coding","solute carrier family 25 member 12"
"259","PPP3CB",-0.624073157177136,0.0231423154140667,22.6745554216777,0.00380819863059105,0.114011090700008,-4.1023442234665,4.08985203959045e-05,0.000461952140209478,-0.349757856129848,1,"10",73436433,73496024,"protein_coding","protein phosphatase 3 catalytic subunit beta"
"260","SNAP25",-0.623913902676097,0.0175537891320663,17.3146805337871,0.0269941332002977,0.0721155654052182,-4.70911422209956,2.48795626389686e-06,4.27395343905139e-05,-0.663791996624138,1,"20",10172395,10308258,"protein_coding","synaptosome associated protein 25"
"261","PEX11B",-0.623493339787828,0.0297439545514632,29.3137761932006,0.000279296581047013,0.167615815311451,-3.6152011315104,0.000300114526496698,0.00242652065460841,-0.330714856043706,1,"1",145911350,145918717,"protein_coding","peroxisomal biogenesis factor 11 beta"
"262","MAPK10",-0.623430807944234,0.0174021612213936,17.2516066134988,0.0275931883564122,0.0714026237728505,-4.72592326817002,2.29072143187459e-06,3.99708155118267e-05,-0.263501462893646,1,"4",85990007,86594625,"protein_coding","mitogen-activated protein kinase 10"
"263","TUSC3",-0.622370085867716,0.0274558459203491,26.8978444388231,0.000736279111328425,0.147462774897111,-3.75604940153924,0.000172616633914879,0.00154752073306651,-0.423186333641648,1,"8",15417215,15766649,"protein_coding","tumor suppressor candidate 3"
"264","KIFBP",-0.621603326227172,0.00895444711862115,10.028469542427,0.263033411032519,0.0155416618734513,-6.5689195295187,5.06816810741384e-11,3.46474605809049e-09,-0.375959194617855,1,"10",68988803,69043544,"protein_coding","kinesin family binding protein"
"265","CPNE7",-0.619474553269342,0.0239738260130515,23.4783946863124,0.00280139009230087,0.119867070135525,-4.00087328393213,6.31091478984214e-05,0.00066563570847102,-0.372202809036034,1,"16",89575758,89597246,"protein_coding","copine 7"
"266","NOS2",-0.618800374065075,0.0194903719098262,19.4269467743288,0.0127357649325049,0.0880500782695838,-4.43241590311387,9.31830518968724e-06,0.000132340698719051,-0.282951511868401,1,"17",27756766,27800529,"protein_coding","nitric oxide synthase 2"
"267","MPC2",-0.61743626183858,0.00994037622440719,10.7443522134524,0.216609504326862,0.0210130536203404,-6.19285228191594,5.90850923742892e-10,3.0548654518295e-08,-0.243131407751968,1,"1",167916675,167937072,"protein_coding","mitochondrial pyruvate carrier 2"
"268","VSNL1",-0.616726565069895,0.0185282727908605,18.2447227493506,0.0194647617119291,0.0796390496502291,-4.53080308625643,5.87598887391572e-06,8.99679185361762e-05,-0.72536040537985,1,"2",17539126,17657018,"protein_coding","visinin like 1"
"269","SCG3",-0.616573063894669,0.0469479340244395,46.2434651599133,2.13662527803526e-07,0.311954621986681,-2.8456160719594,0.00443256016344806,0.0216432208861868,-0.394137858053211,1,"15",51681492,51721026,"protein_coding","secretogranin III"
"270","PREP",-0.616306740033756,0.0283425202089028,27.9998538909142,0.000474276328531442,0.156885044200325,-3.66081417821116,0.000251415054824067,0.00210402542583777,-0.274871814190338,1,"6",105273218,105454062,"protein_coding","prolyl endopeptidase"
"271","DOLK",-0.615997599078631,0.0116884705228746,12.1244936422723,0.14573512254878,0.0317184857800486,-5.69770784300022,1.21428902488674e-08,4.30540613510955e-07,-0.214778955287708,1,"9",128945530,128947603,"protein_coding","dolichol kinase"
"272","NDUFA7",-0.615618811897019,0.00548658525557627,6.39281714527663,0.603319322772634,0,-8.31114417907641,0,0,-0.243872902644424,1,"19",8308768,8321375,"protein_coding","NADH:ubiquinone oxidoreductase subunit A7"
"273","SLITRK3",-0.615465431818164,0.011525719981713,11.9721238744563,0.152451987523766,0.030519547598121,-5.73283752191706,9.87642345684492e-09,3.6304496447037e-07,-0.357329441240111,1,"3",165186720,165197109,"protein_coding","SLIT and NTRK like family member 3"
"274","UBE2E2",-0.615308410503474,0.0113771039903988,11.9394976775805,0.153923831536198,0.0301532830885992,-5.76868716065433,7.98914534527739e-09,3.05061763664886e-07,-0.307940423984579,1,"3",23203020,23591794,"protein_coding","ubiquitin conjugating enzyme E2 E2"
"275","PHYHIP",-0.615035887131474,0.0273123878602361,26.9689944074616,0.000715754558636577,0.148106943536138,-3.72152226703896,0.000198025399962942,0.00173182213422137,-0.484846783330978,1,"8",22219703,22232101,"protein_coding","phytanoyl-CoA 2-hydroxylase interacting protein"
"276","BABAM2",-0.614239121236192,0.0448288842563914,45.1235879297804,3.48672569998823e-07,0.296304761936555,-2.9010720072024,0.00371888410528842,0.0187374851537186,-0.16001827672804,1,"2",27889941,28338901,"protein_coding","BRISC and BRCA1 A complex member 2"
"277","CDH10",-0.613947509718665,0.0170705144748461,16.9012463658829,0.0311539788385688,0.0688684590780377,-4.69902696334055,2.61403944135097e-06,4.46048912171086e-05,-0.358564268793551,1,"5",24487100,24644978,"protein_coding","cadherin 10"
"278","ITPA",-0.61351758374899,0.0145312500356644,14.618084127806,0.0670110637511943,0.0507135532054906,-5.08950477947779,3.58999811655991e-07,8.21996078316459e-06,-0.19164428015855,1,"20",3208868,3223870,"protein_coding","inosine triphosphatase"
"279","CDH13",-0.613397557131157,0.0195471822708583,19.1721458149923,0.0139656312120029,0.0865411298067074,-4.38732655478549,1.1475243649306e-05,0.000157363306267755,-0.524046857376233,1,"16",82626965,83800640,"protein_coding","cadherin 13"
"280","PAM",-0.613196197171783,0.0194433108719326,19.242718764752,0.0136141161306208,0.0870438517413746,-4.39758601510441,1.09461509962827e-05,0.00015132875669644,-0.290741509414289,1,"5",102753981,103029730,"protein_coding","peptidylglycine alpha-amidating monooxygenase"
"281","PCDH7",-0.612682960198497,0.0280780981351961,28.1253276243047,0.000450995756061985,0.155144795849779,-3.65638533324175,0.000255796754851101,0.00213384380609264,-0.314226028949245,1,"4",30720369,31146805,"protein_coding","protocadherin 7"
"282","GRIK1",-0.612671842620928,0.0388984392580876,38.3204267225497,6.56838006445632e-06,0.240536728289496,-3.10643187047453,0.00189359937638045,0.0108018637059894,-0.344032124000509,1,"21",29536933,29940033,"protein_coding","glutamate ionotropic receptor kainate type subunit 1"
"283","HMG20A",-0.612632870944721,0.00713698864087417,8.88371146271404,0.35220078044315,0.00671075166924094,-7.25174948007839,4.11448652926083e-13,4.48250449104472e-11,-0.329420444941654,1,"15",77420412,77485607,"protein_coding","high mobility group 20A"
"284","TIMM8A",-0.612040714665444,0.0147641864537879,14.8163233038132,0.0628168892735557,0.0524957700101209,-5.03704177835097,4.72781618077178e-07,1.03723079084695e-05,-0.238801957960017,1,"X",101345661,101348742,"protein_coding","translocase of inner mitochondrial membrane 8A"
"285","CABP1",-0.611828027883346,0.0256148338262516,25.2457157884413,0.00141227166191674,0.135159467932307,-3.82281777578676,0.000131935282819073,0.00123564517446974,-0.439932132083037,1,"12",120640626,120667324,"protein_coding","calcium binding protein 1"
"286","GLS",-0.611638905550932,0.0111035670999963,11.6630803568616,0.166881257687497,0.0280971536664878,-5.80448698607436,6.45633746465535e-09,2.53217555363783e-07,-0.410729539636365,1,"2",190880821,190965552,"protein_coding","glutaminase"
"287","CAMLG",-0.611293591789245,0.0234820288464267,23.192890000224,0.00312522696348435,0.117979134811411,-3.98916531681869,6.63062005032966e-05,0.00069447163904295,-0.206144934757183,1,"5",134738495,134752157,"protein_coding","calcium modulating ligand"
"288","SYT1",-0.610172900261875,0.0164596379937656,16.330418407458,0.0378877059411504,0.0644309662260238,-4.75601018155228,1.9745651507197e-06,3.49809516242511e-05,-0.743319547942018,1,"12",78863993,79452008,"protein_coding","synaptotagmin 1"
"289","GATB",-0.610160777093384,0.00892598421484057,10.053236015338,0.261309315335241,0.0156381662327628,-6.45827047147213,1.05906394765043e-10,6.71609881031154e-09,-0.252878058515516,1,"4",151670504,151761007,"protein_coding","glutamyl-tRNA amidotransferase subunit B"
"290","NME5",-0.609777494821592,0.0170458028322334,16.9318487976841,0.0308266080967797,0.0688117562563455,-4.67049231050474,3.00478731740661e-06,5.05617446090077e-05,-0.41305956995105,1,"5",138115175,138139443,"protein_coding","NME/NM23 family member 5"
"291","ADCY1",-0.60889001424502,0.0314838566150479,30.8308517182231,0.000150582089118069,0.180524010959626,-3.4315860113937,0.000600062811578983,0.00427899335820504,-0.490747946600762,1,"7",45574140,45723116,"protein_coding","adenylate cyclase 1"
"292","VIPR1",-0.6088724291801,0.0354425698069622,35.1260416875837,2.53612652119806e-05,0.21303197453055,-3.23417642575517,0.00121994070046449,0.00760204064457134,-0.300768280501244,1,"3",42489299,42537573,"protein_coding","vasoactive intestinal peptide receptor 1"
"293","DYNC1I1",-0.608789475300983,0.0265897760733639,26.0568754737854,0.00102701865423216,0.141364057459681,-3.73344532672963,0.000188878208514431,0.00166553862665458,-0.628261273024833,1,"7",95772506,96110322,"protein_coding","dynein cytoplasmic 1 intermediate chain 1"
"294","PTPRO",-0.608468451705499,0.0174560276021437,17.2510470434445,0.0275985583370268,0.071467262451655,-4.60537878011607,4.11715761616804e-06,6.58461098550639e-05,-0.540912148871007,1,"12",15322257,15602175,"protein_coding","protein tyrosine phosphatase receptor type O"
"295","NOMO1",-0.608401367625618,0.0133035229806229,13.5114892641418,0.0954209221703798,0.0423190497249777,-5.27481034858275,1.32893446247451e-07,3.53269303981883e-06,-0.226513379310178,1,"16",14833721,14896157,"protein_coding","NODAL modulator 1"
"296","G3BP2",-0.607894834249073,0.00863003391528674,9.81323178568585,0.278380138801702,0.0138725031778985,-6.54368223578868,6.00222094249148e-11,3.9641092872263e-09,-0.453356039538189,1,"4",75641849,75724589,"protein_coding","G3BP stress granule assembly factor 2"
"297","SERPINF1",-0.607860037970294,0.0297361543355101,29.8593478573016,0.000223826256679853,0.170016091423403,-3.52501680518774,0.000423455926846783,0.00321475936364057,-0.407121958528175,1,"HSCHR17_1_CTG2",190908,195943,"protein_coding","serpin family F member 1"
"298","NBEA",-0.607042552605868,0.00740077116801749,9.01714098020836,0.340852027001302,0.00780119115278111,-7.05635866707227,1.70929936871289e-12,1.63816424084954e-10,-0.447217012085175,1,"13",34942270,35673022,"protein_coding","neurobeachin"
"299","ATP6AP1",-0.606805278958862,0.0154289009251207,15.4719644980307,0.0505925075000685,0.0572527640491052,-4.88519445163654,1.03326827560757e-06,2.01077161450868e-05,-0.259415280189376,1,"X",154428633,154436516,"protein_coding","ATPase H+ transporting accessory protein 1"
"300","MAPK8IP3",-0.60680006117193,0.0474476556488477,48.2347170507849,8.90942658390466e-08,0.315023101498579,-2.78572496545585,0.00534081657580954,0.0250328069437603,-0.219545822889316,1,"16",1706166,1770351,"protein_coding","mitogen-activated protein kinase 8 interacting protein 3"
"301","NEDD8",-0.606171856942529,0.0241331831703217,23.6840287216705,0.00258856185125301,0.122537301082192,-3.90201077830288,9.53969086923134e-05,0.00094591730583164,-0.154378275391764,1,"14",24216857,24232367,"protein_coding","NEDD8 ubiquitin like modifier"
"302","ZNF184",-0.605951966222447,0.0227318649006974,22.5992962677725,0.00391865930544893,0.113340682022816,-4.01902461310771,5.84395664902093e-05,0.000623608149240229,-0.332463001522515,1,"6",27450743,27473118,"protein_coding","zinc finger protein 184"
"303","SYT5",-0.605762645415551,0.0357920958642907,35.3632592646008,2.29566286547025e-05,0.21662042779211,-3.20190855055123,0.00136520330857137,0.00832013577466172,-0.499197326663488,1,"19",55171196,55180289,"protein_coding","synaptotagmin 5"
"304","PNMA1",-0.605160714719883,0.0155479555760718,15.5402778598432,0.049453204095876,0.0577769543850751,-4.85326585033893,1.21444712353203e-06,2.31216583421971e-05,-0.284596199589439,1,"14",73711783,73714384,"protein_coding","PNMA family member 1"
"305","SDHB",-0.604693984775712,0.00746344429417315,9.06890258527237,0.336516822424056,0.00816337979083971,-6.99948360513057,2.56905607898261e-12,2.36436630402541e-10,-0.280187222631736,1,"1",17018664,17054151,"protein_coding","succinate dehydrogenase complex iron sulfur subunit B"
"306","GPRASP1",-0.604533967951706,0.021483542626479,21.1555861974054,0.00674541329366704,0.101521627033344,-4.12446629920856,3.71595393910962e-05,0.000426331295093256,-0.454260130626348,1,"X",102651092,102659083,"protein_coding","G protein-coupled receptor associated sorting protein 1"
"307","NOL4",-0.604479210427752,0.031593948795537,31.2619555456239,0.000126190492228003,0.184186817186324,-3.40078686047776,0.000671921954068955,0.00467120435644392,-0.358630933180241,1,"18",33851100,34224952,"protein_coding","nucleolar protein 4"
"308","HECW1",-0.604107888091384,0.0256706296260585,25.382845810988,0.00133846768063865,0.134197412443185,-3.77047656776814,0.000162936101511857,0.00147399930299566,-0.357725870538677,1,"7",43112629,43566001,"protein_coding","HECT, C2 and WW domain containing E3 ubiquitin protein ligase 1"
"309","SLC4A1AP",-0.603616478013543,0.00548174530077505,7.95292145412428,0.438082391038148,0,-8.15270373359144,4.44089209850063e-16,1.04825613210256e-13,-0.316827451613422,1,"2",27663426,27695366,"protein_coding","solute carrier family 4 member 1 adaptor protein"
"310","PDE2A",-0.603228920015307,0.0417643826673108,41.7122851845304,1.53342752142021e-06,0.267587555903805,-2.95174693629767,0.00315981779022856,0.0163925997001011,-0.396669858492574,1,"11",72576141,72674591,"protein_coding","phosphodiesterase 2A"
"311","FIG4",-0.602700744944475,0.0124301764531489,12.8332370256658,0.11771766222772,0.0369150544269721,-5.40583867963644,6.45058360060347e-08,1.87810363592488e-06,-0.209221872463517,1,"6",109690609,109878098,"protein_coding","FIG4 phosphoinositide 5-phosphatase"
"312","TOMM70",-0.602122292973362,0.0212811449158838,21.0762011296298,0.00694773933239583,0.100176931093393,-4.12750123873079,3.66726456924038e-05,0.000422046699467371,-0.321437880372282,1,"3",100363431,100401089,"protein_coding","translocase of outer mitochondrial membrane 70"
"313","TUBA4A",-0.601999712348649,0.0122554421438105,12.6133898483927,0.125862131178288,0.0353409280431481,-5.43790719747944,5.3910039543581e-08,1.6092841195369e-06,-0.419375470932896,1,"2",219249710,219277902,"protein_coding","tubulin alpha 4a"
"314","TOR1A",-0.601631116086902,0.00795325091581739,9.37527894784623,0.311633261165009,0.0105249049377559,-6.74618035491023,1.51787471480702e-11,1.19799319209212e-09,-0.325459186739436,1,"9",129812942,129824244,"protein_coding","torsin family 1 member A"
"315","CHL1",-0.601244171994191,0.0318041549893261,31.5628431572309,0.000111515307278674,0.186367521453694,-3.37138964888274,0.00074789994608726,0.0051211961658884,-0.420651267906852,1,"3",196763,409417,"protein_coding","cell adhesion molecule L1 like"
"316","GRM8",-0.601161740360923,0.0218093044369713,21.4464218600096,0.00605149282540701,0.10460120355251,-4.07071245168221,4.68695743804926e-05,0.000519498286818216,-0.421859722316742,1,"7",126438598,127253093,"protein_coding","glutamate metabotropic receptor 8"
"317","SLC35A1",-0.601153757284659,0.00546946019314283,5.04748731910722,0.752488775227682,0,-8.12855470571422,4.44089209850063e-16,1.04825613210256e-13,-0.2403098016868,1,"6",87470623,87512336,"protein_coding","solute carrier family 35 member A1"
"318","PMPCB",-0.600938152289349,0.0150408852020798,15.1159705258893,0.0569293267438089,0.0549015673348274,-4.89996614098108,9.58531728434409e-07,1.88693817397516e-05,-0.238133244655805,1,"7",103297407,103331818,"protein_coding","peptidase, mitochondrial processing subunit beta"
"319","MAP2K4",-0.600670994996095,0.0141741487075633,14.2970879159917,0.0743430872273386,0.0484694410462265,-5.04531363772393,4.52778027515421e-07,1.00109889466181e-05,-0.350983272784425,1,"17",12020829,12143830,"protein_coding","mitogen-activated protein kinase kinase 4"
"320","PFDN1",-0.600530038414457,0.0165945066497751,16.4704129125921,0.0361211352939291,0.0654848992447301,-4.66178846450686,3.13473302293588e-06,5.22653688382631e-05,-0.191748528949392,1,"5",140245035,140303113,"protein_coding","prefoldin subunit 1"
"321","NRGN",-0.600269988003773,0.0527379719709008,52.422229687648,1.39490357891726e-08,0.359367620633188,-2.61387561810964,0.00895216203144122,0.0375110891958467,-0.5963195309942,1,"11",124739942,124747210,"protein_coding","neurogranin"
"322","CDK5R1",-0.60011905109419,0.0276460438203982,27.3883403277888,0.000605680990509937,0.151301623679417,-3.60928284958639,0.00030704467749354,0.00247392223873034,-0.410338607047728,1,"17",32486993,32491253,"protein_coding","cyclin dependent kinase 5 regulatory subunit 1"
"323","NDUFS3",-0.599504261589295,0.0150483974149518,15.1040873507533,0.0571528672639249,0.054457304673856,-4.88705412138854,1.02355963615963e-06,1.99493825472296e-05,-0.191306065623563,1,"11",47565336,47584562,"protein_coding","NADH:ubiquinone oxidoreductase core subunit S3"
"324","SLIT1",-0.599456823847703,0.0199941434151454,19.678227297898,0.0116244472931878,0.090556282891261,-4.23942061032347,2.24097427770076e-05,0.000278271589193499,-0.435315773095663,1,"10",96998038,97185959,"protein_coding","slit guidance ligand 1"
"325","WIF1",-0.59942847660096,0.0155482286383313,15.5189290378567,0.0498066914754706,0.0580161302950375,-4.80725225278898,1.53018866289045e-06,2.81045386045146e-05,-0.611262580320437,1,"12",65050626,65121305,"protein_coding","WNT inhibitory factor 1"
"326","PDE1A",-0.599243066452816,0.0168108958180827,16.5922773065344,0.0346460453158915,0.0664054416428938,-4.62176212628028,3.80494162244283e-06,6.14698205202376e-05,-0.42465862240845,1,"2",182139968,182523359,"protein_coding","phosphodiesterase 1A"
"327","TRIM37",-0.598642218724066,0.0126036670897474,12.9073665922819,0.115076827778708,0.0376466838317252,-5.33235285672542,9.69483198165477e-08,2.6690102776277e-06,-0.392278829670336,1,"17",58982638,59106921,"protein_coding","tripartite motif containing 37"
"328","MPP2",-0.598517004408064,0.00970576282159686,10.6057823600868,0.225051701512258,0.0198943175571154,-6.07521506109791,1.2382166403313e-09,5.88915239029214e-08,-0.203210528328649,1,"17",43875357,43909711,"protein_coding","MAGUK p55 scaffold protein 2"
"329","ANXA6",-0.598381855040966,0.0217180103106989,21.471466987121,0.00599506050663787,0.103329352512732,-4.06039606567303,4.89895414974573e-05,0.000538779284467074,-0.317774580852365,1,"5",151100706,151157815,"protein_coding","annexin A6"
"330","GSR",-0.597914477154147,0.031373603468586,31.3096432020185,0.000123743919707057,0.180558214706489,-3.37564577475592,0.000736426673443757,0.00505621470134708,-0.119182794111286,1,"8",30678066,30727846,"protein_coding","glutathione-disulfide reductase"
"331","EPB41L3",-0.597432543737793,0.0234639179777483,23.1733714411592,0.00314864447853488,0.11708204606242,-3.90021555619917,9.61070811877907e-05,0.000951109402453551,-0.35620543229867,1,"18",5392381,5630700,"protein_coding","erythrocyte membrane protein band 4.1 like 3"
"332","UQCRQ",-0.597142244227485,0.00657445268194059,8.56096864580285,0.380673167007937,0.00426858024020172,-7.36458016638318,1.77635683940025e-13,2.16673037831725e-11,-0.185695055238649,1,"5",132866630,132868847,"protein_coding","ubiquinol-cytochrome c reductase complex III subunit VII"
"333","DCX",-0.597030516326238,0.0249077161740814,24.7616035589767,0.00170590255430459,0.130061964158185,-3.78294106919175,0.000154986118802158,0.0014146298340936,-0.259205057116008,1,"X",111293779,111412429,"protein_coding","doublecortin"
"334","POP7",-0.59620764033666,0.0216838737662647,21.4914511363357,0.00595039553282687,0.104253311989428,-4.04882589570773,5.14752187898981e-05,0.000560315009654515,-0.192652124187187,1,"7",100706121,100707486,"protein_coding","POP7 homolog, ribonuclease P/MRP subunit"
"335","NUDT21",-0.595604266393051,0.0120740152921757,12.4930011888852,0.130525484570453,0.0343392630836516,-5.42040752111524,5.94633271511213e-08,1.74642695744647e-06,-0.280012312158557,1,"16",56429133,56452199,"protein_coding","nudix hydrolase 21"
"336","ATP5MG",-0.59425940768714,0.019414262900768,19.2132991044349,0.0137596157990564,0.0862674358716889,-4.26496638497419,1.99932300486427e-05,0.000252570571669995,-0.217579023555495,1,"11",118401346,118433278,"protein_coding","ATP synthase membrane subunit g"
"337","PEX7",-0.594216760588634,0.0153738013266021,15.3800372336032,0.0521637093323648,0.0568319528579879,-4.79241330496662,1.64786987455479e-06,2.98784827254802e-05,-0.240240890984994,1,"6",136822564,136913934,"protein_coding","peroxisomal biogenesis factor 7"
"338","SERPINI1",-0.594019220184354,0.0268117006352476,26.5518278179258,0.000844587731932173,0.145198598223563,-3.62775806674151,0.000285892962605949,0.00233448728241943,-0.524577602905341,1,"3",167735243,167825569,"protein_coding","serpin family I member 1"
"339","GNB1",-0.593936078996645,0.00949558684153986,10.4343517228211,0.235853083437849,0.0186087504531365,-6.09507147156237,1.09388564872859e-09,5.30160206141405e-08,-0.15702623740628,1,"1",1785285,1892292,"protein_coding","G protein subunit beta 1"
"340","BAIAP2",-0.59357121495218,0.0206808723217821,20.4931782284067,0.0086228441695103,0.0963553769033741,-4.1275125753372,3.66708383736647e-05,0.000422046699467371,-0.199960893334111,1,"17",81035122,81117434,"protein_coding","BAR/IMD domain containing adaptor protein 2"
"341","CPLX1",-0.593021361867764,0.0373709199163552,36.8957551706973,1.20282452889108e-05,0.229971779497459,-3.06763330056756,0.00215761205496867,0.0120393463576127,-0.48790969963592,1,"4",784957,826129,"protein_coding","complexin 1"
"342","PRDX2",-0.592588666296163,0.0301138178845622,29.8764146434651,0.000222278272281976,0.169248129865896,-3.4148405603851,0.000638193567246814,0.00449929994740681,-0.248032394536629,1,"19",12796820,12801800,"protein_coding","peroxiredoxin 2"
"343","DZIP3",-0.59254506423895,0.0180582014906869,17.881161114802,0.0221353006280808,0.076345838337137,-4.40944710910913,1.03634864756508e-05,0.000144527549630068,-0.227472320381593,1,"3",108589705,108694840,"protein_coding","DAZ interacting zinc finger protein 3"
"344","ARL1",-0.59216033221494,0.0189973508271408,18.8441164784702,0.0157159141219681,0.083491583978791,-4.29628209886282,1.736865308688e-05,0.000223400137812225,-0.194201623428679,1,"12",101393116,101407772,"protein_coding","ADP ribosylation factor like GTPase 1"
"345","RPP40",-0.592061560547154,0.0173710077522031,17.3344801144983,0.0268086140279818,0.0720976306514895,-4.49215112611187,7.05073601214856e-06,0.000104843779774381,-0.22773730603296,1,"6",4994717,5004063,"protein_coding","ribonuclease P/MRP subunit p40"
"346","NCDN",-0.59157693007374,0.023838913606028,23.5356493323805,0.00274048476600252,0.120470052541295,-3.831492673671,0.000127368167817776,0.00120094649941853,-0.3939106896551,1,"1",35557473,35567274,"protein_coding","neurochondrin"
"347","DNAJA2",-0.591516997592238,0.0226395455482721,22.4225015872236,0.0041904719139745,0.111451454548186,-3.93127456401623,8.44967058613033e-05,0.000851749514639069,-0.198878625319149,1,"16",46955362,46973674,"protein_coding","DnaJ heat shock protein family (Hsp40) member A2"
"348","NDUFC1",-0.590280930953379,0.0330701139400938,33.3798063004526,5.26006721113986e-05,0.194946051047459,-3.24594314013567,0.00117062217646713,0.00734860161159235,-0.111941556311658,1,"4",139266880,139302551,"protein_coding","NADH:ubiquinone oxidoreductase subunit C1"
"349","ATP2B2",-0.590086540844199,0.0505315264456079,52.8614527184261,1.14712849241492e-08,0.347793391741985,-2.62503138529648,0.00866409805450186,0.0365624651056805,-0.376684016841945,1,"3",10324023,10708007,"protein_coding","ATPase plasma membrane Ca2+ transporting 2"
"350","DMXL2",-0.590082239849059,0.0204236649100411,20.1370718643776,0.0098297177288494,0.0933596700416952,-4.12900781951381,3.64332014226587e-05,0.000420838968675958,-0.393328595174211,1,"15",51447711,51622833,"protein_coding","Dmx like 2"
"351","PDHB",-0.590014084662755,0.0207278860657914,20.663086565687,0.00809835262059179,0.0979549537550897,-4.09812190219532,4.16515920693694e-05,0.000468176382991373,-0.226516537665193,1,"3",58427630,58433857,"protein_coding","pyruvate dehydrogenase E1 subunit beta"
"352","B3GALNT1",-0.589655238498228,0.0307376445589626,30.60670589113,0.000165040397098677,0.176243256773495,-3.36327879434915,0.000770225358871945,0.005236094686326,-0.209418576234731,1,"3",161083883,161105411,"protein_coding","beta-1,3-N-acetylgalactosaminyltransferase 1 (Globoside blood group)"
"353","SIRT5",-0.589277572043354,0.0313130125644527,31.5496284593417,0.000112123011918266,0.182704914333766,-3.33010161642903,0.00086814295226767,0.00577546145150305,-0.194324070482652,1,"6",13574227,13615158,"protein_coding","sirtuin 5"
"354","AKAP11",-0.587659830680719,0.0105904472845138,11.2819445118066,0.18622984760278,0.025044397373518,-5.71043055293052,1.12690714537678e-08,4.04054062687625e-07,-0.261641953937174,1,"13",42272152,42323261,"protein_coding","A-kinase anchoring protein 11"
"355","PRKCI",-0.587189571901932,0.0258087538588939,25.8929346720712,0.00109553094616929,0.1371388554602,-3.65506257343871,0.000257119258085137,0.00213796178613781,-0.230004890638759,1,"3",170222424,170305977,"protein_coding","protein kinase C iota"
"356","STAU2",-0.586647536209322,0.0154613425028883,15.4232216821239,0.0514201125005116,0.0570703696592175,-4.7179534398655,2.38228995774747e-06,4.12860080848786e-05,-0.290371592463246,1,"8",73420369,73747708,"protein_coding","staufen double-stranded RNA binding protein 2"
"357","EPHA5",-0.586564678644045,0.0238945878533126,23.5803562762223,0.00269382219402183,0.121242979961102,-3.79460116217772,0.000147880978911274,0.00136147699363854,-0.422582025986055,1,"4",65319563,65670495,"protein_coding","EPH receptor A5"
"358","MCAT",-0.586252780382937,0.0149080810647115,14.9515671750496,0.06009407571501,0.0531783083643146,-4.8014680422158,1.57506648190697e-06,2.8804282513095e-05,-0.204434261222579,1,"22",43132209,43143398,"protein_coding","malonyl-CoA-acyl carrier protein transacylase"
"359","TUFT1",-0.585905804223843,0.0247235002117628,24.7989190388064,0.00168130037576087,0.128330071852477,-3.72625715091674,0.000194344137087965,0.00170489163344236,-0.259209772938328,1,"1",151540305,151583583,"protein_coding","tuftelin 1"
"360","ABI2",-0.58546430636496,0.00886035031220622,10.0136282746719,0.264070691576475,0.0153188383362667,-6.21977932485723,4.978546463974e-10,2.63315529058276e-08,-0.213150409971987,1,"2",203328280,203447728,"protein_coding","abl interactor 2"
"361","KATNB1",-0.58535931654135,0.0311524784958798,31.0426455014898,0.000138068967397516,0.179161358099578,-3.31647121701446,0.000911619772329786,0.00600980678976034,-0.192632386665902,1,"16",57735739,57757244,"protein_coding","katanin regulatory subunit B1"
"362","ATP6V1B2",-0.585350101174696,0.0212196772515594,21.028374248438,0.00707243677290441,0.100834104631369,-4.01833657852635,5.86104370756679e-05,0.000624908353145129,-0.436297590594052,1,"8",20197381,20230399,"protein_coding","ATPase H+ transporting V1 subunit B2"
"363","STK25",-0.584904481938142,0.0384726383383426,38.5120911131083,6.05321340550305e-06,0.238712610401982,-2.98200909889458,0.0028636348791804,0.0151615044600095,-0.125216079167404,1,"2",241492670,241509730,"protein_coding","serine/threonine kinase 25"
"364","STX12",-0.584819294754269,0.014719587208905,14.8385656984368,0.0623615121206939,0.0525269243275699,-4.82029788080097,1.43344021497072e-06,2.66152158778212e-05,-0.158668949297936,1,"1",27773219,27824443,"protein_coding","syntaxin 12"
"365","TESPA1",-0.584474082518588,0.0200599758775025,19.8354899998853,0.0109766910057055,0.0919429246798229,-4.12667298276665,3.68049179844121e-05,0.000422833607109787,-0.666625707498218,1,"12",54948015,54984762,"protein_coding","thymocyte expressed, positive selection associated 1"
"366","TMEM14A",-0.584426377452879,0.0202934433241601,19.9766138456698,0.0104248911862419,0.0921035977937625,-4.10253162581083,4.08653975463302e-05,0.000461782615092463,-0.343538476021709,1,"6",52671113,52686588,"protein_coding","transmembrane protein 14A"
"367","RASAL1",-0.584255332894808,0.0190514107777177,18.746276529027,0.0162770643362513,0.0831162157685395,-4.23291077949051,2.30686038507066e-05,0.000284788337998094,-0.397559844758816,1,"12",113098819,113136239,"protein_coding","RAS protein activator like 1"
"368","TDRKH",-0.584041430384938,0.0105104007191473,11.2095014993364,0.190108783522028,0.0245022540901055,-5.69683995627499,1.22048395834184e-08,4.32136077083453e-07,-0.296341901650827,1,"1",151770107,151791416,"protein_coding","tudor and KH domain containing"
"369","ARHGAP32",-0.58401366324577,0.0258114104614,25.5339710458602,0.00126148468638678,0.137516999107768,-3.63510649977376,0.000277865823161472,0.00227769563660945,-0.310448575717357,1,"11",128965060,129279324,"protein_coding","Rho GTPase activating protein 32"
"370","PTK2B",-0.5838155595482,0.0404777470956262,40.350857019688,2.75584584054335e-06,0.2565059219651,-2.9018001518359,0.003710251530185,0.0187075637379364,-0.354956845611501,1,"8",27311482,27459391,"protein_coding","protein tyrosine kinase 2 beta"
"371","KCNAB2",-0.582926890812718,0.0456831716544738,46.1673442398629,2.20906131529356e-07,0.300846881183733,-2.72731917574697,0.00638512432504346,0.0288456449438832,-0.337745348849391,1,"1",5990927,6101193,"protein_coding","potassium voltage-gated channel subfamily A regulatory beta subunit 2"
"372","GUCY1B1",-0.58279925800752,0.011665812461164,12.1554917053679,0.144399900662228,0.0317359324696569,-5.3958702119474,6.81922285306058e-08,1.96877064771318e-06,-0.517316551812546,1,"4",155758992,155807811,"protein_coding","guanylate cyclase 1 soluble subunit beta 1"
"373","STMN2",-0.582638855118483,0.0254940484715088,25.1864804855707,0.00144536539951121,0.133827401834653,-3.64905189698675,0.000263209932216624,0.00217928249496537,-0.691595646792512,1,"8",79611117,79666158,"protein_coding","stathmin 2"
"374","DLG3",-0.58225818866929,0.0498343839813823,51.625006820304,1.98832078560444e-08,0.33874311792861,-2.608261061759,0.00910035202686976,0.0379484214350074,-0.28110564350482,1,"X",70444835,70505490,"protein_coding","discs large MAGUK scaffold protein 3"
"375","PSMA1",-0.582180144465556,0.00753061708547269,9.13277229603761,0.331219632849943,0.0086154099967574,-6.70875770200567,1.96287430753728e-11,1.49819026113916e-09,-0.268716640026697,1,"11",14504211,14643635,"protein_coding","proteasome 20S subunit alpha 1"
"376","RNF14",-0.582132181080955,0.00545796126920049,6.32564026979267,0.610805617820964,0,-7.87964013483379,3.33066907387547e-15,6.43248081062934e-13,-0.209282929845289,1,"5",141958328,141990292,"protein_coding","ring finger protein 14"
"377","DCLK1",-0.581678811253847,0.0248563766044815,24.5566924228389,0.00184737360676635,0.129746963592106,-3.68947297811149,0.000224719094313652,0.00191918387649512,-0.521071886291426,1,"13",35768652,36131382,"protein_coding","doublecortin like kinase 1"
"378","C1QBP",-0.580922659658046,0.0169378976857966,16.8999087655289,0.0311683617231674,0.0676298297284278,-4.46363387117286,8.05812124737848e-06,0.000116785494576134,-0.259343160215682,1,"17",5432777,5448830,"protein_coding","complement C1q binding protein"
"379","NDUFV2",-0.580578852640942,0.0183072023827229,18.1031096267782,0.0204666042834854,0.0778477681142514,-4.29091806207743,1.779359653864e-05,0.000227602687686678,-0.160976784031666,1,"18",9102630,9134345,"protein_coding","NADH:ubiquinone oxidoreductase core subunit V2"
"380","VDAC1",-0.580577330772319,0.0170294574024344,16.9728903690472,0.0303926112610855,0.0690074993264411,-4.44897196509016,8.62822762770499e-06,0.000123851017406015,-0.30001038067067,1,"5",133971871,134004975,"protein_coding","voltage dependent anion channel 1"
"381","VPS4B",-0.580503515130709,0.0152103272270851,15.3522552020552,0.0526472939923741,0.055952124951381,-4.70690654140852,2.51504140091896e-06,4.31466692016333e-05,-0.247847052796784,1,"18",63389190,63422483,"protein_coding","vacuolar protein sorting 4 homolog B"
"382","OLFM1",-0.580308536102645,0.028101972322873,27.8083142158153,0.000512102785971838,0.154113539289433,-3.46170900690243,0.000536757165156665,0.00390422783636205,-0.332379857169322,1,"9",135075422,135121180,"protein_coding","olfactomedin 1"
"383","HLF",-0.580263034023812,0.0212553590013978,21.0624341507554,0.00698341524126177,0.100481825969704,-3.98006974194718,6.88950531855248e-05,0.000717548663302239,-0.428365973400223,1,"17",55264960,55325187,"protein_coding","HLF transcription factor, PAR bZIP family member"
"384","GRIK2",-0.580152802742076,0.0413189335304752,42.3226585311996,1.17790899916363e-06,0.267224183000369,-2.85409117632624,0.00431601424229999,0.0211918626885504,-0.247140066587126,1,"6",100962701,102081622,"protein_coding","glutamate ionotropic receptor kainate type subunit 2"
"385","WDR37",-0.580006380074542,0.0251897662224854,25.1986704040144,0.00143849393358041,0.130563607578294,-3.6544388764497,0.000257745055907588,0.00214168667218127,-0.219656929473141,1,"10",1049538,1160991,"protein_coding","WD repeat domain 37"
"386","ADRA1B",-0.57935914484469,0.0379620811645592,39.0754192147455,4.75951612995598e-06,0.239757835916709,-2.97353366498963,0.00294392110894526,0.015492240394968,-0.378248893833804,1,"5",159865080,159973012,"protein_coding","adrenoceptor alpha 1B"
"387","LZTS1",-0.579199562930644,0.0429532450111459,42.600681818768,1.04436569493799e-06,0.27438967246871,-2.79466808819857,0.00519530246887823,0.0245220969892821,-0.318169812476663,1,"8",20246165,20303963,"protein_coding","leucine zipper tumor suppressor 1"
"388","DAPK1",-0.578198298170405,0.00545507006274275,6.76233056879546,0.562479149343967,0,-7.82846551169587,4.88498130835069e-15,8.64811308984612e-13,-0.351056227481493,1,"9",87497228,87708634,"protein_coding","death associated protein kinase 1"
"389","CDIPT",-0.577961427735151,0.0509646632518879,52.3913280839668,1.41421828541564e-08,0.34560143634906,-2.56014330477463,0.0104629008889083,0.0421708667764332,-0.146005996240778,1,"16",29858357,29863414,"protein_coding","CDP-diacylglycerol--inositol 3-phosphatidyltransferase"
"390","CLSTN3",-0.577529180145206,0.047371215136683,47.8818705351184,1.04067723502283e-07,0.315886704565903,-2.65348519991672,0.0079665264115818,0.0342678246119506,-0.434990231741875,1,"12",7129698,7158945,"protein_coding","calsyntenin 3"
"391","DGCR2",-0.577515080182398,0.0394216166303947,40.4969642918448,2.5881801394614e-06,0.250391105295926,-2.9086811336932,0.003629568492586,0.0183770783677249,-0.14288843403042,1,"22",19036282,19122454,"protein_coding","DiGeorge syndrome critical region gene 2"
"392","GABRB2",-0.577452627169465,0.0443496499444541,45.9310583485371,2.44981084701028e-07,0.293630979596348,-2.74202407397087,0.00610618661458284,0.0278271389641688,-0.526791100761309,1,"5",161288429,161549044,"protein_coding","gamma-aminobutyric acid type A receptor subunit beta2"
"393","RAB2A",-0.577288091636448,0.0213929666903759,21.1865305056245,0.00666809140527694,0.101105385840909,-3.94690880031384,7.91666950457071e-05,0.000806311049460731,-0.219514273286574,1,"8",60516936,60623644,"protein_coding","RAB2A, member RAS oncogene family"
"394","BDNF",-0.576258842630924,0.0279259515401998,27.8982599531638,0.000493985370607357,0.154784108234241,-3.44836805025785,0.000563984955821439,0.00407181959341794,-0.329205142420276,1,"11",27654893,27722058,"protein_coding","brain derived neurotrophic factor"
"395","PDE1B",-0.57599505662203,0.0396738682617867,39.0696793496134,4.77120438097195e-06,0.249483802038116,-2.89178820989882,0.00383056073171084,0.0192191467690424,-0.442498020295737,1,"12",54549601,54579239,"protein_coding","phosphodiesterase 1B"
"396","ASIC2",-0.575953706277373,0.0252040456190026,24.7822187920404,0.0016922678896826,0.130882493577412,-3.62787611912606,0.000285762307121962,0.00233448728241943,-0.338748820708421,1,"17",33013087,34174964,"protein_coding","acid sensing ion channel subunit 2"
"397","ME1",-0.575534779516359,0.00815160508855233,9.51809391125455,0.300489829363436,0.0115633271257524,-6.37455697675931,1.83492554484133e-10,1.09806941114178e-08,-0.356663322017349,1,"6",83210402,83431051,"protein_coding","malic enzyme 1"
"398","PITPNB",-0.574825667328399,0.0215794070070158,21.3773374159332,0.0062098192659799,0.102694999971986,-3.91305902624007,9.11342466938247e-05,0.000910378272321973,-0.219245185811536,1,"22",27851669,27920134,"protein_coding","phosphatidylinositol transfer protein beta"
"399","SRM",-0.574113772066176,0.0297217296363162,29.4356406487713,0.000265840108440172,0.165404412907052,-3.33012798911297,0.000868060727184705,0.00577546145150305,-0.168489699001185,1,"1",11054584,11060020,"protein_coding","spermidine synthase"
"400","FUCA1",-0.574085362500075,0.011536542315042,12.0695428098922,0.148127921808393,0.0310104469048446,-5.34488840504605,9.04727759376556e-08,2.51518263574553e-06,-0.217916463271146,1,"1",23845077,23868290,"protein_coding","alpha-L-fucosidase 1"
"401","B9D1",-0.573496947909126,0.00909199455525748,10.1703249597927,0.253274326101666,0.0165310054533817,-6.01452767382947,1.80411952044324e-09,8.1115377309805e-08,-0.294907117502165,1,"17",19334308,19378193,"protein_coding","B9 domain containing 1"
"402","DIRAS1",-0.573469556319529,0.0247969143185657,24.5177584123362,0.00187551510685636,0.12856211087814,-3.64176189002539,0.000270778470303101,0.0022303572030491,-0.258551402649114,1,"19",2714567,2721372,"protein_coding","DIRAS family GTPase 1"
"403","STS",-0.573249741849336,0.031272094407306,31.3241603608656,0.000123008443612933,0.181935408690884,-3.24164448526532,0.00118842174577893,0.00744086782560299,-0.313869547829364,1,"X",7147237,7804358,"protein_coding","steroid sulfatase"
"404","PSMD1",-0.573223008058855,0.0161201647189203,16.1282638482193,0.0405806252820289,0.0622071766978679,-4.51480374081705,6.33754292045374e-06,9.57694022946812e-05,-0.193607507305273,1,"2",231056845,231173116,"protein_coding","proteasome 26S subunit, non-ATPase 1"
"405","SLC25A5",-0.572871185079424,0.00545134653199737,6.80393440059511,0.557927041360838,0,-7.75898805134048,8.65973959207622e-15,1.45238645671578e-12,-0.253283696054078,1,"X",119468422,119471396,"protein_coding","solute carrier family 25 member 5"
"406","HINT1",-0.572435222972647,0.0253288287155106,25.0276519381935,0.00153787333695749,0.131630699565644,-3.59682075229892,0.000322130300033141,0.00257835721781628,-0.223963355253328,1,"5",131155383,131224468,"protein_coding","histidine triad nucleotide binding protein 1"
"407","MAP2K1",-0.572284229300062,0.0110603356391584,11.6898378804356,0.165588259929732,0.0280727182009986,-5.44161265823858,5.28003847310998e-08,1.58171587303164e-06,-0.431365974553252,1,"15",66386837,66491656,"protein_coding","mitogen-activated protein kinase kinase 1"
"408","GRIN2A",-0.571943497169299,0.0290700045365637,29.3392234230686,0.000276432513422452,0.164670448285251,-3.35452147726349,0.000795023812817153,0.00537315537119504,-0.401884502762209,1,"16",9753404,10183337,"protein_coding","glutamate ionotropic receptor NMDA type subunit 2A"
"409","SNAPC5",-0.571765193638787,0.0117583790712269,12.216097688375,0.141819440971732,0.0321968337677643,-5.27283262173785,1.3433406853558e-07,3.5672691762266e-06,-0.289815563467104,1,"15",66490135,66497780,"protein_coding","small nuclear RNA activating complex polypeptide 5"
"410","PRSS3",-0.571599556487636,0.0177988935084966,17.6288340683774,0.0241879792650485,0.0739459818595983,-4.28445297813836,1.83189345659418e-05,0.000233736035480257,-0.300349788502767,1,"9",33750679,33799231,"protein_coding","serine protease 3"
"411","SLBP",-0.571503548492306,0.00545669510739738,6.75895245721422,0.562849243149759,0,-7.73667025483673,1.02140518265514e-14,1.66914630265561e-12,-0.318532243064164,1,"4",1692731,1712344,"protein_coding","stem-loop histone mRNA binding protein"
"412","RGS7",-0.571363174190543,0.0508324912037232,50.3587519652402,3.48664429378301e-08,0.344880755670752,-2.53420386232161,0.011270314309757,0.0446417219854934,-0.584308172054155,1,"1",240767636,241357374,"protein_coding","regulator of G protein signaling 7"
"413","IGSF3",-0.571353351812409,0.0419662259518631,43.3065000255792,7.69057986248612e-07,0.271485645017482,-2.78904050919723,0.00528644522369737,0.024851069166092,-0.199562237433979,1,"1",116574399,116667755,"protein_coding","immunoglobulin superfamily member 3"
"414","TAF9",-0.570967059979027,0.00827239258331589,9.64191052309693,0.291063685189319,0.0124163751513121,-6.27762668235345,3.4378011548597e-10,1.91353416683053e-08,-0.285022080654349,1,"HSCHR5_2_CTG1_1",147938,153209,"protein_coding","TATA-box binding protein associated factor 9"
"415","PSMB2",-0.570465414659202,0.00545728988510807,7.82796815356621,0.450452772114245,0,-7.72219577855667,1.13242748511766e-14,1.8387881451022e-12,-0.178748027856557,1,"1",35599541,35641526,"protein_coding","proteasome 20S subunit beta 2"
"416","GPHN",-0.570453137589007,0.0247740650865777,24.931080346888,0.00159691322188552,0.130354992079461,-3.6242766083131,0.000289771354044399,0.0023593551991868,-0.235923208836875,1,"14",66507407,67181803,"protein_coding","gephyrin"
"417","FHL2",-0.570214028240745,0.0130036762736318,13.3134058321073,0.101511625131068,0.0407258181140924,-5.00040087949666,5.72112346830522e-07,1.2215125676508e-05,-0.352941174957046,1,"2",105357712,105438513,"protein_coding","four and a half LIM domains 2"
"418","SPAG7",-0.57009157978857,0.0108979655156211,11.5553797968295,0.172171216377561,0.0270589237180479,-5.46099667218991,4.73468924067078e-08,1.44379704321077e-06,-0.17621077128161,1,"17",4959226,4967817,"protein_coding","sperm associated antigen 7"
"419","NDUFS5",-0.569979276214563,0.0214977773143208,21.2149375029664,0.00659786059595151,0.102553003442298,-3.88742734766885,0.000101312297250411,0.000995664762453635,-0.189814449302394,1,"1",39026318,39034636,"protein_coding","NADH:ubiquinone oxidoreductase subunit S5"
"420","TM9SF4",-0.56991033474433,0.0128206197284554,13.105738728275,0.108262891747335,0.0390396238848836,-5.03329080590272,4.82130893209032e-07,1.05501827129424e-05,-0.164201143349431,1,"20",32109714,32167258,"protein_coding","transmembrane 9 superfamily member 4"
"421","MRPS30",-0.569527965966927,0.0309672829202744,30.8801624408292,0.000147572640265661,0.180018146118609,-3.23640976961906,0.00121043487200279,0.00754649454437931,-0.272758212433116,1,"5",44808947,44820428,"protein_coding","mitochondrial ribosomal protein S30"
"422","GRIA3",-0.569492213090407,0.0269583593686097,26.9165841347612,0.000730818124765096,0.146532747133664,-3.46849490569405,0.000523382449767684,0.00383738532986125,-0.226846223312556,1,"X",123184153,123490915,"protein_coding","glutamate ionotropic receptor AMPA type subunit 3"
"423","HOMER1",-0.569013930568893,0.0258363056878935,25.4616359625557,0.00129777759589204,0.135348417543496,-3.54003610732378,0.000400072291958153,0.00305663745294615,-0.354034718885594,1,"5",79372636,79514134,"protein_coding","homer scaffold protein 1"
"424","PDHX",-0.568677323232211,0.00642146957477171,8.48805525020241,0.38730248039672,0.00371387597311158,-7.0965733491405,1.27897692436818e-12,1.26867543707852e-10,-0.284356262243931,1,"11",34915829,35020591,"protein_coding","pyruvate dehydrogenase complex component X"
"425","OAT",-0.568642686544358,0.0192680058307725,19.1270926278634,0.0141945343594056,0.0852932677344074,-4.096576538416,4.1930489699693e-05,0.000470896023750782,-0.287330683425533,1,"10",124397303,124418976,"protein_coding","ornithine aminotransferase"
"426","CDC42",-0.568529544397968,0.0242111078474793,24.239551366583,0.00208909500388322,0.125584433939114,-3.65380787233579,0.000258379638657269,0.00214556095384031,-0.198218691869273,1,"1",22052627,22101360,"protein_coding","cell division cycle 42"
"427","ACP1",-0.568465649772889,0.0265740812157262,26.430737402343,0.000886052297472343,0.143095803794346,-3.48718588447633,0.000488131956978277,0.00362356104551774,-0.236580852740223,1,"2",264140,278283,"protein_coding","acid phosphatase 1"
"428","NRXN3",-0.568267090115302,0.0398422321805059,41.1482470744856,1.95567237011946e-06,0.255805022493582,-2.84695547213047,0.00441395358888697,0.0215813039588599,-0.302131165468661,1,"14",78170373,79868291,"protein_coding","neurexin 3"
"429","AMACR",-0.568106284105697,0.0121316702049003,12.5766568880561,0.127269501107568,0.0348253864141613,-5.15785697782895,2.49792301731944e-07,6.01886119853728e-06,-0.25358001704971,1,"5",33986165,34008104,"protein_coding","alpha-methylacyl-CoA racemase"
"430","MTCH1",-0.567654349332854,0.0120453829928532,12.5016949977681,0.130183798036064,0.0342721241740891,-5.1721803868904,2.31378050274955e-07,5.67165445736484e-06,-0.210079880369275,1,"6",36965807,36986298,"protein_coding","mitochondrial carrier 1"
"431","FBXO21",-0.567624888885707,0.0249915336333827,25.0513516420384,0.0015237124182909,0.130334137183998,-3.59058304628932,0.000329939082519104,0.00262519882355166,-0.175711344868668,1,"12",117141991,117190470,"protein_coding","F-box protein 21"
"432","NOVA1",-0.567344222589749,0.0139466775502484,14.1377873327395,0.0782439826555384,0.0471105311566319,-4.80409134698897,1.55455850303632e-06,2.8511050300651e-05,-0.258436505521307,1,"14",26443090,26598033,"protein_coding","NOVA alternative splicing regulator 1"
"433","RNF41",-0.566409227216136,0.0219711357875563,21.8353228356696,0.00523024133971515,0.106550622918881,-3.82123780407976,0.000132783536163972,0.001243132826819,-0.304643604435962,1,"12",56202179,56221933,"protein_coding","ring finger protein 41"
"434","GABRA1",-0.56602747694284,0.0223816287815028,22.1438418757407,0.00465625507136287,0.10929234219897,-3.78348197877327,0.000154649526805661,0.00141206317580828,-0.789767146330331,1,"5",161847063,161899981,"protein_coding","gamma-aminobutyric acid type A receptor subunit alpha1"
"435","SV2A",-0.565819576331495,0.0222821747480294,21.9709594947269,0.00496994972495862,0.10804262019834,-3.79052339337826,0.000150330172589586,0.00137875007810585,-0.402982914017828,1,"1",149903318,149917844,"protein_coding","synaptic vesicle glycoprotein 2A"
"436","NRXN2",-0.565692441777057,0.0443073720075344,45.979148869337,2.39878697775979e-07,0.29158174112381,-2.68746229833935,0.00719972295203752,0.0316616417485411,-0.158437715892232,1,"11",64606174,64723197,"protein_coding","neurexin 2"
"437","CS",-0.565651572815395,0.00544251446869233,5.03797842124048,0.753509341308496,0,-7.66741910924307,1.75415237890775e-14,2.67776087398175e-12,-0.153261031653069,1,"12",56271699,56300391,"protein_coding","citrate synthase"
"438","SRPRA",-0.565481117367564,0.0117024446822884,12.2619615933717,0.139892932390175,0.0324232524185147,-5.22732869009117,1.71976614726788e-07,4.41066382216297e-06,-0.202779923061143,1,"11",126262938,126269144,"protein_coding","SRP receptor subunit alpha"
"439","PSMA3",-0.565141197704114,0.00544736663704125,6.94804682613923,0.542248295983833,0,-7.65708845971868,1.90958360235527e-14,2.8976794508835e-12,-0.248197902308646,1,"14",58244843,58272012,"protein_coding","proteasome 20S subunit alpha 3"
"440","CDK14",-0.565136199851396,0.0277033020094687,27.3470077751176,0.000615748553069774,0.151069399237063,-3.39537196698287,0.000685354199239541,0.00475550751257855,-0.336761231050407,1,"7",90466424,91210590,"protein_coding","cyclin dependent kinase 14"
"441","RRAGA",-0.565067982523757,0.0152333385771078,15.3152655707654,0.0532975329756431,0.0559660030016821,-4.57828846523537,4.68795913444175e-06,7.37198848719155e-05,-0.263917553214051,1,"9",19049427,19051025,"protein_coding","Ras related GTP binding A"
"442","ATP1A3",-0.5649427013704,0.0317740338266972,31.5825845512638,0.000110613495803343,0.184772535195254,-3.16933557477846,0.00152787879152028,0.00910477186354053,-0.475116526713432,1,"19",41966582,41997497,"protein_coding","ATPase Na+/K+ transporting subunit alpha 3"
"443","PCCB",-0.564735071499767,0.0174385489977085,17.380675258481,0.0263804145932379,0.072188867222898,-4.27651093064038,1.89845239657593e-05,0.000241022146144971,-0.217240172816962,1,"3",136250340,136337896,"protein_coding","propionyl-CoA carboxylase subunit beta"
"444","PRKACB",-0.564153008872752,0.0215377638700232,21.3006649401385,0.00639020339609566,0.103403850111892,-3.84411705049163,0.0001209872520469,0.00115431437740705,-0.180507658964863,1,"1",84078062,84238498,"protein_coding","protein kinase cAMP-activated catalytic subunit beta"
"445","DGUOK",-0.56395254632566,0.0139347194068303,14.1610937336073,0.0776619994144141,0.0471373034059964,-4.77742026981561,1.77558417124857e-06,3.18095342780321e-05,-0.140158319312215,1,"2",73926826,73958961,"protein_coding","deoxyguanosine kinase"
"446","COX7B",-0.563909974182843,0.00916480290870417,10.2520689828704,0.247777865121772,0.0170740621542471,-5.89044643897658,3.85153686721651e-09,1.6069922971514e-07,-0.218147076246848,1,"X",77899440,77907376,"protein_coding","cytochrome c oxidase subunit 7B"
"447","ARL3",-0.563584727111446,0.0252761274790432,25.3810149432374,0.0013394278404953,0.133357386320421,-3.54489966084537,0.000392762569525917,0.00301496422310274,-0.191187553343188,1,"10",102673731,102714397,"protein_coding","ADP ribosylation factor like GTPase 3"
"448","TTLL1",-0.563527748142902,0.00981758354286486,10.7069901157347,0.218860549027007,0.0205956339897646,-5.68738990516384,1.2899570966951e-08,4.54210998149838e-07,-0.185849576995649,1,"22",43039516,43089419,"protein_coding","TTL family tubulin polyglutamylase complex subunit L1"
"449","B4GALT6",-0.563500270433675,0.0230158545630854,22.810392782705,0.0036164029037754,0.114579156514476,-3.71433077367253,0.000203742156488662,0.00177148662870582,-0.5416326596338,1,"18",31622246,31685836,"protein_coding","beta-1,4-galactosyltransferase 6"
"450","NCS1",-0.563313416989616,0.0262612563088128,26.2467721047958,0.000952879165299402,0.139676114546817,-3.47610067625254,0.000508761259783386,0.00374526445153273,-0.279145412078268,1,"9",130172404,130237303,"protein_coding","neuronal calcium sensor 1"
"451","GABBR2",-0.562310957219251,0.0367829813402359,36.6994379685706,1.30700096437481e-05,0.226303221645349,-2.93192652708139,0.00336866432743488,0.0172721962387967,-0.611355747856711,1,"9",98288109,98708935,"protein_coding","gamma-aminobutyric acid type B receptor subunit 2"
"452","NDN",-0.56212613020209,0.0176399193666082,17.5358245005792,0.0249888211717653,0.0731510825595507,-4.23238801547417,2.31223049680374e-05,0.000285175094605794,-0.294297753274708,1,"15",23685400,23687305,"protein_coding","necdin, MAGE family member"
"453","SLC25A4",-0.561529215788426,0.00846174496056577,9.73561709466892,0.284074665357502,0.0132003127754261,-6.10439167450531,1.03192943079478e-09,5.05903403447139e-08,-0.338864577120454,1,"4",185143266,185150382,"protein_coding","solute carrier family 25 member 4"
"454","GRB14",-0.56123125271475,0.0355905280553689,36.2309801282039,1.59302308818198e-05,0.219700479467292,-2.97491547840614,0.00293069285019709,0.0154427765254391,-0.26383382977933,1,"2",164492417,164621482,"protein_coding","growth factor receptor bound protein 14"
"455","ST8SIA5",-0.560727913434648,0.0282808732437133,28.426475550381,0.000399594651446756,0.157612387282581,-3.33430841506452,0.000855117853346243,0.00569773116449445,-0.266313118822709,1,"18",46667821,46759257,"protein_coding","ST8 alpha-N-acetyl-neuraminide alpha-2,8-sialyltransferase 5"
"456","HTR4",-0.560604382733435,0.0243918142435133,24.2313879904933,0.00209570631636921,0.126272569200852,-3.5895039592686,0.000331307799320779,0.00263444470620232,-0.339789839504941,1,"5",148446042,148677235,"protein_coding","5-hydroxytryptamine receptor 4"
"457","PPP3CA",-0.560151096097297,0.0140577279456272,14.2251093222844,0.0760834482069839,0.0475984275497309,-4.72441046647645,2.30783862886774e-06,4.01869741569162e-05,-0.406379350131133,1,"4",101023409,101348278,"protein_coding","protein phosphatase 3 catalytic subunit alpha"
"458","ZMYM4",-0.559963297881758,0.0212830380424861,21.0749570057885,0.00695095615480161,0.100491671707005,-3.83833390244297,0.000123871962965039,0.00117567682496937,-0.164560293977946,1,"1",35268709,35422058,"protein_coding","zinc finger MYM-type containing 4"
"459","SUCLA2",-0.559776343654319,0.0065050381177909,8.54059556468748,0.382518284887021,0.00409450578897282,-6.94048177593601,3.9075409574707e-12,3.3882633207075e-10,-0.401377513824962,1,"13",47745736,48037968,"protein_coding","succinate-CoA ligase ADP-forming subunit beta"
"460","RPL15",-0.559164004162355,0.0242268370179052,23.9906813186477,0.00230005048763356,0.123703373537331,-3.59245095175099,0.000327582326257625,0.00261133716175286,-0.154523352572417,1,"3",23916591,23924374,"protein_coding","ribosomal protein L15"
"461","HAGH",-0.558748383135793,0.0281770048235892,27.757081711831,0.000522711640829408,0.153979341058215,-3.32865562399962,0.000872662354315379,0.00579796231393327,-0.146466181995845,1,"16",1795620,1827157,"protein_coding","hydroxyacylglutathione hydrolase"
"462","CCK",-0.558353667744672,0.0237246066404637,23.4415292536561,0.00284129876373453,0.119945246876228,-3.6250154598307,0.000288944166253913,0.00235337176687252,-0.579706732846902,1,"3",42257825,42266185,"protein_coding","cholecystokinin"
"463","FAM3C",-0.558255738163269,0.023240071315239,22.9453925148691,0.00343506798540608,0.115530085492956,-3.66196734775807,0.000250285766386638,0.0020974802901034,-0.407045390254711,1,"7",121348851,121396364,"protein_coding","FAM3 metabolism regulating signaling molecule C"
"464","DPYSL4",-0.557929811951304,0.0351149575142902,34.8490686103008,2.84851199910478e-05,0.211400304732018,-2.97737470301604,0.00290728451399458,0.0153416278441863,-0.189838919782672,1,"10",132186948,132205759,"protein_coding","dihydropyrimidinase like 4"
"465","CAMK1",-0.556500808517494,0.0220628304776715,21.8397282592272,0.00522158432138447,0.106838981434587,-3.746581511214,0.000179260772383394,0.00159452019203415,-0.25585268642849,1,"3",9757347,9769992,"protein_coding","calcium/calmodulin dependent protein kinase I"
"466","SCG2",-0.556303143656605,0.0293965447759319,29.5304080118471,0.000255817714220681,0.168229044712088,-3.24461648645354,0.00117608903331767,0.0073738410541976,-0.617971623202637,1,"2",223596940,223602361,"protein_coding","secretogranin II"
"467","FIBP",-0.55625358656078,0.0319862009217892,31.5712370216645,0.000111130983860827,0.184142868647191,-3.11022274998848,0.00186946305461944,0.0106880963560021,-0.224734962261658,1,"11",65883740,65888531,"protein_coding","FGF1 intracellular binding protein"
"468","NNAT",-0.555904903730915,0.0152914755289044,15.3959972289599,0.0518877504327697,0.056455819539144,-4.49547728948851,6.94140670587373e-06,0.000103452788359138,-0.353940207297783,1,"20",37521206,37523690,"protein_coding","neuronatin"
"469","SARS1",-0.555852773708473,0.0189484036016565,18.8535280763757,0.0156629142024647,0.0836142880649463,-4.03806647270762,5.3893583011666e-05,0.000582658656368279,-0.213202652578146,1,"1",109213918,109238182,"protein_coding","seryl-tRNA synthetase 1"
"470","EID1",-0.555481521984814,0.0123240903191772,12.7918585573281,0.119214593612534,0.0362781710577792,-5.0037105668122,5.62371742507395e-07,1.20172194733789e-05,-0.195627135984829,1,"15",48878134,48880173,"protein_coding","EP300 interacting inhibitor of differentiation 1"
"471","PNOC",-0.555410563438382,0.032785953188988,32.6152237540221,7.22350481007276e-05,0.194240626197633,-3.06739869287794,0.00215930639988282,0.0120453387422785,-0.335428320337939,1,"8",28316986,28343355,"protein_coding","prepronociceptin"
"472","UBE2T",-0.555352250569076,0.0216908308450319,21.5255965270085,0.00587482044398281,0.104892992713496,-3.77077346619664,0.000162742355602763,0.0014727692124179,-0.390567787304785,1,"1",202331544,202341984,"protein_coding","ubiquitin conjugating enzyme E2 T"
"473","RIMS3",-0.555254973327051,0.0272383377587147,27.0621535722585,0.000689725245440449,0.147841732883959,-3.3643576437468,0.000767220522778667,0.0052238551130481,-0.340513255550819,1,"1",40620680,40665682,"protein_coding","regulating synaptic membrane exocytosis 3"
"474","KLC1",-0.555072297529669,0.0385280796037676,37.9996250158317,7.52949178174282e-06,0.237427361216553,-2.82787931951448,0.00468574668300903,0.0226323873038934,-0.269106946986141,1,"14",103561896,103714249,"protein_coding","kinesin light chain 1"
"475","ATP2B1",-0.55505387897059,0.0265186415263862,26.677156700435,0.000803669924621844,0.143416334527623,-3.40847023436027,0.000653282118943554,0.00457530798302968,-0.409213064503689,1,"12",89588049,89709366,"protein_coding","ATPase plasma membrane Ca2+ transporting 1"
"476","ATP1B1",-0.554905082470241,0.0143429032711424,14.4854875554209,0.0699565212730643,0.0495537999144769,-4.63340398492328,3.59701627150599e-06,5.87918794832591e-05,-0.418911360494938,1,"1",169105697,169310992,"protein_coding","ATPase Na+/K+ transporting subunit beta 1"
"477","TMEM97",-0.553971853552304,0.00542710570440813,2.6901276680518,0.952275163886742,0,-7.51975271596706,5.48450174164827e-14,7.43704270743827e-12,-0.222895389304477,1,"17",28319200,28328685,"protein_coding","transmembrane protein 97"
"478","LRPPRC",-0.553824139703558,0.00543403680702873,5.58966061402422,0.693087390975154,0,-7.51295164567732,5.77315972805081e-14,7.74606110248418e-12,-0.240511707294696,1,"2",43886224,43996226,"protein_coding","leucine rich pentatricopeptide repeat containing"
"479","VPS13A",-0.553678886503651,0.0210876780792638,21.0815449240695,0.00693393861646716,0.100247420339854,-3.81279610441823,0.000137403462097119,0.00128027282867027,-0.244382733536145,1,"9",77177445,77421537,"protein_coding","vacuolar protein sorting 13 homolog A"
"480","EPHA4",-0.553540140485762,0.0449932465120605,46.5273531145279,1.88668825387336e-07,0.298004682263627,-2.60960907580635,0.00906457429436758,0.0378591419715951,-0.44663303943668,1,"2",221418027,221574202,"protein_coding","EPH receptor A4"
"481","GPD1L",-0.553508437363314,0.0078915746629448,9.36116894081099,0.312749979894062,0.0103498377942726,-6.23077990400678,4.64118743437325e-10,2.47752709603096e-08,-0.262085577998773,1,"3",32105689,32168709,"protein_coding","glycerol-3-phosphate dehydrogenase 1 like"
"482","BSN",-0.553129907039797,0.0398240585897829,39.4657639149798,4.02775715945914e-06,0.250560526934404,-2.77175207777328,0.005575548373566,0.0258757457145107,-0.363853159894191,1,"3",49554477,49671549,"protein_coding","bassoon presynaptic cytomatrix protein"
"483","RAB11FIP2",-0.553054510927712,0.00965714238671818,10.5952614578194,0.225703164059124,0.0197174160202249,-5.62786435775545,1.82454471531202e-08,6.19349113547926e-07,-0.211448594072037,1,"10",118004916,118046941,"protein_coding","RAB11 family interacting protein 2"
"484","AFF2",-0.552963389664934,0.0334074088147946,33.9864487546909,4.08569189299928e-05,0.199031464583967,-3.02534552653902,0.00248349229843936,0.0135165818027572,-0.364453024885192,1,"X",148500617,149000663,"protein_coding","ALF transcription elongation factor 2"
"485","TPI1",-0.552543490178371,0.0238955988535495,23.7207007761457,0.00255229254958975,0.121342354456694,-3.57443584915516,0.000350983850956998,0.00275227047445302,-0.273335201063182,1,"12",6867119,6870948,"protein_coding","triosephosphate isomerase 1"
"486","ACSL4",-0.551951206231687,0.0245522000073693,24.2720374783247,0.00206298561052002,0.126044711113238,-3.52253632350399,0.000427438463570962,0.00323824331406078,-0.302875482440746,1,"X",109624244,109733403,"protein_coding","acyl-CoA synthetase long chain family member 4"
"487","UBE2E3",-0.551793271084533,0.0145996140731761,14.7817730815288,0.0635302514777557,0.0517243357735874,-4.56673396183121,4.95382071830086e-06,7.69578010796123e-05,-0.172792808750167,1,"2",180967248,181076585,"protein_coding","ubiquitin conjugating enzyme E2 E3"
"488","DAGLA",-0.55150067029243,0.023769062993701,23.5831209427181,0.00269096203933124,0.120471800783716,-3.57717357411824,0.000347329548570974,0.00273033369772428,-0.271685331880997,1,"11",61680391,61747001,"protein_coding","diacylglycerol lipase alpha"
"489","CABYR",-0.551121589940344,0.0185009913432404,18.3632548502445,0.0186620349357697,0.0798174506166931,-4.05181795560775,5.08212018972554e-05,0.000555092073678976,-0.250692262992493,1,"18",24138987,24161600,"protein_coding","calcium binding tyrosine phosphorylation regulated"
"490","PPFIA2",-0.550454677444038,0.0209599439083554,20.6725182192066,0.00807015298916237,0.0973509346072396,-3.80212602984808,0.000143459714030181,0.00132507916296065,-0.323163174160113,1,"12",81257975,81759553,"protein_coding","PTPRF interacting protein alpha 2"
"491","FBXO3",-0.550409010279211,0.0155499942372948,15.6195306891323,0.048161050894061,0.0578323082767351,-4.41387895019497,1.01534746033138e-05,0.000142065053821229,-0.21636038278563,1,"11",33740939,33774543,"protein_coding","F-box protein 3"
"492","RAB1A",-0.549691694706581,0.0110327291498137,11.668622707109,0.166612745120571,0.0278079352749208,-5.23332488993591,1.66487728048281e-07,4.30017391199071e-06,-0.162270535858907,1,"2",65070696,65130331,"protein_coding","RAB1A, member RAS oncogene family"
"493","REEP5",-0.549325886099005,0.00924743605318501,10.3044907877858,0.24430168174161,0.0175052972659815,-5.71241033906419,1.11387106205285e-08,4.01072245549623e-07,-0.259773482242086,1,"5",112876385,112922289,"protein_coding","receptor accessory protein 5"
"494","EXOSC9",-0.548359478052853,0.0130919902933369,13.4023970071381,0.0987340396531811,0.0412009271248459,-4.79250436451206,1.64712187533667e-06,2.98784827254802e-05,-0.177287325770321,1,"4",121801318,121817021,"protein_coding","exosome component 9"
"495","HAPLN1",-0.547510733359144,0.0245170733624212,24.5817241713062,0.00182949806518367,0.127831121202438,-3.49669960256989,0.000471051945760692,0.0035153768305847,-0.272557737790236,1,"5",83637805,83720855,"protein_coding","hyaluronan and proteoglycan link protein 1"
"496","ARL2BP",-0.546580410262932,0.0153145703880168,15.3755076371845,0.0522422740833818,0.0561171724883744,-4.41673815652414,1.00201489343643e-05,0.00014058539173569,-0.141799715960894,1,"16",57245259,57253635,"protein_coding","ADP ribosylation factor like GTPase 2 binding protein"
"497","LHX6",-0.546252562996725,0.00543237756530314,6.75805737002476,0.562947317471707,0,-7.41137032359041,1.25011112572793e-13,1.5855265138399e-11,-0.448507317672103,1,"9",122202577,122229626,"protein_coding","LIM homeobox 6"
"498","ACTR1A",-0.545742690869545,0.0127801710657801,13.1526116196562,0.106705489083071,0.0391601220779185,-4.8274701206018,1.38278427463945e-06,2.58251425006472e-05,-0.193793595444423,1,"10",102461881,102502712,"protein_coding","actin related protein 1A"
"499","SCFD1",-0.545405413104053,0.0089232424786708,10.0682871786692,0.260265737534245,0.0157049971286865,-5.77375161414824,7.75256947527225e-09,2.97197373884384e-07,-0.15446510474514,1,"14",30622291,30737694,"protein_coding","sec1 family domain containing 1"
"500","NEFM",-0.545376734423758,0.0213528284010897,21.1625347732268,0.00672797587445073,0.101420306806222,-3.73223432042241,0.000189788827975379,0.00167125616289338,-0.683751283261858,1,"8",24913758,24919098,"protein_coding","neurofilament medium chain"
"501","COX5A",-0.54465593935195,0.0355550487679919,35.7901912123087,1.91829968288032e-05,0.215379444801932,-2.88849489647996,0.00387090310353533,0.0193605910964148,-0.173600024710556,1,"15",74919791,74938083,"protein_coding","cytochrome c oxidase subunit 5A"
"502","RCN2",-0.544028865194302,0.0295203555070071,29.4600886103427,0.000263218233540178,0.16446703749547,-3.16636627744942,0.0015435629758298,0.00917464465908818,-0.228491031323527,1,"15",76931738,76954393,"protein_coding","reticulocalbin 2"
"503","TRO",-0.543707633079682,0.0118626723437874,12.4088292968255,0.13387378113414,0.033462356241547,-4.99199524008758,5.97587282769041e-07,1.26530669432152e-05,-0.225819235233799,1,"X",54920462,54931431,"protein_coding","trophinin"
"504","PRPH2",-0.543660273428936,0.0244919817001472,24.3680092180533,0.00198769151412858,0.126879243594525,-3.47388658920822,0.000512977804325576,0.00377194784126678,-0.428523541678768,1,"6",42696598,42722597,"protein_coding","peripherin 2"
"505","PKM",-0.543623241963111,0.0106397752919108,11.3619559255122,0.182021439292179,0.0254712196401483,-5.27025693298641,1.36232924052848e-07,3.61017248740048e-06,-0.247470867471573,1,"15",72199029,72231819,"protein_coding","pyruvate kinase M1/2"
"506","GLO1",-0.543473624848396,0.0273566564299927,27.4436361089996,0.000592463941530214,0.149975064816962,-3.28584417680855,0.00101677240428422,0.00656549617589096,-0.221081664768024,1,"6",38675925,38703145,"protein_coding","glyoxalase I"
"507","GABARAPL1",-0.543048385861901,0.0274485231667931,27.2244457168615,0.000646574140973438,0.149527766343442,-3.27777422477769,0.00104629046078042,0.00672035341815954,-0.358398738809161,1,"12",10212458,10223128,"protein_coding","GABA type A receptor associated protein like 1"
"508","BFSP1",-0.542841925313126,0.0293898429336548,29.4328932505171,0.000266136346068094,0.167240675788628,-3.16646542004515,0.00154303690890334,0.00917464465908818,-0.280170678677032,1,"20",17493905,17569220,"protein_coding","beaded filament structural protein 1"
"509","PTPRR",-0.542671268677228,0.0349006199563524,35.3799028692148,2.27966363146559e-05,0.211498140021557,-2.90482690203315,0.00367456256487175,0.0185606545405737,-0.498740533933554,1,"12",70638073,70920738,"protein_coding","protein tyrosine phosphatase receptor type R"
"510","SNU13",-0.542383604405347,0.0239173937302295,23.875072735409,0.00240495110381552,0.120721105750864,-3.50711192756506,0.000452998564178353,0.00339655658723493,-0.164155196523219,1,"22",41673933,41690504,"protein_coding","small nuclear ribonucleoprotein 13"
"511","QPCT",-0.542345916839264,0.0255686605023156,25.3288677060683,0.00136705901121767,0.134125006744914,-3.39173869779761,0.000694506393482452,0.00480723635325771,-0.337129834500037,1,"2",37342827,37373322,"protein_coding","glutaminyl-peptide cyclotransferase"
"512","DNM1L",-0.541836864269217,0.00888181271560013,10.045252308582,0.261864155519808,0.0155220593716832,-5.74933670672843,8.95942364742552e-09,3.36876972041031e-07,-0.287645608085288,1,"12",32679200,32745650,"protein_coding","dynamin 1 like"
"513","SAE1",-0.541352740253392,0.00542681996518358,5.77263215323223,0.672683210749605,0,-7.34865116804181,2.00284233642378e-13,2.41983221243846e-11,-0.162995478188465,1,"19",47113274,47210636,"protein_coding","SUMO1 activating enzyme subunit 1"
"514","GFRA2",-0.540625081501842,0.0222074186903344,22.0525000472033,0.00481953383537184,0.10779379950699,-3.62783185534731,0.000285811289879812,0.00233448728241943,-0.376964477192311,1,"8",21690398,21812357,"protein_coding","GDNF family receptor alpha 2"
"515","CDK5R2",-0.540624140454515,0.0305821206843347,30.4428315979258,0.000176466661960502,0.173458599818999,-3.09144579056091,0.00199184348230586,0.0112745525521266,-0.318559200017927,1,"2",218959666,218962155,"protein_coding","cyclin dependent kinase 5 regulatory subunit 2"
"516","ADAM11",-0.540556612884923,0.0453450769326822,46.4884969115147,1.91910038310764e-07,0.297563465501481,-2.5384938356096,0.0111330764178728,0.044221800735561,-0.284974398309306,1,"17",44758988,44781846,"protein_coding","ADAM metallopeptidase domain 11"
"517","PRNP",-0.540172905949098,0.0324424898515589,32.573330813688,7.34984498983114e-05,0.18966088502013,-2.99899476927631,0.00270871957064411,0.0144948337561777,-0.272719759463645,1,"20",4686350,4701590,"protein_coding","prion protein (Kanno blood group)"
"518","NUAK1",-0.539943829189342,0.00869188680307282,9.90866951261384,0.271494754025727,0.0144924645901642,-5.79150654237323,6.97578417252487e-09,2.71916920351952e-07,-0.297897823822994,1,"12",106063345,106138954,"protein_coding","NUAK family kinase 1"
"519","RTCA",-0.539532754178579,0.0120309286338577,12.529758488156,0.129086097612058,0.0343278045830477,-4.91890278953082,8.70306752442929e-07,1.73063416848889e-05,-0.293577156245615,1,"1",100266216,100292769,"protein_coding","RNA 3'-terminal phosphate cyclase"
"520","ENC1",-0.539474580803047,0.042052565810785,41.5783727739764,1.62465781446389e-06,0.268842270925937,-2.63072066709149,0.00852040352772887,0.0360695196168037,-0.874884784940827,1,"5",74627406,74641424,"protein_coding","ectodermal-neural cortex 1"
"521","GTF2H3",-0.538724197963662,0.0210831495415998,21.0931666696759,0.00690401557909701,0.100621810262115,-3.71021211045952,0.000207085669245988,0.00179604168206535,-0.231180717041447,1,"12",123633739,123662604,"protein_coding","general transcription factor IIH subunit 3"
"522","ARPC1A",-0.538623291264861,0.0360898004673522,35.9543629061683,1.79011937691101e-05,0.218369106226757,-2.83525998684696,0.00457884061674552,0.022208596621517,-0.163941011694847,1,"7",99325898,99366262,"protein_coding","actin related protein 2/3 complex subunit 1A"
"523","DYNLT3",-0.538447409480866,0.0311782556087893,30.9913374113707,0.000141003014681775,0.179772380262135,-3.0494209895065,0.002292829344124,0.0126552662977116,-0.320007859786187,1,"X",37836757,37847571,"protein_coding","dynein light chain Tctex-type 3"
"524","DSTN",-0.538033191825419,0.0144816693884592,14.6812123043527,0.0656486526118173,0.0507514536989279,-4.47094939560086,7.78731247597086e-06,0.000113505978816424,-0.219927227209551,1,"20",17570075,17609919,"protein_coding","destrin, actin depolymerizing factor"
"525","RAP2A",-0.537891305666878,0.00752332222693111,9.14809986531376,0.329956984837799,0.00868652688653612,-6.20139925720079,5.59633450691877e-10,2.92351138493607e-08,-0.21723410606313,1,"13",97434169,97469128,"protein_coding","RAP2A, member of RAS oncogene family"
"526","ABCC8",-0.537685850133276,0.0262938606828654,26.3616100923788,0.000910608295665323,0.141302130284122,-3.31590003157643,0.000913484992598912,0.00601899015671338,-0.277685209232268,1,"11",17392498,17476894,"protein_coding","ATP binding cassette subfamily C member 8"
"527","SDHA",-0.537553479424273,0.0132109933643579,13.5447243092632,0.0944313527557214,0.0421184257904713,-4.67685537355794,2.9130755541118e-06,4.92460444966658e-05,-0.157938565595741,1,"5",218303,257082,"protein_coding","succinate dehydrogenase complex flavoprotein subunit A"
"528","UBQLN2",-0.53738831683782,0.00924461073736746,10.3115763532281,0.243834732453285,0.0175422192031622,-5.58912607044326,2.2821522893679e-08,7.52637882443155e-07,-0.284038439847497,1,"X",56563627,56567868,"protein_coding","ubiquilin 2"
"529","PIAS2",-0.537157495080907,0.016874923617872,17.0091841667049,0.0300135876716047,0.0690709239414551,-4.13504968344402,3.5487785071453e-05,0.00041197181458404,-0.219834998090941,1,"18",46803218,46920160,"protein_coding","protein inhibitor of activated STAT 2"
"530","HDAC3",-0.537060644751927,0.00615907202184122,8.35916260593565,0.399195210477311,0.00272956748861863,-6.84330170749911,7.73892061545212e-12,6.46846895900724e-10,-0.13941488524389,1,"5",141620876,141636849,"protein_coding","histone deacetylase 3"
"531","NDUFS4",-0.536978092519358,0.0106484248840509,11.3613451226611,0.182053266829681,0.0255510509975607,-5.20371954307176,1.95338735853312e-07,4.89652939342034e-06,-0.185428663270844,1,"5",53560633,53683338,"protein_coding","NADH:ubiquinone oxidoreductase subunit S4"
"532","ACP2",-0.536846420079338,0.0182890405522251,18.244393315703,0.019467037549824,0.0776576109951969,-3.96967178002462,7.19717040709167e-05,0.000743124605864674,-0.204828333047839,1,"11",47239302,47248906,"protein_coding","acid phosphatase 2, lysosomal"
"533","ASNS",-0.536838925666227,0.00542826578960702,6.96106980923954,0.540838732705327,0,-7.28640733992706,3.18411963462495e-13,3.59171512590681e-11,-0.312138824997495,1,"7",97851677,97872542,"protein_coding","asparagine synthetase (glutamine-hydrolyzing)"
"534","PHF14",-0.536561248130266,0.026325814049274,26.222162794058,0.000962183907231537,0.141102204094604,-3.3069558656457,0.00094315750422358,0.00617619169154167,-0.264735778318377,1,"7",10973336,11169623,"protein_coding","PHD finger protein 14"
"535","AK5",-0.535066993767089,0.0189078928585083,18.8382222487405,0.0157491932171675,0.083363438916481,-3.89122725789116,9.97384604937146e-05,0.000982849854412937,-0.444792719195343,1,"1",77282019,77559966,"protein_coding","adenylate kinase 5"
"536","GPM6A",-0.534966083469455,0.0258454059262272,25.8238555812884,0.0011257174814556,0.137916020804335,-3.32762646860483,0.000875892222800712,0.00581487511350483,-0.25767490438702,1,"4",175632934,176002664,"protein_coding","glycoprotein M6A"
"537","UBE2M",-0.534007058905193,0.0454994581291258,46.7266126586033,1.72882737368108e-07,0.302122251403001,-2.50347861319023,0.0122979112714261,0.0477985442967625,-0.172123184911286,1,"19",58555712,58558954,"protein_coding","ubiquitin conjugating enzyme E2 M"
"538","MCM4",-0.533895586222689,0.00972353132757275,10.665871273166,0.221359394470694,0.0201965015200239,-5.41432500589818,6.15203352705151e-08,1.80061757411164e-06,-0.29086693352256,1,"8",47960185,47978160,"protein_coding","minichromosome maintenance complex component 4"
"539","RNF11",-0.533460945095572,0.0289834628449412,29.2448988491323,0.000287195629982727,0.161676484546829,-3.13348408974241,0.00172744283327098,0.0100085682155857,-0.22660494378462,1,"1",51236273,51273447,"protein_coding","ring finger protein 11"
"540","XK",-0.533332349650642,0.0334241227159584,33.2760678461382,5.49183680636058e-05,0.198531710022751,-2.91721150949727,0.00353176190795756,0.0179388735444436,-0.473807363846746,1,"X",37685791,37732130,"protein_coding","X-linked Kx blood group antigen, Kell and VPS13A binding protein"
"541","RRAGB",-0.532961814617038,0.0166581840791838,16.7562318465648,0.0327499170744035,0.0667529717409784,-4.1293554266524,3.63781665795315e-05,0.000420393744611059,-0.311477574941419,1,"X",55717749,55758774,"protein_coding","Ras related GTP binding B"
"542","COX7A2",-0.532726620138528,0.00542429683902794,6.4680027797504,0.594958932859899,0,-7.23323666305871,4.71622740860766e-13,5.07302891677786e-11,-0.201715525992917,1,"6",75237675,75250323,"protein_coding","cytochrome c oxidase subunit 7A2"
"543","PAK1",-0.532343993046369,0.029336505086496,29.2656675456409,0.000284791000859434,0.165011021615476,-3.10805124481918,0.001883254103479,0.0107500664711129,-0.438502979252666,1,"11",77322017,77474635,"protein_coding","p21 (RAC1) activated kinase 1"
"544","CDC123",-0.532189405734448,0.00542200424271567,6.54928900249275,0.585945818957423,0,-7.22747001033549,4.92050844513869e-13,5.27052612571095e-11,-0.154428103797443,1,"10",12195965,12250589,"protein_coding","cell division cycle 123"
"545","NPM3",-0.531966008270517,0.0263395471592662,26.1001652119122,0.00100963709628864,0.140352754028341,-3.27777946764715,0.00104627102875798,0.00672035341815954,-0.192812565728779,1,"10",101781325,101783446,"protein_coding","nucleophosmin/nucleoplasmin 3"
"546","CUL2",-0.530870547279706,0.00763724101920983,9.21677840861904,0.324340272010668,0.00921765508179421,-6.07463772793414,1.24267951484569e-09,5.89937222941549e-08,-0.251899673205158,1,"10",35008504,35127006,"protein_coding","cullin 2"
"547","DLG2",-0.530718301117235,0.0187644019132157,18.7105522624991,0.0164866560334097,0.0824631249768349,-3.87433081428511,0.000106918091561603,0.00103874348634906,-0.19747863166568,1,"11",83455012,85628335,"protein_coding","discs large MAGUK scaffold protein 2"
"548","MAPK9",-0.529650830446726,0.0212132946744322,21.1649977290019,0.00672180551004559,0.101118184107446,-3.6365167739307,0.000276349655413677,0.00226818472809429,-0.282810828422718,1,"5",180233143,180292099,"protein_coding","mitogen-activated protein kinase 9"
"549","HEY1",-0.529344706577898,0.0222385218114958,22.3555315009651,0.00429812138326807,0.110087489641975,-3.54965067935482,0.000385742639344988,0.0029673316550458,-0.16904153792633,1,"8",79762371,79767857,"protein_coding","hes related family bHLH transcription factor with YRPW motif 1"
"550","GOLGA8A",-0.529308475206248,0.0161124972533572,16.2440804933755,0.039016862624118,0.0628004295265899,-4.16991708720417,3.047104760312e-05,0.000360965806945325,-0.275780754296526,1,"HSCHR15_9_CTG8",125038,183900,"protein_coding","golgin A8 family member A"
"551","ATP2B3",-0.529216881285407,0.0335180447778533,34.266739632915,3.63450285851377e-05,0.201285847030618,-2.89064228080461,0.00384455457230803,0.0192741848007569,-0.351664943576179,1,"X",153517642,153582939,"protein_coding","ATPase plasma membrane Ca2+ transporting 3"
"552","FLRT3",-0.529006720324336,0.0287871664097375,28.86891361011,0.000334338298781843,0.160196349861638,-3.11789675522017,0.00182146598931032,0.0104511889411407,-0.377078092940399,1,"20",14322985,14337614,"protein_coding","fibronectin leucine rich transmembrane protein 3"
"553","NEDD4L",-0.52896533181286,0.0339866867201205,34.5439822302852,3.23669684356116e-05,0.206364014223245,-2.86927910259573,0.00411408590023998,0.020380954499576,-0.269408523801464,1,"18",58044226,58401540,"protein_coding","NEDD4 like E3 ubiquitin protein ligase"
"554","ZFAND5",-0.528246205945633,0.0146673378023963,14.877935398596,0.061562841138742,0.0524034061565481,-4.36174969452204,1.2902643296453e-05,0.000174219854637964,-0.195650416917478,1,"9",72351413,72365235,"protein_coding","zinc finger AN1-type containing 5"
"555","ACAD9",-0.527905336979834,0.0188866224184197,18.9124135204217,0.0153351440148468,0.0826973835182393,-3.84130599125596,0.000122381442473118,0.00116587524528981,-0.179409027640957,1,"3",128879596,128924003,"protein_coding","acyl-CoA dehydrogenase family member 9"
"556","HMGCR",-0.527390410199231,0.0147655682010663,14.9475098976592,0.0601741689443918,0.0529529297124245,-4.34017405603562,1.42369901106054e-05,0.000189427760380827,-0.30141536226722,1,"5",75336329,75364001,"protein_coding","3-hydroxy-3-methylglutaryl-CoA reductase"
"557","CBX6",-0.527326403319754,0.0402973104427548,41.3508621738634,1.79215432365022e-06,0.257991309739394,-2.62688757624665,0.00861697983806575,0.0364178824621701,-0.204706680283017,1,"22",38861422,38872249,"protein_coding","chromobox 6"
"558","MLF2",-0.526958080741225,0.0142400249784199,14.5132534380409,0.0693302097632991,0.0493343370414682,-4.41591487660825,1.00583663285025e-05,0.000140811605059042,-0.252484582993016,1,"12",6747996,6767475,"protein_coding","myeloid leukemia factor 2"
"559","ISCU",-0.526809204896173,0.0175227853475458,17.5856914327356,0.0245564014570579,0.073254431522553,-3.97971328001687,6.899843439645e-05,0.000717949831864776,-0.230377657171151,1,"12",108562582,108569368,"protein_coding","iron-sulfur cluster assembly enzyme"
"560","VLDLR",-0.526738873305939,0.0167652829615989,16.7427536237296,0.0329020630762186,0.0668491973884634,-4.06808413746889,4.74012667668333e-05,0.000523859383754882,-0.231794631405195,1,"9",2621182,2660056,"protein_coding","very low density lipoprotein receptor"
"561","LAMB1",-0.526605404020807,0.0086438299064154,9.88249724403264,0.27337016224461,0.0142583857650341,-5.66411686551668,1.47783665305212e-08,5.11881654840459e-07,-0.269709354056909,1,"7",107923799,108003213,"protein_coding","laminin subunit beta 1"
"562","PTPRT",-0.52596876576697,0.016366526035506,16.3300772881408,0.0378921068780847,0.0637078733717354,-4.11132398471096,3.93396719884365e-05,0.000446123780249649,-0.465712717273339,1,"20",42072752,43189970,"protein_coding","protein tyrosine phosphatase receptor type T"
"563","ATP13A2",-0.525854904334325,0.0300465202282234,30.045520377193,0.00020749760029766,0.169772867049028,-3.03367349713363,0.00241595747160472,0.0132139034163525,-0.193609758379815,1,"1",16985958,17011928,"protein_coding","ATPase cation transporting 13A2"
"564","EGR4",-0.525253134209236,0.0444863012802333,44.9425361719108,3.77342807912382e-07,0.294519167660177,-2.49032198809973,0.0127627411862681,0.0492075863674429,-0.326883779770798,1,"2",73290929,73293701,"protein_coding","early growth response 4"
"565","MRPS27",-0.525213556263985,0.0193176730333673,19.2652286747131,0.0135037800912833,0.0855831403181984,-3.77884015469565,0.000157560518370348,0.00143555764646722,-0.147681615159089,1,"5",72214953,72321717,"protein_coding","mitochondrial ribosomal protein S27"
"566","SLC30A9",-0.524617552830017,0.0176251024710546,17.6588932448134,0.0239343658432167,0.0734671038857997,-3.95163653400557,7.76185674880026e-05,0.000793078212814288,-0.237170520697786,1,"4",41990502,42090461,"protein_coding","solute carrier family 30 member 9"
"567","ACADSB",-0.524596076301507,0.00541904384074833,7.11489138233617,0.524289093208104,0,-7.12629351136657,1.03117514527185e-12,1.03495070781162e-10,-0.293916323991172,1,"10",123008979,123058290,"protein_coding","acyl-CoA dehydrogenase short/branched chain"
"568","AMPH",-0.523466205587281,0.0149336443272178,15.0552937598308,0.0580791828565427,0.0536907705134509,-4.28356880877793,1.83919184355563e-05,0.000234549863270454,-0.579783347441126,1,"7",38383704,38631420,"protein_coding","amphiphysin"
"569","PDK2",-0.523371809751551,0.0251216715784234,25.4363222271051,0.00131071723437339,0.132354299014307,-3.3020683595184,0.000959746769690462,0.00626094437776933,-0.167920635331483,1,"17",50094737,50112152,"protein_coding","pyruvate dehydrogenase kinase 2"
"570","R3HDM2",-0.522543304764844,0.0377026044140266,38.4408255799916,6.23991713144005e-06,0.236454010317289,-2.69114198566193,0.00712078815017558,0.0314338099242296,-0.137847908784303,1,"12",57253762,57431043,"protein_coding","R3H domain containing 2"
"571","DNAJA3",-0.52244871034636,0.018880107670102,18.8512211517639,0.0156758895569008,0.0828010856446838,-3.802256649987,0.000143384078371334,0.00132486056901791,-0.125562262747589,1,"HSCHR16_3_CTG1",128128,159098,"protein_coding","DnaJ heat shock protein family (Hsp40) member A3"
"572","DLL3",-0.522378840048333,0.0436432533203928,45.369334836703,3.13188750252933e-07,0.288996211458454,-2.50050091740914,0.0124017811813841,0.048077647149791,-0.202107234187387,1,"19",39498895,39508481,"protein_coding","delta like canonical Notch ligand 3"
"573","PRKCB",-0.522362307712527,0.0238213154695677,23.8828136586337,0.00239778438527688,0.121562122000589,-3.38445669502692,0.000713192681798924,0.00492227905065076,-0.424590846188885,1,"16",23835983,24220611,"protein_coding","protein kinase C beta"
"574","GPR162",-0.522137720569869,0.0201459837119881,20.2443290999141,0.00945015916182324,0.0922213115356357,-3.67866999183515,0.000234453399957868,0.00198239486737178,-0.218430964994856,1,"12",6821624,6829972,"protein_coding","G protein-coupled receptor 162"
"575","GDI1",-0.521636149726899,0.0351173724223666,35.6726869945697,2.015572834818e-05,0.215374125971127,-2.78359901396757,0.00537594510020178,0.0251558312113517,-0.208326749695264,1,"X",154436913,154443467,"protein_coding","GDP dissociation inhibitor 1"
"576","RAP1GAP2",-0.521596793905988,0.0193956513054579,19.2831629203038,0.0134164823748972,0.0859029183937177,-3.74526652902263,0.000180202362335624,0.0016010712366951,-0.348717075607542,1,"17",2755705,3037741,"protein_coding","RAP1 GTPase activating protein 2"
"577","EIF2B1",-0.521294268201582,0.0377340107743944,38.608618615163,5.80911893259226e-06,0.237341317359371,-2.683591855695,0.00728359637911669,0.0319313366281723,-0.0906037929290496,1,"12",123620406,123633766,"protein_coding","eukaryotic translation initiation factor 2B subunit alpha"
"578","PRKACA",-0.520882523777166,0.0308456665658514,31.1677397532447,0.000131164927625118,0.177473431606662,-2.96580577674159,0.00301891074312466,0.0158030988859296,-0.166804859783969,1,"19",14091688,14118084,"protein_coding","protein kinase cAMP-activated catalytic subunit alpha"
"579","PPIP5K1",-0.520634706052155,0.0381314914787952,39.3245949223513,4.27854524429605e-06,0.238260959210987,-2.66619075969006,0.00767161487898438,0.033223065898391,-0.140832248915408,1,"15",43533462,43590208,"protein_coding","diphosphoinositol pentakisphosphate kinase 1"
"580","RAD51C",-0.520085320654368,0.0198255763406307,19.7937465931273,0.0111451862648083,0.0905221462288508,-3.69370056089781,0.000221014042379064,0.00189261369914998,-0.207624238937725,1,"17",58692573,58735611,"protein_coding","RAD51 paralog C"
"581","IARS1",-0.520033066394564,0.0270220933599167,27.0284281035582,0.00069903963664446,0.147905214294155,-3.16352640800394,0.00155870209945164,0.00924953273308207,-0.237274626684916,1,"HG1012_PATCH",44936,128583,"protein_coding","isoleucyl-tRNA synthetase 1"
"582","MKKS",-0.519737929383287,0.0168029526370379,16.8316144199415,0.0319110142397364,0.0674631338170621,-4.00951285542797,6.08441407161653e-05,0.000645753405194505,-0.168377013986588,1,"20",10401009,10434222,"protein_coding","MKKS centrosomal shuttling protein"
"583","MTCH2",-0.519650030155448,0.0206529364730285,20.9079300023624,0.00739606811163925,0.0975747395235849,-3.6159303143968,0.000299270882147207,0.00242123535340487,-0.20026815286802,1,"11",47617315,47642607,"protein_coding","mitochondrial carrier 2"
"584","ABR",-0.519644274881171,0.0398871878120242,40.7397197549962,2.33167554576344e-06,0.254768116770458,-2.6018930306018,0.00927107647399072,0.0385056292850188,-0.186132864619456,1,"HSCHR17_2_CTG2",42766,231794,"protein_coding","ABR activator of RhoGEF and GTPase"
"585","VBP1",-0.51962843722611,0.015842196662872,15.8984787540932,0.0438564583349431,0.0599615683033039,-4.12843270811857,3.65244294706635e-05,0.000421320036423359,-0.16950921877888,1,"X",155197007,155239841,"protein_coding","VHL binding protein 1"
"586","TSPAN13",-0.519326974394823,0.0279859045402666,28.0119698402274,0.00047197790914597,0.154197762814817,-3.10435376558318,0.00190695168864208,0.0108618072272699,-0.531007201286574,1,"7",16753755,16784536,"protein_coding","tetraspanin 13"
"587","NEU1",-0.51749762580725,0.0132059875073503,13.6034103331585,0.0927062061094576,0.0425614298664097,-4.50321747138552,6.69323298052582e-06,0.00010078593524663,-0.164595239028025,1,"HSCHR6_MHC_SSTO_CTG1",3158886,3164159,"protein_coding","neuraminidase 1"
"588","PJA2",-0.517332009457078,0.0235580153395106,23.3613169571518,0.00293004654800732,0.118136812150778,-3.37054399843345,0.000750199249899275,0.00513263482913388,-0.251286467545651,1,"5",109334704,109409974,"protein_coding","praja ring finger ubiquitin ligase 2"
"589","MRPL3",-0.517134915869813,0.012033173113599,12.5326409033176,0.128973805869637,0.0343621816190803,-4.71426269321265,2.42587536480876e-06,4.19273496102168e-05,-0.260054305486899,1,"3",131462212,131502983,"protein_coding","mitochondrial ribosomal protein L3"
"590","BPHL",-0.517095133246339,0.014374878825509,14.5705576557435,0.0680536271403827,0.0499933938961662,-4.31288972667958,1.6113449820887e-05,0.000209795799940691,-0.219745135750919,1,"6",3118374,3153599,"protein_coding","biphenyl hydrolase like"
"591","GABRD",-0.516022093272145,0.0406552055109706,41.5052893120739,1.67669673837994e-06,0.260102951098309,-2.55923529037463,0.0104902713515331,0.042245625652472,-0.384425309485438,1,"1",2019329,2030758,"protein_coding","gamma-aminobutyric acid type A receptor subunit delta"
"592","LMO4",-0.51516795090549,0.0146437862960178,14.8296115524053,0.0625444713152747,0.0519016604621282,-4.25718130305682,2.070204656901e-05,0.000259723067511699,-0.33828287102056,1,"1",87328880,87348923,"protein_coding","LIM domain only 4"
"593","PRPS2",-0.515098529468047,0.0186709477754966,18.6204699144469,0.0170265886050105,0.0812923278764899,-3.76970293693072,0.000163441966944733,0.00147805110440655,-0.335501512364789,1,"X",12791355,12824222,"protein_coding","phosphoribosyl pyrophosphate synthetase 2"
"594","CSNK2B",-0.514754687449218,0.0264991646681751,26.5830636565456,0.000834203213217764,0.142041475810365,-3.16216274784414,0.00156602015085316,0.00927999807198971,-0.0981672340767128,1,"HSCHR6_MHC_SSTO_CTG1",2964520,2972830,"protein_coding","casein kinase 2 beta"
"595","YWHAG",-0.514417552427245,0.0249355652470849,24.7967933683385,0.0016826925098656,0.129704483253105,-3.25766311098019,0.00112333679283205,0.0071024863243223,-0.461096670773805,1,"7",76326799,76358991,"protein_coding","tyrosine 3-monooxygenase/tryptophan 5-monooxygenase activation protein gamma"
"596","SATB2",-0.514094965537609,0.0217848020202911,21.8374928052741,0.00522597544327998,0.106001157383598,-3.48310480348426,0.000495634293659064,0.00366875872481142,-0.43470385750951,1,"2",199269505,199471266,"protein_coding","SATB homeobox 2"
"597","UQCR10",-0.513709515789106,0.0199044901752287,19.9038415761591,0.0107060363267876,0.0904844216924711,-3.64117943663391,0.000271391895894535,0.00223468785595587,-0.132734058926241,1,"22",29767369,29770413,"protein_coding","ubiquinol-cytochrome c reductase, complex III subunit X"
"598","GABRG2",-0.513004827275678,0.0268953947682445,26.8091075858025,0.000762684768701721,0.145939024538926,-3.1281134107422,0.00175932282011648,0.0101563443508219,-0.728746589251377,1,"5",162000057,162162977,"protein_coding","gamma-aminobutyric acid type A receptor subunit gamma2"
"599","MAD2L1",-0.512983596312473,0.0155603984580729,15.6969143865842,0.0469294364164573,0.0583337449102701,-4.1123788884283,3.91602916542944e-05,0.000445364158753422,-0.236976402111262,1,"4",120055623,120066858,"protein_coding","mitotic arrest deficient 2 like 1"
"600","GABRA5",-0.51143678144102,0.0373614352284422,37.4943263826395,9.33283647860735e-06,0.231612645954412,-2.64594116346497,0.00814639843350795,0.0348396192143115,-0.646125971586696,1,"15",26866911,26949208,"protein_coding","gamma-aminobutyric acid type A receptor subunit alpha5"
"601","APEH",-0.511355518612509,0.00696457504681147,8.83462602169767,0.356438339903018,0.00627273134624136,-6.12739158813929,8.93314311412041e-10,4.4219925710344e-08,-0.20532882107878,1,"3",49674014,49683971,"protein_coding","acylaminoacyl-peptide hydrolase"
"602","COX10",-0.510918138504803,0.0206158870650665,20.6140383647775,0.00824653223267231,0.096223527150879,-3.55836347665918,0.000373172671566779,0.00288639327582078,-0.194892582191389,1,"17",14069490,14231736,"protein_coding","cytochrome c oxidase assembly factor heme A:farnesyltransferase COX10"
"603","GRIN1",-0.510457688068789,0.0237282796429537,23.8247733094431,0.00245202866203995,0.119659374626565,-3.31380251474801,0.000920364867426748,0.00605493201685422,-0.351643457926525,1,"9",137138346,137168756,"protein_coding","glutamate ionotropic receptor NMDA type subunit 1"
"604","GLDC",-0.510233655815984,0.0113931796229716,12.0712350003796,0.148053741239414,0.0306215511481506,-4.78020618796806,1.75115505229861e-06,3.1482507579865e-05,-0.2042412195964,1,"9",6532467,6645729,"protein_coding","glycine decarboxylase"
"605","DCTN6",-0.509991664474637,0.0213857776570983,21.4913041191474,0.00595072294610585,0.103239674235569,-3.48739029183569,0.000487758990068032,0.00362203318782533,-0.159489214691235,1,"8",30156319,30183639,"protein_coding","dynactin subunit 6"
"606","KALRN",-0.50963268930101,0.035494381885649,35.4698398975297,2.1950960400896e-05,0.216223499941509,-2.70506352438034,0.00682913286130371,0.030393694838201,-0.341646770871999,1,"3",124033369,124726325,"protein_coding","kalirin RhoGEF kinase"
"607","DTNB",-0.509522664909299,0.0123719140575421,12.8358207678372,0.117624736663953,0.0367076812341152,-4.58083933685795,4.63113523663239e-06,7.29597020110482e-05,-0.199081866161087,1,"2",25377198,25673647,"protein_coding","dystrobrevin beta"
"608","ELAVL2",-0.509244410290903,0.0314954026921793,31.9395841686789,9.54910159239515e-05,0.18387294335303,-2.86947660271902,0.00411151749998284,0.0203721896262512,-0.436192497751216,1,"9",23690104,23826337,"protein_coding","ELAV like RNA binding protein 2"
"609","TIMM10",-0.509132392804691,0.0131534333874361,13.5432975830307,0.0944736455807461,0.041810223599992,-4.43926595647081,9.02662155133349e-06,0.000128988600452996,-0.209930810644637,1,"11",57528464,57530803,"protein_coding","translocase of inner mitochondrial membrane 10"
"610","SLITRK5",-0.508407986590257,0.018334142449544,18.3270903672842,0.0189035672742005,0.0790990491525992,-3.75475897108904,0.000173508365931996,0.00155310701288777,-0.402530634381483,1,"13",87671371,87696272,"protein_coding","SLIT and NTRK like family member 5"
"611","MTMR6",-0.508055651666322,0.00945054764855199,10.5010365887802,0.231604152414939,0.0188901925716724,-5.22616116963862,1.73065518804805e-07,4.43412992049335e-06,-0.296184853558069,1,"13",25246222,25287510,"protein_coding","myotubularin related protein 6"
"612","NUMBL",-0.507951692835127,0.0177619041824269,17.8356061014287,0.0224933116903366,0.0748220869095744,-3.81133962928037,0.000138215712701006,0.00128690035204045,-0.240122455828795,1,"19",40665905,40690972,"protein_coding","NUMB like endocytic adaptor protein"
"613","TMEM158",-0.507700461783069,0.0271155248462456,27.2345081999085,0.000643987439543116,0.150304006043023,-3.08317766271879,0.00204802846349805,0.0115331101435732,-0.375437347165974,1,"3",45224466,45226287,"protein_coding","transmembrane protein 158"
"614","GPR22",-0.507672021364982,0.0224021134235945,22.3272096708659,0.00434444627252803,0.110029400179526,-3.39186636657517,0.000694182879944938,0.00480630205280725,-0.544790531045394,1,"HG2266_PATCH",315665,321332,"protein_coding","G protein-coupled receptor 22"
"615","CYFIP2",-0.507085741480829,0.0320280823098862,32.9352790472887,6.32640552875825e-05,0.189398079442445,-2.83345246404383,0.00460481561755821,0.0223091152676571,-0.248115487911636,1,"5",157266079,157395595,"protein_coding","cytoplasmic FMR1 interacting protein 2"
"616","APEX1",-0.506918139690725,0.0103713798538778,11.2291103858652,0.18905235880591,0.024307461250741,-4.97759505220209,6.43791689514117e-07,1.35190951736272e-05,-0.173474399460075,1,"14",20455191,20457772,"protein_coding","apurinic/apyrimidinic endodeoxyribonuclease 1"
"617","GABRA3",-0.506572149930159,0.0287369391634706,28.9926975464417,0.000318035109197789,0.160246216718541,-2.98827839832552,0.00280553870010913,0.0149003329337254,-0.321701362579126,1,"X",152166234,152451315,"protein_coding","gamma-aminobutyric acid type A receptor subunit alpha3"
"618","TP53I11",-0.506516608194782,0.027284017824585,28.0326079964821,0.000468087915253507,0.151561925255049,-3.0664757016073,0.00216598412138369,0.0120746628485533,-0.142027419119775,1,"11",44885903,44951306,"protein_coding","tumor protein p53 inducible protein 11"
"619","SLC25A3",-0.506361142155216,0.00540549847777525,6.94543773168684,0.542530846563685,0,-6.88719684883377,5.69033709041378e-12,4.83545878153061e-10,-0.207843642449786,1,"12",98593591,98606379,"protein_coding","solute carrier family 25 member 3"
"620","RAB3B",-0.50566085956372,0.0250879655799645,25.057732842308,0.00151992131217483,0.129914336959832,-3.19246846479423,0.00141062346843146,0.00854587074161673,-0.359692102384218,1,"1",51907956,51990700,"protein_coding","RAB3B, member RAS oncogene family"
"621","CDH9",-0.505440424031638,0.0325341677655527,32.6448855841508,7.13534789641196e-05,0.192962106202803,-2.80220640882463,0.00507543891885742,0.0240835557113378,-0.453679806827197,1,"5",26880597,27121150,"protein_coding","cadherin 9"
"622","DROSHA",-0.505419626290388,0.022173646618535,22.1532916089079,0.00463967122592029,0.108005185298492,-3.39416961545842,0.000688370434468455,0.00477383772739508,-0.105777642956397,1,"5",31400494,31532196,"protein_coding","drosha ribonuclease III"
"623","PMM1",-0.505416740239299,0.0378397127603403,38.7647583834916,5.43475229025683e-06,0.236300350800318,-2.59821871609839,0.00937087849961493,0.0388220732844774,-0.109418988184222,1,"22",41576900,41589871,"protein_coding","phosphomannomutase 1"
"624","DEPDC5",-0.505268307141795,0.0357479726716863,37.1699777080524,1.07092446466189e-05,0.222544621791423,-2.67236853366825,0.00753178804468302,0.0327770352719536,-0.115552506617532,1,"22",31753867,31908033,"protein_coding","DEP domain containing 5, GATOR1 subcomplex subunit"
"625","DCAF4",-0.504721364296239,0.0127287045131244,13.17945010113,0.105822643442223,0.0392451706946011,-4.47362509497254,7.69045320936357e-06,0.000112415552560955,-0.239149499758416,1,"14",72926377,72962098,"protein_coding","DDB1 and CUL4 associated factor 4"
"626","UBE2K",-0.504640766622903,0.0181256008082948,18.0905451196209,0.0205578065675369,0.0768705028009144,-3.74831538849205,0.000178026303627954,0.001585752815649,-0.171752377694323,1,"4",39698109,39782792,"protein_coding","ubiquitin conjugating enzyme E2 K"
"627","PFDN6",-0.504451697247316,0.0162597429075106,16.4738705113015,0.0360784897696142,0.0638175219251412,-3.95605891249085,7.61963779511987e-05,0.000781051171334905,-0.134809108750939,1,"HSCHR6_MHC_MCF_CTG1",4725238,4734337,"protein_coding","prefoldin subunit 6"
"628","VDAC2",-0.503662920074843,0.00760719622700167,9.23125084773586,0.323165209143716,0.00925315862513518,-5.77467662875546,7.71010122413429e-09,2.96908777200688e-07,-0.156965212417217,1,"10",75210154,75231448,"protein_coding","voltage dependent anion channel 2"
"629","SYT4",-0.503462639570212,0.0219322744641821,21.9325249090527,0.00504241018069867,0.106536390313964,-3.39958114902662,0.00067489149906641,0.00468929108359226,-0.607278555449167,1,"18",43267892,43277535,"protein_coding","synaptotagmin 4"
"630","SYN2",-0.503245384938634,0.0388394291300084,38.8879687874559,5.15628953626384e-06,0.243085613222417,-2.55354421348212,0.0106632739483603,0.042782317086174,-0.589354412673916,1,"3",12004388,12192032,"protein_coding","synapsin II"
"631","PRKAR1A",-0.503067620846067,0.00540610508950932,7.55496141110169,0.478102881353344,0,-6.84201660251777,7.80864262139858e-12,6.50541589370307e-10,-0.270018384105065,1,"17",68511780,68551319,"protein_coding","protein kinase cAMP-dependent type I regulatory subunit alpha"
"632","LSM3",-0.503024461451272,0.016074341592881,16.2242564342569,0.0392805001521081,0.0624093589695856,-3.96755091012535,7.26150035059714e-05,0.00074946327302742,-0.14332691550171,1,"3",14178817,14201122,"protein_coding","LSM3 homolog, U6 small nuclear RNA and mRNA degradation associated"
"633","GNB5",-0.502732255501093,0.0219618569660668,21.9015332089003,0.00510157983228989,0.10604791947361,-3.39236224610956,0.00069292764590112,0.00479891455500061,-0.324740533231113,1,"15",52115100,52191392,"protein_coding","G protein subunit beta 5"
"634","METAP1",-0.502667467460155,0.00786945209589426,9.3889427376639,0.310554557562348,0.0104811187074654,-5.66641698620083,1.45814424978852e-08,5.06436939507611e-07,-0.211759738454338,1,"4",98995659,99062809,"protein_coding","methionyl aminopeptidase 1"
"635","NEFL",-0.502643988751682,0.0171366215691071,17.1805555672175,0.0282829299293332,0.0697604495470211,-3.8397052709538,0.000123182099471597,0.00117174673948859,-0.589115074971387,1,"8",24950955,24956721,"protein_coding","neurofilament light chain"
"636","AP3D1",-0.500974699855815,0.0338075217351072,33.9098368982051,4.21835341779151e-05,0.198928362533648,-2.72463998527661,0.00643716357281132,0.029019029347777,-0.117643821843873,1,"19",2100988,2164468,"protein_coding","adaptor related protein complex 3 subunit delta 1"
"637","ADGRL3",-0.500817600598579,0.0249161212521706,25.1480298043341,0.00146725027586743,0.13023016874951,-3.17277566138595,0.00150989145159874,0.00902425452985522,-0.183748502439154,1,"4",61200326,62078335,"protein_coding","adhesion G protein-coupled receptor L3"
"638","EHMT2",-0.500721253504303,0.0364211619715764,37.6637021889879,8.68520557182869e-06,0.22629319600269,-2.62372991551989,0.00869727222798033,0.0366539237634011,-0.102693997849762,1,"HSCHR6_MHC_SSTO_CTG1",3180981,3190824,"protein_coding","euchromatic histone lysine methyltransferase 2"
"639","TBPL1",-0.500523379563298,0.00902280108061572,10.1771276772982,0.252813375096971,0.0164401171719787,-5.26930911960391,1.36938187456082e-07,3.62133320831731e-06,-0.219547014343163,1,"6",133952170,133990432,"protein_coding","TATA-box binding protein like 1"
"640","DUS4L",-0.500250690510742,0.0190589496185417,19.099410099852,0.0143369474619236,0.0848689612132391,-3.62358301890511,0.000290549886497349,0.00236342956492563,-0.261180256935366,1,"7",107563484,107578523,"protein_coding","dihydrouridine synthase 4 like"
"641","HACL1",-0.499300587455888,0.0216912070962913,21.7891334872899,0.00532184448003864,0.106147342912069,-3.39016016580676,0.00069851799798748,0.0048310041149652,-0.196644879647161,1,"3",15560699,15601852,"protein_coding","2-hydroxyacyl-CoA lyase 1"
"642","CX3CL1",-0.498687284894539,0.0226582106771036,22.4899301686066,0.0040847201185209,0.110775791987145,-3.31295464085375,0.000923159503974258,0.00606861919412474,-0.349024858264764,1,"16",57372477,57385044,"protein_coding","C-X3-C motif chemokine ligand 1"
"643","MAT2B",-0.49830818252452,0.0128583921748866,13.2761786671778,0.10269386990225,0.0398143857803216,-4.39445159336749,1.11052745146445e-05,0.000152948008212767,-0.177246196997183,1,"5",163503114,163519558,"protein_coding","methionine adenosyltransferase 2 non-catalytic beta subunit"
"644","CD2BP2",-0.498150077461916,0.0251613922222281,25.2929633962621,0.00138640570338966,0.132375952013428,-3.14045712324289,0.00168684397696128,0.00983368705800914,-0.194265805904988,1,"16",30350773,30355308,"protein_coding","CD2 cytoplasmic tail binding protein 2"
"645","CD200",-0.497813384170408,0.0280476069420835,28.2490922679575,0.000429130797906849,0.155850283468104,-2.97247809269466,0.00295406290787836,0.0155306095505348,-0.402690406678747,1,"3",112332235,112363181,"protein_coding","CD200 molecule"
"646","VARS1",-0.497538584146764,0.0390153128983012,40.4131794211726,2.68305013232958e-06,0.248590623881093,-2.51889009606233,0.0117725396423587,0.0461647982006845,-0.0763407374403839,1,"HSCHR6_MHC_DBB_CTG1",3025292,3043727,"protein_coding","valyl-tRNA synthetase 1"
"647","MEST",-0.497384550926996,0.0349049427338826,35.4677117262142,2.19706087993394e-05,0.212063884050225,-2.66224994523685,0.00776202174762197,0.0335271467997504,-0.299371834788162,1,"7",130486171,130506465,"protein_coding","mesoderm specific transcript"
"648","CFL1",-0.497179594610792,0.0185343975484316,18.6346309205747,0.0169406141707004,0.0804449505593292,-3.65194357577906,0.00026026307695215,0.00215768670593208,-0.135480667463663,1,"11",65823022,65862026,"protein_coding","cofilin 1"
"649","RANBP1",-0.496909238896727,0.00971463509225554,10.7208537184237,0.218023112702811,0.0204874031829326,-5.04154706129656,4.61783255412129e-07,1.0183599074586e-05,-0.156489438640292,1,"22",20115938,20127355,"protein_coding","RAN binding protein 1"
"650","DPM1",-0.496470160239403,0.0103800640824775,11.2020864857497,0.190509522330211,0.0241441548900792,-4.87296322078176,1.09936695702473e-06,2.12319407844177e-05,-0.211629015745833,1,"20",50934867,50959140,"protein_coding","dolichyl-phosphate mannosyltransferase subunit 1, catalytic"
"651","PPT1",-0.496269351377703,0.0212947163170786,21.4676244630628,0.00600368555109655,0.102578630659592,-3.40080339417352,0.000671881317814149,0.00467120435644392,-0.149438412975905,1,"1",40072710,40097260,"protein_coding","palmitoyl-protein thioesterase 1"
"652","MEA1",-0.495516777984555,0.0169688947562117,17.0497323367514,0.02959536703307,0.068715773784062,-3.80392185071467,0.000142423128243863,0.00131837066387828,-0.159722918669023,1,"6",43011143,43016868,"protein_coding","male-enhanced antigen 1"
"653","KPNA1",-0.495430139423351,0.0181088053174331,18.2064456989212,0.0197308826349056,0.0780256763582688,-3.6816078166859,0.000231767739386157,0.00196359421075816,-0.137981153937702,1,"3",122421902,122514945,"protein_coding","karyopherin subunit alpha 1"
"654","NCKAP1",-0.495276872641341,0.00540352566174651,7.66403668864534,0.46695652753062,0,-6.73766539900982,1.60951252325958e-11,1.23961639744582e-09,-0.218754426260932,1,"2",182909115,183038858,"protein_coding","NCK associated protein 1"
"655","LGALS8",-0.495141511168608,0.0197603267644795,19.7572680847652,0.0112944501081461,0.0901616910218024,-3.52234812771334,0.000427742044184276,0.00323958049090605,-0.247535262030747,1,"1",236518000,236552981,"protein_coding","galectin 8"
"656","PMS2",-0.495070773444597,0.0225721183358276,22.5522203123639,0.00398932302489638,0.111018146299615,-3.29519507048323,0.000983533800911651,0.00638482994312216,-0.138935805140495,1,"7",5970925,6009130,"protein_coding","PMS1 homolog 2, mismatch repair system component"
"657","RTN2",-0.494978966417636,0.0272581330418431,27.6686056176382,0.000541541697593585,0.14923012808287,-2.99804875385392,0.00271714202637074,0.0145307534462491,-0.169089732635512,1,"19",45485294,45497055,"protein_coding","reticulon 2"
"658","TBCC",-0.494922241094736,0.0235238938344882,23.5127013709186,0.00276474011903004,0.119213208890146,-3.22687665742342,0.00125149395131419,0.0077663803575115,-0.219809748649931,1,"6",42744498,42746103,"protein_coding","tubulin folding cofactor C"
"659","SRGAP3",-0.494851736486151,0.0264900982737615,26.9777944574884,0.000713255233579127,0.144181324716766,-3.04041813206168,0.0023624991007094,0.0129772009425522,-0.236219727621292,1,"3",8980591,9363053,"protein_coding","SLIT-ROBO Rho GTPase activating protein 3"
"660","SEMA4F",-0.494695497880099,0.0308666584959307,31.1491671216731,0.000132168061027645,0.178036823052401,-2.8157438839486,0.00486644448320339,0.0233327570453835,-0.187244719705546,1,"2",74654226,74690634,"protein_coding","ssemaphorin 4F"
"661","ARNT2",-0.494690093134447,0.0199207883862073,19.9390368828424,0.0105691712465562,0.0905034552994281,-3.50493486912377,0.000456718999741312,0.00342042816110613,-0.183760461667782,1,"15",80404350,80597933,"protein_coding","aryl hydrocarbon receptor nuclear translocator 2"
"662","RAB6A",-0.494522361000658,0.0154402812878731,15.6103204819818,0.0483096034196914,0.0577027298189063,-3.97977326342804,6.89810277221259e-05,0.000717949831864776,-0.23516129917794,1,"11",73675638,73761137,"protein_coding","RAB6A, member RAS oncogene family"
"663","RET",-0.494155247197723,0.0353046712965336,36.2643687831962,1.57073416412166e-05,0.217066868293791,-2.62994899020643,0.00853976807741241,0.0361215044960137,-0.205529296046005,1,"10",43077064,43130351,"protein_coding","ret proto-oncogene"
"664","YEATS4",-0.494148799868264,0.0120704579190212,12.6101747375292,0.125984773509349,0.0348157002325326,-4.4977557949711,6.86745125211274e-06,0.000102802075613688,-0.262345918137281,1,"12",69359710,69390870,"protein_coding","YEATS domain containing 4"
"665","ELOC",-0.493936759354457,0.0174640010300145,17.5280529593253,0.0250568532503508,0.0723675228549569,-3.73765725552057,0.000185742916032128,0.00164300630062701,-0.164800615610152,1,"8",73939169,73972307,"protein_coding","elongin C"
"666","APBA2",-0.493789108303259,0.0274666811016304,27.7024067400728,0.000534270782004274,0.150077912641031,-2.97946586161147,0.00288751403360732,0.0152530864605784,-0.186135910175812,1,"15",28884483,29118315,"protein_coding","amyloid beta precursor protein binding family A member 2"
"667","UCHL3",-0.493728360140479,0.00993072057479544,10.8662404522503,0.209393999659754,0.0215963330453077,-4.9544755904893,7.25256199096691e-07,1.49104486157838e-05,-0.157774672127891,1,"13",75549483,75606020,"protein_coding","ubiquitin C-terminal hydrolase L3"
"668","SNX4",-0.493470233514767,0.0172643032743648,17.3412950207333,0.0267450366180965,0.0711244357286347,-3.75566141753755,0.000172884290078557,0.00154860829479011,-0.218146616294002,1,"3",125446650,125520202,"protein_coding","sorting nexin 4"
"669","MSH2",-0.493374939980969,0.0214398150075296,21.5515658705147,0.00581796146705889,0.103409015184409,-3.36950860418175,0.000753023401572905,0.00514798218726148,-0.245868785496834,1,"2",47403067,47663146,"protein_coding","mutS homolog 2"
"670","VAPA",-0.49286097437041,0.0250304151614531,25.4311487916147,0.00131337718044971,0.132535109783126,-3.11523206793325,0.00183800242794985,0.0105389554421335,-0.170404214099934,1,"18",9914016,9960021,"protein_coding","VAMP associated protein A"
"671","CORO1A",-0.492806687975229,0.0175269926143928,17.624255603999,0.0242268295882016,0.073223786471475,-3.72239872922109,0.000197339066971836,0.00172685886212271,-0.24540448190794,1,"16",30182827,30189076,"protein_coding","coronin 1A"
"672","RASGRP1",-0.492607439156748,0.0135178524542954,13.8102128463635,0.0868482462346316,0.0439925992703996,-4.23688928154931,2.26637821922893e-05,0.000280742370956283,-0.395937550025525,1,"15",38488103,38565575,"protein_coding","RAS guanyl releasing protein 1"
"673","EBNA1BP2",-0.492420757408449,0.0278417330029689,27.7737196111708,0.000519242997088559,0.153294878032616,-2.95112917533385,0.00316614473248777,0.0164093715963636,-0.217423893456192,1,"1",43164175,43270936,"protein_coding","EBNA1 binding protein 2"
"674","KCNIP3",-0.492258809293887,0.00540213172308575,7.81577832599152,0.451669407270235,0,-6.69747208356413,2.12054818149454e-11,1.59466474309264e-09,-0.313055767188829,1,"2",95297327,95386077,"protein_coding","potassium voltage-gated channel interacting protein 3"
"675","SMS",-0.492138910662464,0.0279518626796742,28.0160878969687,0.000471199193719367,0.154552051127958,-2.94362394185459,0.00324393903944875,0.0167552642593328,-0.209583845718341,1,"X",21940709,21994837,"protein_coding","spermine synthase"
"676","CDH12",-0.491398789967263,0.0217012718541291,21.6348265473437,0.00563921722367253,0.10441327138937,-3.33573459462271,0.000850743407724508,0.00568046141778965,-0.40144234974846,1,"5",21750673,22853344,"protein_coding","cadherin 12"
"677","KCNK1",-0.491337436418595,0.00975929234181724,10.7450384070665,0.216568334711303,0.0206967813395454,-4.97359813780771,6.57214787258553e-07,1.37443614204941e-05,-0.316338480619745,1,"1",233614106,233672514,"protein_coding","potassium two pore domain channel subfamily K member 1"
"678","LMTK2",-0.491327269255542,0.0385994843132775,38.8846026943539,5.1637059620776e-06,0.242965645989898,-2.50080666072177,0.0123910803666307,0.0480654004544305,-0.258232336812655,1,"7",98106862,98209638,"protein_coding","lemur tyrosine kinase 2"
"679","HMGB3",-0.491279847628709,0.0139829480327822,14.3550459036337,0.0729679015777955,0.0479785114021811,-4.15460345439568,3.25852161462414e-05,0.000382808716689462,-0.219460979369066,1,"X",150980509,150990771,"protein_coding","high mobility group box 3"
"680","ABRAXAS2",-0.491273419556549,0.00539897442222493,6.45577144064708,0.596317558245794,0,-6.68601939674537,2.29323227074474e-11,1.71945206700281e-09,-0.193725911319272,1,"10",124801819,124836667,"protein_coding","abraxas 2, BRISC complex subunit"
"681","CSNK1G3",-0.490881425684915,0.0164236613779339,16.5518253196161,0.0351293543385855,0.0644723122125028,-3.83037776923712,0.000127946678070812,0.00120582057821043,-0.169979168567461,1,"5",123512177,123617049,"protein_coding","casein kinase 1 gamma 3"
"682","PAFAH1B1",-0.490868990268991,0.0253715428374147,25.3262974277756,0.00136843519196333,0.1327037556796,-3.08171277384989,0.00205813325590265,0.0115823379895643,-0.189410019771473,1,"17",2593183,2685615,"protein_coding","platelet activating factor acetylhydrolase 1b regulatory subunit 1"
"683","NDUFA3",-0.490228471013072,0.0255520605046185,25.4789144424697,0.00128901695275908,0.134773751743014,-3.06680079102013,0.00216362998515507,0.0120641774303496,-0.146472446861647,1,"HSCHR19LRC_PGF2_CTG3_1",77273,81393,"protein_coding","NADH:ubiquinone oxidoreductase subunit A3"
"684","POLR3C",-0.489944898718771,0.0192221145945402,19.2267676010287,0.0136928224151011,0.0861700132161861,-3.53383818463532,0.000409571746186277,0.00311584975396203,-0.140150280684206,1,"1",145824053,145844402,"protein_coding","RNA polymerase III subunit C"
"685","PWP1",-0.489682442965981,0.0161977872944764,16.3696099725624,0.0373852271013456,0.0631663802269771,-3.84757139539921,0.000119294518473367,0.00113901691364852,-0.155461156140103,1,"12",107685799,107713162,"protein_coding","PWP1 homolog, endonuclein"
"686","SUMO3",-0.489375577645969,0.0187504401030427,18.8072410024692,0.0159252177618775,0.0821084188481377,-3.57385196348041,0.000351767857184271,0.00275757010553463,-0.181305610162477,1,"21",44805617,44818779,"protein_coding","small ubiquitin like modifier 3"
"687","SARS2",-0.488982909997393,0.025681777886576,25.8822389828527,0.00110015256888911,0.13681475102651,-3.05127350503837,0.00227872898295622,0.0125957584480709,-0.148735728236929,1,"19",38915266,38930763,"protein_coding","seryl-tRNA synthetase 2, mitochondrial"
"688","BPGM",-0.487974999234059,0.00539067509310415,4.56784105800191,0.802608074010857,0,-6.64623959865613,3.00675040421083e-11,2.17141892505798e-09,-0.279580586327987,1,"7",134646811,134679816,"protein_coding","bisphosphoglycerate mutase"
"689","CALB2",-0.486849829900019,0.0236380981209853,23.5559902836635,0.00271915762370715,0.118827499806702,-3.166567550991,0.00154249515796301,0.00917464465908818,-0.383482720770181,1,"HSCHR16_4_CTG3_1",226190,257933,"protein_coding","calbindin 2"
"690","SKP1",-0.486588289430327,0.0216489091288537,21.7408076421252,0.00541933995184514,0.104895090080318,-3.30707195183477,0.000942766731406586,0.00617521898349129,-0.128642784457056,1,"5",134148935,134176964,"protein_coding","S-phase kinase associated protein 1"
"691","STAM",-0.485626821526769,0.0127516446651842,13.1922424747996,0.105404106345272,0.039320730815694,-4.30050606022346,1.70408510880016e-05,0.000219738197666375,-0.234698232232613,1,"10",17644151,17716824,"protein_coding","signal transducing adaptor molecule"
"692","RARS1",-0.485426116321711,0.0102318305817292,11.0944936310864,0.19640233534551,0.0233413214404688,-4.79895268192236,1.5949746738908e-06,2.90848994002133e-05,-0.11001968694196,1,"5",168486451,168519301,"protein_coding","arginyl-tRNA synthetase 1"
"693","APP",-0.485404149786802,0.023397460735623,23.2417389706542,0.00306735742121795,0.116342370097832,-3.17335837861136,0.00150686396232325,0.00901748427030669,-0.212998970731021,1,"21",25880535,26171128,"protein_coding","amyloid beta precursor protein"
"694","SNAPC3",-0.484868215049925,0.0146553213063154,15.0772959981367,0.0576597993623582,0.0531654204647431,-4.00521692929394,6.19605929157441e-05,0.000654333635128858,-0.18998453061875,1,"9",15422734,15465953,"protein_coding","small nuclear RNA activating complex polypeptide 3"
"695","COPG2",-0.48480099200533,0.00538370386986638,5.41526470586413,0.712408781461332,0,-6.6072831421542,3.91437993130239e-11,2.7490161870163e-09,-0.232953667746076,1,"7",130506238,130668748,"protein_coding","COPI coat complex subunit gamma 2"
"696","CXCL14",-0.48465432742178,0.0215233082880651,21.4545129890618,0.00603320599220871,0.102638231167728,-3.30352487780893,0.000954774974872619,0.00623513442439346,-0.439241570542615,1,"5",135570679,135579279,"protein_coding","C-X-C motif chemokine ligand 14"
"697","ATP1A1",-0.484559594295439,0.0244031897117862,24.3651712236964,0.0019898792090357,0.125312130572189,-3.10187218887681,0.00192300965692649,0.010940255564389,-0.307354518685807,1,"1",116372668,116410261,"protein_coding","ATPase Na+/K+ transporting subunit alpha 1"
"698","TRIM32",-0.483863752819839,0.0263924793114906,26.9219700202758,0.000729255950806908,0.142324819758888,-2.97839980366408,0.00289757749894615,0.0153030750322424,-0.1817693943575,1,"9",116687305,116701300,"protein_coding","tripartite motif containing 32"
"699","VAMP4",-0.483439359951717,0.0084692573245144,9.81817381486821,0.278020434612759,0.0136716818291548,-5.25314443722439,1.49524184145378e-07,3.90541114224444e-06,-0.185723540691799,1,"1",171700160,171742074,"protein_coding","vesicle associated membrane protein 4"
"700","NFU1",-0.482561361081878,0.0157137026053197,15.9708982663629,0.0427985463109365,0.0600401217429627,-3.84957938572975,0.000118320831719698,0.00113183976098697,-0.14548059916042,1,"2",69396113,69437628,"protein_coding","NFU1 iron-sulfur cluster scaffold"
"701","NUDT2",-0.482236327668185,0.0154524856412779,15.6469295777637,0.0477216143106262,0.0578201929258357,-3.87936594520539,0.000104729098618028,0.00102097855107816,-0.165625479209313,1,"9",34329506,34343713,"protein_coding","nudix hydrolase 2"
"702","ITPR1",-0.482037094078619,0.00849872487959738,9.82177151974194,0.277758793993078,0.0137210560557919,-5.22881858833967,1.70596657689259e-07,4.37967834287239e-06,-0.355847305643964,1,"3",4493345,4847506,"protein_coding","inositol 1,4,5-trisphosphate receptor type 1"
"703","DNM3",-0.481516826857654,0.0148582757198828,15.0998511236341,0.0572327508990506,0.0538920863279367,-3.95027437728108,7.80616540272394e-05,0.00079696665843669,-0.287763993035255,1,"1",171817887,172418466,"protein_coding","dynamin 3"
"704","TM9SF2",-0.481462200619892,0.0232499976081429,23.3338438503466,0.00296105651634923,0.116423245672177,-3.1575536636168,0.00159098950221104,0.00938867948608009,-0.191549405690889,1,"13",99446311,99564048,"protein_coding","transmembrane 9 superfamily member 2"
"705","L1CAM",-0.480692448872865,0.0303576328373881,30.9072537366272,0.000145944516930621,0.174285250302844,-2.75888341151445,0.00579992231927062,0.0267072779524147,-0.314751034395259,1,"X",153861514,153886173,"protein_coding","L1 cell adhesion molecule"
"706","RAN",-0.480530950944726,0.0156660958436069,15.9342343648482,0.0433311515564217,0.0597836745602741,-3.8392021149695,0.000123434789100152,0.00117295499790075,-0.201098248236668,1,"12",130872037,130877678,"protein_coding","RAN, member RAS oncogene family"
"707","SIRT3",-0.480414297807145,0.0207163471902801,20.9091282610232,0.00739277944100632,0.0978306560101538,-3.33779249419367,0.000844467889446143,0.00564151465032771,-0.156483763101145,1,"11",215030,236931,"protein_coding","sirtuin 3"
"708","TOMM34",-0.479959332285428,0.0162929787001182,16.4302543715752,0.0366198921547049,0.0639670382024514,-3.76014156217433,0.000169817233208525,0.00152703729318692,-0.298219821204909,1,"20",44942130,44960397,"protein_coding","translocase of outer mitochondrial membrane 34"
"709","KHDRBS1",-0.479824880517337,0.022564481418704,22.5583314234506,0.00398008077858937,0.111114663419573,-3.19425869292097,0.00140190430987008,0.00849910738918384,-0.215862457099836,1,"1",32013868,32060850,"protein_coding","KH RNA binding domain containing, signal transduction associated 1"
"710","PRKAR2B",-0.478660932204705,0.0166597170104334,16.905791949679,0.0311051476479931,0.0673007238128145,-3.70846489511959,0.000208519561741838,0.00180440909283254,-0.364073473112634,1,"7",107044705,107161811,"protein_coding","protein kinase cAMP-dependent type II regulatory subunit beta"
"711","STK39",-0.478093726781899,0.0053905241136927,7.07820638617123,0.528218812467586,0,-6.51174745022724,7.42814698639904e-11,4.85553208010951e-09,-0.163128159061244,1,"2",167954020,168247595,"protein_coding","serine/threonine kinase 39"
"712","TOM1",-0.478041057426239,0.030220267840374,30.6869789178714,0.000159711997092352,0.172887035771749,-2.74989457229877,0.00596144417486966,0.0272894768091133,-0.0913811623763873,1,"22",35299275,35347992,"protein_coding","target of myb1 membrane trafficking protein"
"713","DHPS",-0.477857779721672,0.0166420872717758,16.8682206817797,0.0315109160005487,0.066797069298587,-3.7042028651748,0.000212056507981284,0.00182880803720124,-0.162818452796472,1,"19",12675717,12681880,"protein_coding","deoxyhypusine synthase"
"714","PRDM2",-0.477109943305352,0.0202903053806131,20.2530164294936,0.00942003870974255,0.0938212623052839,-3.34945521990604,0.000809706429856893,0.00545071191347816,-0.132950243539091,1,"1",13700188,13825079,"protein_coding","PR/SET domain 2"
"715","GPLD1",-0.475517419368966,0.0222338711041686,22.4211576505088,0.00419260634583565,0.109613055770078,-3.18903208727962,0.00142750031488159,0.00862965746437667,-0.248149805830546,1,"6",24424565,24495205,"protein_coding","glycosylphosphatidylinositol specific phospholipase D1"
"716","ACTR2",-0.475450398750755,0.0199693704197851,20.0618920943284,0.0101044116948841,0.0918548710453083,-3.36451934328358,0.000766771092536755,0.00522236052953233,-0.213003737737617,1,"2",65227788,65271253,"protein_coding","actin related protein 2"
"717","NAE1",-0.47538858517935,0.00538358455571594,5.89420397452147,0.659081396663241,0,-6.47907459570438,9.22868448327563e-11,5.91122747568205e-09,-0.150287319179842,1,"16",66802875,66873256,"protein_coding","NEDD8 activating enzyme E1 subunit 1"
"718","ABCA5",-0.474538639638469,0.0332735054034215,34.0947501349987,3.90515433594549e-05,0.199516404697712,-2.60149084907132,0.0092819541407525,0.0385445279215187,-0.183041195170435,1,"17",69244311,69327244,"protein_coding","ATP binding cassette subfamily A member 5"
"719","PEX14",-0.474515601305326,0.0314105700219399,31.693200199416,0.000105691711072329,0.183967660361824,-2.6773958567973,0.00741969147936072,0.0324053785991679,-0.129068797570817,1,"1",10472288,10630758,"protein_coding","peroxisomal biogenesis factor 14"
"720","RIT2",-0.474312884797916,0.0229549398224977,23.1330856366612,0.00319751642683084,0.114648142948942,-3.13059468236137,0.00174452752864895,0.0100839286776681,-0.317362336240548,1,"18",42743227,43115691,"protein_coding","Ras like without CAAX 2"
"721","BHLHE22",-0.473553639958346,0.0239349493072508,24.3979928349185,0.00196472076873261,0.123421332760511,-3.06092665401847,0.00220653139486271,0.0122738609751768,-0.293505884486304,1,"8",64580365,64583627,"protein_coding","basic helix-loop-helix family member e22"
"722","RAP1GDS1",-0.472929537116359,0.0127059467293236,13.1636741384113,0.106340808799396,0.0390208873297507,-4.19558886281675,2.72163551962024e-05,0.000328128036408625,-0.209200324409381,1,"4",98261384,98443858,"protein_coding","Rap1 GTPase-GDP dissociation stimulator 1"
"723","RAB18",-0.472656640958893,0.0130156077851627,13.4826239197089,0.0962878342057377,0.0412376341541849,-4.14298668680771,3.42811853046854e-05,0.000400517991279718,-0.161788574847462,1,"10",27504174,27545117,"protein_coding","RAB18, member RAS oncogene family"
"724","ATP6V0A1",-0.472228218746876,0.0309475715070875,31.0571593503706,0.000137249952035333,0.178784961344186,-2.68434695335524,0.00726716471840905,0.0318906102655727,-0.208967252675782,1,"17",42458844,42522582,"protein_coding","ATPase H+ transporting V0 subunit a1"
"725","CCDC85B",-0.472190322826369,0.0351215487279092,35.1979162687346,2.46075398132393e-05,0.210139951522321,-2.51959218773319,0.0117490869623973,0.0460941018670967,-0.175699929999124,1,"11",65890673,65891635,"protein_coding","coiled-coil domain containing 85B"
"726","CCNC",-0.47206704764638,0.0107110731152085,11.4920518892562,0.175346342316783,0.0262300842076361,-4.56128484291394,5.08415554834052e-06,7.85993798628532e-05,-0.280977254367376,1,"6",99542387,99568825,"protein_coding","cyclin C"
"727","VPS39",-0.471582678131271,0.00858228313862206,9.91278388331305,0.271200811968213,0.014310444433344,-5.09045292247912,3.57209252621615e-07,8.18915060888744e-06,-0.131786637210095,1,"15",42158701,42208307,"protein_coding","VPS39 subunit of HOPS complex"
"728","OCRL",-0.471219213956955,0.0179891574030755,18.066701956265,0.0207319337437378,0.0766356871160933,-3.51331896125186,0.000442545878141409,0.00333288687487709,-0.178577435957732,1,"X",129539849,129592561,"protein_coding","OCRL inositol polyphosphate-5-phosphatase"
"729","RABEPK",-0.471081453450058,0.0333023273162176,33.9381097883157,4.16890819810245e-05,0.201223928876665,-2.58142025750154,0.00983947200823132,0.0403177315238062,-0.0985197967360012,1,"9",125200542,125234161,"protein_coding","Rab9 effector protein with kelch motifs"
"730","DIRAS3",-0.470274890161576,0.0205971629394856,20.5304016117704,0.00850522457923286,0.0950989472180569,-3.27678606720524,0.00104995890860793,0.00673580417016789,-0.290111597138421,1,"1",68045886,68051717,"protein_coding","DIRAS family GTPase 3"
"731","UQCRFS1",-0.469125787429649,0.01840391814012,18.4847477398678,0.0178718323436362,0.0795977797402362,-3.45807302348443,0.000544053897814756,0.00395031786299959,-0.219996752284488,1,"19",29205320,29213151,"protein_coding","ubiquinol-cytochrome c reductase, Rieske iron-sulfur polypeptide 1"
"732","CKAP5",-0.468832876373534,0.0112566395373258,11.9438131704706,0.153728462711053,0.0296940106485322,-4.41889496656099,9.9206843640065e-06,0.000139496969934704,-0.123968917137182,1,"11",46743048,46846308,"protein_coding","cytoskeleton associated protein 5"
"733","LEFTY1",-0.468229761147477,0.0220067980382986,22.1072842231062,0.00472095266915526,0.108175837405495,-3.15631678964257,0.00159775226628645,0.00941768752010182,-0.199640171835143,1,"1",225886282,225911382,"protein_coding","left-right determination factor 1"
"734","TERF2",-0.468157103002783,0.0184090349252311,18.4970004518539,0.0177939226834897,0.0796478271652182,-3.45045292125435,0.000559646768765854,0.00405084471213739,-0.190690847224331,1,"16",69355567,69408571,"protein_coding","telomeric repeat binding factor 2"
"735","KRAS",-0.46736483183579,0.0317910894225211,31.9864379118332,9.36639976554631e-05,0.186228470869995,-2.62121910244319,0.00876159320602476,0.0368762251281475,-0.14128263698751,1,"12",25205246,25250936,"protein_coding","KRAS proto-oncogene, GTPase"
"736","CYC1",-0.466449951292018,0.0155986457167715,15.8322776770467,0.0448446216476801,0.0587058371551967,-3.73475059316462,0.000187901309267602,0.00165807133165766,-0.141678542444087,1,"8",144095039,144097525,"protein_coding","cytochrome c1"
"737","MOCS2",-0.465690741434735,0.022821622662152,23.1394747428404,0.00318971686570421,0.115154309320563,-3.08265088841993,0.00205165689590747,0.0115509914415568,-0.127453740673152,1,"5",53095679,53110063,"protein_coding","molybdenum cofactor synthesis 2"
"738","ATP5PO",-0.465624089419688,0.0177976112935931,17.8746954282574,0.0221857844542912,0.074720100174411,-3.49023429912358,0.000482597237589921,0.00358788316648582,-0.175231858167103,1,"21",33903453,33915814,"protein_coding","ATP synthase peripheral stalk subunit OSCP"
"739","CHRD",-0.465552085203907,0.0273778759256306,27.8296196167043,0.000507753371543433,0.151312768636029,-2.81363916568645,0.00489841782958322,0.0234375686429364,-0.154547574817464,1,"3",184380054,184390736,"protein_coding","chordin"
"740","EPHB6",-0.465431682012112,0.0233426241321053,23.567441590709,0.00270722205044655,0.117793090178001,-3.04635915607901,0.00231630969908303,0.0127647391177526,-0.310349824226563,1,"7",142855061,142871094,"protein_coding","EPH receptor B6"
"741","ZFPM2",-0.464955687214931,0.0346308690909578,36.0028728439555,1.75389152367689e-05,0.211889821267525,-2.49850296360649,0.0124719099695092,0.0482907656216127,-0.244026047493417,1,"8",104590733,105804539,"protein_coding","zinc finger protein, FOG family member 2"
"742","FANCF",-0.464846990759229,0.0346312046709246,35.0855662377529,2.57957091796788e-05,0.207954801162506,-2.49790676576271,0.0124929046168489,0.0483280147795645,-0.145511775700629,1,"11",22622533,22625823,"protein_coding","FA complementation group F"
"743","SOSTDC1",-0.464722822268302,0.0105729425672164,11.3688135934157,0.181664416674677,0.0253576099209424,-4.51955904364628,6.19685642155865e-06,9.40336075921397e-05,-0.503213128704242,1,"7",16461481,16530580,"protein_coding","sclerostin domain containing 1"
"744","HSPBP1",-0.464325482643797,0.0231854485554062,23.2318156654663,0.00307902849878367,0.116038615990984,-3.04940260984168,0.00229296963986703,0.0126552662977116,-0.172452427325931,1,"19",55262223,55280381,"protein_coding","HSPA (Hsp70) binding protein 1"
"745","DHDH",-0.464128943593303,0.0133110335073012,13.668930732075,0.0908132933444268,0.0428525002720123,-4.02284003934291,5.75005505976112e-05,0.000614971032019614,-0.215586255202727,1,"19",48933699,48944969,"protein_coding","dihydrodiol dehydrogenase"
"746","BTBD3",-0.464128561636521,0.00845203981139469,9.79647232254226,0.279602544781827,0.0135177146507271,-5.04844382247353,4.4542340704723e-07,9.85692614223526e-06,-0.264453449157015,1,"20",11890723,11926609,"protein_coding","BTB domain containing 3"
"747","RASGRF2",-0.463441760472805,0.017883554714311,18.0889192478322,0.0205696363305855,0.0765106889698297,-3.46551865783769,0.0005292098057601,0.00386759948445293,-0.264094994983116,1,"5",80960363,81230162,"protein_coding","Ras protein specific guanine nucleotide releasing factor 2"
"748","FARSB",-0.463245186874949,0.0274938275949056,28.175889677546,0.000441934324341358,0.152874375961366,-2.79378713516204,0.00520947575894426,0.0245753452114667,-0.186672702306893,1,"2",222566899,222656092,"protein_coding","phenylalanyl-tRNA synthetase subunit beta"
"749","SNRPD1",-0.46224599866362,0.0101281055002705,11.0337249266848,0.199795611245368,0.0227824859889173,-4.59313332826215,4.36639893575119e-06,6.92673354505944e-05,-0.13277646022428,1,"18",21612314,21633524,"protein_coding","small nuclear ribonucleoprotein D1 polypeptide"
"750","VPS4A",-0.461655834350717,0.0205807937786762,20.7416092052825,0.0078664327144775,0.0960823131659809,-3.2180091008042,0.00129083722049894,0.00796016285974347,-0.109477882097289,1,"16",69311336,69326939,"protein_coding","vacuolar protein sorting 4 homolog A"
"751","DRG1",-0.461414442644609,0.0237004920638559,23.7332396378052,0.00254000492320247,0.121013717751764,-2.99717776979334,0.00272491762106064,0.0145631708414463,-0.177624761648426,1,"22",31399604,31528740,"protein_coding","developmentally regulated GTP binding protein 1"
"752","POLR2K",-0.461108637327595,0.0167809520744986,17.0105906842135,0.0299989885035508,0.0678918375384992,-3.55954886141834,0.000371492413293151,0.00287680926247943,-0.193916699414783,1,"8",100150623,100154003,"protein_coding","RNA polymerase II, I and III subunit K"
"753","LAGE3",-0.460917025268935,0.015679940482823,15.8586169008461,0.0444490263234311,0.059463788228618,-3.68087055898997,0.00023243898876335,0.00196800054156929,-0.136043349302303,1,"X",154477775,154479281,"protein_coding","L antigen family member 3"
"754","IDH3G",-0.460888491967323,0.0286325267178551,28.8669311166424,0.000334605967386865,0.160090154750473,-2.72374237167607,0.00645468351457024,0.0290877226156866,-0.195840650528645,1,"X",153785766,153794512,"protein_coding","isocitrate dehydrogenase (NAD(+)) 3 non-catalytic subunit gamma"
"755","MCM6",-0.460883864053381,0.00538066960125525,7.08662411275633,0.527316118081864,0,-6.28309087004999,3.31906946371419e-10,1.85554907540495e-08,-0.369250401389468,1,"2",135839626,135876443,"protein_coding","minichromosome maintenance complex component 6"
"756","ST3GAL3",-0.460568235320097,0.017884152012477,17.9164402732785,0.0218617448635289,0.0749795722082338,-3.4439735368444,0.000573231805516494,0.00412574771824731,-0.132909739172531,1,"1",43705824,43931165,"protein_coding","ST3 beta-galactoside alpha-2,3-sialyltransferase 3"
"757","NDUFA4",-0.460251656249392,0.0247119892343642,24.6249078170209,0.00179905478291569,0.126625272767721,-2.92780067767103,0.00341368811026688,0.0174522867782219,-0.175882812244194,1,"7",10931943,10940153,"protein_coding","NDUFA4 mitochondrial complex associated"
"758","COCH",-0.459949065990519,0.0182285405094707,18.2364879894456,0.019521725708139,0.0771789368072379,-3.40669923051517,0.00065753541824809,0.00459338267235851,-0.327443850055435,1,"14",30874514,30895065,"protein_coding","cochlin"
"759","PPP2R5B",-0.459360969999196,0.0341290740785789,34.7562107367934,2.96152104376805e-05,0.203555626113611,-2.48651932686894,0.0128999562517413,0.0496540215499988,-0.111026940915046,1,"11",64917553,64934475,"protein_coding","protein phosphatase 2 regulatory subunit B'beta"
"760","CAMK2D",-0.459259034972076,0.0308567455303353,31.5817081168361,0.000110653379663317,0.179840801010312,-2.61446389917362,0.00893676042525726,0.0374588677278993,-0.256643295382455,1,"4",113418054,113761927,"protein_coding","calcium/calmodulin dependent protein kinase II delta"
"761","PTPA",-0.458500747588325,0.0325437921300839,33.2138155660724,5.63572493817971e-05,0.191573048415942,-2.54159278819972,0.0110348652165844,0.0439285329050412,-0.108073002988603,1,"9",129110950,129148946,"protein_coding","protein phosphatase 2 phosphatase activator"
"762","TRIM23",-0.457929902589292,0.0115817531909842,12.2109136012024,0.142038616995439,0.0316492057071927,-4.2551203770737,2.08936576380214e-05,0.000261483561200825,-0.208515672439428,1,"5",65589690,65625975,"protein_coding","tripartite motif containing 23"
"763","SRC",-0.457927778310149,0.0311988510250186,32.1983202361798,8.582267106567e-05,0.183272330823759,-2.59255327066718,0.0095266426318632,0.0393236238040947,-0.140574144071102,1,"HG410_PATCH",254187,315552,"protein_coding","SRC proto-oncogene, non-receptor tyrosine kinase"
"764","CHM",-0.456031963275008,0.0174452333681427,17.6249361996512,0.0242210507162708,0.0725157971210112,-3.45268447272606,0.000555037818944726,0.00402090909870926,-0.170548213650944,1,"X",85861180,86047561,"protein_coding","CHM Rab escort protein"
"765","MAPK13",-0.456011128904138,0.0192152609906701,19.3036600048584,0.0133173677567163,0.0853952332429691,-3.28966972410629,0.00100305042922511,0.00649333788528075,-0.253068167052623,1,"6",36127809,36144524,"protein_coding","mitogen-activated protein kinase 13"
"766","CLTC",-0.455739913800103,0.0321030536241066,32.9197737037264,6.36721553780264e-05,0.188602944196973,-2.54357116941089,0.010972570152264,0.0437341668060768,-0.208385525690247,1,"17",59619680,59696956,"protein_coding","clathrin heavy chain"
"767","LAMTOR5",-0.455625313245497,0.0161707768839481,16.3415530862826,0.0377443127713969,0.0625827441965922,-3.58296364654001,0.000339717901335135,0.00268935282047917,-0.117249055996122,1,"1",110401249,110407942,"protein_coding","late endosomal/lysosomal adaptor, MAPK and MTOR activator 5"
"768","VRK1",-0.454608535815139,0.0200179087532507,20.1656410542004,0.00972721632748459,0.0930157956670778,-3.21312952790005,0.00131297062273839,0.00808296548791829,-0.282851726070425,1,"14",96797304,96954846,"protein_coding","VRK serine/threonine kinase 1"
"769","PTS",-0.453766898009374,0.0309671961474267,31.0875550950348,0.000135550181931208,0.178770536354175,-2.57858747444037,0.00992051789403425,0.0405554462271673,-0.156232286975106,1,"11",112226367,112269955,"protein_coding","6-pyruvoyltetrahydropterin synthase"
"770","ALDOC",-0.453325772432162,0.0210034321070796,21.1159963222454,0.00684559608338941,0.0987458893802523,-3.12798942822329,0.00176006511877702,0.0101583291992263,-0.187520455666453,1,"17",28573115,28576948,"protein_coding","aldolase, fructose-bisphosphate C"
"771","NIPSNAP2",-0.452991593525481,0.00979109381071509,10.8042624034289,0.213038520002789,0.0210266459255284,-4.57798680680409,4.69472295039353e-06,7.37198848719155e-05,-0.184911777549833,1,"7",55951793,56000181,"protein_coding","nipsnap homolog 2"
"772","CCT6B",-0.452433413655425,0.00846065579356631,9.83233612726901,0.276991548178032,0.0137221244235029,-4.918726309895,8.71091652365763e-07,1.73084485532037e-05,-0.408235909226355,1,"17",34927859,34981078,"protein_coding","chaperonin containing TCP1 subunit 6B"
"773","EXTL2",-0.451701329695544,0.011059497295038,11.8082439347298,0.159966817348709,0.0286188135503159,-4.29520281563581,1.74533700254553e-05,0.000224263488940994,-0.260207253396986,1,"1",100872372,100895179,"protein_coding","exostosin like glycosyltransferase 2"
"774","LRPAP1",-0.45110120352213,0.0251493423087892,25.4530756021925,0.00130213940151755,0.132167163544633,-2.84453099086305,0.00444768589397726,0.021692147789394,-0.145916817690518,1,"4",3503612,3532446,"protein_coding","LDL receptor related protein associated protein 1"
"775","IDH3B",-0.451075623510713,0.0197828919760478,19.8560290277096,0.0108946821464159,0.0898139851829122,-3.20704067648223,0.00134108031903057,0.00820844191429686,-0.132989081695286,1,"20",2658393,2664219,"protein_coding","isocitrate dehydrogenase (NAD(+)) 3 non-catalytic subunit beta"
"776","SH3KBP1",-0.450507691617605,0.0101742045473917,11.1061809365475,0.19575512694967,0.0233591994431706,-4.4663420280875,7.95683662513369e-06,0.000115646314757431,-0.141516178808709,1,"X",19533977,19887600,"protein_coding","SH3 domain containing kinase binding protein 1"
"777","LAMTOR3",-0.450347739119964,0.0105591872090147,11.4073271583778,0.179670046670145,0.025562811543664,-4.38260915805459,1.17266377082093e-05,0.00016003596097183,-0.173298149930986,1,"4",99878336,99894428,"protein_coding","late endosomal/lysosomal adaptor, MAPK and MTOR activator 3"
"778","DAP3",-0.45025072988489,0.0156736900514473,15.883162107711,0.0440832797005006,0.0594867587266,-3.59640670236669,0.000322643228007902,0.00258084211220754,-0.0953103626239915,1,"1",155687960,155739010,"protein_coding","death associated protein 3"
"779","BCL7A",-0.449195899422697,0.0310474512753786,31.5389601006455,0.000112615995759023,0.180569596048795,-2.54931091813084,0.0107936023538839,0.0432235791403649,-0.146168940312827,1,"12",122019422,122062044,"protein_coding","BAF chromatin remodeling complex subunit BCL7A"
"780","RAD23B",-0.448155624783166,0.0305857295184789,30.7624574961593,0.000154856376129704,0.175526384005574,-2.56253278124323,0.0103911777613963,0.0419680441494417,-0.136674865949582,1,"9",107283137,107332192,"protein_coding","RAD23 homolog B, nucleotide excision repair protein"
"781","MRPL28",-0.447505664958095,0.0257519455364055,25.9683046420772,0.00106349644223584,0.136772545208839,-2.78864682086274,0.00529287502582321,0.0248767077863774,-0.112105935018938,1,"16",366969,371289,"protein_coding","mitochondrial ribosomal protein L28"
"782","MNAT1",-0.447044632589864,0.0226856982565535,22.8846824583041,0.00351549883538834,0.112949419124643,-2.96807457916676,0.00299671610538721,0.0157062672028446,-0.150398065178675,1,"14",60734742,60969965,"protein_coding","MNAT1 component of CDK activating kinase"
"783","BLVRA",-0.446659323465834,0.0251513539575564,25.5270796144526,0.00126489924399798,0.133356767922715,-2.81640897247983,0.00485638027173829,0.0232932647727985,-0.141861035173537,1,"7",43758680,43807342,"protein_coding","biliverdin reductase A"
"784","CELF3",-0.446500356719807,0.0297491923273833,29.9300529411311,0.000217481361399586,0.167277687122139,-2.5887148826541,0.00963348210566095,0.0396490731868929,-0.245410471375528,1,"1",151700058,151716803,"protein_coding","CUGBP Elav-like family member 3"
"785","CELSR2",-0.445700702490435,0.0071593598155642,8.97650296036183,0.344282020827618,0.00730690712904799,-5.26752036969525,1.38278821726345e-07,3.64921532326058e-06,-0.202592508604398,1,"1",109249539,109275751,"protein_coding","cadherin EGF LAG seven-pass G-type receptor 2"
"786","COL5A2",-0.444846958879898,0.012199216785334,12.7862614530524,0.119418344249525,0.0359098502482649,-4.02758441304658,5.63528380368439e-05,0.000604122329719622,-0.314933426799132,1,"2",189031898,189225312,"protein_coding","collagen type V alpha 2 chain"
"787","KCNJ4",-0.444252930319572,0.022092177666332,22.0124305803094,0.00489289162362144,0.107093106390176,-2.98889760837532,0.00279985942161143,0.014879469717561,-0.416029589609216,1,"22",38426327,38455199,"protein_coding","potassium inwardly rectifying channel subfamily J member 4"
"788","PITPNA",-0.443207742489309,0.0313210693023554,31.9562296544953,9.48379553809819e-05,0.182841220938083,-2.5043155393986,0.0122688561599757,0.0477147139719698,-0.144427783925876,1,"17",1517718,1562792,"protein_coding","phosphatidylinositol transfer protein alpha"
"789","PPL",-0.442136701665668,0.0158753950498981,16.0760241721971,0.0413048085792269,0.0609089545764559,-3.50908829879363,0.000449645599225779,0.00337439365942384,-0.267675175503731,1,"16",4882507,4960741,"protein_coding","periplakin"
"790","CITED2",-0.442040960585943,0.0298951766812041,30.6688973589069,0.000160897259347366,0.172477244172738,-2.55659509737403,0.0105702174379332,0.0424959080815693,-0.242161833583782,1,"6",139371807,139374648,"protein_coding","Cbp/p300 interacting transactivator with Glu/Asp rich carboxy-terminal domain 2"
"791","PDK3",-0.441039238701873,0.0171675834966843,17.4175496919647,0.0260432293668452,0.0711441853945795,-3.36606614356832,0.00076248422711056,0.00519732898441966,-0.26516473588315,1,"X",24465244,24550466,"protein_coding","pyruvate dehydrogenase kinase 3"
"792","UROS",-0.440961799715318,0.0170005218326747,17.1518057409863,0.028566589662594,0.0687345658270242,-3.38197071185249,0.000719678171706484,0.00495858260305767,-0.15921639796785,1,"10",125784980,125823288,"protein_coding","uroporphyrinogen III synthase"
"793","TAF6",-0.440875597300936,0.022163714501666,22.4420239159469,0.00415958485500324,0.109660942468698,-2.96138442161238,0.00306259415980592,0.0159792699377676,-0.108836729251327,1,"7",100106876,100119841,"protein_coding","TATA-box binding protein associated factor 6"
"794","MED4",-0.440857518366902,0.0142165735981906,14.5931376738614,0.0675564817647409,0.0492796611105406,-3.69743699934691,0.000217787245857082,0.00187063687959386,-0.136144495731416,1,"13",48053323,48095131,"protein_coding","mediator complex subunit 4"
"795","SHROOM2",-0.440336722320154,0.00714916890008687,8.96696036819684,0.345090813417859,0.00724164138597548,-5.20783392858757,1.91057801135486e-07,4.81288194105429e-06,-0.219743544089256,1,"X",9786429,9949443,"protein_coding","shroom family member 2"
"796","SMARCA2",-0.440258463411444,0.0192042539317029,19.383045394877,0.0129400375408709,0.0861536603733464,-3.17693985931841,0.0014883789707516,0.00894465938268991,-0.105665831646897,1,"9",1980290,2193624,"protein_coding","SWI/SNF related, matrix associated, actin dependent regulator of chromatin, subfamily a, member 2"
"797","CES2",-0.439591534706689,0.0195863747269672,19.7271969814565,0.0114189294976728,0.0883009445957354,-3.14103149413287,0.00168353927364739,0.00982340734792699,-0.13054781125915,1,"16",66934444,66945096,"protein_coding","carboxylesterase 2"
"798","MAP1A",-0.439542947480008,0.0299384895586546,30.0877915170385,0.000203956470889722,0.170670593352258,-2.54030798451349,0.0110754890856544,0.0440571932562996,-0.289551250553554,1,"15",43510958,43531620,"protein_coding","microtubule associated protein 1A"
"799","TCEAL1",-0.439318470486323,0.0192591740791629,19.5255642715065,0.0122880478594892,0.0873509142189851,-3.165633503025,0.00154745632247688,0.00919349895802916,-0.198816307510489,1,"X",103628704,103630953,"protein_coding","transcription elongation factor A like 1"
"800","ZMYM3",-0.439128130666458,0.0208031574633686,21.0925106280022,0.00690570140829315,0.0985225029660843,-3.0445746769496,0.00233009574924203,0.0128268475351819,-0.0876267385550654,1,"X",71239624,71255146,"protein_coding","zinc finger MYM-type containing 3"
"801","RANBP6",-0.438368378008131,0.00611723587939538,8.37491870504361,0.397729618048877,0.00280976317662821,-5.60481916408829,2.08472505924817e-08,6.94717593926976e-07,-0.293693932614731,1,"9",6011025,6015625,"protein_coding","RAN binding protein 6"
"802","GRB2",-0.438169758009887,0.0177766342803347,17.970086691113,0.021451872230019,0.0747299666277975,-3.2863788795632,0.00101484407249752,0.00655636592503278,-0.117465856241631,1,"17",75318076,75405709,"protein_coding","growth factor receptor bound protein 2"
"803","KCNS1",-0.437698666608485,0.0200270209232047,20.2061124635522,0.0095837612433808,0.0924155834674277,-3.09290832701145,0.00198205352171388,0.0112260587489562,-0.421387711497961,1,"20",45091214,45101127,"protein_coding","potassium voltage-gated channel modifier subfamily S member 1"
"804","STXBP6",-0.436483660141335,0.0152706445418423,15.5888165589778,0.0486580864593735,0.0569311789243788,-3.5321513654222,0.000412193343727552,0.00313298894205321,-0.22711255025799,1,"14",24809454,25050147,"protein_coding","syntaxin binding protein 6"
"805","ATR",-0.436414794389996,0.0053631726460941,6.55565729686674,0.585240937426388,0,-5.95920843358609,2.53462650867675e-09,1.1045339074478e-07,-0.264977169525681,1,"3",142449007,142578733,"protein_coding","ATR serine/threonine kinase"
"806","HSPA13",-0.436407045652891,0.0153598354987211,15.7184839989746,0.0465913513442761,0.0579657797541689,-3.5212630642131,0.000429496301646015,0.00325190056960554,-0.268996262521284,1,"21",14371115,14383484,"protein_coding","heat shock protein family A (Hsp70) member 13"
"807","MPP1",-0.436398753969555,0.0272911879529136,27.3959661820679,0.000603841212427255,0.14915989492301,-2.64163178601752,0.00825077013173225,0.035179274622554,-0.152816718401942,1,"X",154778684,154821007,"protein_coding","MAGUK p55 scaffold protein 1"
"808","CNTNAP1",-0.436213481506662,0.029946008026557,30.2055308797263,0.000194403395389902,0.170747312261843,-2.52074906818526,0.0117105329049965,0.0459782250650046,-0.282257862779274,1,"17",42682531,42699993,"protein_coding","contactin associated protein 1"
"809","STX6",-0.435548546728813,0.023887609956324,24.3038964630683,0.00203768845541053,0.124009339129459,-2.81805989534992,0.00483147961363306,0.0231956515612707,-0.174394795751311,1,"1",180972712,181023121,"protein_coding","syntaxin 6"
"810","ABCE1",-0.435154007927406,0.0098531135831749,10.8563482532998,0.20997231711682,0.0214342642261637,-4.38385562840894,1.16597059798274e-05,0.000159293078533622,-0.230148147984637,1,"4",145098288,145129524,"protein_coding","ATP binding cassette subfamily E member 1"
"811","SLC39A3",-0.434337091194471,0.0187946792726629,19.0231136634342,0.014736523129332,0.0829757946909339,-3.16817716209037,0.0015339801208254,0.00913045884198034,-0.140122990022634,1,"19",2732204,2740028,"protein_coding","solute carrier family 39 member 3"
"812","EEF1E1",-0.434125674446092,0.0241552007418005,24.3854583829895,0.00197429196375208,0.124822006932872,-2.79325217435574,0.00521809956204766,0.0246023695460109,-0.174153661744118,1,"6",8073360,8102559,"protein_coding","eukaryotic translation elongation factor 1 epsilon 1"
"813","CNKSR2",-0.433885819992882,0.0180142527541786,18.2169193832544,0.0196577245969425,0.0772283987888202,-3.23271434976394,0.00122620105969329,0.00763731825427828,-0.37943466670669,1,"X",21372801,21654695,"protein_coding","connector enhancer of kinase suppressor of Ras 2"
"814","CCDC28A",-0.433792387470179,0.0114019942256474,12.0930426022968,0.147100582130491,0.0306993058596643,-4.06248263904795,4.85535597420927e-05,0.000534214889298736,-0.240294465746244,1,"6",138773769,138793319,"protein_coding","coiled-coil domain containing 28A"
"815","PRPS1",-0.43371035969853,0.0225262949196319,22.8880942256402,0.00351093085841238,0.112327229223385,-2.88971433978738,0.00385592040531324,0.0193008983947128,-0.156390796039862,1,"X",107628428,107651993,"protein_coding","phosphoribosyl pyrophosphate synthetase 1"
"816","RBBP7",-0.433199798489381,0.0158930925612597,16.1189789050041,0.0407084738984534,0.0611780108524666,-3.43624435633646,0.000589838716864577,0.00421551959883057,-0.165374431632826,1,"X",16839283,16870362,"protein_coding","RB binding protein 7, chromatin remodeling factor"
"817","CSTF3",-0.433190117930391,0.0166737190068803,16.8838094348039,0.0313419613469565,0.0671014825427299,-3.35476653139163,0.000794319920862208,0.00536982172965798,-0.130168623778365,1,"11",33077188,33162371,"protein_coding","cleavage stimulation factor subunit 3"
"818","BCAT1",-0.433068859647605,0.0158432262831795,16.072808770059,0.0413497715027376,0.0607259001300615,-3.44060759591055,0.000580409616244282,0.00416330398056147,-0.219956660123802,1,"12",24810024,24949101,"protein_coding","branched chain amino acid transaminase 1"
"819","KIAA0753",-0.432856345247993,0.025385090195662,25.5938315856448,0.00123220075703389,0.134338604316525,-2.71677975830765,0.00659204576643613,0.0295292607140672,-0.145139422439346,1,"17",6578147,6640711,"protein_coding","KIAA0753"
"820","APPBP2",-0.432564010414659,0.0125037727008859,13.0467943887889,0.110249674871031,0.0378899716779236,-3.86838640107751,0.000109557956107675,0.00106115538565842,-0.191920189794252,1,"17",60443158,60526242,"protein_coding","amyloid beta precursor protein binding protein 2"
"821","CPNE6",-0.432459915109615,0.0186964012690893,18.7694191151498,0.0161426406447822,0.0811858778442199,-3.16276444914138,0.00156278724326175,0.009269459095503,-0.262976749618604,1,"HG1_PATCH",371815,379078,"protein_coding","copine 6"
"822","SLIT3",-0.431556119011476,0.0256994329466083,26.1115773680461,0.00100510297153816,0.136114258691086,-2.69200280716047,0.00710243474690286,0.031363653040498,-0.202060476643681,1,"5",168661740,169301139,"protein_coding","slit guidance ligand 3"
"823","ACTG1",-0.430969462331348,0.0152778121613265,15.6128759523894,0.0482683437021807,0.0573642960300849,-3.486710703233,0.000489000012888541,0.00362702278980726,-0.214001250200966,1,"HG1369_PATCH",165618,180052,"protein_coding","actin gamma 1"
"824","STOML2",-0.43035178352821,0.0273898310082313,28.0396194329734,0.00046677352417132,0.151657741097592,-2.60033278027829,0.00931333966887204,0.0386417211476953,-0.139287014193379,1,"9",35099776,35103195,"protein_coding","stomatin like 2"
"825","UGP2",-0.430034443439132,0.0182821050488379,18.5352232948819,0.0175529425035635,0.0795659801276456,-3.18046149154328,0.00147040680486854,0.00885125871936569,-0.199362779381973,1,"2",63840952,63891562,"protein_coding","UDP-glucose pyrophosphorylase 2"
"826","OPRL1",-0.429750188532156,0.0153309829913118,15.5834276405878,0.0487457787123643,0.0569916298747554,-3.47081187740414,0.000518887384884481,0.00380880970424995,-0.147508661414039,1,"HSCHR20_1_CTG3",2748,5589,"protein_coding","opioid related nociceptin receptor 1"
"827","EPB41L1",-0.429542737129001,0.0197883527147401,19.8377448439902,0.0109676590581384,0.0897850112034379,-3.05352555403685,0.00226169458501935,0.0125287657661665,-0.189254062573717,1,"20",36091504,36232799,"protein_coding","erythrocyte membrane protein band 4.1 like 1"
"828","UROD",-0.429194249332915,0.00728460077715425,9.06101830865891,0.337174718355802,0.00792087130065564,-5.02864545127078,4.93956752833924e-07,1.07719756201841e-05,-0.117019195961082,1,"1",45010950,45015575,"protein_coding","uroporphyrinogen decarboxylase"
"829","DGKA",-0.428736413190913,0.0286371061022649,28.7456570050303,0.000351385988474635,0.15899230849863,-2.53352856959586,0.0112920534865464,0.0447119527588334,-0.168936231788062,1,"12",55927319,55954027,"protein_coding","diacylglycerol kinase alpha"
"830","CCNH",-0.428124353913664,0.0201402764443365,20.2877803207881,0.00930042375728238,0.0938045620825707,-3.01673540132106,0.00255512739635066,0.0138166501206007,-0.302374207222399,1,"5",87318416,87413029,"protein_coding","cyclin H"
"831","ATMIN",-0.427932010534293,0.00861987113363953,9.95944961070263,0.267883572110371,0.0146553415563206,-4.60918762886628,4.04245395158043e-06,6.47882265239085e-05,-0.187374888856773,1,"HG405_PATCH",84081,95589,"protein_coding","ATM interactor"
"832","MOXD1",-0.427736602731952,0.0217905846789144,21.8567620233935,0.00518824140504538,0.105877987839137,-2.897623626552,0.00376001516136437,0.0189173211976834,-0.34630975541705,1,"6",132296055,132401475,"protein_coding","monooxygenase DBH like 1"
"833","DYNLL1",-0.427125366320704,0.0166389112517487,16.9076534742971,0.0310851707682209,0.0669654488277152,-3.31125716935311,0.000928778101888517,0.00609926330536939,-0.189278237244431,1,"12",120469850,120498493,"protein_coding","dynein light chain LC8-type 1"
"834","PDHA1",-0.426661748866006,0.0143510529199678,14.7874535974857,0.0634124614532167,0.0508538767435077,-3.56157280240789,0.000368639856261233,0.00286167352486833,-0.131748666866454,1,"X",19343893,19361718,"protein_coding","pyruvate dehydrogenase E1 subunit alpha 1"
"835","NDUFA10",-0.426604593896444,0.0138438077572715,14.2177785965539,0.0762627396529218,0.0467874086045718,-3.62574910080542,0.000288125001168371,0.00234789195940167,-0.110304776789172,1,"2",239892450,240025743,"protein_coding","NADH:ubiquinone oxidoreductase subunit A10"
"836","HYOU1",-0.425687869465408,0.0282417587190571,28.5235712713779,0.000384281157340046,0.156798564766997,-2.53305958263723,0.0113071731213956,0.0447384328216964,-0.160840077093746,1,"11",119044188,119057227,"protein_coding","hypoxia up-regulated 1"
"837","BTRC",-0.424976900458855,0.0179515610913429,18.1428842407316,0.0201804047311924,0.076415561078563,-3.1718614891028,0.00151465229786196,0.00904498267261537,-0.136578678980076,1,"10",101354033,101557321,"protein_coding","beta-transducin repeat containing E3 ubiquitin protein ligase"
"838","ACSL3",-0.424804683290029,0.0176810185516481,17.9292992525184,0.0217628311531192,0.0745611079153807,-3.19474100549609,0.00139956375858552,0.00848693598896781,-0.226453339909474,1,"2",222860942,222944639,"protein_coding","acyl-CoA synthetase long chain family member 3"
"839","OMG",-0.424346430603773,0.0196307205140984,19.772915340038,0.0112301918709931,0.0896187447240111,-3.02867333155032,0.00245630125640739,0.013394328968897,-0.277381778728821,1,"17",31272013,31297539,"protein_coding","oligodendrocyte myelin glycoprotein"
"840","DUSP14",-0.423933133211861,0.020605440729557,20.9201104968989,0.00736270359870204,0.0980469705149632,-2.95329212180859,0.00314404284582159,0.016340689963003,-0.173951061256183,1,"HSCHR17_7_CTG4",1729002,1752668,"protein_coding","dual specificity phosphatase 14"
"841","TTC33",-0.423589222732591,0.0180930626702098,18.2513596075661,0.0194189656270536,0.0770902880997277,-3.14911744808653,0.0016376436433867,0.00961060069080505,-0.215181185106388,1,"5",40512333,40755963,"protein_coding","tetratricopeptide repeat domain 33"
"842","MTMR4",-0.422810169342064,0.0168106305183416,17.1710345179448,0.0283765756161312,0.0685054053816412,-3.26101970353192,0.00111012325922877,0.00703448403498598,-0.155444913996152,1,"17",58489529,58517905,"protein_coding","myotubularin related protein 4"
"843","TIMM17B",-0.422366038870417,0.00785814684137229,9.43806322334834,0.306698629083888,0.0107215431020833,-4.76462714499277,1.89203183142972e-06,3.37297674675789e-05,-0.128370659561432,1,"HSCHRX_3_CTG3",52282,56978,"protein_coding","translocase of inner mitochondrial membrane 17B"
"844","YAF2",-0.4220884438166,0.0276278459098928,28.2003231523005,0.000437619691899613,0.153773803201804,-2.53939318296096,0.0111044948767449,0.0441288991259327,-0.136357122639494,1,"12",42157104,42238349,"protein_coding","YY1 associated factor 2"
"845","EIF3M",-0.421532700944599,0.0128348486150683,13.3483481483091,0.10041288557759,0.0401335151672334,-3.72079631100542,0.000198595573311255,0.00173502294394237,-0.127601392717954,1,"11",32583798,32606264,"protein_coding","eukaryotic translation initiation factor 3 subunit M"
"846","LMO7",-0.421104337440365,0.0183467886573526,18.4325657633391,0.0182072673364178,0.0787410473727237,-3.10892099429059,0.00187771921648716,0.0107256768957892,-0.248384112967076,1,"13",75620434,75859870,"protein_coding","LIM domain 7"
"847","RPA3",-0.421052333380993,0.0227899624089742,22.9960594360249,0.00336930920482243,0.113847752867307,-2.78910120972914,0.00528545447763396,0.0248509942822432,-0.175423584690969,1,"7",7636518,7718607,"protein_coding","replication protein A3"
"848","GPX4",-0.420651848504882,0.0186440574171553,18.9903491842991,0.0149113455678608,0.0820557353279877,-3.08072253825239,0.00206498978097702,0.0116132328450137,-0.140411285695015,1,"19",1103982,1106791,"protein_coding","glutathione peroxidase 4"
"849","SPOCK1",-0.420587524617219,0.0136031916341116,14.0712338674011,0.0799275223107091,0.0455628266877344,-3.6060851586533,0.000310851162050207,0.00249906296882559,-0.228681953354429,1,"5",136975298,137598379,"protein_coding","SPARC (osteonectin), cwcv and kazal like domains proteoglycan 1"
"850","NPTX1",-0.420408196854106,0.0178870086435873,18.0593577423194,0.0207858486544732,0.0759046928093178,-3.14341930930417,0.00166986447546025,0.00976372822773122,-0.383673140476052,1,"17",80466834,80477843,"protein_coding","neuronal pentraxin 1"
"851","NOXA1",-0.419394036259462,0.0255478527072365,25.8637986473541,0.00110816538410217,0.135719187538014,-2.62388652212524,0.00869327436153067,0.0366539237634011,-0.206598336600594,1,"9",137423350,137434406,"protein_coding","NADPH oxidase activator 1"
"852","PDS5B",-0.418918243290141,0.005348387388875,4.35765049702557,0.823500014756651,0,-5.72819568273843,1.01504440408462e-08,3.7072388242592e-07,-0.198168711599599,1,"13",32586452,32778019,"protein_coding","PDS5 cohesin associated factor B"
"853","OAZ1",-0.41835598270001,0.0177415131468381,18.0037273265235,0.0211985593462756,0.0752568962501624,-3.14087501830667,0.00168443898301773,0.00982640800779658,-0.175255779514285,1,"19",2269509,2273492,"protein_coding","ornithine decarboxylase antizyme 1"
"854","PPAT",-0.418260177339304,0.0166695207534956,16.9720985650537,0.030400929916553,0.0674349603514672,-3.23955203542383,0.00119717620039417,0.00747663225787568,-0.131149357008857,1,"4",56393362,56435615,"protein_coding","phosphoribosyl pyrophosphate amidotransferase"
"855","MAPK1",-0.417811762833107,0.0245245788328428,24.8127856605935,0.00167224638626898,0.127570576578179,-2.66796349997152,0.00763125480415239,0.0330989839163555,-0.166901258389181,1,"22",21759657,21867680,"protein_coding","mitogen-activated protein kinase 1"
"856","PRDX3",-0.417717352048894,0.0105539714155963,11.4375671311595,0.178116818338701,0.0256812949770921,-4.0660672706734,4.78131396082215e-05,0.000526978109828098,-0.224944696490211,1,"10",119167720,119178812,"protein_coding","peroxiredoxin 3"
"857","TLK1",-0.417667919193849,0.0184478990928869,18.514783894051,0.0176814176759189,0.0789537193272749,-3.07508879957181,0.00210439888139069,0.0117828773738838,-0.156278491723825,1,"2",170990823,171231314,"protein_coding","tousled like kinase 1"
"858","FEN1",-0.416502283487164,0.00608014304869617,8.36111324038864,0.39901359029841,0.0027039477172836,-5.34146624468714,9.21977856283007e-08,2.55756055388713e-06,-0.221072254854859,1,"11",61792911,61797238,"protein_coding","flap structure-specific endonuclease 1"
"859","SPARCL1",-0.416081961766866,0.0208281628957233,21.1219486594638,0.00683044275212066,0.0992125677545412,-2.88305817391059,0.00393834701126927,0.0196593460658484,-0.280017767125668,1,"4",87473335,87531061,"protein_coding","SPARC like 1"
"860","HIVEP2",-0.415937569702248,0.0218443815755073,21.9694040172479,0.00497286264858369,0.10567442387939,-2.81422147561633,0.00488955284099801,0.023408332502453,-0.218896338143525,1,"6",142751469,142956698,"protein_coding","HIVEP zinc finger 2"
"861","FAM131B",-0.415746990386948,0.0148236176182662,15.1962755802781,0.0554395031960852,0.0542024532546977,-3.41469573568189,0.000638532963139316,0.00450044811426889,-0.16110587997227,1,"7",143353400,143362770,"protein_coding","family with sequence similarity 131 member B"
"862","MPV17",-0.415650218377138,0.0090360597744682,10.2475644072872,0.248078342326918,0.0167986928717998,-4.37258706213799,1.22782827831625e-05,0.00016667213151819,-0.105705840347412,1,"2",27309492,27325680,"protein_coding","mitochondrial inner membrane protein MPV17"
"863","PSMD13",-0.415647842371387,0.0225646518371328,22.6595256626095,0.00383001489880666,0.111545993586614,-2.76701307902825,0.00565724854602223,0.0261742717211878,-0.118300139802636,1,"11",236966,252984,"protein_coding","proteasome 26S subunit, non-ATPase 13"
"864","SLIT2",-0.415134502376448,0.0235372108327174,23.880457924541,0.00239996317811281,0.11958423251025,-2.7058974346196,0.00681200815407679,0.0303333666151755,-0.259449431097708,1,"4",20251905,20620561,"protein_coding","slit guidance ligand 2"
"865","SERINC3",-0.414803056253141,0.0131863494389167,13.6472127164744,0.0914368917797031,0.0423879850185034,-3.61226545112831,0.000303533612789009,0.00244950376411212,-0.19164357223886,1,"20",44496221,44522085,"protein_coding","serine incorporator 3"
"866","PAIP1",-0.414666471426701,0.0154602362744935,15.8688770101886,0.044295801420028,0.0589802476284426,-3.33496175423012,0.000853111317764332,0.00569031052427162,-0.135461371590032,1,"5",43526267,43557758,"protein_coding","poly(A) binding protein interacting protein 1"
"867","DIMT1",-0.4137441930948,0.00535794755467568,7.84936684796247,0.448321212607663,0,-5.65239732718241,1.58225315072258e-08,5.44991141171068e-07,-0.171077828888121,1,"5",62347284,62403943,"protein_coding","DIM1 rRNA methyltransferase and ribosome maturation factor"
"868","ADK",-0.413443265798472,0.0101035120605717,11.0695893069868,0.1977872672691,0.0229237600983192,-4.11319917842685,3.90213428582697e-05,0.000444094238163335,-0.111208127926715,1,"10",74151202,74709963,"protein_coding","adenosine kinase"
"869","PCP4",-0.413407913927124,0.00983154037796876,10.8417731588529,0.210826740366316,0.0212524275362567,-4.1693466266554,3.05474102186842e-05,0.00036170233567344,-0.346925231767925,1,"HG2265_PATCH",3435,65394,"protein_coding","Purkinje cell protein 4"
"870","TBCA",-0.413407033139878,0.0200253762579536,20.2682586104644,0.00936741346199325,0.0930254343205528,-2.92137641271125,0.00348488506570432,0.0177325698562875,-0.142197338366939,1,"5",77691166,77868780,"protein_coding","tubulin folding cofactor A"
"871","CELF2",-0.412722176964125,0.0173648232280037,17.5553238991512,0.0248188871289834,0.0718974294360023,-3.13200626651103,0.00173616169565061,0.0100453858618295,-0.184710622289303,1,"10",10798397,11336675,"protein_coding","CUGBP Elav-like family member 2"
"872","PSMD14",-0.412261372253918,0.0141308138895309,14.5068655019299,0.0694738504858622,0.0488932079850261,-3.46807959462061,0.000524192003861668,0.00384111145571874,-0.208822239735271,1,"2",161308425,161411717,"protein_coding","proteasome 26S subunit, non-ATPase 14"
"873","MED27",-0.412164756842359,0.0171001572448782,17.3144022370893,0.0269967493639549,0.0701674649204992,-3.15188818049,0.0016221838221393,0.0095374382328868,-0.127012836813664,1,"9",131852928,132079867,"protein_coding","mediator complex subunit 27"
"874","GHR",-0.411790158605128,0.0239082154595391,24.0429885724992,0.00225406134951661,0.121171910469658,-2.66319141807089,0.00774033690213782,0.0334504845984403,-0.262955692431035,1,"5",42423439,42721878,"protein_coding","growth hormone receptor"
"875","CCND2",-0.41158719622863,0.0196451495224209,19.8656559753036,0.0108564451811829,0.0895053969179938,-2.9365282744832,0.00331908561671668,0.0170694875180469,-0.177595477672186,1,"12",4269771,4305353,"protein_coding","cyclin D2"
"876","GCAT",-0.411336104113497,0.00879132993560631,10.0746981765548,0.259822191106609,0.0155193199763121,-4.38701925712147,1.14914619100404e-05,0.000157500988426161,-0.187017590695799,1,"22",37807905,37817176,"protein_coding","glycine C-acetyltransferase"
"877","NUP42",-0.41121153989641,0.00638679584641866,8.53764080514375,0.382786352302534,0.00400176129985538,-5.14545490935836,2.66873300569515e-07,6.37619592447857e-06,-0.15168682726507,1,"7",23181841,23201011,"protein_coding","nucleoporin 42"
"878","SLC20A1",-0.410818170547651,0.013627391277095,14.0540370473103,0.0803677880995722,0.0454862046208341,-3.51919459019247,0.000432859093731253,0.00326765675939912,-0.14627600284514,1,"2",112645939,112663825,"protein_coding","solute carrier family 20 member 1"
"879","EBP",-0.410753938273884,0.00870829795175668,10.0146612086768,0.263998398112646,0.0150729761921366,-4.4016458423436,1.07432816671693e-05,0.000149008966018034,-0.143332836248364,1,"X",48521799,48528716,"protein_coding","EBP cholestenol delta-isomerase"
"880","MAGI2",-0.41049090376439,0.020664636339084,21.0231008669527,0.0070863168166867,0.0980781100438317,-2.85554924685971,0.00429624594814948,0.0211110635998795,-0.135648676394478,1,"7",78017055,79453667,"protein_coding","membrane associated guanylate kinase, WW and PDZ domain containing 2"
"881","MYRIP",-0.410416783884911,0.0126005531486138,13.1191149414504,0.107816430205789,0.0384632661369078,-3.65620305806673,0.000255978614970509,0.00213466235899352,-0.206657327008039,1,"3",39808914,40260321,"protein_coding","myosin VIIA and Rab interacting protein"
"882","ADGRL2",-0.410216627089892,0.00888118916241881,10.130790851225,0.255965892959769,0.0159305271948991,-4.3528900685412,1.34354529850444e-05,0.000180458378792275,-0.237444472226123,1,"1",81306147,81993932,"protein_coding","adhesion G protein-coupled receptor L2"
"883","TIMM17A",-0.409675688454079,0.0101597306812269,11.0997871603725,0.196108980055768,0.0231456488933194,-4.06442481639064,4.81510564687149e-05,0.000530015061553086,-0.241230542745539,1,"1",201955503,201970664,"protein_coding","translocase of inner mitochondrial membrane 17A"
"884","WDHD1",-0.408802183480855,0.0109156661089554,11.7261799253773,0.163845545099966,0.0278908977903051,-3.91280392376329,9.12306087903492e-05,0.000910704447799927,-0.167696969493192,1,"14",54938949,55027105,"protein_coding","WD repeat and HMG-box DNA binding protein 1"
"885","SMAD3",-0.406971479404412,0.0183072524000918,18.6035867542776,0.0171296304363599,0.0794815058810575,-3.00782379218287,0.00263125654957053,0.0141456396495575,-0.169367776334613,1,"15",67063763,67195173,"protein_coding","SMAD family member 3"
"886","PRKCD",-0.40682346162755,0.0228132464010117,23.2241881004424,0.0030880287340182,0.115022364022673,-2.69347187629315,0.00707121108349806,0.0312528405255923,-0.201055617262479,1,"3",53156009,53192717,"protein_coding","protein kinase C delta"
"887","ADRA2A",-0.406621250479401,0.0238216397674588,24.0907229550686,0.00221287318773524,0.122022342678885,-2.63453665343327,0.00842522066923879,0.0357794686858078,-0.22832254002676,1,"10",111077029,111080907,"protein_coding","adrenoceptor alpha 2A"
"888","MPI",-0.405969391479125,0.0197295162054604,19.9978938410539,0.0103440219025563,0.0900851717021895,-2.89024775647761,0.0038493831564963,0.019287013523695,-0.105237847348545,1,"15",74890005,74902219,"protein_coding","mannose phosphate isomerase"
"889","AKAP6",-0.405586511815099,0.0205879928958733,20.8479991804569,0.00756235532944016,0.0971904774839147,-2.82667904138545,0.00470334430657315,0.0227001810691915,-0.221573413641879,1,"14",32329298,32837684,"protein_coding","A-kinase anchoring protein 6"
"890","ZRANB2",-0.40553563947049,0.0237663430716935,23.9978691298499,0.00229367728393574,0.121853245226382,-2.63055778382431,0.00852448766731562,0.0360791554355223,-0.148816921843673,1,"1",71063291,71081289,"protein_coding","zinc finger RANBP2-type containing 2"
"891","GABRA2",-0.405130454088297,0.016274610818107,16.5980713396517,0.0345773291476303,0.0643850615436839,-3.17570084681012,0.00149475008077959,0.0089694096978638,-0.274889502899281,1,"4",46243548,46475230,"protein_coding","gamma-aminobutyric acid type A receptor subunit alpha2"
"892","PRDX5",-0.405065834382552,0.021594869532643,21.9941331158065,0.00492674725241125,0.105225118371254,-2.75645128471816,0.00584323160452782,0.0268738053931495,-0.156476065153259,1,"11",64318121,64321811,"protein_coding","peroxiredoxin 5"
"893","TDO2",-0.403971446798923,0.025379054104878,25.6139365581143,0.00122251489985779,0.134347901702125,-2.53578806777099,0.0112194609999379,0.0444817603843571,-0.230764051065914,1,"4",155854738,155920406,"protein_coding","tryptophan 2,3-dioxygenase"
"894","CYP2E1",-0.403708503734348,0.0141095459056986,14.5235199314915,0.0690999179472531,0.0488379660517061,-3.3986886334715,0.000677097527776782,0.00470205591817311,-0.197892336457258,1,"10",133520406,133561220,"protein_coding","cytochrome P450 family 2 subfamily E member 1"
"895","MORF4L2",-0.402646070521158,0.0174226224644985,17.6919095820954,0.0236586873866451,0.0732865604213077,-3.05046960602682,0.00228483804897639,0.0126212279662656,-0.281974850537111,1,"X",103675496,103688158,"protein_coding","mortality factor 4 like 2"
"896","AUH",-0.402469645920825,0.0181912812829188,18.3906449646351,0.0184810508630775,0.0785819786799058,-2.98401833334881,0.0028448972525672,0.0150716886242094,-0.190479500630544,1,"9",91213815,91361918,"protein_coding","AU RNA binding methylglutaconyl-CoA hydratase"
"897","LCMT2",-0.402395267209663,0.0110216018133329,11.8290155808843,0.158997382722936,0.0286121692593954,-3.83292662666677,0.000126627731271478,0.00119471530470163,-0.184067361004563,1,"15",43323649,43330582,"protein_coding","leucine carboxyl methyltransferase 2"
"898","PPOX",-0.400817610154872,0.00534627687031424,6.76837394910229,0.561817234200791,0,-5.4817733002339,4.21083596879868e-08,1.29959856359061e-06,-0.157741100126603,1,"1",161166056,161178013,"protein_coding","protoporphyrinogen oxidase"
"899","PKIA",-0.400549659649571,0.0176587405882283,17.9834402717703,0.0213509802253617,0.0750118285228781,-3.01423080325299,0.00257631730669838,0.0139001179046903,-0.213660466766303,1,"8",78516340,78605267,"protein_coding","cAMP-dependent protein kinase inhibitor alpha"
"900","MPHOSPH6",-0.399847486712976,0.0118376537199296,12.537708528516,0.128776588189051,0.0338908562660227,-3.67503563624953,0.000237816217992126,0.0020048441948655,-0.192777375724432,1,"16",82147798,82170224,"protein_coding","M-phase phosphoprotein 6"
"901","PSMA4",-0.398401505677361,0.0157937293343985,16.2313167729584,0.0391864167185638,0.0613288015841028,-3.17014134010662,0.00152364803640337,0.00908805788302084,-0.144966683906663,1,"15",78540405,78552417,"protein_coding","proteasome 20S subunit alpha 4"
"902","TCEA2",-0.397580328114708,0.0238497421230717,23.8566443389189,0.00242209632116482,0.120373330428965,-2.57444159704244,0.01004020355697,0.0408938982709436,-0.113982868719654,1,"20",64049836,64072347,"protein_coding","transcription elongation factor A2"
"903","TSG101",-0.397121640457806,0.0116122131143542,12.3354412525791,0.136853104029448,0.0323981745758654,-3.68524236413551,0.000228485108335175,0.00194418253230594,-0.103504479672792,1,"11",18468336,18526951,"protein_coding","tumor susceptibility 101"
"904","TXNDC9",-0.396813409028011,0.0157846482095007,16.1011504627962,0.0409550088050356,0.0610535938980301,-3.1584127609532,0.00158630779810931,0.00936538784094503,-0.276049347359366,1,"2",99318982,99340702,"protein_coding","thioredoxin domain containing 9"
"905","GREB1",-0.396688945900116,0.0249132993516311,25.5688556624549,0.00124433754557549,0.132076792391151,-2.51324296417815,0.0119626915758406,0.04675224533848,-0.101277464730739,1,"2",11482341,11642788,"protein_coding","growth regulating estrogen receptor binding 1"
"906","CRHBP",-0.396430943454075,0.0181838819306727,18.4070580154226,0.0183733966837439,0.0783690345035429,-2.93984372259059,0.00328377824645365,0.0169254668089048,-0.259643800415312,1,"5",76953045,76981158,"protein_coding","corticotropin releasing hormone binding protein"
"907","SNRPC",-0.396169508778026,0.0133713780986612,13.9241822145937,0.0837631083745062,0.0441568628434019,-3.42604420551354,0.000612440698725347,0.00435507691286061,-0.0926366558104954,1,"6",34757505,34773857,"protein_coding","small nuclear ribonucleoprotein polypeptide C"
"908","SKAP2",-0.395370580556881,0.0183178933802787,18.5694589557608,0.0173397282667787,0.0796670370961638,-2.9212356161285,0.00348646046760037,0.0177370458392609,-0.214347562185011,1,"7",26667068,26995239,"protein_coding","src kinase associated phosphoprotein 2"
"909","DNM1",-0.394820109556908,0.0192397625149233,19.4110124616142,0.0128095492367659,0.0857594662376338,-2.84642281106017,0.00442134467376842,0.0215967311301741,-0.316388352889879,1,"9",128191655,128255248,"protein_coding","dynamin 1"
"910","RIDA",-0.394133325689373,0.0123049991148724,12.9126373716629,0.11489104252152,0.0366855218126409,-3.55305855266536,0.000380779699999279,0.00293707605267235,-0.183258242417391,1,"8",98102344,98117171,"protein_coding","reactive intermediate imine deaminase A homolog"
"911","MICU1",-0.394110072181591,0.0163197324322547,16.687558304986,0.0335320294729553,0.0647487828851241,-3.08504154687681,0.00203523720895515,0.0114762889112793,-0.115801518853895,1,"10",72367340,72626131,"protein_coding","mitochondrial calcium uptake 1"
"912","GPC5",-0.393853471261923,0.00980610598393358,10.8488732625273,0.21041016943137,0.0212765989481935,-3.97728201285836,6.97074756299543e-05,0.000723850377284898,-0.257499493483249,1,"13",91398621,92873682,"protein_coding","glypican 5"
"913","PLXNA1",-0.392780860085513,0.0200636611371957,20.2471218000401,0.00944046635193079,0.0920954886471975,-2.77297034206992,0.0055547182926734,0.0258092330398846,-0.174016784880528,1,"3",126982693,127037389,"protein_coding","plexin A1"
"914","AP4B1",-0.392642537445858,0.0101927250105515,11.1413029061403,0.193820616330071,0.023493059225222,-3.88912761411835,0.000100605209343962,0.000989478627239828,-0.145523103938958,1,"1",113894194,113905712,"protein_coding","adaptor related protein complex 4 subunit beta 1"
"915","RAB40B",-0.391598697470716,0.0173929679541257,17.6292694185955,0.0241842881766667,0.0724014490754195,-2.96930213256454,0.0029847696785914,0.0156533086641289,-0.138640380978235,1,"17",82654973,82698698,"protein_coding","RAB40B, member RAS oncogene family"
"916","IFIT1",-0.390895943027022,0.0160568915442017,16.3559418288833,0.0375597602444297,0.062943756450478,-3.08482424883071,0.00203672467356664,0.0114821366880217,-0.233011756022428,1,"10",89392546,89406487,"protein_coding","interferon induced protein with tetratricopeptide repeats 1"
"917","SEL1L",-0.390712834729791,0.0193696760444146,19.6521169702782,0.0117354664352083,0.0879481486949782,-2.80734960250133,0.00499509986206625,0.0237752204599804,-0.133912577654192,1,"14",81471547,81533853,"protein_coding","SEL1L adaptor subunit of SYVN1 ubiquitin ligase"
"918","FBXW2",-0.390351039344801,0.0166498517681975,16.925425725237,0.0308950513715425,0.0670790784085922,-3.02517257330167,0.00248491297577047,0.013521427212661,-0.147474432118856,1,"9",120751978,120793416,"protein_coding","F-box and WD repeat domain containing 2"
"919","RASA1",-0.389902072499071,0.0146380363371467,15.0690406850674,0.0578168281005579,0.0528455287232536,-3.22265736281901,0.00127007380246758,0.00785682879065904,-0.149398756632576,1,"5",87267883,87391931,"protein_coding","RAS p21 protein activator 1"
"920","FBXO28",-0.388292376715169,0.00534308887555384,7.76580906546328,0.456674657678338,0,-5.31205624901738,1.08395132425443e-07,2.9449321213258e-06,-0.263216607836019,1,"1",224114111,224162047,"protein_coding","F-box protein 28"
"921","KLHDC2",-0.387520088804961,0.00533310513450657,6.09762427671381,0.636297364808717,0,-5.30645087863626,1.11780265488193e-07,3.02099799145393e-06,-0.204342477096205,1,"14",49768130,49786385,"protein_coding","kelch domain containing 2"
"922","GNAS",-0.386111653527256,0.00534046580557476,7.66822596888226,0.466531009795896,0,-5.28351981185371,1.26725152149731e-07,3.38993106374932e-06,-0.152406782583656,1,"20",58839718,58911192,"protein_coding","GNAS complex locus"
"923","CCT2",-0.38552006586379,0.00533743561518695,6.82807174834946,0.555291130360867,0,-5.27692185551577,1.31371873379749e-07,3.49954354030296e-06,-0.163815061761053,1,"12",69585426,69601570,"protein_coding","chaperonin containing TCP1 subunit 2"
"924","ACAD8",-0.385397036581851,0.0217563390717216,22.0423154975473,0.00483807810229024,0.105527114939149,-2.61285591635299,0.00897891469528522,0.0375861202507235,-0.0853458487097744,1,"11",134253548,134265855,"protein_coding","acyl-CoA dehydrogenase family member 8"
"925","ENSA",-0.384517346135896,0.0210523368709423,21.4023053482564,0.00615214348184294,0.101152167092741,-2.65012147168097,0.00804628355075265,0.0345210209625273,-0.171922971208246,1,"1",150600851,150629612,"protein_coding","endosulfine alpha"
"926","PPP2R5E",-0.383831084100844,0.0167183628928826,17.0240783509025,0.0298593281065683,0.0673236617728746,-2.96854248416195,0.00299215736560132,0.0156855989556394,-0.117153578590309,1,"14",63371364,63543377,"protein_coding","protein phosphatase 2 regulatory subunit B'epsilon"
"927","ATP6V0B",-0.383505009443737,0.0077725014433426,9.39641460949501,0.309965805670342,0.0103912509091304,-4.35001380796774,1.3612895986892e-05,0.000182169846400964,-0.163549859496253,1,"1",43974487,43978295,"protein_coding","ATPase H+ transporting V0 subunit b"
"928","OXA1L",-0.383424868417718,0.0115191960024888,12.2297986390575,0.141241573748634,0.0316475499698353,-3.57247495813807,0.000353623307448592,0.0027670101217885,-0.125960453274883,1,"14",22766522,22773042,"protein_coding","OXA1L mitochondrial inner membrane protein"
"929","PPP1R12A",-0.383288510102656,0.00750677316506319,9.21601537059352,0.324402307940799,0.00905716195438395,-4.42383738177085,9.69630173019986e-06,0.000136643349921495,-0.176848384502627,1,"12",79773563,79935460,"protein_coding","protein phosphatase 1 regulatory subunit 12A"
"930","CDS2",-0.382949181608344,0.0214718849379118,21.9671144198719,0.004977153346636,0.104773571845072,-2.61340104322235,0.0089646040018716,0.037544710008167,-0.105993695329332,1,"20",5126879,5197887,"protein_coding","CDP-diacylglycerol synthase 2"
"931","EPM2AIP1",-0.380802070856891,0.0206835278895184,20.9463014206381,0.00729145105087954,0.0972871910910387,-2.64781106884349,0.00810147875180101,0.0347041327988125,-0.151154046485615,1,"3",36985043,36993131,"protein_coding","EPM2A interacting protein 1"
"932","TRAPPC2",-0.378720368397093,0.0158789875822567,16.1984873709333,0.03962567018241,0.0614260807129207,-3.00543443801488,0.0026520176201803,0.0142362360899677,-0.134751520529725,1,"X",13712244,13734635,"protein_coding","trafficking protein particle complex subunit 2"
"933","PSMB5",-0.37746621644115,0.00613011911248708,8.40817723381909,0.394646741669962,0.00301964461271888,-4.82107215394833,1.42788694357243e-06,2.65314299216414e-05,-0.133208211747017,1,"14",23016543,23035230,"protein_coding","proteasome 20S subunit beta 5"
"934","CDO1",-0.376355186588096,0.0180368268475395,18.3565868162959,0.0187063481153495,0.0778382917158207,-2.80232071670074,0.00507364075945183,0.0240816093615165,-0.196273091737783,1,"5",115804733,115816659,"protein_coding","cysteine dioxygenase type 1"
"935","CCDC6",-0.375778053189429,0.0174417581050737,17.719703752284,0.0234289329217743,0.0729509519454772,-2.84535384576246,0.00443621124639204,0.0216569002880644,-0.204092409722999,1,"10",59788747,59906556,"protein_coding","coiled-coil domain containing 6"
"936","EIF1AX",-0.37569512309774,0.0146044074929904,15.0262681180865,0.0586367007978816,0.0525849794618144,-3.1088057494282,0.00187845174868917,0.0107274575334527,-0.143018202920688,1,"X",20124525,20141838,"protein_coding","eukaryotic translation initiation factor 1A X-linked"
"937","UBQLN1",-0.375554813034732,0.0211493624447911,21.476323145348,0.00598417729531822,0.101530854001874,-2.58240701157691,0.00981137984317737,0.0402383375711262,-0.143219586557088,1,"9",83659968,83707958,"protein_coding","ubiquilin 1"
"938","RPA2",-0.374446594143197,0.0148709849666652,15.2176089968346,0.0550497677014819,0.0540445607001401,-3.0705771760089,0.00213645464123147,0.0119407770536033,-0.132898233574551,1,"1",27891524,27914746,"protein_coding","replication protein A2"
"939","MAP2K5",-0.374290630527381,0.00705302981751258,8.94495389221439,0.346960865996084,0.00700792802290994,-4.45677896604203,8.32003100859069e-06,0.000119986892060484,-0.112997917914328,1,"15",67542703,67807117,"protein_coding","mitogen-activated protein kinase kinase 5"
"940","FAAH",-0.374144765065408,0.0169107029619422,17.1098850512231,0.0289849791773433,0.0685315052562416,-2.87712574034532,0.00401315646723921,0.0199624190866984,-0.144227494387378,1,"1",46394317,46413848,"protein_coding","fatty acid amide hydrolase"
"941","HCCS",-0.373716430208451,0.0157486700618474,16.1014976633108,0.0409501944756093,0.0604963236640876,-2.97796952772157,0.00290164831500905,0.0153182274786759,-0.162066566112817,1,"X",11111301,11123086,"protein_coding","holocytochrome c synthase"
"942","ERH",-0.372602097863493,0.018009092937529,18.3060549029619,0.0190454145924216,0.077275230300575,-2.77651085760146,0.00549457998279412,0.0255935186371954,-0.0965960495892107,1,"14",69380128,69398299,"protein_coding","ERH mRNA splicing and mitosis factor"
"943","GFPT1",-0.372531744141214,0.00533428025202732,7.32113919300413,0.502413463958657,0,-5.10064820837448,3.38492200491203e-07,7.80921417839116e-06,-0.289657484255434,1,"2",69319780,69387250,"protein_coding","glutamine--fructose-6-phosphate transaminase 1"
"944","HRAS",-0.372152538759719,0.0137346371953819,14.1791037842973,0.0772149403715464,0.0461617059545711,-3.1755019961416,0.00149577492498043,0.008970075314638,-0.0877446923043429,1,"11",532242,537321,"protein_coding","HRas proto-oncogene, GTPase"
"945","AKR1A1",-0.372035171881185,0.0107895777915823,11.6427870780066,0.167867502397305,0.0271239878612393,-3.58163870292537,0.000341445778948124,0.00269571918325318,-0.10492957087766,1,"1",45550543,45570049,"protein_coding","aldo-keto reductase family 1 member A1"
"946","DKK3",-0.371777611911545,0.0167647960901625,17.1600373357143,0.0284851016003731,0.0684028043297215,-2.87133652655856,0.0040874013054526,0.0202723971750784,-0.11090751145971,1,"11",11956207,12009769,"protein_coding","dickkopf WNT signaling pathway inhibitor 3"
"947","CASQ1",-0.371729899973761,0.0122599242151298,12.9038167553139,0.115202100733914,0.036633843081482,-3.35724937802147,0.000787220752799689,0.00533172652792839,-0.254575063998241,1,"1",160190575,160201886,"protein_coding","calsequestrin 1"
"948","SUOX",-0.370902925635135,0.0173986128319886,17.7209332732756,0.0234188180352447,0.0725648094908677,-2.81191991141159,0.0049246763637425,0.0235367031385241,-0.1480764317813,1,"12",55997180,56006641,"protein_coding","sulfite oxidase"
"949","CAMK2G",-0.370858459086138,0.00804283697130271,9.58826810822387,0.295120704642612,0.0117822410222908,-4.13526700933332,3.5454216350761e-05,0.000411769629808633,-0.176006453853051,1,"10",73812501,73874591,"protein_coding","calcium/calmodulin dependent protein kinase II gamma"
"950","KIF3C",-0.370714908031302,0.0189398217284665,19.1027823008669,0.0143195267146356,0.0834504660458384,-2.69371787248318,0.00706599473290348,0.0312406180586036,-0.237093127047976,1,"2",25926598,25982749,"protein_coding","kinesin family member 3C"
"951","INHA",-0.37051218451565,0.018608739554243,18.8720954618248,0.0155588522539843,0.081824157813977,-2.71608911954174,0.00660581336168731,0.0295805375073765,-0.2007597777968,1,"2",219569162,219575711,"protein_coding","inhibin subunit alpha"
"952","CTH",-0.370310876363531,0.0186825674236913,18.9367201609034,0.0152017564852397,0.0823909786738602,-2.70924442726623,0.00674366380157609,0.0300710549752631,-0.178795585020369,1,"1",70411218,70439851,"protein_coding","cystathionine gamma-lyase"
"953","PEX16",-0.370280932355329,0.0189607875875652,19.2555792259869,0.0135509737940004,0.0849290642954003,-2.68907652921013,0.00716499909462831,0.0315524826255587,-0.111041874703578,1,"11",45909663,45918812,"protein_coding","peroxisomal biogenesis factor 16"
"954","EIF1B",-0.369509148431294,0.0155535394106843,15.9397671099437,0.0432503883569934,0.0595116547118893,-2.96285623033486,0.00304798895026193,0.0159226193256203,-0.188634160278058,1,"3",40309707,40312424,"protein_coding","eukaryotic translation initiation factor 1B"
"955","NAALAD2",-0.368630949698825,0.0100053649503766,11.0035236065042,0.201499626215933,0.0223807881109278,-3.68532105131642,0.000228414525036413,0.00194418253230594,-0.225993635829363,1,"11",90131515,90192894,"protein_coding","N-acetylated alpha-linked acidic dipeptidase 2"
"956","CACNA1F",-0.368576763944974,0.0189394277354953,19.1832782354825,0.0139096139677432,0.0844656821301399,-2.67820937814519,0.00740169335488283,0.0323455250860329,-0.187841085768274,1,"X",49205063,49233371,"protein_coding","calcium voltage-gated channel subunit alpha1 F"
"957","PLRG1",-0.368518475070852,0.014310336583886,14.7483939126516,0.064226423174017,0.0503853274366795,-3.08059311936958,0.00206588744144653,0.0116157186909564,-0.125821559402828,1,"4",154535005,154550400,"protein_coding","pleiotropic regulator 1"
"958","B3GALT2",-0.367662274922797,0.00952841173786224,10.6443995341759,0.222673226448392,0.0196773319630652,-3.7665072902284,0.000165547252149345,0.00149199505026093,-0.294444345822466,1,"1",193178730,193186613,"protein_coding","beta-1,3-galactosyltransferase 2"
"959","OSTF1",-0.367396308700912,0.00545125342032791,8.05748375114493,0.427875181066362,0.000426734806378478,-4.9760713907389,6.48877240161383e-07,1.36034765488768e-05,-0.180493371915489,1,"9",75088514,75147265,"protein_coding","osteoclast stimulating factor 1"
"960","KHDRBS3",-0.367247066649148,0.017156089319914,17.4098084734836,0.0261136787896939,0.0706477790557757,-2.80381391178675,0.00505020437850257,0.0239882355545306,-0.184905609626473,1,"8",135457456,135656722,"protein_coding","KH RNA binding domain containing, signal transduction associated 3"
"961","PSMB6",-0.36681025658102,0.0126223893521338,13.2214370665024,0.104454376765589,0.0388915175432451,-3.26490601898992,0.00109500401770113,0.00696564731330901,-0.0988816389345002,1,"17",4796144,4798502,"protein_coding","proteasome 20S subunit beta 6"
"962","TWIST1",-0.366641566153673,0.0130842963475577,13.673484083005,0.0906830319986591,0.0423612229700823,-3.20528398343217,0.00134929283862117,0.00824485194989684,-0.175434142209624,1,"7",19020991,19117636,"protein_coding","twist family bHLH transcription factor 1"
"963","ZBTB18",-0.366384823182143,0.0114678125523031,12.2162273128859,0.14181396433016,0.0313847246090841,-3.42134746708564,0.000623116669644652,0.00441253146090309,-0.183767307760702,1,"1",244048547,244057476,"protein_coding","zinc finger and BTB domain containing 18"
"964","LRRTM2",-0.365519169099257,0.0129532729376818,13.5391483537481,0.0945967378224989,0.0413203182835682,-3.21159223716856,0.00132001588397634,0.00810676100462755,-0.20187726060871,1,"5",138868921,138875368,"protein_coding","leucine rich repeat transmembrane neuronal 2"
"965","YARS1",-0.364986276811592,0.0151842841338109,15.5445100135219,0.0493834040032495,0.0564652665881236,-2.96196126487766,0.00305686237863667,0.0159550560906239,-0.14373589865839,1,"1",32775237,32818031,"protein_coding","tyrosyl-tRNA synthetase 1"
"966","ERCC3",-0.364230470084393,0.0196085308799956,19.9454788598617,0.0105443018794893,0.0896650720629957,-2.60108021771424,0.00929307209548891,0.0385713126068532,-0.0936220565571252,1,"2",127257290,127294166,"protein_coding","ERCC excision repair 3, TFIIH core complex helicase subunit"
"967","TFCP2",-0.363517246095736,0.0111681159251865,11.9502519646674,0.153437358609354,0.0294259751535142,-3.43981481768735,0.000582112334370111,0.00416965151449768,-0.107743844236747,1,"12",51093656,51173135,"protein_coding","transcription factor CP2"
"968","CSE1L",-0.362670061010945,0.00963687359512438,10.744285214998,0.216613524372968,0.0204120640171671,-3.69439752075876,0.000220408761359758,0.00188806470206462,-0.110443884845296,1,"20",49046246,49096960,"protein_coding","chromosome segregation 1 like"
"969","TBL2",-0.362652132912942,0.015162352077816,15.59703203909,0.0485246777945746,0.0567823522144436,-2.94514680438699,0.0032280146181205,0.0166846765387155,-0.0995975305918761,1,"7",73567537,73578791,"protein_coding","transducin beta like 2"
"970","ETV5",-0.361327331894547,0.0170930838614378,17.4169882713694,0.0260483325996421,0.0706014177538412,-2.76369811603054,0.00571503865528489,0.0263937464563728,-0.191456732426783,1,"3",186046314,186110318,"protein_coding","ETS variant transcription factor 5"
"971","OGA",-0.361251313164987,0.0186669904794994,18.9691727750139,0.0150253840573778,0.0824459678477745,-2.64406593816861,0.00819166966313789,0.0349623697844256,-0.100296007864098,1,"10",101784443,101818465,"protein_coding","O-GlcNAcase"
"972","CCNO",-0.360996349190027,0.0181607531204326,18.5483812931256,0.0174707043123508,0.0795223983163698,-2.67877281256428,0.00738925104937427,0.0323056383127591,-0.19638350271615,1,"5",55231152,55233608,"protein_coding","cyclin O"
"973","GTPBP8",-0.360489492580827,0.0208204711815823,21.2032085798434,0.00662677142723764,0.099129900678954,-2.49831579525368,0.0124784975915226,0.0483016002278601,-0.0812788656038935,1,"3",112990984,113015060,"protein_coding","GTP binding protein 8"
"974","SLC22A18",-0.360186272578499,0.0187362350212164,19.0380230087944,0.0146576175619042,0.0831328672142419,-2.63139469172763,0.00850352160876078,0.0360100126864017,-0.176357113175368,1,"11",2899721,2925246,"protein_coding","solute carrier family 22 member 18"
"975","IFT27",-0.359725705790855,0.0195486630830701,19.9459923794824,0.0105423218369289,0.0898079969905919,-2.57284096801168,0.0100867544644054,0.0410434106716462,-0.0900382323602915,1,"22",36758202,36776256,"protein_coding","intraflagellar transport 27"
"976","UBXN8",-0.359432265180135,0.0151287984999682,15.5771313847955,0.0488484200289262,0.0565265760521267,-2.92223299842408,0.0034753145040276,0.0176952731517126,-0.177167034766985,1,"8",30729131,30767006,"protein_coding","UBX domain protein 8"
"977","IMPA1",-0.359169048506333,0.0120472753615799,12.7488194561675,0.12078914593313,0.0354088727974793,-3.27231034749061,0.00106672412402897,0.00682580273440527,-0.176910912839566,1,"8",81656914,81686331,"protein_coding","inositol monophosphatase 1"
"978","DUSP11",-0.358528488551442,0.0179790127052756,18.2002277511347,0.0197744362864659,0.0767104433764614,-2.67387284436658,0.0074980875612547,0.0326805857751865,-0.0812401589375057,1,"2",73761782,73780173,"protein_coding","dual specificity phosphatase 11"
"979","DBNL",-0.358397170623896,0.0161723450580284,16.5332765889069,0.0353530624194412,0.0638083460171223,-2.81824063783892,0.0048287605257149,0.0231947252354939,-0.128503962358855,1,"7",44044640,44069456,"protein_coding","drebrin like"
"980","ANAPC10",-0.357916570786696,0.0161916251713069,16.5184941337064,0.035532296046256,0.0639695675226048,-2.81278530830889,0.00491144310179825,0.0234866664779859,-0.140526936584012,1,"4",144831908,145098541,"protein_coding","anaphase promoting complex subunit 10"
"981","TACC2",-0.357765083068794,0.0149600695040256,15.3328203433362,0.052988025706692,0.0548679691237351,-2.92503553612484,0.00344416890162469,0.0175796710746723,-0.141462984716029,1,"10",121989163,122254545,"protein_coding","transforming acidic coiled-coil containing protein 2"
"982","PRKRA",-0.356201676565851,0.0141000269630687,14.5709405621293,0.0680451691137282,0.0490212991929202,-2.99975639389319,0.0027019561031163,0.0144676532842575,-0.116506880608181,1,"2",178431292,178451512,"protein_coding","protein activator of interferon induced protein kinase EIF2AK2"
"983","MYH7",-0.355464858913746,0.0159540452318643,16.3845799676296,0.0371949351582463,0.0626623465262823,-2.81424085524848,0.00488925805843032,0.023408332502453,-0.207655480999811,1,"14",23412740,23435660,"protein_coding","myosin heavy chain 7"
"984","GGH",-0.3549745900504,0.00617301537229123,8.4380768399424,0.391887719813829,0.00323853986857364,-4.51802455641959,6.24192465825679e-06,9.45486543748903e-05,-0.247192732629757,1,"8",63014881,63039407,"protein_coding","gamma-glutamyl hydrolase"
"985","API5",-0.354482338096718,0.0053248536694461,7.50026948911925,0.483739530371585,0,-4.85781266454382,1.18689623662682e-06,2.26815235536023e-05,-0.128866624077282,1,"11",43311963,43344529,"protein_coding","apoptosis inhibitor 5"
"986","RFC3",-0.354468172082044,0.0142405936064292,14.6991330858781,0.0652665004031008,0.0499808805186882,-2.97038811999386,0.00297423719749812,0.0156141327997981,-0.173921521625172,1,"13",33818069,33966558,"protein_coding","replication factor C subunit 3"
"987","MIF",-0.354336317226966,0.0116639231486215,12.4287205591246,0.133075924230565,0.0329173322820999,-3.28090263474495,0.00103475457691582,0.00665464137974646,-0.121056577025573,1,"HSCHR22_1_CTG7",130366,131589,"protein_coding","macrophage migration inhibitory factor"
"988","EIF2S1",-0.354073298178151,0.0176267036726971,17.9031459632345,0.0219644529030557,0.0743720159997736,-2.66690548547812,0.00765531971642419,0.0331843335369498,-0.174806099529566,1,"14",67360328,67386516,"protein_coding","eukaryotic translation initiation factor 2 subunit alpha"
"989","PIK3CB",-0.35267430173024,0.00532563552681079,7.78829421542464,0.454418840691461,0,-4.83268061964309,1.34706801424578e-06,2.52505918287997e-05,-0.286656642891292,1,"3",138652336,138834928,"protein_coding","phosphatidylinositol-4,5-bisphosphate 3-kinase catalytic subunit beta"
"990","SNX8",-0.352374530877963,0.00695740700586854,8.88640288999926,0.351969400108193,0.00657742176744042,-4.22455341434923,2.39415064373638e-05,0.000293998469945913,-0.251455294252154,1,"7",2251770,2354318,"protein_coding","sorting nexin 8"
"991","BBS1",-0.352256904480868,0.00531669603410053,5.72278987146376,0.678251320757468,0,-4.83101736507624,1.35837155146312e-06,2.5406431373037e-05,-0.134626159139475,1,"11",66510606,66533613,"protein_coding","Bardet-Biedl syndrome 1"
"992","INPP4B",-0.351021454445826,0.0124082934101426,13.0100674422813,0.111503691945821,0.0373344728779807,-3.15121209113377,0.00162594375063185,0.00955734010487845,-0.122352192522651,1,"4",142023160,142847432,"protein_coding","inositol polyphosphate-4-phosphatase type II B"
"993","GET3",-0.349914847241923,0.00964421277191923,10.7531672968349,0.21608109951043,0.0204295178559177,-3.56310793853378,0.000366489895319733,0.00284845332359328,-0.117922756162692,1,"19",12737139,12748323,"protein_coding","guided entry of tail-anchored proteins factor 3, ATPase"
"994","NUFIP1",-0.348960034959389,0.0157958899598586,16.2533919709591,0.03889359812031,0.0614535172174388,-2.77653812968386,0.0054941190356641,0.0255935186371954,-0.163214912329036,1,"13",44939249,44989471,"protein_coding","nuclear FMR1 interacting protein 1"
"995","NPY1R",-0.348525006108389,0.0153696065963618,15.7422346241232,0.0462216794185659,0.0578092421542068,-2.81127006269147,0.00493463475144029,0.023549305704577,-0.282614988396355,1,"4",163323962,163344832,"protein_coding","neuropeptide Y receptor Y1"
"996","MED7",-0.348235621541084,0.0140240897912101,14.4887063360421,0.0698836542333519,0.0485036140347676,-2.94059931561951,0.0032757796950702,0.0168910703411053,-0.120395998268804,1,"5",157137424,157159019,"protein_coding","mediator complex subunit 7"
"997","FASTKD2",-0.347908053951788,0.0123674326253007,13.0045198900547,0.111694191121816,0.0371643023022135,-3.12841749610762,0.00175750344194814,0.010150438433526,-0.135588973282293,1,"2",206765357,206796189,"protein_coding","FAST kinase domains 2"
"998","NDUFB4",-0.347702311337286,0.00530829442114462,3.61969029452453,0.889704601603839,0,-4.77232570768371,1.82110684265879e-06,3.25336207007012e-05,-0.108421347242674,1,"3",120596328,120602507,"protein_coding","NADH:ubiquinone oxidoreductase subunit B4"
"999","ZNF10",-0.347084557237356,0.00578381565301634,8.22805457142212,0.411516235434265,0.00169346985143749,-4.56381540516876,5.02322502904384e-06,7.78462466051153e-05,-0.163402669696889,1,"12",133130575,133159465,"protein_coding","zinc finger protein 10"
"1000","CYB561D2",-0.344415934057577,0.00532104369288979,7.49827077643449,0.483946111339119,0,-4.72155249824972,2.34051199909935e-06,4.06448722023431e-05,-0.214194724844253,1,"3",50350845,50358460,"protein_coding","cytochrome b561 family member D2"
"1001","RTL8A",-0.344100931291169,0.0105319806863485,11.4674512978114,0.176592794941541,0.0257352648170384,-3.35297890422008,0.000799467998265913,0.00539603857023905,-0.106458708393939,1,"X",135050932,135052196,"protein_coding","retrotransposon Gag like 8A"
"1002","CNOT7",-0.340584366999683,0.013452724574202,13.9918078239924,0.0819791923002305,0.0446223291164022,-2.93642954021881,0.00332014235440181,0.0170714782252451,-0.106900822383299,1,"8",17224966,17246878,"protein_coding","CCR4-NOT transcription complex subunit 7"
"1003","C1D",-0.340425017545872,0.00532004885664224,7.45820030629926,0.48809633149235,0,-4.66727787514039,3.05216426976784e-06,5.12237154240893e-05,-0.137370416974541,1,"2",68041130,68110948,"protein_coding","C1D nuclear receptor corepressor"
"1004","ZNF23",-0.340288878314118,0.00531900633373518,6.76222035659201,0.562491222687733,0,-4.66586857281487,3.07316091907595e-06,5.15082783103242e-05,-0.13120433968562,1,"16",71447597,71463095,"protein_coding","zinc finger protein 23"
"1005","RANBP9",-0.340259567216594,0.0107978682341857,11.698912551256,0.165151654168266,0.0274963314526926,-3.27447239511429,0.00105859481418236,0.00678229645588108,-0.158352121954033,1,"6",13621498,13711835,"protein_coding","RAN binding protein 9"
"1006","FOXG1",-0.339898639113242,0.0171913140377421,17.5757342236394,0.0246421788271529,0.0717203224128906,-2.59235747621655,0.00953206678407303,0.0393396436014852,-0.254789191454328,1,"14",28764329,28770277,"protein_coding","forkhead box G1"
"1007","ERAL1",-0.339765970475656,0.0154714165887209,15.9093634740289,0.0436959246196231,0.0587513828839024,-2.73158575654217,0.00630303350532091,0.0285253387450996,-0.0951710191610698,1,"17",28855010,28861061,"protein_coding","Era like 12S mitochondrial rRNA chaperone 1"
"1008","CLUL1",-0.33838183943855,0.00961328486582296,10.7323406157852,0.217331175797176,0.0202931700221009,-3.45120805223465,0.000558083178545443,0.00404067437394461,-0.209030319019676,1,"18",596988,650334,"protein_coding","clusterin like 1"
"1009","PDCD2",-0.337115633202147,0.0125840992701213,13.279332347049,0.102593248025941,0.039129309085028,-3.00516155941564,0.00265439816087976,0.0142460152242753,-0.0677284180217863,1,"6",170575295,170584692,"protein_coding","programmed cell death 2"
"1010","EXOSC7",-0.336580502524492,0.0108513328765892,11.7427109202487,0.163057931500917,0.0278164181915466,-3.23107777070748,0.00123324379780154,0.00767368419266651,-0.10832636619001,1,"3",44975241,45036066,"protein_coding","exosome component 7"
"1011","PPWD1",-0.33638201964567,0.0132429452792724,13.81385864779,0.0867480043046611,0.0433564060824033,-2.92307851949157,0.00346589103187323,0.0176771789664369,-0.0985890900805727,1,"5",65563236,65587549,"protein_coding","peptidylprolyl isomerase domain and WD repeat containing 1"
"1012","SNRPB2",-0.336312005816244,0.0115917156598643,12.3560224666775,0.13601188512767,0.0324307223934428,-3.1236942019266,0.00178595963932771,0.0102798530335022,-0.104988661610248,1,"20",16729961,16742564,"protein_coding","small nuclear ribonucleoprotein polypeptide B2"
"1013","CAPZA2",-0.336224194820465,0.0122608671722646,12.9560038276687,0.113372372685981,0.0367582295032208,-3.03646562147798,0.00239369403544565,0.0131146447551291,-0.161483061469053,1,"7",116811070,116922049,"protein_coding","capping actin protein of muscle Z-line subunit alpha 2"
"1014","DMAC2L",-0.336156963692983,0.00769170447086912,9.36018994926339,0.312827566028331,0.0100782279282342,-3.83292937956959,0.000126626313691203,0.00119471530470163,-0.163872842385874,1,"14",50312324,50335558,"protein_coding","distal membrane arm assembly component 2 like"
"1015","TDG",-0.33597119464312,0.00815705613616051,9.67898971973025,0.288283260261208,0.0124391255876196,-3.71993471514969,0.000199274281225126,0.00173873835059605,-0.121292747160418,1,"12",103965822,103988874,"protein_coding","thymine DNA glycosylase"
"1016","TBP",-0.335633487118479,0.0148985963036341,15.3048752660389,0.0534815039132931,0.0545984775952123,-2.74974618925941,0.0059641441690681,0.027296934883672,-0.0913718349340728,1,"6",170554302,170572870,"protein_coding","TATA-box binding protein"
"1017","CTNNAL1",-0.335355456849234,0.00587212750322986,8.27862546649732,0.40673734107567,0.00205910955639646,-4.37630557573519,1.2070776136186e-05,0.000164117491221221,-0.198839940233204,1,"9",108942569,109013522,"protein_coding","catenin alpha like 1"
"1018","EPCAM",-0.334404448496942,0.0114905487332989,12.2826207826451,0.139032483310429,0.0318413420445958,-3.11961975332131,0.00181084635759299,0.0104066515315866,-0.253290108715849,1,"2",47345158,47387601,"protein_coding","epithelial cell adhesion molecule"
"1019","GET1",-0.333984623376763,0.0137656759336696,14.2928385895806,0.0744448259269357,0.0469571599525155,-2.84660823710843,0.00441877047202377,0.021596571250633,-0.168674285164576,1,"21",39377698,39428528,"protein_coding","guided entry of tail-anchored proteins factor 1"
"1020","ALDH1A3",-0.333816595617013,0.00794447653188759,9.53367190195933,0.299291884752469,0.011368975215547,-3.74520229205516,0.0001802484779867,0.0016010712366951,-0.208798457516077,1,"15",100861924,100916626,"protein_coding","aldehyde dehydrogenase 1 family member A3"
"1021","ZDHHC17",-0.333278513247282,0.0100546922057639,11.0905763191346,0.19661965348967,0.0229516707824575,-3.3237084787046,0.000888289997910796,0.00588186413421816,-0.150226135295324,1,"12",76764103,76853696,"protein_coding","zinc finger DHHC-type palmitoyltransferase 17"
"1022","PSMC2",-0.332780672525484,0.012659060754705,13.2923684359435,0.102178238012137,0.0393286713424854,-2.95772200883757,0.00309921482867237,0.0161472069542908,-0.108277138437697,1,"7",103328570,103370346,"protein_coding","proteasome 26S subunit, ATPase 2"
"1023","TRHDE",-0.332715319024617,0.00623384216424388,8.47429642948242,0.388561446908193,0.00350925947678113,-4.21400354147137,2.50883348364983e-05,0.000306164155091839,-0.345806423116629,1,"12",72087266,72670758,"protein_coding","thyrotropin releasing hormone degrading enzyme"
"1024","ERO1A",-0.332526803965711,0.0152707675836867,15.6912570235695,0.0470184842815524,0.0574616462411219,-2.69089173340459,0.00712613171089949,0.031446507825162,-0.123725768751384,1,"14",52639915,52695900,"protein_coding","endoplasmic reticulum oxidoreductase 1 alpha"
"1025","CCNT2",-0.330861997241543,0.0108229745379544,11.6964795557182,0.165268617211076,0.0274567387152625,-3.18034012564773,0.00147102283704292,0.00885168113581419,-0.143073539345654,1,"2",134918235,134959342,"protein_coding","cyclin T2"
"1026","TMEM208",-0.330726412500913,0.0110971035652048,11.9327880565591,0.154228002899795,0.0292165961377655,-3.13952582908986,0.00169221495978822,0.00985373137731408,-0.0981549933422533,1,"16",67227103,67229278,"protein_coding","transmembrane protein 208"
"1027","USO1",-0.330325366643248,0.00531681000378173,7.50258682847802,0.48350006879585,0,-4.53018935424973,5.89308453347037e-06,9.01328997950952e-05,-0.137856270759751,1,"4",75724577,75814286,"protein_coding","USO1 vesicle transport factor"
"1028","ERCC2",-0.329019561906984,0.0122156333488691,12.8611031489865,0.116718810678864,0.0361205319575566,-2.97689643026978,0.00291182358242681,0.0153569682061911,-0.0960318792134688,1,"19",45349837,45370918,"protein_coding","ERCC excision repair 2, TFIIH core complex helicase subunit"
"1029","ZBTB24",-0.328620762625948,0.0172687480291712,17.587826679546,0.0245380437645308,0.0718768477786294,-2.50071715175881,0.0123942122744893,0.0480702348263436,-0.121909626855422,1,"6",109460632,109483239,"protein_coding","zinc finger and BTB domain containing 24"
"1030","ACTR3",-0.327777679897989,0.0158364295417335,16.3346630565409,0.0378329834726648,0.0620149051854205,-2.60465819967958,0.00919659536035167,0.038252374860735,-0.148411178777297,1,"2",113890063,113962596,"protein_coding","actin related protein 3"
"1031","ORC4",-0.327094567298233,0.011491001095513,12.2586996066136,0.140029208757978,0.0316222418051701,-3.05136666889939,0.00227802197163274,0.0125945812454638,-0.137886635145651,1,"2",147930396,148021604,"protein_coding","origin recognition complex subunit 4"
"1032","BAIAP3",-0.326863509400005,0.0124596586031454,13.1566886234013,0.106570961351434,0.0382957040384973,-2.92828516871776,0.00340837280740236,0.0174337174917954,-0.297128067038093,1,"16",1333638,1349439,"protein_coding","BAI1 associated protein 3"
"1033","KCNMB2",-0.326352650704248,0.0156450544084078,16.0870253090336,0.0411513152643653,0.0599576265734371,-2.60914734554729,0.00907681494266921,0.0378969812867467,-0.106120696079414,1,"3",178272932,178844429,"protein_coding","potassium calcium-activated channel subfamily M regulatory beta subunit 2"
"1034","ME2",-0.326257450467696,0.0144103285160931,14.8720357712823,0.0616819272116323,0.0512117828460572,-2.71783756649228,0.00657100882396233,0.0294904963447653,-0.141875524777384,1,"18",50879080,50954257,"protein_coding","malic enzyme 2"
"1035","F8",-0.325451079613617,0.0164608279307267,16.8646506709306,0.0315497282036831,0.0663066623755369,-2.53664608890473,0.0111920035093922,0.0444005206139022,-0.0918278225063208,1,"X",154835788,155026940,"protein_coding","coagulation factor VIII"
"1036","RRP7A",-0.3245138729676,0.00666426900857359,8.72905202110583,0.365665908045855,0.00538495128726072,-3.97518191494053,7.03254800333841e-05,0.000729079895279,-0.146342402681517,1,"22",42507982,42519800,"protein_coding","ribosomal RNA processing 7 homolog A"
"1037","HDAC9",-0.324175024249158,0.0144732440313107,14.9790766201268,0.0595535809768879,0.0519533424360788,-2.69461429645162,0.00704701528144613,0.0311783340107439,-0.13078149094494,1,"7",18086949,19002416,"protein_coding","histone deacetylase 9"
"1038","HSD17B8",-0.324082917520901,0.00530434559465381,5.06578680761019,0.75052216803439,0,-4.44979735870733,8.59513492112995e-06,0.000123515092753307,-0.254278186008816,1,"HSCHR6_MHC_MANN_CTG1",4624115,4626308,"protein_coding","hydroxysteroid 17-beta dehydrogenase 8"
"1039","TP53BP1",-0.323626572653434,0.010174782182346,11.172859765488,0.192095789744497,0.0235580500178037,-3.20834906888846,0.00133499359139266,0.00817707631556299,-0.115944773742386,1,"15",43403061,43510728,"protein_coding","tumor protein p53 binding protein 1"
"1040","ARF4",-0.322860918312803,0.0159320767234782,16.3891841896936,0.0371365895976159,0.0625189949707836,-2.55787479891013,0.0105314001431114,0.0423799500944496,-0.117892695355486,1,"3",57571363,57598220,"protein_coding","ADP ribosylation factor 4"
"1041","CSTF2",-0.321841055175431,0.00530798965870237,6.30681760107773,0.612905676305391,0,-4.41749848654055,9.98497695192668e-06,0.000140246290598053,-0.0962824373973391,1,"X",100820391,100841520,"protein_coding","cleavage stimulation factor subunit 2"
"1042","ELAVL1",-0.320707823115427,0.00531279930377726,7.46119210415114,0.487785895562808,0,-4.3999510888219,1.0827528009294e-05,0.000149980253614105,-0.131969998795369,1,"19",7958573,8005659,"protein_coding","ELAV like RNA binding protein 1"
"1043","BCS1L",-0.320658035830159,0.0116580640079472,12.4239712782923,0.133266049666654,0.0327920368320458,-2.96981167529485,0.00297982363320526,0.0156346276165434,-0.0926932727124958,1,"2",218658764,218663443,"protein_coding","BCS1 homolog, ubiquinol-cytochrome c reductase complex chaperone"
"1044","GRM3",-0.319204019664689,0.016329449037494,16.78661700795,0.0324093260753333,0.0653839678797798,-2.49794335517428,0.0124916152481203,0.0483280147795645,-0.1392173814499,1,"7",86643909,86864879,"protein_coding","glutamate metabotropic receptor 3"
"1045","VAMP7",-0.318356453973659,0.0152419431672307,15.6779701612678,0.047228234475592,0.0571436833798687,-2.57865647376926,0.00991853677910037,0.0405538505388301,-0.140952369634309,1,"X",155881345,155943769,"protein_coding","vesicle associated membrane protein 7"
"1046","STK24",-0.318065779008763,0.00648735697630154,8.62177444814104,0.37519963743542,0.00459706366076114,-3.94896284292421,7.8490532837483e-05,0.000800383661450381,-0.0970779029306055,1,"13",98445185,98577940,"protein_coding","serine/threonine kinase 24"
"1047","DECR2",-0.317496389844641,0.0158897841389739,16.3560884811437,0.0375578835806272,0.0622363227711951,-2.51871943168453,0.0117782467871359,0.0461658741304514,-0.0964677432960827,1,"16",401858,412487,"protein_coding","2,4-dienoyl-CoA reductase 2"
"1048","WARS1",-0.316934758310819,0.00919037375366332,10.4440585142207,0.235230837317146,0.018077284071968,-3.30600331092149,0.000946369694223792,0.00619062108237756,-0.149140884795928,1,"14",100333790,100376805,"protein_coding","tryptophanyl-tRNA synthetase 1"
"1049","ZNF26",-0.316857609178649,0.00722425561250233,9.06572676912188,0.336781719898352,0.0078912952095633,-3.72792862666527,0.000193060032516179,0.00169506072764645,-0.0903776959480621,1,"12",132986365,133032952,"protein_coding","zinc finger protein 26"
"1050","RNGTT",-0.316395234756495,0.00530706706274916,7.02521514871832,0.533914602628793,0,-4.34312817122046,1.40468126430537e-05,0.000187190483381792,-0.114227775555877,1,"6",88609897,88963618,"protein_coding","RNA guanylyltransferase and 5'-phosphatase"
"1051","MTR",-0.316019889300959,0.0135270822539461,14.1406416000321,0.0781724988189669,0.0455112813536168,-2.71714209762826,0.00658483300800095,0.029518788359849,-0.115681073773179,1,"1",236795260,236921278,"protein_coding","5-methyltetrahydrofolate-homocysteine methyltransferase"
"1052","TBCE",-0.315360529519735,0.0112336011892896,12.0524174015875,0.148880426440313,0.0300751703915719,-2.97541696783841,0.0029259054656583,0.0154207376547502,-0.0716847942727765,1,"1",235367360,235452443,"protein_coding","tubulin folding cofactor E"
"1053","MKNK1",-0.314513966705747,0.0108696528297344,11.7425434580854,0.163065894234533,0.0277954980433008,-3.01669983431711,0.00255542718858637,0.0138166501206007,-0.0930959670229058,1,"1",46557407,46616843,"protein_coding","MAPK interacting serine/threonine kinase 1"
"1054","PSMB1",-0.312585915562686,0.00530123694608959,5.36330454606252,0.718133042502941,0,-4.29319680750582,1.76118760910615e-05,0.000225958508902582,-0.0858120156162081,1,"6",170535120,170553307,"protein_coding","proteasome 20S subunit beta 1"
"1055","ZNF510",-0.311111402274141,0.0138478236415786,14.3842681113881,0.0722832797992001,0.0475838748498415,-2.6437791082639,0.00819861405833033,0.0349861513540367,-0.134563858946652,1,"9",96754553,96778129,"protein_coding","zinc finger protein 510"
"1056","MTOR",-0.310241799978172,0.0136351449906659,14.1647188399073,0.0775718276329755,0.045708579593972,-2.65687077229972,0.00788696694631907,0.0339804712459882,-0.0840464851009893,1,"1",11106535,11262556,"protein_coding","mechanistic target of rapamycin kinase"
"1057","MKRN2",-0.309314892552857,0.0128953385733498,13.6333425210537,0.0918371428867492,0.0415583970670553,-2.72385795361383,0.00645242514147615,0.0290826863740544,-0.0924352533633218,1,"3",12557057,12586208,"protein_coding","makorin ring finger protein 2"
"1058","EIF4E",-0.308078099499289,0.00530876976691567,7.73863619985007,0.459408469802587,0,-4.22828138312253,2.35483174120255e-05,0.000290008336127906,-0.166361129228026,1,"4",98879276,98929133,"protein_coding","eukaryotic translation initiation factor 4E"
"1059","ALG6",-0.308060822717112,0.014317707916595,14.7539875438948,0.0641092782408419,0.0503803352092409,-2.57454046198724,0.0100373345632618,0.0408887456090179,-0.143077885691271,1,"1",63367575,63438553,"protein_coding","ALG6 alpha-1,3-glucosyltransferase"
"1060","EIF2AK1",-0.306047890868149,0.00948309486204232,10.6902719817675,0.219873814157265,0.0198505131567596,-3.14278262471933,0.00167350068327199,0.00977826104025964,-0.120196885025757,1,"7",6022247,6059175,"protein_coding","eukaryotic translation initiation factor 2 alpha kinase 1"
"1061","FAM50B",-0.30481404916898,0.014768841958928,15.2448735114339,0.054555330117857,0.0538678364172225,-2.50819766151686,0.0121348764847666,0.0473018969764764,-0.112279172293686,1,"6",3849373,3851320,"protein_coding","family with sequence similarity 50 member B"
"1062","CCNDBP1",-0.30416940036696,0.0111723722218765,12.019834313843,0.150321116150523,0.0297397972015458,-2.87768215350709,0.00400608552941617,0.01993891807915,-0.122225290876562,1,"15",43185118,43197177,"protein_coding","cyclin D1 binding protein 1"
"1063","CLCN4",-0.303832307884646,0.0129034380633551,13.55320426157,0.0941803258123001,0.0411481339497284,-2.67473790128165,0.00747876932510239,0.0326242755655091,-0.125782914625217,1,"X",10156975,10237660,"protein_coding","chloride voltage-gated channel 4"
"1064","PEX3",-0.30113039385425,0.00530623639731924,7.87635507863601,0.445640526582078,0,-4.13391264367401,3.56639077903065e-05,0.000413639673020147,-0.297641425842229,1,"6",143450805,143490616,"protein_coding","peroxisomal biogenesis factor 3"
"1065","PHYH",-0.298070015121853,0.0130794389010324,13.7008003743723,0.0899050590052794,0.0423004902813022,-2.60629597233349,0.00915273344852729,0.0380885788121623,-0.0938344302693575,1,"10",13277796,13302412,"protein_coding","phytanoyl-CoA 2-hydroxylase"
"1066","ATP5ME",-0.297873956114477,0.0115562802541962,12.339791302271,0.136674932855068,0.0322135725169983,-2.77091689487525,0.00558986916122861,0.0259266483683583,-0.095730583894913,1,"4",672436,674330,"protein_coding","ATP synthase membrane subunit e"
"1067","GAS2",-0.297048026284999,0.0134949779422805,14.1119922214928,0.0788926788434242,0.0453383830466718,-2.55705801544423,0.0105561610385916,0.0424527864579295,-0.186570071688756,1,"11",22625509,22813001,"protein_coding","growth arrest specific 2"
"1068","NPAS1",-0.296795360564652,0.0123612236478977,13.0477139909198,0.110218434883062,0.0374144187962555,-2.66947818311196,0.00759692083166952,0.0329928965522574,-0.163783142039384,1,"19",47019837,47045775,"protein_coding","neuronal PAS domain protein 1"
"1069","RAD23A",-0.29616165388584,0.0136704814905185,14.2651474682019,0.0751108947058209,0.0463249660226978,-2.53301009773192,0.0113087695093952,0.0447384328216964,-0.0813015533381439,1,"19",12945855,12953642,"protein_coding","RAD23 homolog A, nucleotide excision repair protein"
"1070","ATG5",-0.295593517603404,0.00528869924854776,3.95158230553439,0.861465224164623,0,-4.06462487176867,4.81097765121508e-05,0.000529789430939205,-0.16139845912456,1,"6",106045423,106325791,"protein_coding","autophagy related 5"
"1071","RB1CC1",-0.295126945577013,0.0137734087672979,14.2542851199523,0.0753736353388499,0.0464551636790928,-2.51471136632597,0.0119129869180945,0.0466151612437426,-0.127908741623826,1,"8",52622458,52745843,"protein_coding","RB1 inducible coiled-coil 1"
"1072","ST3GAL2",-0.294272533985483,0.00763315880362407,9.34129610211966,0.314327594378946,0.00989308572106651,-3.36819774003337,0.000756613089946345,0.00516559654579598,-0.156498658073939,1,"16",70375977,70439237,"protein_coding","ST3 beta-galactoside alpha-2,3-sialyltransferase 2"
"1073","SEC24D",-0.291619128474058,0.00528976178789623,4.29595960320358,0.829482609342313,0,-4.00957138759427,6.0829061364398e-05,0.000645753405194505,-0.154457909042453,1,"4",118722823,118838683,"protein_coding","SEC24 homolog D, COPII coat complex component"
"1074","HAX1",-0.288455503921775,0.0134146003876326,13.9811480922367,0.0822581094224703,0.0442700841318963,-2.49051957800606,0.012755646794925,0.049194951917229,-0.0702348020785941,1,"1",154272355,154275875,"protein_coding","HCLS1 associated protein X-1"
"1075","NDUFB2",-0.285132412915609,0.0120737636257677,12.7843429692798,0.119488252236209,0.0354162092041828,-2.59492765618965,0.00946108306464355,0.0391215991494859,-0.0775800760622949,1,"7",140690777,140722790,"protein_coding","NADH:ubiquinone oxidoreductase subunit B2"
"1076","KRT5",-0.283955285184467,0.0117920713232937,12.5925123152094,0.126660363002251,0.0340096292921526,-2.61489893294983,0.00892538616518479,0.0374234982745158,-0.273682291119948,1,"12",52514575,52520530,"protein_coding","keratin 5"
"1077","IDI1",-0.283925615057544,0.0103759229108256,11.4172546765174,0.179158905889713,0.0251789888179707,-2.78734808554392,0.0053141363671414,0.0249490383807616,-0.108228284901299,1,"10",1039152,1049119,"protein_coding","isopentenyl-diphosphate delta isomerase 1"
"1078","SUMO1",-0.283412653337361,0.0129933026849578,13.6418929888957,0.0915902189460373,0.0418148523917891,-2.48633393870677,0.0129066790317149,0.0496723986345877,-0.170946523820084,1,"2",202206182,202238599,"protein_coding","small ubiquitin like modifier 1"
"1079","SEC23IP",-0.281129413207661,0.0109290869711668,11.8093188253213,0.159916529393026,0.0282198767504242,-2.68914577332928,0.0071635129467198,0.0315519781603055,-0.10961177397733,1,"10",119892707,119944657,"protein_coding","SEC23 interacting protein"
"1080","CCT6A",-0.280378712262855,0.00862109447568845,10.0255420630672,0.26323777285362,0.014965951177822,-3.01970024740406,0.00253024967697391,0.0137154273899842,-0.118804208499536,1,"7",56051685,56063989,"protein_coding","chaperonin containing TCP1 subunit 6A"
"1081","PAPSS1",-0.279670811215061,0.0116087676780494,12.3927786168811,0.134520583473603,0.0325189608523914,-2.59569752000412,0.00943991277622636,0.0390604928427753,-0.111309497515144,1,"4",107590276,107720234,"protein_coding","3'-phosphoadenosine 5'-phosphosulfate synthase 1"
"1082","TBK1",-0.279661109822637,0.00528247696809191,3.52506172451628,0.897235929559963,0,-3.84780691432801,0.000119179924028323,0.00113857254218842,-0.0855637955712774,1,"12",64452090,64502114,"protein_coding","TANK binding kinase 1"
"1083","PIGH",-0.279624596133317,0.00968043283671675,10.8281144157241,0.211629973147845,0.0209100571558857,-2.84202557503172,0.00448278953308368,0.0218257741724412,-0.110756679830825,1,"14",67581955,67600286,"protein_coding","phosphatidylinositol glycan anchor biosynthesis class H"
"1084","ANK3",-0.275223596457664,0.00970598081826904,10.8318184786753,0.211411905553953,0.0209377787394209,-2.79361112363063,0.00521231171965741,0.0245841744068874,-0.100044454846221,1,"10",60026298,60733490,"protein_coding","ankyrin 3"
"1085","GTF2E1",-0.271748245577168,0.009632592596903,10.7889371077191,0.213947484430181,0.020586387846705,-2.76882273723871,0.0056259234973155,0.0260624509752978,-0.128450362158428,1,"3",120742637,120783069,"protein_coding","general transcription factor IIE subunit 1"
"1086","PPP2R5C",-0.269302060693488,0.00528299222061398,5.27510323398716,0.727808665248775,0,-3.70509792726467,0.000211309078349986,0.00182359591549634,-0.215416873897909,1,"14",101761709,101927989,"protein_coding","protein phosphatase 2 regulatory subunit B'gamma"
"1087","CLINT1",-0.268201896270238,0.0101707469192548,11.2524121058827,0.187803239481883,0.023960956892793,-2.65941075164115,0.00782774658941809,0.0337709838896658,-0.106428696379541,1,"5",157785743,157859145,"protein_coding","clathrin interactor 1"
"1088","PLA2G7",-0.266529785828175,0.00528469677580102,6.17855484591302,0.627238737560879,0,-3.66636512821119,0.000246022580244976,0.00206514772413077,-0.183131511561695,1,"6",46704201,46735693,"protein_coding","phospholipase A2 group VII"
"1089","POLR2D",-0.266431114620326,0.00891885015443031,10.2443635725758,0.248292024200018,0.0165662356388923,-2.82117812650741,0.00478476266787209,0.0230190516497572,-0.0704864510120885,1,"2",127843553,127858155,"protein_coding","RNA polymerase II subunit D"
"1090","SLC11A2",-0.265857426047571,0.0109534240081701,11.8377309606548,0.158592101509762,0.0284250372968377,-2.54023470980452,0.0110778099389197,0.0440571932562996,-0.0765207963795195,1,"12",50979401,51028566,"protein_coding","solute carrier family 11 member 2"
"1091","ETFA",-0.263602297274071,0.00528539201080107,6.97291032480185,0.539558254654111,0,-3.62585630579669,0.000288005481120956,0.00234789195940167,-0.124315197469509,1,"15",76188555,76311730,"protein_coding","electron transfer flavoprotein subunit alpha"
"1092","SNRPF",-0.262916820703369,0.0106134976906166,11.5778750104649,0.171054923320504,0.0264208162632441,-2.55204957827107,0.0107091278648705,0.0429325045854922,-0.0775554093710771,1,"12",95858952,95903828,"protein_coding","small nuclear ribonucleoprotein polypeptide F"
"1093","SLC4A7",-0.262630487107689,0.00876344793198621,10.1318996609789,0.255890106175128,0.0157274310469956,-2.80548295114072,0.00502412391432827,0.0238825449989501,-0.121213434344623,1,"3",27372723,27484420,"protein_coding","solute carrier family 4 member 7"
"1094","RABGGTA",-0.262292955337146,0.00997195719001577,11.0808654736816,0.197159218739486,0.0227027376647664,-2.62661502225655,0.00862388406756587,0.0364410204764556,-0.117755293421035,1,"14",24265538,24271611,"protein_coding","Rab geranylgeranyltransferase subunit alpha"
"1095","PARN",-0.261155957371681,0.00527365136462256,3.41484638701097,0.905697003197298,0,-3.59620325162886,0.000322895544218493,0.00258205022232185,-0.0976049032421177,1,"16",14435700,14632728,"protein_coding","poly(A)-specific ribonuclease"
"1096","SGSH",-0.259624720312585,0.00529002975045304,7.47105273278953,0.486763378112826,0,-3.56957888892911,0.000357555533777587,0.00279178046633753,-0.136966195066702,1,"17",80206716,80220923,"protein_coding","N-sulfoglucosamine sulfohydrolase"
"1097","LGI1",-0.258458742065949,0.00527574259567737,3.62959885425841,0.88890208542629,0,-3.55835626035003,0.000373182922257298,0.00288639327582078,-0.125005124209008,1,"10",93757840,93806272,"protein_coding","leucine rich glioma inactivated 1"
"1098","EIF1AY",-0.257973794053883,0.00888933975032891,10.2411468516939,0.24850690939527,0.0165293832899228,-2.73615589650943,0.00621615692067934,0.0282072781023279,-0.343116755892496,1,"Y",20575776,20593154,"protein_coding","eukaryotic translation initiation factor 1A Y-linked"
"1099","UBB",-0.252302944951686,0.0052824597429859,6.57285945386046,0.583337854483712,0,-3.47139650387569,0.000517758873069818,0.00380162066565924,-0.0913103159120903,1,"17",16380798,16382745,"protein_coding","ubiquitin B"
"1100","PMS1",-0.251539176024045,0.00966086841562631,10.8542502540352,0.210095134890044,0.0209933083532428,-2.55916065670521,0.0104925238797851,0.042245625652472,-0.0882026968931253,1,"2",189784085,189877629,"protein_coding","PMS1 homolog 1, mismatch repair system component"
"1101","CGRRF1",-0.25116679147215,0.00895454676428688,10.2840235541701,0.245654388087019,0.0168341510533754,-2.65424136594092,0.00794869476832871,0.0342059547145516,-0.0940307422521626,1,"14",54509812,54539292,"protein_coding","cell growth regulator with ring finger domain 1"
"1102","IFI6",-0.250804400320034,0.00602377858932665,8.37672239190124,0.397562052136417,0.00277393752592773,-3.231473892809,0.00123153573569024,0.00766652685154941,-0.170784128891312,1,"1",27666064,27672212,"protein_coding","interferon alpha inducible protein 6"
"1103","GTF3C3",-0.247856049476238,0.0052804585238096,6.12108439914137,0.633670638966453,0,-3.41085851896626,0.000647586847603243,0.00454791501541308,-0.114135181880938,1,"2",196763035,196799725,"protein_coding","general transcription factor IIIC subunit 3"
"1104","HNRNPR",-0.242622096741465,0.00901181252173868,10.3394253197265,0.242006137861167,0.0172295462199504,-2.55578476777216,0.0105948629888464,0.0425681390346195,-0.0796867147903584,1,"1",23303771,23344336,"protein_coding","heterogeneous nuclear ribonucleoprotein R"
"1105","TADA2A",-0.24116962189985,0.0052820526648515,7.18000601729623,0.517341926162198,0,-3.3183427264438,0.000905533010840065,0.0059774088672568,-0.149467373135075,1,"HSCHR17_7_CTG4",1646030,1718900,"protein_coding","transcriptional adaptor 2A"
"1106","ALAS1",-0.240890560410264,0.005276874511655,7.02431950883755,0.534011063055503,0,-3.31612886378584,0.000912737311114409,0.00601561847782824,-0.125926197351556,1,"3",52198086,52214327,"protein_coding","5'-aminolevulinate synthase 1"
"1107","ANXA11",-0.238553315091376,0.00791116354340976,9.55708647810896,0.297497804423874,0.0114262769190733,-2.68204014980522,0.00731746769765951,0.0320467624147799,-0.0831812756326038,1,"10",80150889,80205572,"protein_coding","annexin A11"
"1108","COX7A1",-0.234304702790965,0.00527769814594832,6.95685457463205,0.541294837345779,0,-3.22521545174342,0.00125877898516924,0.00779831170569124,-0.137797269787151,1,"19",36150922,36152449,"protein_coding","cytochrome c oxidase subunit 7A1"
"1109","SEC22A",-0.225495213621633,0.00544220045571953,8.07828584908456,0.4258605486768,0.000576802764051214,-3.05668060110127,0.00223802612434043,0.0124219464375812,-0.0538464423778812,1,"3",123201927,123274136,"protein_coding","SEC22 homolog A, vesicle trafficking protein"
"1110","PIK3R4",-0.22286887356572,0.00710386358462568,9.01754198733486,0.340818296283479,0.00748122981750599,-2.64424755522098,0.00818727528262952,0.034950747841921,-0.111872022875308,1,"3",130678934,130746829,"protein_coding","phosphoinositide-3-kinase regulatory subunit 4"
"1111","ZNF7",-0.219266026741418,0.00652192596550345,8.66387779948204,0.371439130657868,0.00488390753243801,-2.71508490161982,0.00662587815774507,0.0296495544804976,-0.0774687644234014,1,"8",144827518,144847509,"protein_coding","zinc finger protein 7"
"1112","PRTN3",-0.215128621844429,0.00527324943054391,6.8266098455623,0.555450668230027,0,-2.96250463053778,0.00305147219623425,0.0159342852721425,-0.197995443150781,1,"HSCHR19_5_CTG2",19803,27018,"protein_coding","proteinase 3"
"1113","POLR2G",-0.212566899151116,0.00645826583829512,8.63061767270134,0.374407787845735,0.00462721899727364,-2.64507309748019,0.00816732715768875,0.0348957436773208,-0.0654393831010327,1,"11",62761565,62766710,"protein_coding","RNA polymerase II subunit G"
"1114","TOGARAM1",-0.211387054291832,0.0052591942983117,2.99503984216013,0.934668435999013,0,-2.91486723758687,0.00355839881396758,0.0180561825168144,-0.162395332522564,1,"14",44962190,45074431,"protein_coding","TOG array regulator of axonemal microtubules 1"
"1115","ID2",-0.209346086513425,0.00576267670604995,8.24742151514949,0.409682183930445,0.0018160765495867,-2.75773619220736,0.00582031485274448,0.0267850829724111,-0.125162167498423,1,"2",8678845,8684461,"protein_coding","inhibitor of DNA binding 2"
"1116","EHHADH",-0.204533290145923,0.00525581228917069,2.69789466082005,0.951863841156761,0,-2.82126630161059,0.00478344760312011,0.0230170686572935,-0.200456607393357,1,"3",185190624,185281990,"protein_coding","enoyl-CoA hydratase and 3-hydroxyacyl CoA dehydrogenase"
"1117","ABCB10",-0.203207189747759,0.0052609807570595,4.64058915289236,0.795208388739984,0,-2.80159731918655,0.00508503012998252,0.0241132204433862,-0.0779331683919333,1,"1",229516582,229558707,"protein_coding","ATP binding cassette subfamily B member 10"
"1118","GK",-0.20088794137871,0.00547188935139049,8.09891719950137,0.423867770235166,0.000722720670859788,-2.71572140213969,0.00661315419747943,0.0296082086330072,-0.13567480288101,1,"X",30653359,30731462,"protein_coding","glycerol kinase"
"1119","PKIG",-0.19988403244162,0.00527267765517717,7.81408478710937,0.45183857154372,0,-2.75272287272711,0.00591019024739947,0.0271181569432964,-0.0711259037628125,1,"20",44531785,44624247,"protein_coding","cAMP-dependent protein kinase inhibitor gamma"
"1120","PRKAA1",-0.196228648495158,0.00525621946275702,3.68633189220787,0.884257366911771,0,-2.70660991051818,0.00679740773260851,0.0302842214832906,-0.110607814948501,1,"5",40759389,40798374,"protein_coding","protein kinase AMP-activated catalytic subunit alpha 1"
"1121","NSD2",-0.190716374913013,0.00526629018883511,6.65426005351635,0.57435244244485,0,-2.62806189897763,0.00858728883421112,0.03630443685747,-0.0989889904322545,1,"4",1871393,1982207,"protein_coding","nuclear receptor binding SET domain protein 2"
"1122","RFX5",-0.188314423002864,0.00526202486222577,5.65093353489324,0.686266567840769,0,-2.59601463248638,0.00943120487472804,0.0390307964077016,-0.0492068432386353,1,"1",151340640,151347326,"protein_coding","regulatory factor X5"
"1123","ADNP2",-0.182927191305201,0.00526804161451567,7.70336472164909,0.462969522186963,0,-2.52030828861309,0.0117252090178408,0.0460145864365479,-0.109664308460372,1,"18",80109262,80147523,"protein_coding","ADNP homeobox 2"
"1124","GSTZ1",-0.181907457101677,0.00526126721289188,6.15589707317787,0.629773975545093,0,-2.50787174833984,0.0121460743219155,0.04733107194873,-0.177525958167182,1,"14",77320996,77331597,"protein_coding","glutathione S-transferase zeta 1"
