"","symbol","Com.ES","ES.var","Qval","Qpval","tau2","Zval","Pval","FDR","AveFC","propDataset","chr","start","end","biotype","description"
"1","FOXN3",0.983735935623504,0.0365658889074302,41.6707742955114,8.58057307031724e-06,0.269862698682872,5.14446798188991,2.68280001769483e-07,4.56426739476212e-06,0.302710652547893,1,"14",89124871,89619149,"protein_coding","forkhead box N3"
"2","CREBBP",0.954413571725603,0.0461531348496586,53.3571789393499,6.39083499859688e-08,0.372521425299371,4.44258763933888,8.88834109114001e-06,7.90742902991906e-05,0.258146724585887,1,"16",3725054,3880713,"protein_coding","CREB binding protein"
"3","HMBOX1",0.945556788535315,0.0317854795289694,35.9382409028701,8.62580655464095e-05,0.221329712858417,5.30363017754664,1.13522182321191e-07,2.22600812305485e-06,0.323507566731493,1,"8",28890395,29064764,"protein_coding","homeobox containing 1"
"4","IKBKB",0.943976710289486,0.0386238506453384,44.6171402454463,2.54927532295581e-06,0.294568651093607,4.80323123809457,1.56125405026408e-06,1.94832652535921e-05,0.396718464445865,1,"8",42271302,42332460,"protein_coding","inhibitor of nuclear factor kappa B kinase subunit beta"
"5","SAMD4A",0.921623851128503,0.0327115208956893,37.4471270410379,4.73487217548784e-05,0.231272998064123,5.0956939616004,3.47466058814305e-07,5.6715949398394e-06,0.559619454035198,1,"14",54566117,54793315,"protein_coding","sterile alpha motif domain containing 4A"
"6","RAF1",0.914310029192898,0.0502946685325704,58.890266043294,5.8739533322377e-09,0.418440097102987,4.07692299431253,4.56355979281398e-05,0.000297728055940484,0.174703051506419,1,"3",12582101,12664201,"protein_coding","Raf-1 proto-oncogene, serine/threonine kinase"
"7","PDE4DIP",0.897990711486459,0.0295000175914904,33.355916608187,0.000237294070633178,0.196412116823129,5.22830249876988,1.7107344807421e-07,3.14356798906671e-06,0.323211137216836,1,"1",148808140,149048286,"protein_coding","phosphodiesterase 4D interacting protein"
"8","NFKBIA",0.892171892715702,0.0434290504409021,50.1720501457241,2.48149258459176e-07,0.342065147666744,4.28112954977007,1.85947063273684e-05,0.000143835522473467,0.42893988307975,1,"14",35401079,35404749,"protein_coding","NFKB inhibitor alpha"
"9","ITGB5",0.868177344830314,0.0306476545223169,35.3978229239721,0.000106771978343342,0.213070904559848,4.95917948763407,7.07915389641656e-07,1.00570829156384e-05,0.49214835140039,1,"3",124761948,124901418,"protein_coding","integrin subunit beta 5"
"10","ZNF592",0.866033531499821,0.0242531781820502,27.8468493321994,0.00191000743206757,0.149445036297059,5.56096778059486,2.6828272936541e-08,6.67218513693644e-07,0.28262672487477,1,"15",84748592,84806445,"protein_coding","zinc finger protein 592"
"11","CTDSP2",0.864310309340882,0.0325168487865316,37.3503180272592,4.92150066777614e-05,0.230705983842106,4.79308871629906,1.64232953880905e-06,2.03092523486943e-05,0.362417467872743,1,"12",57819927,57846729,"protein_coding","CTD small phosphatase 2"
"12","IFT140",0.860187073728804,0.0185514235211885,21.2019278608431,0.0197286915269449,0.0930750283572615,6.31544986499772,2.69376743133876e-10,1.30291647713488e-08,0.327104438243486,1,"16",1510427,1612072,"protein_coding","intraflagellar transport 140"
"13","SRGAP1",0.858370904228399,0.0357404134658238,41.3273606502503,9.87341165303304e-06,0.264174741930224,4.54041136376934,5.61445782598646e-06,5.47396629558643e-05,0.330365908743361,1,"12",63843761,64162217,"protein_coding","SLIT-ROBO Rho GTPase activating protein 1"
"14","HDAC4",0.85754433796047,0.0371447829410471,43.0959560091653,4.78036328665655e-06,0.277686913942415,4.44946373431746,8.60849637240868e-06,7.70735164576505e-05,0.249867372755898,1,"2",239048168,239401654,"protein_coding","histone deacetylase 4"
"15","ITPKB",0.853336922015737,0.0319247523807325,36.9483149579126,5.77704283720769e-05,0.225249525147109,4.77591697425368,1.78890194413306e-06,2.17437879286884e-05,0.495478384639586,1,"1",226631690,226739323,"protein_coding","inositol-trisphosphate 3-kinase B"
"16","TRIM8",0.852269902459187,0.0304631389158561,35.1288943709345,0.000118695943376849,0.209487003703658,4.88303487805754,1.04465384143104e-06,1.39552487769582e-05,0.322711542739671,1,"10",102642503,102662789,"protein_coding","tripartite motif containing 8"
"17","MTSS2",0.846179936142574,0.0388120832793234,45.1687873460502,2.02742205535851e-06,0.297915225381864,4.29515900858353,1.74568169046818e-05,0.000136844794215539,0.507233602835472,1,"16",70661204,70686053,"protein_coding","MTSS I-BAR domain containing 2"
"18","ZCCHC14",0.836874213165191,0.0169483712526129,19.4228994511582,0.0352085854823318,0.078262236943011,6.42830096545083,1.29038113527713e-10,6.80441581108542e-09,0.257471653310555,1,"16",87406246,87493024,"protein_coding","zinc finger CCHC-type containing 14"
"19","SMG5",0.834582369123373,0.0309358828524315,35.9493313226325,8.58805034447592e-05,0.216578146685986,4.74501892156149,2.08486845965083e-06,2.47130323329879e-05,0.254769935970099,1,"1",156249224,156282825,"protein_coding","SMG5 nonsense mediated mRNA decay factor"
"20","SPACA6",0.825109659263023,0.0177165232072495,20.2699366997266,0.0268004738516541,0.0855721322802687,6.1990112219331,5.68189717498058e-10,2.50098570212534e-08,0.616465589262413,1,"19",51688346,51712387,"protein_coding","sperm acrosome associated 6"
"21","ZHX3",0.824058511673747,0.0392921808320477,45.8092666595329,1.55296262824783e-06,0.301159827762079,4.15723890095821,3.22117093733976e-05,0.000223600912311542,0.234719659922976,1,"20",41178448,41317731,"protein_coding","zinc fingers and homeoboxes 3"
"22","TRRAP",0.814383856157131,0.0447982124408458,52.867165764779,7.88101357660107e-08,0.357319850992833,3.84767882638538,0.000119242233809658,0.000651989760747193,0.158714067577448,1,"7",98877933,99050831,"protein_coding","transformation/transcription domain associated protein"
"23","LRP4",0.80861809193053,0.0318841799042076,37.1731490205821,5.28198139982732e-05,0.226478413641425,4.52851518642193,5.93996127840057e-06,5.70930951564861e-05,0.417148121263691,1,"11",46856717,46918642,"protein_coding","LDL receptor related protein 4"
"24","DIDO1",0.80712255064388,0.0382900368898521,44.8260281997959,2.33764213520105e-06,0.29010168680984,4.12474010239788,3.71153626799181e-05,0.000250988518866522,0.172851792831756,1,"20",62877738,62937952,"protein_coding","death inducer-obliterator 1"
"25","IGF1R",0.80430979532953,0.0226923875969103,25.9793300047014,0.003768085553305,0.132133480504062,5.33928694416213,9.3312856108696e-08,1.89142822016085e-06,0.256004106862266,1,"15",98648539,98964530,"protein_coding","insulin like growth factor 1 receptor"
"26","PELI2",0.800822713907543,0.0189852381441388,21.4869825774873,0.0179424157585737,0.0954180923695129,5.81203683491627,6.17172557504375e-09,1.935217676586e-07,0.394687193688234,1,"14",56117814,56301524,"protein_coding","pellino E3 ubiquitin protein ligase family member 2"
"27","GFAP",0.799149671696162,0.0203773235821613,23.2310658747426,0.00992506985644377,0.109308832117588,5.59827920542369,2.16489892679306e-08,5.59575840537174e-07,0.725785351418172,1,"17",44903159,44916937,"protein_coding","glial fibrillary acidic protein"
"28","ZCCHC8",0.795507441637275,0.0464588141685665,54.278485720315,4.30580496225402e-08,0.372316328668335,3.69071225054826,0.000223626999777071,0.00108965078168355,0.246831668007246,1,"12",122471600,122500932,"protein_coding","zinc finger CCHC-type containing 8"
"29","HIF3A",0.795404666615824,0.0354015835625422,41.3604397381947,9.74093864523427e-06,0.260359642655039,4.22743355355478,2.36371945265823e-05,0.000175053906956303,0.598852522833144,1,"19",46297042,46343433,"protein_coding","hypoxia inducible factor 3 subunit alpha"
"30","ASXL1",0.794961293814641,0.0242641784344092,28.047446280624,0.00177393942222394,0.149428714108236,5.10344205505804,3.3353066908326e-07,5.48241037305608e-06,0.182674319427332,1,"20",32358330,32439319,"protein_coding","ASXL transcriptional regulator 1"
"31","COLGALT1",0.786821851592711,0.0406343365977205,47.6121784886212,7.30497103535674e-07,0.315528753081955,3.90328107329446,9.48973891599092e-05,0.00054109514035894,0.322349712264799,1,"19",17555649,17583162,"protein_coding","collagen beta(1-O)galactosyltransferase 1"
"32","HP1BP3",0.785511255380449,0.0300087784210539,34.8915607176936,0.000130298450750589,0.207309985684305,4.53448796856791,5.77433932402727e-06,5.58584364954178e-05,0.225880966775131,1,"1",20739095,20787323,"protein_coding","heterochromatin protein 1 binding protein 3"
"33","MXD4",0.778748561179829,0.0220625750096408,25.5681171775616,0.00436658867336856,0.12853748621396,5.24287082527703,1.58097225311238e-07,2.93589198636226e-06,0.401909914674045,1,"4",2247432,2262109,"protein_coding","MAX dimerization protein 4"
"34","ARAP1",0.774663334620954,0.0296030549197855,34.8817635886642,0.000130800600332435,0.206472082010435,4.50240684016192,6.71882086633602e-06,6.29964309392646e-05,0.390966110196453,1,"11",72685069,72793599,"protein_coding","ArfGAP with RhoGAP domain, ankyrin repeat and PH domain 1"
"35","ACIN1",0.773567390645162,0.0396653074639741,46.9540753233125,9.62607422728135e-07,0.309033347711978,3.88412091653339,0.000102700790890031,0.00057745180126303,0.175981154720608,1,"14",23058564,23095614,"protein_coding","apoptotic chromatin condensation inducer 1"
"36","POLE",0.773107539115567,0.0225559976475102,25.9252692671616,0.00384200520018643,0.130810653681015,5.14764854788502,2.63772102382376e-07,4.50102598063681e-06,0.437565333461478,1,"12",132623753,132687376,"protein_coding","DNA polymerase epsilon, catalytic subunit"
"37","EHMT1",0.77032223301635,0.0405573337971657,48.2933806153923,5.48611738673351e-07,0.319663595294142,3.82505543920811,0.000130742661843763,0.00070275354743187,0.261342033851341,1,"9",137618992,137870016,"protein_coding","euchromatic histone lysine methyltransferase 1"
"38","ABCD4",0.769877554604509,0.0143511090741503,16.7470908491586,0.0801509151018238,0.0555885870984835,6.42656531183133,1.30519373087168e-10,6.86531902438503e-09,0.323358159186742,1,"14",74285269,74303055,"protein_coding","ATP binding cassette subfamily D member 4"
"39","GNA12",0.769322541147124,0.0229176799216101,25.9314922203003,0.00383342572680635,0.131903337535039,5.0818651035034,3.73746804616104e-07,6.0211583224524e-06,0.354036220823254,1,"7",2721822,2870786,"protein_coding","G protein subunit alpha 12"
"40","MED13L",0.764635729565517,0.0519638785364937,62.0079457465737,1.50798040886706e-09,0.432903439847916,3.35431472121803,0.000795618147813038,0.00306702195492604,0.124957721371826,1,"12",115957905,116277693,"protein_coding","mediator complex subunit 13L"
"41","ANAPC16",0.764329337562473,0.0339854068035791,39.308384008062,2.24176471047191e-05,0.245595864341491,4.14604768954089,3.38263402996919e-05,0.000232659758059993,0.307161846348667,1,"10",72216000,72235860,"protein_coding","anaphase promoting complex subunit 16"
"42","TFDP2",0.762637730997912,0.0341153857492483,39.4615704185473,2.10720699915629e-05,0.246679494134342,4.1289834750714,3.64370587131457e-05,0.000247461496231306,0.242965125380332,1,"3",141944428,142149544,"protein_coding","transcription factor Dp-2"
"43","BCL9L",0.762530123275985,0.0358019594079912,42.5231672809511,6.05031168795884e-06,0.269481110393723,4.02998664540585,5.57800218343729e-05,0.000349739386362569,0.374302785686999,1,"11",118893875,118925926,"protein_coding","BCL9 like"
"44","CASC3",0.755622667469629,0.0301268712100112,35.224457573256,0.000114316139545823,0.209190999746375,4.35339387745802,1.34045998410048e-05,0.000111111803572273,0.323999100616432,1,"17",40140318,40172183,"protein_coding","CASC3 exon junction complex subunit"
"45","RBM48",0.754721429726996,0.0326285372451156,37.0959608061091,5.44704556562467e-05,0.225433832583537,4.1781870563952,2.93841948253437e-05,0.000207870947815554,0.298894018869498,1,"7",92528773,92540481,"protein_coding","RNA binding motif protein 48"
"46","STAG1",0.752580881613767,0.0322078876583945,37.8146315859023,4.08771586163235e-05,0.229042269424955,4.19345570572623,2.74736742680304e-05,0.000197555060355215,0.187078416214876,1,"3",136336236,136752403,"protein_coding","STAG1 cohesin complex component"
"47","CAPN2",0.752144476718517,0.0310695923499255,36.5458137015354,6.77983915121938e-05,0.219021872208913,4.26710660645499,1.98024544013631e-05,0.000151341678388914,0.253304912267815,1,"1",223701593,223776018,"protein_coding","calpain 2"
"48","BCL6",0.751798988512887,0.0339313804329425,39.8358691774523,1.8110233801138e-05,0.246090951754919,4.08132305839579,4.47800615677174e-05,0.000293328921352669,0.38049976011384,1,"3",187721377,187745725,"protein_coding","BCL6 transcription repressor"
"49","TCF3",0.751666510968811,0.0304017727600952,35.7152302678061,9.42059114686717e-05,0.213635738401085,4.31097741163212,1.6253451008863e-05,0.000129323439315514,0.304900074825418,1,"19",1609291,1652615,"protein_coding","transcription factor 3"
"50","MAP3K3",0.749969285722508,0.0351101778836422,41.1619476028194,1.05630090464002e-05,0.259547161284494,4.00245965350219,6.26873603983835e-05,0.00038576837168236,0.22993489819711,1,"17",63622415,63696305,"protein_coding","mitogen-activated protein kinase kinase kinase 3"
"51","JADE2",0.748866379550301,0.0265323877010997,30.8872481595685,0.000612414954798642,0.172308857112557,4.5974410148213,4.27711659978236e-06,4.34600513179846e-05,0.296123108926187,1,"5",134524312,134583230,"protein_coding","jade family PHD finger 2"
"52","TAF3",0.745621465434552,0.0368113559896096,43.6445233357481,3.81252768600795e-06,0.278992072182707,3.88622100258083,0.000101816820627931,0.000573554459440877,0.267186285388825,1,"10",7818497,8016631,"protein_coding","TATA-box binding protein associated factor 3"
"53","MRAS",0.739228681846784,0.0153752266187904,17.980759850362,0.0552890640380739,0.0651591447948928,5.96167155959749,2.49670595309226e-09,8.93379136956822e-08,0.416763642012502,1,"3",138347648,138405534,"protein_coding","muscle RAS oncogene homolog"
"54","MICAL3",0.73896852543923,0.0257595441030062,30.2226484783095,0.000787664272313469,0.167055753798839,4.60422835180579,4.13998011161709e-06,4.24489188832474e-05,0.223668780856581,1,"22",17787649,18024561,"protein_coding","microtubule associated monooxygenase, calponin and LIM domain containing 3"
"55","SWAP70",0.737534039939951,0.0220204358904902,25.628085914948,0.00427393878875914,0.128174874848168,4.97014562435834,6.69026344546353e-07,9.59885643202937e-06,0.321428508172632,1,"11",9664077,9752993,"protein_coding","switching B cell complex subunit SWAP70"
"56","SLC38A2",0.737494585894647,0.0201727299912022,23.3890365419617,0.00939817954698864,0.109873526887992,5.19249992116741,2.07488958459123e-07,3.66238899830533e-06,0.508404219211797,1,"12",46358188,46372773,"protein_coding","solute carrier family 38 member 2"
"57","RELA",0.737304489913639,0.0294352116328751,34.7692755414666,0.000136704015077682,0.204007067084177,4.29747439013487,1.72755212761722e-05,0.000135980908211995,0.32788433757671,1,"11",65653599,65663090,"protein_coding","RELA proto-oncogene, NF-kB subunit"
"58","BANP",0.736245500986845,0.0181777411864498,21.028573942101,0.0208951963053419,0.0902377058796654,5.46075505038398,4.7411382597673e-08,1.0623381148616e-06,0.391058404507623,1,"16",87949244,88077318,"protein_coding","BTG3 associated nuclear protein"
"59","INPPL1",0.732536247954146,0.0301932915605529,35.8094184563061,9.07650135045502e-05,0.21184567998512,4.21574068697506,2.48959705124729e-05,0.000182449048966364,0.361480064299273,1,"11",72223701,72239147,"protein_coding","inositol polyphosphate phosphatase like 1"
"60","PPARA",0.732146972535033,0.0172395972772135,20.1007575317028,0.0283139661625942,0.0825206218359404,5.57615340023156,2.45895110939642e-08,6.20339704336939e-07,0.367976251864896,1,"22",46150521,46243755,"protein_coding","peroxisome proliferator activated receptor alpha"
"61","SRRM2",0.731090603296995,0.0409014986456298,48.9504002717921,4.15938255512181e-07,0.32329486454148,3.61494414595688,0.000300412382076898,0.00138624064951793,0.238084058738123,1,"16",2752626,2772538,"protein_coding","serine/arginine repetitive matrix 2"
"62","RBM6",0.729944413476025,0.0303921082008074,35.5901639594066,9.89735743073726e-05,0.210216768538585,4.1870618456514,2.82588843272258e-05,0.000201958874403815,0.253368828453101,1,"3",49940007,50100045,"protein_coding","RNA binding motif protein 6"
"63","MAX",0.729751974905273,0.026648169085673,30.9708139419397,0.00059327258959171,0.172933760488294,4.47035066235704,7.80914551845591e-06,7.10329702678135e-05,0.218686306098849,1,"14",65006174,65102695,"protein_coding","MYC associated factor X"
"64","PLCG1",0.727622446881594,0.0305298136235486,36.0558172603758,8.23369744918689e-05,0.213672178160295,4.16431920569053,3.12282964856081e-05,0.000218069484917755,0.258020790348665,1,"20",41136960,41196801,"protein_coding","phospholipase C gamma 1"
"65","SGPL1",0.72675060255241,0.0189861501651495,22.2504657005028,0.0138782587768693,0.100139909358978,5.27432569948904,1.3324508718604e-07,2.5463003037187e-06,0.249342153632486,1,"10",70815905,70958701,"protein_coding","sphingosine-1-phosphate lyase 1"
"66","COBL",0.725977610163749,0.0325519552421038,38.6604806133944,2.9109260999968e-05,0.237173648618353,4.02378425580336,5.72703848678024e-05,0.00035776986271335,0.305569100622172,1,"7",51016212,51316818,"protein_coding","cordon-bleu WH2 repeat protein"
"67","NXF1",0.725330296600199,0.0335670643281181,39.4701987948921,2.09986950982196e-05,0.244031868103864,3.95894198547935,7.528251911193e-05,0.000448963776109696,0.250775729855931,1,"11",62792123,62806302,"protein_coding","nuclear RNA export factor 1"
"68","SPEN",0.724836827256523,0.0471480125111277,56.7269154167564,1.49995271070854e-08,0.389042960735663,3.33817081342976,0.000843318895963785,0.00321266776789691,0.208212687344232,1,"1",15836095,15940456,"protein_coding","spen family transcriptional repressor"
"69","FAM107A",0.724202288831074,0.0229143462444295,26.5534842724524,0.00306294032570347,0.13564525286453,4.78416508769118,1.71699523954238e-06,2.11013900934415e-05,0.457943113398838,1,"3",58564117,58627610,"protein_coding","family with sequence similarity 107 member A"
"70","POGK",0.723844723636571,0.0223088609033522,26.1000239277911,0.00360796295932097,0.132116191939616,4.84626005617113,1.25810581819152e-06,1.62895670244613e-05,0.308380094801711,1,"1",166839447,166856359,"protein_coding","pogo transposable element derived with KRAB domain"
"71","AFF1",0.722146616069931,0.0318979271587856,36.9698730444905,5.72766065998278e-05,0.222136032422281,4.04337619160595,5.26869831345422e-05,0.000333996422160521,0.220658975789315,1,"4",86935002,87141039,"protein_coding","ALF transcription elongation factor 1"
"72","DOT1L",0.721592142942651,0.0327288328413175,39.0462656212673,2.49192649492825e-05,0.238568739527348,3.98865558090745,6.64488161994381e-05,0.000404833659059641,0.37437222771376,1,"19",2163933,2232578,"protein_coding","DOT1 like histone lysine methyltransferase"
"73","MPRIP",0.721229320306784,0.0208306021994068,24.2982089310352,0.00684699870476841,0.117524781709573,4.99715086677299,5.81835486457294e-07,8.58262639655861e-06,0.20411120798049,1,"17",17042457,17217679,"protein_coding","myosin phosphatase Rho interacting protein"
"74","TTC28",0.721131400136244,0.0410357273203111,47.9283430807074,6.39649736914347e-07,0.316547247375732,3.55986344364055,0.000371047688562332,0.00164423828292996,0.157665787277151,1,"22",27978014,28679840,"protein_coding","tetratricopeptide repeat domain 28"
"75","SMAD4",0.719590666298678,0.0569486055764416,67.0550743158953,1.6364162497599e-10,0.484241995794953,3.01539336065876,0.00256646169828034,0.0079997561676768,0.206298563370673,1,"18",51028528,51085045,"protein_coding","SMAD family member 4"
"76","TNS1",0.718548219127858,0.0325126294203981,38.4760626286375,3.13503751596724e-05,0.234598584288368,3.98501417330802,6.74760980121647e-05,0.000408545928683725,0.418947928654101,1,"2",217799588,218033982,"protein_coding","tensin 1"
"77","JDP2",0.717868544176215,0.0285038869267106,33.3831286720775,0.00023480118501058,0.192591568827936,4.25199632425518,2.11873338893387e-05,0.000160180203029711,0.395257896257938,1,"14",75427716,75474111,"protein_coding","Jun dimerization protein 2"
"78","PLCE1",0.717333155490579,0.0316426035316338,37.2484332773641,5.12573377117154e-05,0.223941464894892,4.03259678674702,5.51638835299961e-05,0.000346255402586849,0.312254508075658,1,"10",93993931,94332823,"protein_coding","phospholipase C epsilon 1"
"79","PHF21A",0.71434429981606,0.0525424443038471,63.158314903036,9.10847744296964e-10,0.445757847607986,3.1163946299033,0.0018307709446892,0.00607657685380355,0.188282975871462,1,"11",45929319,46121454,"protein_coding","PHD finger protein 21A"
"80","ARHGEF40",0.713574007623189,0.0259804995977393,30.7395832110422,0.000647723496167604,0.169670184368593,4.42705862490329,9.55267761493239e-06,8.3710261148762e-05,0.346612494591445,1,"14",21070273,21090248,"protein_coding","Rho guanine nucleotide exchange factor 40"
"81","AGAP1",0.712828715655771,0.0221858199560984,26.0425044621125,0.00368343841368332,0.130655569218825,4.78572175024105,1.7037395905195e-06,2.09507194532615e-05,0.192343949582312,1,"2",235494043,236131793,"protein_coding","ArfGAP with GTPase domain, ankyrin repeat and PH domain 1"
"82","BCAT2",0.711204056921211,0.0227870004911803,26.4445168111682,0.00318616386748702,0.13431005074286,4.71140723443456,2.46012076443591e-06,2.80851551186824e-05,0.369317153295014,1,"19",48795062,48811029,"protein_coding","branched chain amino acid transaminase 2"
"83","TAF8",0.71076772706352,0.0229085659034469,26.8415757716345,0.00275889783089563,0.137813756669794,4.69600714160289,2.65296269241766e-06,2.98653478054936e-05,0.209211092274193,1,"6",42050513,42087461,"protein_coding","TATA-box binding protein associated factor 8"
"84","PHACTR4",0.709713347203781,0.0308990534266246,36.3881169058092,7.21779107878071e-05,0.216751192180235,4.03748001096596,5.40284467878127e-05,0.000340244992641598,0.217844230774928,1,"1",28369582,28500364,"protein_coding","phosphatase and actin regulator 4"
"85","PHYHD1",0.70844799565756,0.0223251865192777,25.9900460562877,0.00375359648273492,0.130195522385744,4.74144184231403,2.12202575222697e-06,2.50687376905421e-05,0.536007196118554,1,"9",128920966,128942041,"protein_coding","phytanoyl-CoA dioxygenase domain containing 1"
"86","HEXD",0.704996027975567,0.0165229310778818,19.4039978354769,0.0354213857417315,0.076722106090075,5.48457682834959,4.14460334940969e-08,9.60379454532819e-07,0.364808932699236,1,"17",82418318,82442645,"protein_coding","hexosaminidase D"
"87","KIAA0930",0.704684328351255,0.0206904714172176,24.2059189894028,0.00707218162666865,0.115804527662085,4.8990223446058,9.63146919774616e-07,1.30319043035742e-05,0.352597475012106,1,"22",45192244,45240894,"protein_coding","KIAA0930"
"88","INPP5D",0.704549751597133,0.0279528131328245,33.104465782637,0.0002615903405232,0.188575588573174,4.21404244383489,2.50840115145756e-05,0.000183579259972868,0.40604172079697,1,"HG2232_PATCH",5305,153241,"protein_coding","inositol polyphosphate-5-phosphatase D"
"89","MAPKBP1",0.703101155289221,0.0232441306767248,27.088553579456,0.00252162741142624,0.140338325255592,4.61170116299508,3.99386891691833e-06,4.12118695497605e-05,0.271273669154005,1,"15",41774434,41827855,"protein_coding","mitogen-activated protein kinase binding protein 1"
"90","RNF169",0.701104091175697,0.0273919785618628,32.0026859399498,0.000400025181775108,0.180604715507613,4.23614482993549,2.27390139757588e-05,0.000169715804913078,0.209504387519715,1,"11",74748849,74842413,"protein_coding","ring finger protein 169"
"91","CALD1",0.700899053496427,0.0234691878034912,27.5565285457389,0.00212497922597338,0.143547696484803,4.57516165182754,4.75852422843204e-06,4.76078695987685e-05,0.386002057489221,1,"7",134744252,134970729,"protein_coding","caldesmon 1"
"92","ATF1",0.698978623424459,0.0128139738324214,15.3372358721701,0.120242000602622,0.0435313958125341,6.17478695107642,6.62527588346506e-10,2.86822643185401e-08,0.312856130286654,1,"12",50763710,50821162,"protein_coding","activating transcription factor 1"
"93","PDGFRB",0.69845230343029,0.0296297362300043,35.2501618651744,0.000113165411858086,0.20685630406429,4.0576339097633,4.95723940783233e-05,0.000317988771770708,0.383360496127302,1,"5",150113839,150155872,"protein_coding","platelet derived growth factor receptor beta"
"94","CHST11",0.69763259921919,0.0167975441243997,19.5975088436338,0.033297813603096,0.0781238412801814,5.38274580265062,7.33581002609895e-08,1.53577555173256e-06,0.33359948549709,1,"12",104455295,104762014,"protein_coding","carbohydrate sulfotransferase 11"
"95","SLC6A9",0.694269008311873,0.0214272045543889,25.064882818306,0.00522386894553817,0.122766170919798,4.74291150255785,2.10668316258378e-06,2.4957552781961e-05,0.478804469942137,1,"1",43991500,44031467,"protein_coding","solute carrier family 6 member 9"
"96","WWTR1",0.694191608135743,0.0261929206199601,30.6767773247555,0.00066333584655949,0.169251393505557,4.28930961407272,1.79229375547596e-05,0.00013982150765745,0.410193535179174,1,"3",149517235,149736714,"protein_coding","WW domain containing transcription regulator 1"
"97","PRPF38B",0.694100446172873,0.0318503132300319,37.6594821743876,4.34955202526509e-05,0.227506011044953,3.88924650132206,0.000100555942509573,0.000567667569198124,0.195234362853695,1,"1",108692310,108702928,"protein_coding","pre-mRNA processing factor 38B"
"98","RNF216",0.692290255995437,0.0331676070727487,39.4380155237596,2.12736682295524e-05,0.241540415468195,3.80129127697696,0.000143943966156135,0.000761715555313148,0.127789888628654,1,"7",5620047,5781696,"protein_coding","ring finger protein 216"
"99","MTMR3",0.691364648918101,0.0238370028805101,27.7272669153522,0.00199587414571121,0.144971257899151,4.47797170228577,7.53555872368139e-06,6.89058405572958e-05,0.160666656612436,1,"22",29883169,30030868,"protein_coding","myotubularin related protein 3"
"100","BMP1",0.690688379814896,0.0411290476858255,49.2995291295445,3.58939456295377e-07,0.326013334781955,3.40571123907706,0.000659919385612273,0.0026341688243753,0.335699593062269,1,"8",22165140,22212326,"protein_coding","bone morphogenetic protein 1"
"101","PARD3",0.6900465231082,0.0298448278606649,35.4025958150708,0.00010657135295312,0.207783581262717,3.99432899419765,6.48777263669853e-05,0.000396810279872491,0.369510417398862,1,"10",34109560,34815325,"protein_coding","par-3 family cell polarity regulator"
"102","RASSF8",0.689824333118453,0.0270224332436203,31.8713189871338,0.000420693834826652,0.178671189802078,4.1963942516725,2.71197997889772e-05,0.000195478104679712,0.28206281379197,1,"12",25958232,26079892,"protein_coding","Ras association domain family member 8"
"103","RAB29",0.689332445602193,0.0187008257640935,21.7766378920184,0.0162838161249419,0.0958917528513914,5.04078678966757,4.63621770752098e-07,7.15146778344879e-06,0.311252046913237,1,"1",205767986,205775482,"protein_coding","RAB29, member RAS oncogene family"
"104","MARCHF8",0.688805812232336,0.0348074511956628,41.3853411854332,9.64237435318514e-06,0.25938069396613,3.69199149292921,0.000222504909259014,0.00108544013234631,0.285038823319771,1,"HSCHR10_1_CTG2",295418,305158,"protein_coding","membrane associated ring-CH-type finger 8"
"105","NACC2",0.687734937251006,0.017424781367931,20.4217997662009,0.0255063343740139,0.0846969677287687,5.20999634285587,1.88844353932183e-07,3.39820125921129e-06,0.339373768632775,1,"9",136006537,136095289,"protein_coding","NACC family member 2"
"106","PEAK1",0.686574913199148,0.0409193388515275,49.1462717908204,3.8293804247438e-07,0.32319173276284,3.39409212935229,0.000688565239726824,0.00272524692322279,0.152651166815227,1,"15",77100656,77420144,"protein_coding","pseudopodium enriched atypical kinase 1"
"107","ZBTB16",0.68607049678659,0.0352736699649861,41.1073235186749,1.08010159615947e-05,0.257909299962632,3.65294741178002,0.000259247340351543,0.00122878216737924,0.31210021452952,1,"11",114059041,114256765,"protein_coding","zinc finger and BTB domain containing 16"
"108","DNAJB6",0.685463099628268,0.00903012022389066,11.8147829157445,0.297643677440352,0.0147703811691278,7.21335513424422,5.46007683510652e-13,5.31851928752968e-11,0.408596999950659,1,"7",157335381,157417439,"protein_coding","DnaJ heat shock protein family (Hsp40) member B6"
"109","BRPF3",0.684942012266641,0.00865661734939314,11.5364542783818,0.317276443811613,0.0124558213415192,7.36172677640025,1.81632486828676e-13,1.90824028773045e-11,0.282131581546923,1,"6",36196744,36232790,"protein_coding","bromodomain and PHD finger containing 3"
"110","SAP30L",0.684778977129952,0.00660874208964475,9.73795035259674,0.463776875888391,0,8.42346968328064,0,0,0.294595861082802,1,"5",154445997,154461053,"protein_coding","SAP30 like"
"111","RAPGEF3",0.682518790689087,0.0324926640808581,38.411451586643,3.21750916428454e-05,0.234818390481405,3.78636042509606,0.000152869897741548,0.000800493441633191,0.396533007124235,1,"12",47734363,47771040,"protein_coding","Rap guanine nucleotide exchange factor 3"
"112","CTBP2",0.682071816213003,0.0300091868875672,35.4451492591182,0.000104798934506939,0.207865526593382,3.9373406480216,8.23896087709386e-05,0.00048228423596814,0.223694428768721,1,"10",124984317,125161170,"protein_coding","C-terminal binding protein 2"
"113","TOB2",0.681425513116645,0.0306894383070508,36.0801214094565,8.15485728408058e-05,0.21458877815332,3.88976997728833,0.000100339284951012,0.000566748605468267,0.349896599880462,1,"22",41433492,41446801,"protein_coding","transducer of ERBB2, 2"
"114","ITSN2",0.680197969003893,0.0306955547819916,36.2857198903652,7.51693842158174e-05,0.21601469239654,3.88237594363981,0.00010344079136515,0.000580526607181318,0.215614012866069,1,"2",24202864,24360536,"protein_coding","intersectin 2"
"115","SASH1",0.67898372824572,0.0287577255074726,33.9353686285164,0.000189411909649777,0.196053243957314,4.00388965052222,6.23094378793265e-05,0.000384116780832414,0.348524050031232,1,"6",148272304,148552044,"protein_coding","SAM and SH3 domain containing 1"
"116","FAM193A",0.675370210860918,0.0549699693696817,66.4528612921612,2.13544049665901e-10,0.472702681515779,2.88057477601277,0.00396950779736138,0.011451863986903,0.133135800127279,1,"4",2536647,2732573,"protein_coding","family with sequence similarity 193 member A"
"117","CERS4",0.675143586539876,0.0131276973324805,15.871971952229,0.103356471804928,0.047469741358149,5.89253090345407,3.80324949311728e-09,1.28237771370493e-07,0.301143117877547,1,"19",8206736,8262433,"protein_coding","ceramide synthase 4"
"118","ITPRID2",0.674598164205796,0.0183976931363761,21.5241474261102,0.0177210539374692,0.0934865550408787,4.97351542955509,6.57495380140816e-07,9.45570936306409e-06,0.336167219175004,1,"2",181891730,181930738,"protein_coding","ITPR interacting domain containing 2"
"119","NFKB1",0.674180867657155,0.0299859538134232,35.3532496237888,0.000108663585148149,0.2086558880489,3.89329659379241,9.88911238961609e-05,0.000560374157494001,0.265268477581675,1,"4",102501330,102617302,"protein_coding","nuclear factor kappa B subunit 1"
"120","BCL2",0.674154882980071,0.0162844316697989,19.0403769545732,0.0397528207418849,0.0734678519269787,5.28291205984073,1.27146433603897e-07,2.44753976489113e-06,0.282888135329231,1,"18",63123346,63320128,"protein_coding","BCL2 apoptosis regulator"
"121","RHOQ",0.67403467699719,0.0189517145267395,22.1268209482712,0.0144714037016098,0.0984599181648912,4.89618689636245,9.77141378255553e-07,1.3169621472488e-05,0.322309616181151,1,"2",46541806,46584688,"protein_coding","ras homolog family member Q"
"122","RBMS2",0.674001277278401,0.02375439696531,27.8703648831353,0.00189354806686686,0.145558130698705,4.37309301337472,1.2249850096735e-05,0.000102888960493135,0.359489290751789,1,"12",56521820,56596193,"protein_coding","RNA binding motif single stranded interacting protein 2"
"123","ZSWIM8",0.673352040148135,0.0368597830168936,44.2998769555206,2.90748571140923e-06,0.281961818336354,3.50724248348224,0.000452776354912254,0.00193744447983604,0.21850398415635,1,"10",73785606,73801797,"protein_coding","zinc finger SWIM-type containing 8"
"124","KLHL36",0.673164908591938,0.0067820915568279,10.1185516307115,0.43015468349599,0.000958607510670734,8.1740943142552,2.22044604925031e-16,4.76716172206394e-14,0.264833671806933,1,"16",84648511,84667686,"protein_coding","kelch like family member 36"
"125","PLEKHM1",0.673077026341368,0.019101549850868,22.5446318751154,0.0125581284357454,0.101992499233727,4.87001685428812,1.11588730034029e-06,1.47662067919243e-05,0.243128026935251,1,"17",45435900,45490758,"protein_coding","pleckstrin homology and RUN domain containing M1"
"126","PARD3B",0.673036402420933,0.0271777968389656,32.0150770352442,0.000398127643477641,0.179091419652275,4.08254923105246,4.45443717760341e-05,0.000292513602424394,0.307662110811161,1,"2",204545475,205620162,"protein_coding","par-3 family cell polarity regulator beta"
"127","SIPA1L3",0.672893474876895,0.0273246720942118,32.4296377630525,0.000339475020559925,0.182991547577284,4.07069756536137,4.68725698081762e-05,0.000304476341081824,0.202123511599988,1,"19",37907208,38208369,"protein_coding","signal induced proliferation associated 1 like 3"
"128","TRIM4",0.671722340198426,0.0225785310683996,26.1652655221117,0.00352415718922872,0.132827908010624,4.47035435882659,7.80901054597827e-06,7.10329702678135e-05,0.208726115056359,1,"7",99876958,99919531,"protein_coding","tripartite motif containing 4"
"129","DMPK",0.671248590745678,0.0204281287430334,24.0157156744537,0.0075587856527338,0.113886193137444,4.69644341176819,2.64730531829294e-06,2.98335853759418e-05,0.333949107381882,1,"19",45769709,45782552,"protein_coding","DM1 protein kinase"
"130","SKI",0.669569296314495,0.0300408144493769,35.8816662011995,8.82096244162268e-05,0.21190511856056,3.86313316697981,0.000111941943621074,0.000617367888279792,0.240474488633462,1,"1",2227388,2310213,"protein_coding","SKI proto-oncogene"
"131","TCF7L1",0.669137055790915,0.0186444088291942,21.993671520372,0.01513687272697,0.0968767106340257,4.90050427495437,9.55909776223507e-07,1.29589830488032e-05,0.417411088778539,1,"HSCHR2_6_CTG1",59578,236573,"protein_coding","transcription factor 7 like 1"
"132","TRMT10B",0.668197478717866,0.01732194328587,20.3063974856698,0.0264843054072066,0.0842946082487546,5.07699255365906,3.83455894148454e-07,6.13996348012442e-06,0.2343035297038,1,"9",37753803,37778972,"protein_coding","tRNA methyltransferase 10B"
"133","AHNAK",0.667668829058928,0.0202085316102347,23.7209021422117,0.00837668167676374,0.111430133909757,4.69670974890981,2.64385726023164e-06,2.98266792253478e-05,0.44054742403825,1,"11",62433542,62556235,"protein_coding","AHNAK nucleoprotein"
"134","SRRT",0.667419178761436,0.0246775474018554,29.019216531482,0.00123715016504268,0.155007939397329,4.24861800119063,2.15093338049588e-05,0.000162264748388789,0.222020897643018,1,"7",100875103,100888664,"protein_coding","serrate, RNA effector molecule"
"135","CIZ1",0.666754062109467,0.0322734225800428,38.4092257088612,3.22038811076589e-05,0.233016896278703,3.71144610121022,0.000206078552199118,0.00102237508565655,0.16543289435211,1,"9",128161251,128204383,"protein_coding","CDKN1A interacting zinc finger protein 1"
"136","TBL1X",0.665496751944138,0.0282733045841749,33.4815213379324,0.000225999710995272,0.191678432801947,3.95783472232931,7.56322598440828e-05,0.000450156364107356,0.262672150531353,1,"X",9463320,9741037,"protein_coding","transducin beta like 1 X-linked"
"137","PLXNB1",0.664664331221326,0.0374878461587627,44.9516216048926,2.21886804646119e-06,0.286791380313969,3.43286819306636,0.000597232359956346,0.00242582410298871,0.299226881305114,1,"3",48403854,48430086,"protein_coding","plexin B1"
"138","CSF1",0.664590755542576,0.0346933886200721,41.3795260277228,9.66530325221773e-06,0.257324224169768,3.56805003173514,0.000359647840741051,0.00160453574410342,0.424953230994905,1,"1",109910242,109930992,"protein_coding","colony stimulating factor 1"
"139","ZBTB47",0.664383613395366,0.0176488488896767,20.7209593181195,0.0231255893276438,0.0874697655284261,5.00104451147238,5.70205449079708e-07,8.45463188769349e-06,0.374676273403686,1,"3",42653697,42667580,"protein_coding","zinc finger and BTB domain containing 47"
"140","MKNK2",0.663421984163393,0.0272016678612946,31.9913985686983,0.00040176138996254,0.180089487883928,4.02246331612076,5.75926263390869e-05,0.0003592495873627,0.474018529896345,1,"19",2037465,2051244,"protein_coding","MAPK interacting serine/threonine kinase 2"
"141","KIF1C",0.663206581187684,0.015903133158744,18.9146708344004,0.0413599735800692,0.0720681742828142,5.2590521755623,1.447998043691e-07,2.73481856725841e-06,0.575941264640375,1,"17",4997950,5028401,"protein_coding","kinesin family member 1C"
"142","AUP1",0.663154990152909,0.0289553003086588,34.0452092077439,0.000181469455498238,0.196950260669308,3.8971848464722,9.73173403935323e-05,0.000552796123617689,0.201915332960992,1,"2",74526645,74529760,"protein_coding","AUP1 lipid droplet regulating VLDL assembly factor"
"143","ING5",0.661248978901279,0.0178580669077101,20.9080260539088,0.0217441138984453,0.0890708325803069,4.948206227464,7.49005285793913e-07,1.0565976881202e-05,0.24409162133,1,"2",241687085,241729478,"protein_coding","inhibitor of growth family member 5"
"144","SLC7A2",0.660409188151176,0.0287814613030711,33.7421694035808,0.000204216730113302,0.19371645586265,3.89275155385954,9.91136412171745e-05,0.000561483847929281,0.533003629960582,1,"8",17497088,17570573,"protein_coding","solute carrier family 7 member 2"
"145","P2RX7",0.660193851326188,0.033099969896099,38.8484514140883,2.69875326208296e-05,0.237727950197354,3.62875523893228,0.000284791091824221,0.00132713279556625,0.544539296349416,1,"12",121132819,121188032,"protein_coding","purinergic receptor P2X 7"
"146","PLOD3",0.659280122321775,0.00856647648542009,11.5105363586585,0.319148334753111,0.0121607682459577,7.12309715899302,1.05537800720867e-12,9.57118675503039e-11,0.496076417817603,1,"7",101205977,101218420,"protein_coding","procollagen-lysine,2-oxoglutarate 5-dioxygenase 3"
"147","RBM17",0.658812734807711,0.0257383961533554,30.3337326446898,0.000755303839803507,0.166198767998373,4.10649449472955,4.0170903158554e-05,0.000268401334536671,0.196411998524589,1,"10",6089034,6117457,"protein_coding","RNA binding motif protein 17"
"148","ANO6",0.655834039062556,0.0195359598624774,22.8276482160593,0.0114009493305137,0.103979695340527,4.69220066240184,2.70281829362062e-06,3.0313058047856e-05,0.339064399550141,1,"12",45215987,45482280,"protein_coding","anoctamin 6"
"149","KDM2A",0.655278193431657,0.0176713757984185,20.8729125812466,0.0219973930801745,0.0880970305092434,4.92935997334199,8.24994413228808e-07,1.14121515150126e-05,0.157482990944692,1,"11",67119263,67258082,"protein_coding","lysine demethylase 2A"
"150","ARHGAP17",0.653435337439036,0.0348820475936178,41.3483611698976,9.78910542568542e-06,0.256751702205144,3.49865913210907,0.000467603961946006,0.00198875830995431,0.236566089488765,1,"16",24919389,25015666,"protein_coding","Rho GTPase activating protein 17"
"151","CNNM3",0.652927357267811,0.0227003195948961,26.8915053754382,0.00270925528487158,0.137224826024394,4.33360057157389,1.46690220561574e-05,0.000118934961102717,0.242521607336256,1,"2",96816245,96835382,"protein_coding","cyclin and CBS domain divalent metal cation transport mediator 3"
"152","RAPGEF1",0.651348374322648,0.0256372562096679,30.3372401705383,0.000754303433626111,0.165319512670792,4.06796831647808,4.74248277257949e-05,0.000307304704450485,0.243573584373942,1,"9",131576770,131740076,"protein_coding","Rap guanine nucleotide exchange factor 1"
"153","PALLD",0.650312140792316,0.0231671714458872,27.2597315973985,0.00236887671189837,0.139973163677198,4.27253231038771,1.93265538601661e-05,0.000148243052576703,0.37673890066177,1,"4",168497052,168928457,"protein_coding","palladin, cytoskeletal associated protein"
"154","PCF11",0.64878978436843,0.0439903830584773,52.2812585291442,1.01213867695615e-07,0.348480808624316,3.09332200570137,0.00197929245373563,0.00647455118572723,0.164043584385896,1,"11",83156988,83187451,"protein_coding","PCF11 cleavage and polyadenylation factor subunit"
"155","DLG5",0.648649068517613,0.0314878310451275,37.5144811857489,4.60915403008543e-05,0.225816643038019,3.65542961095099,0.000256751650488773,0.00121832537805228,0.243160586563839,1,"10",77790791,77926755,"protein_coding","discs large MAGUK scaffold protein 5"
"156","BMPR1A",0.648050513283946,0.0217081016246194,25.5154693750071,0.00444951649157663,0.125036224197279,4.39843254467215,1.09035504620714e-05,9.34843935297398e-05,0.240175670320449,1,"10",86755786,86932825,"protein_coding","bone morphogenetic protein receptor type 1A"
"157","SAMD1",0.647307333339107,0.0361628925398798,43.4459131047759,4.13821112866966e-06,0.275184160300657,3.40391688159514,0.000664269634085501,0.00264501004942448,0.298573987982291,1,"19",14087851,14091036,"protein_coding","sterile alpha motif domain containing 1"
"158","CALCOCO1",0.645637592777199,0.0211858148623748,24.6998932924328,0.00594432470020075,0.120418638737929,4.43574144090676,9.1755926532322e-06,8.11494196822217e-05,0.18980466026648,1,"12",53708517,53727745,"protein_coding","calcium binding and coiled-coil domain 1"
"159","TNS3",0.643668022927074,0.0214383687237226,25.3132436077124,0.0047823420171986,0.124214165330324,4.39608484792887,1.10220863935862e-05,9.43085391301556e-05,0.398645779534003,1,"7",47275154,47582558,"protein_coding","tensin 3"
"160","ZXDC",0.64360668048733,0.0240819516629346,28.4243882392992,0.0015432187432895,0.14978153798613,4.14738834758746,3.36289375950649e-05,0.000231598382747984,0.189249674159091,1,"3",126437601,126475891,"protein_coding","ZXD family zinc finger C"
"161","ZNF704",0.641161259720572,0.0244709291836613,28.7180039873277,0.00138393556292266,0.152684147712707,4.09866141587515,4.15546391820953e-05,0.000275720469375997,0.243903990597028,1,"8",80628451,80874781,"protein_coding","zinc finger protein 704"
"162","SMC1A",0.640506647551998,0.019764747320077,23.2801501050061,0.0097584200500855,0.108140210993376,4.55594012849582,5.21517908369518e-06,5.13704905996941e-05,0.237854474743754,1,"X",53374149,53422728,"protein_coding","structural maintenance of chromosomes 1A"
"163","KAT6B",0.639076713771395,0.0261695753454293,30.9423382191885,0.000599729014236834,0.170411657344851,3.95052355504589,7.79804224115832e-05,0.000462041139830952,0.163128064688341,1,"HG2191_PATCH",29603,237300,"protein_coding","lysine acetyltransferase 6B"
"164","MID1IP1",0.638478974162595,0.0185427738661814,22.047221272021,0.0148658371089678,0.0971751970676999,4.68877344798773,2.74847465187023e-06,3.07268367031613e-05,0.487816085631291,1,"X",38801440,38806537,"protein_coding","MID1 interacting protein 1"
"165","MAP3K20",0.637140091471403,0.0116682083556677,14.336509067343,0.158188264393274,0.0349964653690264,5.89838132329934,3.67084851404798e-09,1.25177719182446e-07,0.335651403656295,1,"2",173075435,173268015,"protein_coding","mitogen-activated protein kinase kinase kinase 20"
"166","PTBP1",0.63613597947134,0.0357971752573919,43.1330539112478,4.7078712960726e-06,0.271743945107978,3.36221576924313,0.000773196804233711,0.00299651146824043,0.259267093198663,1,"19",797075,812327,"protein_coding","polypyrimidine tract binding protein 1"
"167","USF2",0.635419554160768,0.0201353672110583,23.5923880005665,0.0087590286872427,0.11069586550635,4.47796606794494,7.53575756284874e-06,6.89058405572958e-05,0.238614528972616,1,"19",35268962,35279821,"protein_coding","upstream transcription factor 2, c-fos interacting"
"168","ELN",0.635368615069618,0.0171121698674831,20.3706668742544,0.0259354330202717,0.0834658012401391,4.85705718918089,1.19143191490423e-06,1.55893827671548e-05,0.443770684529995,1,"7",74027789,74069907,"protein_coding","elastin"
"169","GIGYF2",0.635204376746249,0.0162130570024306,19.1699150214951,0.0381568305613442,0.0742544044378015,4.98862693243004,6.08099504528781e-07,8.88500942728163e-06,0.163198340755575,1,"2",232697299,232860605,"protein_coding","GRB10 interacting GYF protein 2"
"170","SP1",0.63510434019667,0.0219302039762097,25.8868720188851,0.00389535297719827,0.128976751854682,4.28868101244941,1.79737286738479e-05,0.000140061944925097,0.279919703188301,1,"12",53380176,53416446,"protein_coding","Sp1 transcription factor"
"171","MLLT6",0.635045149975223,0.023669179126854,28.2134604007531,0.00166847603173883,0.147791011938853,4.12774638142296,3.66335831010201e-05,0.000248626375814704,0.216720866315725,1,"HSCHR17_7_CTG4",2740861,2765122,"protein_coding","MLLT6, PHD finger containing"
"172","LZTR1",0.63450720609121,0.019074870697444,22.4512956658093,0.0129635493523781,0.100848252703502,4.5941562041495,4.34503824986443e-06,4.39940350226889e-05,0.226873548271547,1,"22",20982269,20999032,"protein_coding","leucine zipper like post translational regulator 1"
"173","KSR1",0.634332630433264,0.0276665156197136,33.0699982569704,0.000265105074846264,0.18739386833926,3.81364109688197,0.000136934287962021,0.00073087199866081,0.181206325817595,1,"17",27456448,27626438,"protein_coding","kinase suppressor of ras 1"
"174","MXI1",0.633108147182387,0.0276606075375778,32.5024470083262,0.000330085477867218,0.184348444703882,3.80668591280688,0.000140841427368033,0.000748120078723404,0.272171158392601,1,"10",110207605,110287365,"protein_coding","MAX interactor 1, dimerization protein"
"175","CRTAP",0.632716646172563,0.0202911559886992,24.0771297159936,0.00739827600217672,0.113662605566659,4.44176794627686,8.92227526683165e-06,7.92756214586731e-05,0.332317602210592,1,"3",33114014,33147773,"protein_coding","cartilage associated protein"
"176","PIEZO1",0.631977014223387,0.0256964284894996,30.4668134503771,0.000718238256851853,0.165837027176143,3.94243825209324,8.06574199023746e-05,0.000474163764947181,0.291903613957723,1,"16",88715338,88785220,"protein_coding","piezo type mechanosensitive ion channel component 1 (Er blood group)"
"177","GKAP1",0.630927522621405,0.0312145695663422,36.9878670865154,5.68676065780842e-05,0.219753266879596,3.57109001587858,0.000355498681713806,0.00158905720485627,0.238625274001567,1,"9",83739425,83829516,"protein_coding","G kinase anchoring protein 1"
"178","SYNE2",0.630541398996666,0.0171070742426656,20.2877056125649,0.0266459552171337,0.0828385764517691,4.82087350216858,1.4293097452267e-06,1.80942701802466e-05,0.367097043144979,1,"14",63761899,64226433,"protein_coding","spectrin repeat containing nuclear envelope protein 2"
"179","RUFY1",0.630306032498263,0.0286503518255444,34.1823557816557,0.000172009737493555,0.196376404374822,3.72380116902902,0.000196245503280679,0.000980295676406809,0.164345172232324,1,"5",179550554,179610012,"protein_coding","RUN and FYVE domain containing 1"
"180","GIT1",0.630203342541958,0.0176135109785564,20.8840214246221,0.0219169662892143,0.0878937120637962,4.74851413473407,2.049165688911e-06,2.43446900591121e-05,0.269558298791522,1,"17",29573475,29594054,"protein_coding","GIT ArfGAP 1"
"181","ZNF692",0.62990823934785,0.0275262048410829,32.37186620092,0.000347110699961251,0.182793396220876,3.79668109985995,0.000146646241310888,0.000773703695422343,0.310622000675699,1,"1",248850006,248859144,"protein_coding","zinc finger protein 692"
"182","GIGYF1",0.629613082609645,0.0214640506346627,25.4052506904481,0.00462805410331653,0.124388131252098,4.29751995022747,1.72719719593317e-05,0.000135980908211995,0.235665365301754,1,"7",100679507,100694250,"protein_coding","GRB10 interacting GYF protein 1"
"183","FGFR1",0.629477966250278,0.0194106824022287,22.9480717206263,0.0109398856601822,0.10468106738168,4.51814465260535,6.23838612368033e-06,5.94638904210432e-05,0.271210650566219,1,"8",38400215,38468834,"protein_coding","fibroblast growth factor receptor 1"
"184","POLDIP3",0.628257056384487,0.0282588913145104,33.9625088057238,0.000187418301533828,0.195104967977658,3.73731596079034,0.000185995137446993,0.000940480098986956,0.235806766349049,1,"22",42583721,42614962,"protein_coding","DNA polymerase delta interacting protein 3"
"185","CDC42EP4",0.627385062758683,0.0168606561912879,19.9793102839453,0.0294489864387207,0.0804710002648735,4.83166636808436,1.35395009315253e-06,1.72695307539271e-05,0.354522743529574,1,"17",73283624,73312005,"protein_coding","CDC42 effector protein 4"
"186","TBC1D1",0.627374801348237,0.0259939417499025,30.8811732689761,0.000613829778125056,0.168738639023037,3.89126672636011,9.9722235312294e-05,0.000564323784553702,0.171519174439897,1,"4",37891084,38139175,"protein_coding","TBC1 domain family member 1"
"187","VCAN",0.627025932076877,0.0316356115750457,37.4947087488809,4.64571507929237e-05,0.223320518663239,3.52531058619149,0.000422986548556992,0.00183157789290782,0.373777706784105,1,"5",83471618,83582303,"protein_coding","versican"
"188","PAN2",0.62659366483718,0.0380960182664848,45.6430533524095,1.66432491175575e-06,0.293221016965941,3.21030434438644,0.00132594501395666,0.00467856280630338,0.290758903093441,1,"12",56316223,56334053,"protein_coding","poly(A) specific ribonuclease subunit PAN2"
"189","MAML1",0.626457034631031,0.0281144633218377,33.3912238836617,0.000234064549416388,0.190764699638172,3.7361679582184,0.000186845891620768,0.000944101239121269,0.219635053748978,1,"5",179732822,179777283,"protein_coding","mastermind like transcriptional coactivator 1"
"190","ZNF740",0.626368112114146,0.0327392074600411,39.3723858745569,2.18454556587136e-05,0.240274273429853,3.46174886962763,0.000536677675891051,0.00222756953824938,0.170660773912057,1,"12",53180704,53195142,"protein_coding","zinc finger protein 740"
"191","AKT2",0.624337453208665,0.0258847521675487,30.8290850158604,0.000626092543312686,0.169159632245408,3.88058662854701,0.000104204820185583,0.000583880004448645,0.195804154876806,1,"19",40230317,40285536,"protein_coding","AKT serine/threonine kinase 2"
"192","TYK2",0.623895325401006,0.0209918510585861,25.0181792475286,0.00531115348473247,0.121473888379688,4.30612233225886,1.66141201050074e-05,0.000131760681119245,0.240948901300388,1,"19",10350528,10380608,"protein_coding","tyrosine kinase 2"
"193","CEP250",0.621865118345714,0.0214891402903585,25.4531607331114,0.00454961740954636,0.125094142418382,4.24215640406411,2.21382318106311e-05,0.000165997290554412,0.232995881265782,1,"20",35455164,35519280,"protein_coding","centrosomal protein 250"
"194","SRSF4",0.618412234954736,0.0205457419424476,24.1139854804809,0.0073035191012937,0.114002159025543,4.31436772857501,1.6006033137117e-05,0.000127805289261838,0.142204493818059,1,"1",29147743,29181900,"protein_coding","serine and arginine rich splicing factor 4"
"195","TNRC6B",0.618231501149456,0.0240667959581487,28.2617249523113,0.00163897293568965,0.148163760255149,3.98512540271165,6.7444497665381e-05,0.000408531103310282,0.131884892744782,1,"22",40044817,40335808,"protein_coding","trinucleotide repeat containing adaptor 6B"
"196","ZNF318",0.617607904402216,0.0406955341281239,48.8048656869216,4.4226934835693e-07,0.319261016592589,3.06153669492182,0.00220203999195578,0.00706371724817041,0.144414015794627,1,"6",43307134,43369647,"protein_coding","zinc finger protein 318"
"197","ZSCAN29",0.617555194379197,0.0241457499479346,28.6923084201592,0.00139721234024712,0.151309791626292,3.97425225760719,7.06007060284897e-05,0.00042428987570392,0.17516701451149,1,"15",43358172,43371043,"protein_coding","zinc finger and SCAN domain containing 29"
"198","EFCAB2",0.617074456756306,0.0125122084728583,15.1378334021131,0.127116921650166,0.0415002449039956,5.5165884226052,3.45643620391911e-08,8.23133005336229e-07,0.283299330195285,1,"1",244969682,245127164,"protein_coding","EF-hand calcium binding domain 2"
"199","NCOA5",0.616923638095816,0.0169828948347293,20.0600383104324,0.0286899134139501,0.0811433491665454,4.73397053940621,2.20169697984218e-06,2.58013728377901e-05,0.227669622529993,1,"20",46060991,46089962,"protein_coding","nuclear receptor coactivator 5"
"200","TBC1D2B",0.616455917747831,0.0340373212305443,40.3722190755007,1.45688107385407e-05,0.24962382432564,3.34136823255813,0.000833665768229297,0.00318509674297157,0.231027754536479,1,"15",77984036,78077724,"protein_coding","TBC1 domain family member 2B"
"201","CARHSP1",0.616211753190531,0.0157144180250164,18.7888197991543,0.0430284415018513,0.0705539778329208,4.91564856875492,8.84890128061144e-07,1.2136954559587e-05,0.337673699682652,1,"16",8852942,8869012,"protein_coding","calcium regulated heat stable protein 1"
"202","MGA",0.615984111904477,0.0361239579443254,43.048237240259,4.87523393264724e-06,0.269386104886289,3.24094638488898,0.00119133588268761,0.00427523571068518,0.151125033435881,1,"15",41621134,41773081,"protein_coding","MAX dimerization protein MGA"
"203","BTBD7",0.61452114142091,0.0228469612893099,26.8495780265526,0.00275088290875736,0.137120231170321,4.06558088331476,4.79129733985673e-05,0.000309990455198602,0.189485514730601,1,"14",93237550,93333092,"protein_coding","BTB domain containing 7"
"204","SYNM",0.612810310499707,0.0136317700868207,16.5460605154202,0.0850316003165753,0.0524883524952831,5.24867808674713,1.53194502416909e-07,2.86215907002557e-06,0.33830985324823,1,"15",99098217,99135593,"protein_coding","synemin"
"205","HBP1",0.611624885089788,0.0348287005016408,41.68036697204,8.54697070184403e-06,0.258912632465186,3.27730236817368,0.00104804070482056,0.00385031891556219,0.219365683048686,1,"7",107168961,107202522,"protein_coding","HMG-box transcription factor 1"
"206","C3orf62",0.610496967242327,0.0335171635009268,39.9020598061909,1.76309950411987e-05,0.243491435748226,3.33464711413418,0.000854077094895045,0.00324422857493983,0.301538448907807,1,"3",49268596,49277232,"protein_coding","chromosome 3 open reading frame 62"
"207","DGCR8",0.608509664613948,0.0148061033059205,17.6125087902607,0.0618626012692353,0.0613310975027129,5.00088759083565,5.70669794530687e-07,8.45555808234201e-06,0.195194776008713,1,"22",20080221,20111877,"protein_coding","DGCR8 microprocessor complex subunit"
"208","PHF2",0.608269256116991,0.0317669045446898,38.2953470189573,3.37111447313478e-05,0.230072628623137,3.41278097723215,0.00064303600100124,0.0025819613475317,0.20740163743898,1,"9",93576584,93679587,"protein_coding","PHD finger protein 2"
"209","ABCA1",0.607000371648618,0.0167068445344017,19.7433829559258,0.0317754420010078,0.078357651912667,4.69614763237853,2.65113959962981e-06,2.98608014861945e-05,0.34923962894955,1,"9",104781006,104928155,"protein_coding","ATP binding cassette subfamily A member 1"
"210","KMT2D",0.606824914049746,0.0189866184579327,22.6028708153102,0.0123112715294414,0.101449568428219,4.40392172706843,1.06311314147511e-05,9.18222516282282e-05,0.199373411997816,1,"12",49018975,49060794,"protein_coding","lysine methyltransferase 2D"
"211","FBH1",0.606270921136658,0.0290456619236465,34.7888971558848,0.000135655765831729,0.201693253334874,3.55734592761029,0.000374620690299698,0.00165693069663772,0.125166350495585,1,"10",5890203,5937594,"protein_coding","F-box DNA helicase 1"
"212","CIC",0.604796181934064,0.0347029218211559,42.1649325643141,7.00851810419955e-06,0.262058221024263,3.24657933430949,0.00116800889520685,0.00420515180615198,0.214296964960501,1,"19",42268537,42295797,"protein_coding","capicua transcriptional repressor"
"213","DENND2A",0.604673244382282,0.0266295710393386,31.8564762320753,0.000423093728403717,0.177481639429473,3.70543045781813,0.000211032026585789,0.00104203563467848,0.331003048338134,1,"7",140518420,140673993,"protein_coding","DENN domain containing 2A"
"214","ERGIC1",0.604231041518056,0.0197789280595104,23.474485396718,0.00912437802443632,0.108929908624461,4.2963698215109,1.73617846561669e-05,0.000136404760704164,0.177192693792698,1,"5",172834251,172952792,"protein_coding","endoplasmic reticulum-golgi intermediate compartment 1"
"215","ELMOD3",0.603117610207671,0.0214576922761838,25.55716148569,0.00438372213040965,0.125318530154549,4.11728095182616,3.83368614924606e-05,0.000258114421056439,0.180769937893723,1,"2",85354394,85391752,"protein_coding","ELMO domain containing 3"
"216","TBC1D14",0.602905630732179,0.0214271164594408,25.4719847415403,0.00451915015534495,0.124810885507014,4.11876937471552,3.80901123626654e-05,0.000256864091061051,0.132367918969398,1,"4",6909242,7033118,"protein_coding","TBC1 domain family member 14"
"217","PNISR",0.601956822906196,0.0370245340710745,44.2253686736349,2.99858230506632e-06,0.280077130501128,3.12838748893128,0.00175768290142253,0.00587591153233421,0.219571736227993,1,"6",99397629,99425331,"protein_coding","PNN interacting serine and arginine rich protein"
"218","TLN1",0.601083748038401,0.0341769892379116,41.2036247797209,1.03849038440135e-05,0.254553109170259,3.25138265765587,0.00114845171684452,0.00415062225839536,0.327909319263186,1,"9",35696948,35732195,"protein_coding","talin 1"
"219","RBPMS",0.600758034809503,0.0249978490875813,29.837312185921,0.000910725437965816,0.160872520607758,3.79969088485167,0.000144876684328832,0.000766073244101187,0.419450977039352,1,"8",30384511,30572256,"protein_coding","RNA binding protein, mRNA processing factor"
"220","NAA16",0.600631643768611,0.0390894957248071,45.8431678998219,1.53117162304985e-06,0.293553006767013,3.03793288447011,0.00238207001403579,0.00753438861925931,0.178716165642398,1,"13",41311267,41377030,"protein_coding","N-alpha-acetyltransferase 16, NatA auxiliary subunit"
"221","PPP4R3A",0.59994038492393,0.0453167105222988,54.841192994404,3.381255797221e-08,0.368252730254258,2.81824606093869,0.0048286789620644,0.0134795549106853,0.112691698091508,1,"14",91457508,91510554,"protein_coding","protein phosphatase 4 regulatory subunit 3A"
"222","DNASE1",0.599750215887296,0.0258068384816,30.4723516433513,0.000716734813147015,0.165629551584384,3.73338700203465,0.000188921971631562,0.000951070295495935,0.27038917724177,1,"16",3611728,3680143,"protein_coding","deoxyribonuclease 1"
"223","ATP10D",0.599088735470268,0.0194406734576854,22.8793191026414,0.0112009041253363,0.103840751839483,4.29670464103469,1.73355930346286e-05,0.000136300776326079,0.25679074887517,1,"4",47485275,47593486,"protein_coding","ATPase phospholipid transporting 10D (putative)"
"224","U2AF2",0.597900512337654,0.0340994136168775,41.0658228473857,1.0985374202593e-05,0.252788227637278,3.23784064237554,0.00120438062800932,0.00431322015545804,0.159348302103556,1,"19",55654146,55674716,"protein_coding","U2 small nuclear RNA auxiliary factor 2"
"225","CDK13",0.5971666840911,0.0289291965835965,34.4425466223625,0.000155373329042998,0.197321866332988,3.51097214664729,0.000446471176065888,0.00191436092047096,0.0793248222693913,1,"7",39950121,40099580,"protein_coding","cyclin dependent kinase 13"
"226","SAFB2",0.596932598937659,0.022423278928204,26.5929504753847,0.00301945495948236,0.133686992592166,3.9863528467248,6.70967086826568e-05,0.000407473055248593,0.224459332723679,1,"19",5586981,5624046,"protein_coding","scaffold attachment factor B2"
"227","KIAA1958",0.59648503203366,0.0217366954487193,25.6627124936951,0.00422130544341664,0.126707561613175,4.04578490647937,5.2148099116911e-05,0.000331379041201996,0.337184903790336,1,"9",112486827,112669397,"protein_coding","KIAA1958"
"228","CARD8",0.596095774773454,0.0231908638405037,27.5030991044957,0.00216701466819207,0.14140655419395,3.91433129909652,9.06550935753092e-05,0.000520431969665622,0.285347212209251,1,"19",48180770,48255946,"protein_coding","caspase recruitment domain family member 8"
"229","YAP1",0.59563045113463,0.0169419911093339,19.9788521720537,0.0294533466750637,0.0802606670838407,4.57609116460331,4.73744165740975e-06,4.74646535580481e-05,0.378619542461316,1,"11",102110447,102233424,"protein_coding","Yes1 associated transcriptional regulator"
"230","PAPOLA",0.595481347807619,0.0228029320950025,26.9132847814854,0.00268787227962098,0.136913290995012,3.94341801107554,8.03284619337319e-05,0.000472626073569832,0.248535773280462,1,"14",96501433,96567116,"protein_coding","poly(A) polymerase alpha"
"231","PSD2",0.595363202630001,0.0195839325106091,23.2212642246639,0.00995867072634137,0.106113790226147,4.25433845125597,2.09667967332461e-05,0.000158871296993672,0.297349241841483,1,"5",139795808,139844466,"protein_coding","pleckstrin and Sec7 domain containing 2"
"232","SMG9",0.594499220520537,0.0226697441339394,26.6747599940266,0.00293120292746173,0.135171144172802,3.94846216004191,7.86548456164216e-05,0.000465381876200649,0.204733368743716,1,"19",43727983,43754962,"protein_coding","SMG9 nonsense mediated mRNA decay factor"
"233","CROCC",0.594432559476051,0.0202700138278398,23.9962233225285,0.00761042142741027,0.112747225830976,4.17518349458168,2.97745957789086e-05,0.000209727986336872,0.337381327672085,1,"1",16740273,16972964,"protein_coding","ciliary rootlet coiled-coil, rootletin"
"234","FMNL3",0.594074395417679,0.0240008115450297,28.667566349645,0.00141011323189793,0.151191038952127,3.83466890018112,0.000125733549417806,0.00068128608801201,0.24123554437181,1,"12",49636499,49708165,"protein_coding","formin like 3"
"235","HIP1",0.593553900736855,0.029887222620704,36.0119624685494,8.37785779489729e-05,0.210970249540348,3.43334451336361,0.000596184039147296,0.00242203363268181,0.351348537798544,1,"7",75533298,75738962,"protein_coding","huntingtin interacting protein 1"
"236","NFATC3",0.59297286676686,0.0310190747188815,37.5464921149838,4.55056247371149e-05,0.222898694537659,3.36682390384612,0.000760392270249266,0.00295833087389877,0.23089451001553,1,"16",68084751,68229259,"protein_coding","nuclear factor of activated T cells 3"
"237","ASXL2",0.589813305768118,0.0317215693807163,37.8113309936001,4.09312103729304e-05,0.226235364106097,3.31159511323121,0.000927656994439197,0.00346984945120012,0.163798570622175,1,"2",25733753,25878487,"protein_coding","ASXL transcriptional regulator 2"
"238","LHFPL2",0.588659288352701,0.0180038771319662,21.2888423916173,0.0191670943564912,0.0906384144937467,4.38713482045525,1.14853602541931e-05,9.73617968365121e-05,0.366614452072887,1,"5",78485215,78770021,"protein_coding","LHFPL tetraspan subfamily member 2"
"239","POU3F2",0.588546118469932,0.017359722079754,20.6255976143147,0.0238609810545963,0.0853486598209516,4.46692968088891,7.9350197759176e-06,7.18694860461929e-05,0.295245404701257,1,"6",98834574,98839458,"protein_coding","POU class 3 homeobox 2"
"240","MSL2",0.588478795154037,0.0168036837851581,20.0102495389906,0.0291558935787224,0.0802802299751295,4.53971478270525,5.63303738765342e-06,5.48953712997813e-05,0.163879376054108,1,"3",136148917,136197241,"protein_coding","MSL complex subunit 2"
"241","WDR6",0.587433448133055,0.0252551232890825,30.0253394179458,0.000848503785376353,0.161804417200484,3.69644224442555,0.000218641970670452,0.0010704395626146,0.15549397004457,1,"3",49007062,49015953,"protein_coding","WD repeat domain 6"
"242","TMEM184B",0.586464792159314,0.0236461659855682,28.1969636321691,0.0016786777135513,0.147060244381189,3.81383217126586,0.000136828405123302,0.000730677574567072,0.201329279226698,1,"22",38219291,38273010,"protein_coding","transmembrane protein 184B"
"243","DVL2",0.586381609191905,0.0256842380571361,30.8222306486441,0.000627723900742898,0.168572879425486,3.65887015550697,0.000253329643712608,0.00120573123810338,0.201515932753396,1,"17",7225342,7234517,"protein_coding","dishevelled segment polarity protein 2"
"244","MGAT1",0.586196963374111,0.0206585661410549,24.7575678439633,0.00582446831518807,0.118641263539874,4.07843435916947,4.53399994269077e-05,0.000296443004332548,0.241264402366677,1,"5",180784780,180815652,"protein_coding","alpha-1,3-mannosyl-glycoprotein 2-beta-N-acetylglucosaminyltransferase"
"245","ECE1",0.585312577688287,0.0251480447494186,30.1078037295251,0.000822539078804239,0.162190645344813,3.69092945403096,0.000223436105587949,0.00108897281945111,0.271255495528418,1,"1",21217247,21345572,"protein_coding","endothelin converting enzyme 1"
"246","ATP8B2",0.585024204894468,0.0184664787235465,21.6791244560339,0.0168253666915513,0.0944083826738677,4.30508558893931,1.66921187638724e-05,0.000132279540034605,0.209345576907625,1,"1",154325525,154351304,"protein_coding","ATPase phospholipid transporting 8B2"
"247","ATG16L2",0.584497900728833,0.0235215111252496,28.0059023752807,0.00180132495486682,0.146273788767248,3.81110001418907,0.000138349774320812,0.000736372186114313,0.281621967028559,1,"11",72814406,72843674,"protein_coding","autophagy related 16 like 2"
"248","PTPN12",0.584412687527929,0.0264086831487871,31.5234712863636,0.00048059254808896,0.1732179070397,3.59622009012228,0.000322874654391736,0.00146789506713978,0.176355840431146,1,"7",77537295,77640069,"protein_coding","protein tyrosine phosphatase non-receptor type 12"
"249","PNPLA6",0.584074054484114,0.00960032068675738,12.4659829285451,0.255079259189785,0.0197060673054366,5.9610812924429,2.5057427244235e-09,8.95090440099667e-08,0.239902981514829,1,"19",7534004,7561764,"protein_coding","patatin like phospholipase domain containing 6"
"250","GOLGA3",0.584058994719382,0.0188702804868353,22.3020560349828,0.0136376273896097,0.0991848925620806,4.25174822268923,2.1210824322937e-05,0.00016030019531415,0.192507469452906,1,"12",132768902,132829143,"protein_coding","golgin A3"
"251","KAT2A",0.581861896620919,0.026756285548981,31.888289889296,0.000417966142142464,0.176547288463326,3.55718954448987,0.000374843695694294,0.00165756859130053,0.196525776179445,1,"17",42113111,42121367,"protein_coding","lysine acetyltransferase 2A"
"252","SGF29",0.58167424731009,0.00945374689575652,12.3038187764627,0.265237516863661,0.018488199805052,5.98243310587374,2.19828799608024e-09,8.0578361389422e-08,0.302096957603957,1,"16",28553915,28591790,"protein_coding","SAGA complex associated factor 29"
"253","YES1",0.581277034143011,0.0126068340442312,15.3378471374685,0.120221423382428,0.0428419671738811,5.17702362307381,2.25453679059129e-07,3.94637721081869e-06,0.321797917786388,1,"18",721588,812546,"protein_coding","YES proto-oncogene 1, Src family tyrosine kinase"
"254","RFTN2",0.580664325098072,0.0293824448713541,34.8589448524962,0.000131977544770678,0.202438767252783,3.3875146309695,0.000705289553182276,0.00277941735797829,0.381830206854398,1,"2",197568224,197676045,"protein_coding","raftlin family member 2"
"255","FLII",0.580486860099309,0.0287156285239053,34.6451182813601,0.000143523591087621,0.199303756429558,3.42557302637461,0.000613503985423147,0.00248042349217967,0.1982788370425,1,"17",18244815,18258738,"protein_coding","FLII actin remodeling protein"
"256","CLIP2",0.579857853901047,0.0246464339996385,29.5511664190195,0.00101402149743863,0.15833566381024,3.69355438422424,0.00022114118862504,0.00108029036653607,0.275238511363385,1,"7",74289407,74405935,"protein_coding","CAP-Gly domain containing linker protein 2"
"257","KAT6A",0.57825442546983,0.0335911217602653,40.0027688061604,1.69257313443464e-05,0.24505133647137,3.15505338130381,0.00160468742155406,0.00545526310381281,0.19402363370304,1,"8",41929479,42051994,"protein_coding","lysine acetyltransferase 6A"
"258","PGS1",0.578033694952785,0.0298340585965261,35.6782072302033,9.55932539530796e-05,0.208807344279592,3.34654744126411,0.000818246767166242,0.00313472541536375,0.149401760980168,1,"17",78378649,78425114,"protein_coding","phosphatidylglycerophosphate synthase 1"
"259","CSPP1",0.577925258637461,0.0349866085607446,42.0299191198233,7.407314698656e-06,0.258723568734151,3.08973158871132,0.00200337453150645,0.0065350387818443,0.138859103293232,1,"8",67062417,67196778,"protein_coding","centrosome and spindle pole associated protein 1"
"260","PACSIN2",0.577683569964323,0.0356149130079724,42.781774737094,5.44023107125793e-06,0.268832112643071,3.06107571498444,0.00220543316472388,0.0070713675382186,0.126528162184599,1,"22",42835412,43015149,"protein_coding","protein kinase C and casein kinase substrate in neurons 2"
"261","STK10",0.577605303905325,0.0240550885540012,28.5959063641553,0.00144813351068152,0.150033757907255,3.7241545233723,0.00019597087187595,0.000979388870372919,0.30929691259865,1,"5",172042079,172188224,"protein_coding","serine/threonine kinase 10"
"262","CPQ",0.577208168972104,0.0245481402350574,29.2672452445101,0.00112773926877943,0.155943323773531,3.68403010973005,0.000229575104707669,0.00111373304197587,0.306164278862937,1,"8",96645242,97149654,"protein_coding","carboxypeptidase Q"
"263","PPP1CC",0.576878139965231,0.0250859168995219,30.030431625879,0.000846877594637383,0.160605751829474,3.64224447024048,0.000270271213383966,0.00127158012737,0.213242507836444,1,"12",110719680,110742939,"protein_coding","protein phosphatase 1 catalytic subunit gamma"
"264","TRAF3IP2",0.576860314297398,0.00874965957318783,11.7245399497928,0.303914984097749,0.0137753086449398,6.16701612825379,6.95906665626467e-10,2.99424872081408e-08,0.312495406303323,1,"6",111555381,111606906,"protein_coding","TRAF3 interacting protein 2"
"265","SETD2",0.575421998386813,0.033131982003457,39.9680713786789,1.71655166074716e-05,0.243012655642609,3.16127846270287,0.00157078254215404,0.00536688286569031,0.136503384040543,1,"3",47016428,47164113,"protein_coding","SET domain containing 2, histone lysine methyltransferase"
"266","MAF",0.574293775471598,0.0165137868739967,19.5593763119962,0.0337067391319772,0.07684775390826,4.46900428952826,7.85845549633457e-06,7.13603382144494e-05,0.303920568109991,1,"16",79585843,79600737,"protein_coding","MAF bZIP transcription factor"
"267","CCDC40",0.57374148973882,0.0215437707432464,25.6196561359142,0.00428684744923476,0.125397605402644,3.90890753448399,9.27144394098356e-05,0.000529940724037745,0.356402229461529,1,"17",80036632,80100613,"protein_coding","coiled-coil domain 40 molecular ruler complex subunit"
"268","REXO4",0.573354523147732,0.0166041770373338,19.7721775289961,0.0314826523419743,0.0783748477824927,4.44953436538769,8.605665986261e-06,7.70735164576505e-05,0.199599239484652,1,"9",133406059,133418096,"protein_coding","REX4 homolog, 3'-5' exonuclease"
"269","WWC2",0.572920852495582,0.0225435571938259,26.7472523092964,0.00285508594140481,0.13454139743419,3.8157806979854,0.000135753034291364,0.000725671707695705,0.201441266984,1,"4",183099257,183320777,"protein_coding","WW and C2 domain containing 2"
"270","KDM4B",0.572855481286832,0.0279485722785275,33.7438089590712,0.000204086442803946,0.191219281242971,3.42661458646023,0.000611155842669575,0.00247425801996688,0.129098963247733,1,"19",4969113,5153611,"protein_coding","lysine demethylase 4B"
"271","ZBTB1",0.572782801624217,0.0324652252868028,38.7742493079892,2.780623831442e-05,0.233380577278606,3.17892849245126,0.00147820553334821,0.00510948651579535,0.20704026656607,1,"14",64503712,64533690,"protein_coding","zinc finger and BTB domain containing 1"
"272","DTNA",0.572769340393686,0.0176680954132714,20.9182422066479,0.0216709370948099,0.0877961014097747,4.30908335069125,1.63932581709325e-05,0.000130254589092304,0.284757294698842,1,"18",34493291,34891844,"protein_coding","dystrobrevin alpha"
"273","ITPK1",0.572598179888553,0.0109864638734987,13.8362692185873,0.180591730934363,0.030585778652806,5.46287165396146,4.68493328575903e-08,1.05536398642794e-06,0.208450745217837,1,"HSCHR14_7_CTG1",51476,230882,"protein_coding","inositol-tetrakisphosphate 1-kinase"
"274","NUP188",0.572380548589045,0.0255057819894794,30.4882401682968,0.000712438583202403,0.165629911237872,3.58397973156291,0.000338398356583225,0.00152427776118841,0.198059703585555,1,"9",128947699,129007096,"protein_coding","nucleoporin 188"
"275","FCHSD2",0.572323165682965,0.0263775287881456,31.6101124044233,0.000464937253602792,0.174422927436284,3.52390565157192,0.000425235635740151,0.00184055909812236,0.216395270298604,1,"11",72836745,73142318,"protein_coding","FCH and double SH3 domains 2"
"276","LTBP3",0.572118336062944,0.014890691132616,17.9211218322167,0.0563088703948564,0.0633053066327041,4.68844082722893,2.75294492091405e-06,3.07604679426615e-05,0.209976111264893,1,"11",65538559,65558930,"protein_coding","latent transforming growth factor beta binding protein 3"
"277","HDAC7",0.57047505663791,0.0240693600536088,28.7968977861348,0.00134393222747179,0.151264401458147,3.67709108897633,0.000235908817464381,0.001138161320672,0.263889145792546,1,"12",47782722,47833132,"protein_coding","histone deacetylase 7"
"278","ELF1",0.570168106982003,0.0262711342594925,30.9741136475291,0.00059252883106791,0.170292416669166,3.5177381516133,0.00043524160778885,0.00187576473328091,0.401939011531178,1,"13",40931919,41061440,"protein_coding","E74 like ETS transcription factor 1"
"279","IQCE",0.569974778161203,0.0211226938998877,24.992221345335,0.0053602692370234,0.120775175579526,3.92175975486841,8.79046160360275e-05,0.000507271838013719,0.232697129384523,1,"7",2558972,2614733,"protein_coding","IQ motif containing E"
"280","TPD52L1",0.569609344683815,0.013584419268022,16.3614388473984,0.0897427427784106,0.0509915476488443,4.88716010519641,1.02300898729979e-06,1.36921813567351e-05,0.352719737929158,1,"6",125119049,125264407,"protein_coding","TPD52 like 1"
"281","ROCK1",0.569096436444163,0.0340443374393016,40.6390390575816,1.30710676915975e-05,0.249564241621553,3.08434835730689,0.00203998576630249,0.00662774869101364,0.240496343014248,1,"18",20944612,21111813,"protein_coding","Rho associated coiled-coil containing protein kinase 1"
"282","ATPAF2",0.566538154993959,0.0141478661806516,16.8854095982814,0.076938341923035,0.0554481096442662,4.76303411587191,1.90703584390661e-06,2.29280195175972e-05,0.251660356116311,1,"17",17977409,18039209,"protein_coding","ATP synthase mitochondrial F1 complex assembly factor 2"
"283","DISC1",0.56640056104615,0.0211946988189857,25.3777082345879,0.00467373191428677,0.12367048469473,3.89054148077253,0.000100020776290455,0.000565684787204522,0.354160894751914,1,"1",231626790,232041272,"protein_coding","DISC1 scaffold protein"
"284","QDPR",0.564866114346024,0.0172487455710638,20.710699363074,0.0232036816813315,0.0857040834287266,4.30097347949715,1.70049413159568e-05,0.000134259872269618,0.372751807407338,1,"4",17460261,17512206,"protein_coding","quinoid dihydropteridine reductase"
"285","HDGF",0.564486076073091,0.017792464130196,21.183846135872,0.0198474494818057,0.0897808191109082,4.23189793047185,2.31727571440299e-05,0.000172219996577319,0.196178320130863,1,"1",156742109,156766925,"protein_coding","heparin binding growth factor"
"286","SLC41A1",0.564430657897351,0.0127528411902059,15.509261598973,0.1145686224895,0.0441207785174842,4.99812506869594,5.7890434801422e-07,8.57153235905643e-06,0.20694148723295,1,"1",205789094,205813748,"protein_coding","solute carrier family 41 member 1"
"287","ZNF652",0.564290093310457,0.0385715751578912,46.3816296526443,1.22301599867579e-06,0.297117099404438,2.87321905867221,0.00406312276436216,0.0116786428985605,0.333325459802329,1,"17",49289206,49362473,"protein_coding","zinc finger protein 652"
"288","USP31",0.56421482854931,0.0158520662193114,18.8499795750357,0.0422100674722712,0.0709464115510042,4.48127459973836,7.41985692465086e-06,6.81422041443274e-05,0.235634998510318,1,"16",23061406,23149452,"protein_coding","ubiquitin specific peptidase 31"
"289","HDAC1",0.56408705044771,0.031295350633742,37.6514349803527,4.36357422853202e-05,0.224807060948225,3.18864535382597,0.00142941126051799,0.00497350966120365,0.233668126250738,1,"1",32292083,32333635,"protein_coding","histone deacetylase 1"
"290","PER1",0.563083054934767,0.0413965637738731,50.304962834486,2.34558145746278e-07,0.33008756159597,2.76751709179114,0.00564850835293051,0.0153744651676142,0.187847103494835,1,"17",8140467,8156506,"protein_coding","period circadian regulator 1"
"291","BMI1",0.562618092873179,0.0282601607944986,33.8587855375508,0.000195150153855453,0.193088613970462,3.34677395016829,0.000817578505843741,0.00313299386544233,0.205209207898923,1,"10",22321099,22331484,"protein_coding","BMI1 proto-oncogene, polycomb ring finger"
"292","GNA13",0.562502856910792,0.0187459758645105,22.1414060302716,0.0144002110988817,0.0975904288183402,4.10838094038069,3.98442517062225e-05,0.000266675329160269,0.296408257520869,1,"17",65009289,65056740,"protein_coding","G protein subunit alpha 13"
"293","CXXC1",0.562377566745354,0.0275609192285272,32.9493283513201,0.000277778139938207,0.186002711253164,3.3875143153222,0.000705290364745537,0.00277941735797829,0.188106604189569,1,"18",50282343,50287839,"protein_coding","CXXC finger protein 1"
"294","INVS",0.561723867682677,0.033366131019786,40.0962115340655,1.62962818837677e-05,0.243592987238535,3.07517582635961,0.00210378490250784,0.00679724114692338,0.142613260856577,1,"9",100099243,100302175,"protein_coding","inversin"
"295","ZFAND3",0.561560211535571,0.00760816020494896,10.8226724890207,0.37149941667088,0.00652715582806684,6.43808200906435,1.20992549312859e-10,6.46112496838214e-09,0.201345666417031,1,"6",37819727,38154624,"protein_coding","zinc finger AN1-type containing 3"
"296","ZFP36L2",0.561513874031667,0.0197896434656968,23.7367752051157,0.00833057603500173,0.110034175285969,3.99154938061041,6.56430159173826e-05,0.000400908288795858,0.341718065911101,1,"2",43222402,43226606,"protein_coding","ZFP36 ring finger protein like 2"
"297","CDC25B",0.561468999732867,0.00990086852579105,12.7926032971555,0.235499899841605,0.0222586646520379,5.642728255771,1.67376414950127e-08,4.47471381264379e-07,0.214693808830421,1,"20",3786772,3806121,"protein_coding","cell division cycle 25B"
"298","RUBCN",0.561360409145062,0.0192769655545799,22.9323298191667,0.01099913506127,0.103869896875199,4.04317411702543,5.27324309067545e-05,0.000334183839240396,0.122901620442158,1,"3",197668867,197749727,"protein_coding","rubicon autophagy regulator"
"299","DNMT1",0.561259057364103,0.0109444739690295,13.7951760224393,0.182540937146156,0.0302102325677175,5.36495293272355,8.09703306625664e-08,1.67678716253976e-06,0.234422552684758,1,"19",10133342,10231286,"protein_coding","DNA methyltransferase 1"
"300","PRRX1",0.560654378835463,0.0117382750913568,14.5108056152808,0.150940760740227,0.0360701413765725,5.17479413019663,2.28162415627509e-07,3.98220202090152e-06,0.379474284632873,1,"1",170662728,170739421,"protein_coding","paired related homeobox 1"
"301","SUN2",0.56019389961843,0.0273110934290047,32.6848935540987,0.000307658777157886,0.182963858021448,3.38975906788017,0.00069954075426848,0.00276245072631547,0.305305619512211,1,"22",38733290,38794143,"protein_coding","Sad1 and UNC84 domain containing 2"
"302","HIPK1",0.559283360528695,0.022294465982483,26.3553806510065,0.00329050262047211,0.132103450146304,3.74570319601833,0.000179889173447911,0.00091466123957082,0.200244406343133,1,"1",113929324,113977869,"protein_coding","homeodomain interacting protein kinase 1"
"303","KANSL1",0.559240669138894,0.0346658149634288,42.0723216908982,7.27971144685949e-06,0.2590008968703,3.00364110753455,0.0026676980885123,0.00826617503532481,0.147522083352162,1,"HSCHR17_1_CTG5",561512,758707,"protein_coding","KAT8 regulatory NSL complex subunit 1"
"304","RNF130",0.559193657644649,0.028438930955263,33.6336782038838,0.000213021556120601,0.19214009089884,3.31593190623597,0.000913380812002984,0.00342864090714412,0.257011139732918,1,"5",179911651,180072113,"protein_coding","ring finger protein 130"
"305","NFIA",0.559137609955472,0.0160648903751194,19.0961289841936,0.0390585502956427,0.0729278847514504,4.41143437055267,1.02688080634294e-05,8.90584178295777e-05,0.258074092310527,1,"1",60865259,61462788,"protein_coding","nuclear factor I A"
"306","MAPK4",0.557621283720372,0.0164215144821381,19.5688191415233,0.0336050462619175,0.0763849833681251,4.3514373794431,1.35247950681094e-05,0.000111988070929958,0.337297227789534,1,"18",50560087,50731826,"protein_coding","mitogen-activated protein kinase 4"
"307","BRD4",0.556865687938112,0.0271532089113557,32.9601844599017,0.000276614144576664,0.184655776050926,3.37940216951402,0.000726436563373012,0.00284569452492425,0.157487576639367,1,"19",15235519,15332545,"protein_coding","bromodomain containing 4"
"308","EPB41",0.556291949839651,0.0289022536983874,33.9318898568458,0.000189668944500467,0.194938577856813,3.27217800323455,0.00106722360998912,0.00390850909559114,0.23295501974851,1,"1",28887091,29120046,"protein_coding","erythrocyte membrane protein band 4.1"
"309","CFLAR",0.555962240588307,0.0250430601775286,29.9628424736635,0.000868711419610675,0.160569762977016,3.51318967689119,0.000442761278903747,0.00190232070647529,0.21322573570747,1,"2",201116154,201176687,"protein_coding","CASP8 and FADD like apoptosis regulator"
"310","SMARCC1",0.555803650571188,0.0289955997752464,35.0270977348909,0.000123542670508075,0.202571810796947,3.2640390557532,0.00109836023672272,0.00399610917873871,0.286637313086979,1,"3",47585269,47782106,"protein_coding","SWI/SNF related, matrix associated, actin dependent regulator of chromatin subfamily c member 1"
"311","TCF12",0.555071647049465,0.0382347672480859,45.8898703485476,1.50164728758713e-06,0.292679375758224,2.83870209857623,0.00452974244270909,0.0127875729229303,0.246602162412253,1,"15",56918623,57299281,"protein_coding","transcription factor 12"
"312","ZNF395",0.554652524344493,0.0253286511794813,30.4125770838581,0.000733125069671988,0.164234902752855,3.48509773949329,0.000491957305920776,0.00207430495322107,0.2068454891071,1,"8",28345590,28402701,"protein_coding","zinc finger protein 395"
"313","ILK",0.554344783960703,0.0322621698192825,39.0486877452642,2.48949342137583e-05,0.235002867787155,3.08626475329237,0.00202688260802453,0.00659536190424313,0.0826024896123711,1,"11",6603708,6610874,"protein_coding","integrin linked kinase"
"314","ABL2",0.554054504842313,0.0264899388557457,31.2606772049556,0.000531291676071103,0.172129981088316,3.40417605384187,0.000663639652452641,0.00264400661713075,0.17310622336641,1,"1",179099330,179229684,"protein_coding","ABL proto-oncogene 2, non-receptor tyrosine kinase"
"315","LPP",0.552801303513891,0.0297557584469185,35.5839190528933,9.92177511579417e-05,0.207216777738091,3.20467170737326,0.00135216610804911,0.00475824969281708,0.251784670790228,1,"3",188153284,188890671,"protein_coding","LIM domain containing preferred translocation partner in lipoma"
"316","RGCC",0.551573616713549,0.0241308112069026,28.4044588576657,0.0015546521385593,0.14850378657701,3.55072897041179,0.00038416580694367,0.00169309773315769,0.324097871100007,1,"13",41457550,41470871,"protein_coding","regulator of cell cycle"
"317","SLC22A23",0.55122340696411,0.0177108830543764,21.2492882259639,0.0194207872385071,0.0899223046221276,4.14197566817644,3.44326879535561e-05,0.000236366640960137,0.208369055551001,1,"6",3268962,3457050,"protein_coding","solute carrier family 22 member 23"
"318","RBM23",0.551180328178459,0.00911827824237361,12.0671792399697,0.280585611124777,0.0164734897967616,5.77214575092253,7.82683695632613e-09,2.38661810958119e-07,0.185397704579587,1,"14",22893204,22919182,"protein_coding","RNA binding motif protein 23"
"319","DEK",0.54914958662871,0.0263579018422482,31.6351016073116,0.000460515225129726,0.17336714870132,3.38248004275393,0.000718344971242901,0.00282135116575521,0.164790168676201,1,"6",18223860,18264548,"protein_coding","DEK proto-oncogene"
"320","FKBP5",0.548188937467043,0.0311358273451636,36.9388294896656,5.79890326052507e-05,0.219177414268948,3.10670532627725,0.00189184876610482,0.0062384416999875,0.421889797415117,1,"6",35573585,35728583,"protein_coding","FKBP prolyl isomerase 5"
"321","CCDC146",0.548144667839211,0.0314134111355728,37.5681851479542,4.51127382164252e-05,0.223458736233562,3.09269893381265,0.00198345244846077,0.00648412671156223,0.210466501769363,1,"7",77122434,77329533,"protein_coding","coiled-coil domain containing 146"
"322","BCAR1",0.548109547713106,0.0183122796180581,22.0060672821368,0.0150737215093743,0.0955460263585105,4.0503836538055,5.11337285777902e-05,0.000326213962788571,0.246514375325267,1,"16",75228181,75268053,"protein_coding","BCAR1 scaffold protein, Cas family member"
"323","ZC3H18",0.547502496741647,0.0334682427521683,40.2027555055804,1.56067245871386e-05,0.245939018798,2.99274455159615,0.00276481058840594,0.00850462204386857,0.145797560900032,1,"16",88570403,88631964,"protein_coding","zinc finger CCCH-type containing 18"
"324","SNED1",0.546862958562686,0.0220810890863623,26.191639184348,0.00349081394646911,0.12991430712242,3.68017323710157,0.000233075556341333,0.00112733556446475,0.258241045638466,1,"2",240998618,241095568,"protein_coding","sushi, nidogen and EGF like domains 1"
"325","ERBIN",0.546146330239096,0.0265441157354646,31.6135906106416,0.000464319283401887,0.173926446299155,3.35216115140993,0.000801833301284027,0.00308532784546743,0.326579261508014,1,"5",65883128,66082546,"protein_coding","erbb2 interacting protein"
"326","CDH23",0.546093542012762,0.0250723025541517,29.9727742385825,0.000865469080221906,0.160522882694502,3.44881525414633,0.000563051786707902,0.00231695865291106,0.323777341719307,1,"10",71396920,71815947,"protein_coding","cadherin related 23"
"327","ZNF577",0.545894313602278,0.0238948553458686,28.4703770640751,0.00151714553652063,0.148926965413905,3.53147688176181,0.000413245983221566,0.00180014399316392,0.241802398244252,1,"19",51804816,51890950,"protein_coding","zinc finger protein 577"
"328","ITGB8",0.545605486937099,0.0235754546909333,27.7186963506612,0.00200216977511323,0.142659393081221,3.55343757529302,0.000380231426635902,0.00167786686585977,0.347071422388844,1,"7",20330702,20415754,"protein_coding","integrin subunit beta 8"
"329","TCOF1",0.54550258137925,0.0152459318613134,18.2965876300499,0.0501620171798437,0.0662676417550697,4.41794009573065,9.96460279023559e-06,8.68857201436207e-05,0.17059486749994,1,"5",150357629,150400308,"protein_coding","treacle ribosome biogenesis factor 1"
"330","LSS",0.544333062852042,0.016294416382901,19.6198214391524,0.0330606685036441,0.0767352644961563,4.26427603077859,2.00551394493598e-05,0.000152884106527003,0.26720312263321,1,"21",46188141,46228824,"protein_coding","lanosterol synthase"
"331","ZBTB20",0.543951493599969,0.0272160527869629,32.3503141875822,0.000350002038276986,0.180925858739882,3.29721756143493,0.000976478300836803,0.00362727884418371,0.288658623412789,1,"3",114314500,115147292,"protein_coding","zinc finger and BTB domain containing 20"
"332","GAB1",0.543806529119088,0.0295213472874483,35.2814528934784,0.000111779920701284,0.204245268329598,3.16501906682646,0.00155072788805755,0.00531302959855573,0.276730667296915,1,"4",143336876,143474565,"protein_coding","GRB2 associated binding protein 1"
"333","CGNL1",0.54278284800952,0.019645217678907,23.6148210311149,0.00869111092358213,0.108895293960355,3.87255587583657,0.000107699974563502,0.000598206828092947,0.371707247090499,1,"15",57375967,57550717,"protein_coding","cingulin like 1"
"334","DENND4B",0.541561671665759,0.0219709252442865,26.3076194289183,0.0033477570105178,0.130985880524089,3.6536231209829,0.000258565714874814,0.00122665673978942,0.163720178008652,1,"1",153929501,153946718,"protein_coding","DENN domain containing 4B"
"335","OTUD4",0.541543246148759,0.0348617565172477,41.880507900601,7.87480445935517e-06,0.25803367249463,2.90040410573011,0.00372681851384482,0.0108815239427276,0.142946139520598,1,"4",145110838,145180589,"protein_coding","OTU deubiquitinase 4"
"336","KANK1",0.541531309528332,0.0229546300363295,27.6098914587021,0.00208378410275984,0.140912724114867,3.57427877646559,0.000351194597781213,0.00157182181180955,0.185078048108273,1,"9",470291,746105,"protein_coding","KN motif and ankyrin repeat domains 1"
"337","KCNJ10",0.541118247305491,0.015170944105986,18.2691549036707,0.0505895911109657,0.0659525394257199,4.39324956885681,1.11668809337218e-05,9.52762266202375e-05,0.298267494176923,1,"1",159998651,160070483,"protein_coding","potassium inwardly rectifying channel subfamily J member 10"
"338","ZBTB44",0.540290400471614,0.0185804684633454,22.1399407908187,0.0144073482443243,0.097066191546838,3.96368306910554,7.38022188606635e-05,0.000440635268112475,0.190481081213521,1,"11",130226677,130314917,"protein_coding","zinc finger and BTB domain containing 44"
"339","CHD7",0.540073478077468,0.0299430821805237,36.1673653272339,7.87791187118355e-05,0.211187849899819,3.121077834243,0.00180190401547553,0.0059968460116427,0.243116101421065,1,"8",60678740,60868028,"protein_coding","chromodomain helicase DNA binding protein 7"
"340","PRKD3",0.539836948116392,0.0127608734094408,15.5527384957908,0.113171666781491,0.044385585278366,4.77883906820367,1.76310239385913e-06,2.1529700735227e-05,0.28648739413634,1,"2",37250502,37324833,"protein_coding","protein kinase D3"
"341","CYP20A1",0.538918740667374,0.0233528464872162,28.1348562122677,0.00171763030687044,0.145739640173996,3.52657702664423,0.000420968693691126,0.00182434218645959,0.242826233288395,1,"2",203238977,203306026,"protein_coding","cytochrome P450 family 20 subfamily A member 1"
"342","PTCH1",0.538861449909292,0.0240782450639394,28.674727652586,0.00140636737876674,0.150159610595827,3.47267947481829,0.000515290351980058,0.00215155963597151,0.193595641572461,1,"9",95442980,95517057,"protein_coding","patched 1"
"343","MYO9B",0.538116305107447,0.0223471947422351,26.8677635195191,0.00273275213361865,0.134966416955944,3.59968621318015,0.000318601410808972,0.00145251867463072,0.280594029648029,1,"19",17075777,17214537,"protein_coding","myosin IXB"
"344","CLCN7",0.538037254023798,0.0219294806707814,26.3819021792398,0.0032591183467582,0.131077659336305,3.63327419274192,0.000279847358055862,0.00130786059828862,0.18259642053857,1,"16",1444934,1475077,"protein_coding","chloride voltage-gated channel 7"
"345","EP300",0.538017958572266,0.0485249337430754,59.0721096730145,5.42757840793372e-09,0.404333802371773,2.44238597114631,0.0145905380872118,0.0338275395432436,0.124664317505419,1,"22",41092510,41180077,"protein_coding","E1A binding protein p300"
"346","GFPT2",0.537246742624937,0.0129593310470263,15.6690167085469,0.10950730854479,0.045552990992063,4.71935338984186,2.36595491887037e-06,2.72466839042324e-05,0.315512379899102,1,"5",180300698,180353336,"protein_coding","glutamine-fructose-6-phosphate transaminase 2"
"347","ZFP36L1",0.5362936372523,0.0200910617380405,24.1131897195712,0.00730555272072276,0.112752525150253,3.78356500813208,0.000154597921051325,0.000808535982828704,0.249719349898165,1,"14",68787655,68796253,"protein_coding","ZFP36 ring finger protein like 1"
"348","ZNF106",0.53561185385771,0.0153146535138348,18.4850455090181,0.0473124051167301,0.0677287194518656,4.32809308083905,1.50405907097806e-05,0.000121296037789463,0.193697856063942,1,"15",42412823,42491141,"protein_coding","zinc finger protein 106"
"349","FYN",0.535176657255818,0.0185602872664146,22.208249896191,0.014078144069928,0.097460667288247,3.92830152646067,8.55479100796419e-05,0.000496668805806811,0.117600177324017,1,"6",111660332,111873452,"protein_coding","FYN proto-oncogene, Src family tyrosine kinase"
"350","POMT2",0.534843931523868,0.0140011838057309,17.0564657343212,0.073123837413853,0.0562037295682808,4.52006514464865,6.18206052749315e-06,5.90756721780443e-05,0.208830468391021,1,"14",77274956,77320883,"protein_coding","protein O-mannosyltransferase 2"
"351","LAMC1",0.534406443975725,0.0169512146122541,20.1988110507359,0.0274273664123638,0.0816631412082162,4.10460410494691,4.05007858401696e-05,0.000270129489239799,0.227408216173615,1,"1",183023420,183145592,"protein_coding","laminin subunit gamma 1"
"352","ANKRD40",0.534196067355074,0.0222001076209836,26.5294319646551,0.00308973765185495,0.132763892053618,3.58528056243199,0.000336716023942696,0.00151890664182543,0.3752202536839,1,"17",50693198,50707914,"protein_coding","ankyrin repeat domain 40"
"353","ENAH",0.533909896545894,0.0131926309983866,16.1465407447334,0.0955136417621359,0.0489369136829304,4.64838684411764,3.34541061630667e-06,3.57296646533463e-05,0.213778304144121,1,"1",225486765,225653142,"protein_coding","ENAH actin regulator"
"354","YY1",0.532365450211013,0.00955477664829655,12.4784086702841,0.254312904366704,0.0197007449814427,5.44627533074627,5.14354987490862e-08,1.13557491467028e-06,0.191926437521079,1,"14",100238298,100282788,"protein_coding","YY1 transcription factor"
"355","RBM19",0.531996411313282,0.0212677210930812,25.5590861146024,0.00438070755880625,0.124484828954283,3.64794451852822,0.000264346701687623,0.00124845221178622,0.1431511890226,1,"12",113816738,113966325,"protein_coding","RNA binding motif protein 19"
"356","PREX1",0.530675312754864,0.0323450738334631,39.337233884849,2.2157916123318e-05,0.236333758444667,2.95069833156792,0.0031705641515305,0.00951757308434893,0.209396789347447,1,"20",48624252,48827999,"protein_coding","phosphatidylinositol-3,4,5-trisphosphate dependent Rac exchange factor 1"
"357","DOCK1",0.530243658676608,0.0206544733575137,24.882780335434,0.00557217593305767,0.119025535726119,3.68950769457578,0.000224688432791886,0.00109431588563456,0.269562719797261,1,"10",126905409,127452517,"protein_coding","dedicator of cytokinesis 1"
"358","ARHGAP35",0.529667711040518,0.0125933387097364,15.3474961748078,0.119897003113767,0.0427859139146393,4.71990281794723,2.35957345573468e-06,2.72181339476175e-05,0.177533563953633,1,"19",46860997,47005077,"protein_coding","Rho GTPase activating protein 35"
"359","TUT4",0.529229931036517,0.043028640530147,52.2908516460672,1.00800468415526e-07,0.345165372116184,2.55132383073941,0.0107314562434428,0.0261633649318699,0.137435068133734,1,"1",52408282,52553487,"protein_coding","terminal uridylyl transferase 4"
"360","PATL1",0.528926300158568,0.0348696028893779,42.3504461155728,6.49495043457474e-06,0.2629341687702,2.83251136802846,0.004618392395217,0.0130012009627195,0.145034749830132,1,"11",59636716,59669037,"protein_coding","PAT1 homolog 1, processing body mRNA decay factor"
"361","TSPAN14",0.528794862708296,0.0175882613442927,21.0048531917524,0.0210597493580132,0.0878369920339944,3.9872711665943,6.68376187498154e-05,0.000406317104448459,0.20531826644991,1,"10",80454265,80533124,"protein_coding","tetraspanin 14"
"362","CLK1",0.528527590837722,0.0288814460886658,34.3675608919163,0.000159998827179141,0.196927498185028,3.10998429968915,0.0018709728854327,0.00618658958188024,0.215558406070857,1,"2",200853009,200864691,"protein_coding","CDC like kinase 1"
"363","FBXO32",0.528485872618896,0.0204821639130719,24.1786923195396,0.00713995378775001,0.114123229025431,3.69271222051536,0.000221875051306997,0.00108286965425637,0.267081746591204,1,"8",123497889,123541206,"protein_coding","F-box protein 32"
"364","CSRP1",0.52796912660525,0.0223932683007723,26.7969676352659,0.00280399135297102,0.134568245246109,3.52817229873866,0.000418439695005546,0.00181543696519548,0.265251099130199,1,"1",201483530,201509456,"protein_coding","cysteine and glycine rich protein 1"
"365","ACTL6A",0.527958100905388,0.0226280430271423,26.9104621779915,0.00269063429012776,0.136219259936588,3.5097482007662,0.000448531226215243,0.00192155258634044,0.280867688175536,1,"3",179562886,179588407,"protein_coding","actin like 6A"
"366","BRI3",0.527836781235715,0.0210732027271808,25.03647112182,0.00527680237404328,0.120659937200717,3.63608793213059,0.00027680987544576,0.00129596790818398,0.190698770683465,1,"7",98252379,98310441,"protein_coding","brain protein I3"
"367","DDX23",0.527564965942351,0.0294043855659629,35.2050830454571,0.00011519108328037,0.204289517089915,3.07659190626262,0.00209381743763459,0.00677198882291695,0.166762023460124,1,"12",48829756,48852842,"protein_coding","DEAD-box helicase 23"
"368","ZFP62",0.527417622053236,0.0100372126197805,12.8984308546889,0.229406248234846,0.0231125589681376,5.26439022854088,1.4065540909769e-07,2.66371719839369e-06,0.192407080285033,1,"5",180847611,180861285,"protein_coding","ZFP62 zinc finger protein"
"369","ZMIZ1",0.526981252840636,0.0219377150590157,26.2080409436696,0.00347023129352805,0.130149862066749,3.5579469634151,0.000373764755252193,0.00165453617725776,0.143371169868163,1,"10",79068966,79316519,"protein_coding","zinc finger MIZ-type containing 1"
"370","ZNF609",0.526504377856459,0.0398941655810928,48.8726983188838,4.29797110117772e-07,0.317013406287113,2.63601145830084,0.0083886898788168,0.0212469044240166,0.120878797055104,1,"15",64460578,64686068,"protein_coding","zinc finger protein 609"
"371","PBX3",0.526032818503293,0.0175419412420509,21.109610597613,0.0203420771572959,0.088497679550023,3.97167784305886,7.13681916850728e-05,0.00042802352897964,0.232470037295871,1,"9",125747345,125967377,"protein_coding","PBX homeobox 3"
"372","CAB39L",0.525623776291939,0.00899466342682918,11.9709302616956,0.287006743575206,0.0156812112091484,5.54220446058667,2.98687250488427e-08,7.27919618121115e-07,0.223356546573494,1,"13",49308650,49444064,"protein_coding","calcium binding protein 39 like"
"373","KIF13A",0.525384972769201,0.0390889831468926,46.8766311099599,9.94329869390251e-07,0.30109505601232,2.65736040902376,0.00787551979605894,0.0201951171857502,0.219422429558815,1,"6",17759183,17987635,"protein_coding","kinesin family member 13A"
"374","CNTLN",0.525249157465241,0.0263960971443939,31.6198639065633,0.000463206739365836,0.173997073940227,3.23292407561046,0.00122530123037601,0.00437845412484905,0.226469983481868,1,"9",17134982,17503923,"protein_coding","centlein"
"375","RAB9A",0.524323444804434,0.0107035064224176,13.5415638263661,0.194947518010664,0.028211435717217,5.06799573078786,4.020264201543e-07,6.3598766015387e-06,0.253919415924331,1,"X",13689128,13710504,"protein_coding","RAB9A, member RAS oncogene family"
"376","ZNF621",0.524165257182277,0.0221650473691226,26.4453977156317,0.00318514881251382,0.131932706101491,3.52073955627814,0.000430345074097449,0.0018588504124431,0.222148259081863,1,"3",40524878,40574685,"protein_coding","zinc finger protein 621"
"377","ZNF814",0.523736505921184,0.0244092359841842,28.9760283769816,0.00125722738349735,0.152372088674125,3.35224501378422,0.000801590435677735,0.00308495752088157,0.223167081686578,1,"19",57848731,57889074,"protein_coding","zinc finger protein 814"
"378","MTERF4",0.523427720203932,0.0283431049774261,33.9442525645236,0.000188757053616316,0.194087394840846,3.10908793918906,0.00187665852814267,0.00620246550928712,0.107728945903683,1,"2",241072169,241102332,"protein_coding","mitochondrial transcription termination factor 4"
"379","GPNMB",0.52331681413596,0.0132063035929069,16.1108122774614,0.0965039071473551,0.0487586430681024,4.55380102386348,5.26851912696635e-06,5.1847353803261e-05,0.487420719343872,1,"7",23235967,23275108,"protein_coding","glycoprotein nmb"
"380","ITSN1",0.522889923004162,0.0117516322947427,14.6517041386622,0.145285441862658,0.036997409885805,4.82348769866258,1.41069471260025e-06,1.79016988860731e-05,0.247010529895651,1,"21",33642400,33899861,"protein_coding","intersectin 1"
"381","EPN2",0.522452346932078,0.025509320525318,30.8627591718016,0.000618137869447018,0.167514041417249,3.27112574456155,0.00107120268885996,0.00392035216100428,0.179841102799496,1,"17",19215615,19336715,"protein_coding","epsin 2"
"382","TRIM56",0.522442044283482,0.0162217265573385,19.488965417021,0.0344740230235655,0.0756365108318481,4.10194262943402,4.09695868488491e-05,0.000272612304648888,0.376927892277149,1,"7",101085481,101097967,"protein_coding","tripartite motif containing 56"
"383","GRB10",0.522335261366984,0.0266706420234906,31.6209716443782,0.000463010557120278,0.175074341914645,3.19839876935833,0.00138193041667534,0.00484193438248944,0.15931968277788,1,"7",50590063,50793462,"protein_coding","growth factor receptor bound protein 10"
"384","NXN",0.521802133624945,0.0122080851002733,15.1138655959818,0.127965340037,0.0406040810877175,4.72260993678659,2.32837153268939e-06,2.69762869205863e-05,0.314353627905917,1,"HSCHR17_2_CTG2",17546,19017,"protein_coding","nucleoredoxin"
"385","CALCOCO2",0.520799450689837,0.0138580295585294,16.8517145894879,0.0777102330060507,0.0545836573112564,4.42404744482003,9.68687321667439e-06,8.47450363737335e-05,0.186272066518291,1,"17",48831018,48868228,"protein_coding","calcium binding and coiled-coil domain 2"
"386","SORBS1",0.520402332941391,0.0215662826154182,25.598899720539,0.00431879203757049,0.124851997864114,3.54365626584925,0.000394619374154637,0.0017337213681799,0.192416492039175,1,"10",95311771,95561414,"protein_coding","sorbin and SH3 domain containing 1"
"387","CNOT3",0.519922544815269,0.0291455604417455,34.9032349302359,0.000129702561902794,0.201658969431137,3.04545680611907,0.00232327146830436,0.00738170215843003,0.126363736456946,1,"HSCHR19LRC_PGF2_CTG3_1",112549,130558,"protein_coding","CCR4-NOT transcription complex subunit 3"
"388","OSBPL2",0.519796309657174,0.0174643982559547,20.8804166981542,0.0219430339133772,0.0871084600114976,3.93329371956624,8.37897475096661e-05,0.000488348002106198,0.0928805229913982,1,"20",62231922,62296213,"protein_coding","oxysterol binding protein like 2"
"389","DDX56",0.519469894729353,0.0209896378425489,24.79805807333,0.00574171023937797,0.118858078925644,3.58556756801567,0.000336345901908341,0.00151860896483938,0.149903855674629,1,"7",44565804,44575051,"protein_coding","DEAD-box helicase 56"
"390","SMC5",0.519123530925612,0.0264994928571353,31.6926818593485,0.000450481760608682,0.174199512193397,3.18898101546684,0.00142775253829885,0.00497020407111315,0.150434402791031,1,"9",70258978,70354873,"protein_coding","structural maintenance of chromosomes 5"
"391","NIPBL",0.518170043688915,0.0329279973585138,40.0678207216657,1.64850453395562e-05,0.242618149264737,2.85554917136485,0.00429624696956821,0.0122235343123347,0.133121571189249,1,"5",36876769,37066413,"protein_coding","NIPBL cohesin loading factor"
"392","SYTL4",0.518163066214276,0.0165869236934584,19.7854548526636,0.0313484885312169,0.0782240725274264,4.02331031435631,5.73858053094511e-05,0.000358232845150013,0.469016288062683,1,"X",100671783,100732123,"protein_coding","synaptotagmin like 4"
"393","RGS3",0.518019390626384,0.0276890672776128,33.4460550275319,0.000229134361589752,0.188194967570026,3.1130912687906,0.00185138754376335,0.00613339535833426,0.221455059191841,1,"9",113444731,113597743,"protein_coding","regulator of G protein signaling 3"
"394","NEXN",0.517712647714099,0.0308570629688609,37.2225961398453,5.17883751807331e-05,0.218383811761095,2.94721271070652,0.00320652549864819,0.0096036009240652,0.256812489884755,1,"1",77888513,77943895,"protein_coding","nexilin F-actin binding protein"
"395","RIN2",0.517710561336818,0.0264461493957821,31.6856529930497,0.000451695015987166,0.174243452551228,3.18350694203197,0.00145502624280192,0.00504760958756015,0.216613729987663,1,"20",19757606,20002457,"protein_coding","Ras and Rab interactor 2"
"396","SIRT1",0.517621399652544,0.0119536865637098,14.8124667736538,0.139050033549116,0.0383250607586771,4.73436013294656,2.19747245266966e-06,2.57719177280767e-05,0.233821013012486,1,"10",67884656,67918390,"protein_coding","sirtuin 1"
"397","NOTCH2",0.517460214663326,0.0152877264932104,18.2976722446196,0.0501451797879162,0.0661347435545667,4.18509684466204,2.85044549244162e-05,0.000203024282873973,0.275800054331592,1,"1",119911553,120100779,"protein_coding","notch receptor 2"
"398","ZNF384",0.51736212514575,0.0322133630401152,39.3852892175389,2.1731853356238e-05,0.236758735390727,2.88254833502238,0.00394472610599572,0.0113913034957659,0.0972283769352295,1,"12",6666477,6689572,"protein_coding","zinc finger protein 384"
"399","RALGAPA2",0.516360422373999,0.0419264960013679,50.8334715176807,1.87443384756421e-07,0.334249159735448,2.52178852063523,0.0116759879995518,0.0280404962345132,0.173909128286438,1,"20",20389530,20712644,"protein_coding","Ral GTPase activating protein catalytic subunit alpha 2"
"400","GCN1",0.515979555961991,0.0187459430204381,22.5613078714866,0.0124869692726002,0.100190382699375,3.76858962464396,0.000164172538849483,0.000848695385108875,0.170340448084915,1,"12",120127202,120194715,"protein_coding","GCN1 activator of EIF2AK4"
"401","MITF",0.515017665110426,0.0217883755289329,26.005273072025,0.00373310039277525,0.128348904935458,3.4890701368828,0.000484703952833732,0.00205029577153633,0.290340489780863,1,"3",69739456,69968336,"protein_coding","melanocyte inducing transcription factor"
"402","LDLRAP1",0.514244219066257,0.00999230519888341,12.9000103863656,0.229316217491666,0.0230193012524822,5.14442183670509,2.68345949017146e-07,4.56426739476212e-06,0.459088425571302,1,"1",25543604,25591200,"protein_coding","low density lipoprotein receptor adaptor protein 1"
"403","SAMHD1",0.514182297198714,0.0268096658956986,32.09350791108,0.000386319416510279,0.177329135451842,3.14030202555051,0.00168773737051309,0.00568523763618241,0.286523453349651,1,"20",36890229,36951893,"protein_coding","SAM and HD domain containing deoxynucleoside triphosphate triphosphohydrolase 1"
"404","YBX1",0.514046166493229,0.0245154312499142,29.4933227460175,0.00103624568771839,0.156870661316252,3.28308673269915,0.001026770699188,0.00378391504112786,0.236635183142216,1,"1",42682418,42703805,"protein_coding","Y-box binding protein 1"
"405","SCAMP2",0.513872285006712,0.0245943870335496,29.5650500274013,0.00100875664171981,0.157014236433697,3.27670386714045,0.0010502646046342,0.00385579607075616,0.214195811534396,1,"15",74843730,74873365,"protein_coding","secretory carrier membrane protein 2"
"406","VGLL4",0.51362910771243,0.0202568345161723,24.1452703580693,0.00722399560435343,0.113014492149557,3.6088085033207,0.000307606561966711,0.00141280114904597,0.13994940808318,1,"3",11556069,11771350,"protein_coding","vestigial like family member 4"
"407","CMTM4",0.513581837285461,0.0146854568062594,17.6532450348725,0.0611023034304872,0.0609632103988553,4.23804853932238,2.25471029418056e-05,0.000168762378475841,0.161854700100149,1,"16",66614750,66696743,"protein_coding","CKLF like MARVEL transmembrane domain containing 4"
"408","FNDC3B",0.513322453294705,0.0235067268178958,28.0249674763917,0.00178870686033556,0.14476071705848,3.34806731434818,0.000813772429193005,0.00312099378604098,0.195010626005784,1,"3",172039578,172401669,"protein_coding","fibronectin type III domain containing 3B"
"409","CARS2",0.513095341998838,0.0257532706350623,30.5587016485477,0.00069368645505562,0.165346808848002,3.19728887218032,0.00138725923348981,0.00485464652965309,0.118558064840859,1,"13",110641412,110713603,"protein_coding","cysteinyl-tRNA synthetase 2, mitochondrial"
"410","SLC39A11",0.512785975381357,0.0204768813840229,24.3802993814237,0.00665247545799425,0.114814683073849,3.58347378316176,0.000339054808865979,0.00152690778650261,0.261851529440968,1,"HSCHR17_9_CTG4",4470,16476,"protein_coding","solute carrier family 39 member 11"
"411","SZRD1",0.512384887546761,0.0275512476257087,33.4419004591822,0.000229504333661773,0.188695232526642,3.08692214957826,0.00202240554952793,0.00658588651324371,0.230784173674723,1,"1",16352575,16398145,"protein_coding","SUZ RNA binding domain containing 1"
"412","RSAD1",0.512343516370662,0.0147242599183044,17.5457236236554,0.0631274986867066,0.0605362653328646,4.22225547052813,2.41869740709166e-05,0.00017836567090346,0.179925077835846,1,"17",50478860,50485974,"protein_coding","radical S-adenosyl methionine domain containing 1"
"413","SFT2D2",0.5117789474201,0.0206235844649382,24.5567371772911,0.00625211619388088,0.116192892106373,3.5636934751836,0.000365672943132056,0.00162452675749545,0.31798726142345,1,"1",168225938,168253021,"protein_coding","SFT2 domain containing 2"
"414","HIPK2",0.511143074507374,0.0229867677553012,27.7436701234672,0.001983878331614,0.141859021279569,3.3713475573287,0.000748014237095695,0.0029166455797801,0.409176450316035,1,"7",139561570,139777998,"protein_coding","homeodomain interacting protein kinase 2"
"415","CDK5RAP2",0.510966574830009,0.0300676703562486,36.1940897842597,7.79494330027347e-05,0.210723631351096,2.94674531221668,0.00321137583600906,0.00961265437325801,0.181334988430721,1,"9",120388875,120580170,"protein_coding","CDK5 regulatory subunit associated protein 2"
"416","TEAD1",0.510242653124328,0.0185025959933468,21.8539088974371,0.0158663882185142,0.0948398449813856,3.75111541746791,0.000176049630571828,0.000898177552674896,0.199095804756324,1,"11",12674421,12944737,"protein_coding","TEA domain transcription factor 1"
"417","NSD1",0.510209184598086,0.0375768360891148,45.8788381135627,1.50857038155304e-06,0.291023276191694,2.63201383120069,0.00848804072976272,0.0214469048822154,0.0966850261142905,1,"5",177131830,177300213,"protein_coding","nuclear receptor binding SET domain protein 1"
"418","ANKRD11",0.509229776851326,0.0177110558962653,21.2371756220767,0.0194991030929193,0.0892708392509034,3.82641053817493,0.000130025373230813,0.000699855168272272,0.16489272604046,1,"16",89267619,89490561,"protein_coding","ankyrin repeat domain containing 11"
"419","ZNF444",0.508780543425118,0.010346163901139,13.1782872599195,0.213873738517699,0.0252811189345036,5.00196694942451,5.67483209090724e-07,8.43805421856455e-06,0.260496574506929,1,"19",56132599,56160893,"protein_coding","zinc finger protein 444"
"420","WDR59",0.508560676206462,0.0337805870931813,41.1265067839064,1.0716833855089e-05,0.251167101335145,2.76700012842773,0.00565747328582766,0.0153869232075768,0.126812647680659,1,"16",74871362,75000173,"protein_coding","WD repeat domain 59"
"421","ABCG1",0.508559166958336,0.0213934469918439,25.596614041064,0.0043223237023773,0.124875907564078,3.47697128764356,0.000507112120519126,0.00212415668240542,0.264939709064051,1,"21",42199689,42304389,"protein_coding","ATP binding cassette subfamily G member 1"
"422","CDK12",0.508364296786593,0.0412363850159265,50.3288511103813,2.32194928645596e-07,0.328249815054029,2.50342594483983,0.0122997417669437,0.0292844366613665,0.0885990770370297,1,"17",39461486,39567559,"protein_coding","cyclin dependent kinase 12"
"423","CNOT6",0.508247704807528,0.0242642588320355,29.0882738500913,0.00120569244109527,0.152937330956544,3.26281094952295,0.00110313081004754,0.00401138476380922,0.137353194037279,1,"5",180494379,180578358,"protein_coding","CCR4-NOT transcription complex subunit 6"
"424","HECA",0.507232698268916,0.0158765751230569,18.8565800801299,0.0421226041512462,0.0709033596444722,4.02558342085196,5.68342271347611e-05,0.000355361705472622,0.251808131237566,1,"6",139135080,139180802,"protein_coding","hdc homolog, cell cycle regulator"
"425","ZNF586",0.5066949879849,0.0249116149448302,29.6324469915908,0.000983574277455684,0.158298876694327,3.21030035813974,0.00132596340370661,0.00467856280630338,0.199696714774544,1,"19",57769655,57819939,"protein_coding","zinc finger protein 586"
"426","TAB2",0.506508015083476,0.0259028303802447,31.0095987070434,0.000584587713072543,0.168564690841087,3.14711571268071,0.00164889693776504,0.00558031069174465,0.162598475600345,1,"6",149218641,149411613,"protein_coding","TGF-beta activated kinase 1 (MAP3K7) binding protein 2"
"427","LSM14A",0.506117496059437,0.0108960708128688,13.7989763821489,0.182359963760017,0.0301279076335727,4.84860039188498,1.24335602835757e-06,1.61283667303596e-05,0.156993026228207,1,"HSCHR19_1_CTG3_1",20188,77063,"protein_coding","LSM14A mRNA processing body assembly factor"
"428","NEDD4",0.505910383495703,0.0243977563524662,29.1898412259003,0.00116083311464465,0.154067684498189,3.23890826813556,0.00119988157429995,0.00429930318856796,0.299782207445374,1,"15",55826922,55993660,"protein_coding","NEDD4 E3 ubiquitin protein ligase"
"429","SMG6",0.505688465043589,0.0149441382943429,18.1752051702347,0.0520791243103288,0.0648642856155526,4.13663886876715,3.5243010303887e-05,0.000241064023665079,0.138934511346238,1,"17",2059839,2303785,"protein_coding","SMG6 nonsense mediated mRNA decay factor"
"430","PCID2",0.504857537985024,0.0154997692470659,18.4718068090517,0.047507661389642,0.0679810139734336,4.0551435136701,5.01035312314713e-05,0.000320808976600778,0.198274064858119,1,"13",113177536,113208715,"protein_coding","PCI domain containing 2"
"431","INSR",0.504618580615997,0.025838702895482,31.0037083017658,0.000585898687937465,0.168583497030861,3.13926431677294,0.00169372598647377,0.00570084702534125,0.13749397589329,1,"19",7112255,7294414,"protein_coding","insulin receptor"
"432","TRPM7",0.504060504478385,0.0274875307772113,32.9573488169174,0.000276917721612659,0.184568491474448,3.04028856059884,0.00236351580568628,0.00748470387592404,0.139847242257595,1,"15",50552473,50686797,"protein_coding","transient receptor potential cation channel subfamily M member 7"
"433","ZNF532",0.503964187787844,0.0334625943330168,40.4069447553557,1.43646914028084e-05,0.24477125826749,2.75498901726885,0.00586941056406354,0.0158540674429988,0.126601376889318,1,"18",58862600,58986480,"protein_coding","zinc finger protein 532"
"434","LRRC37B",0.503769743049231,0.0277889778003482,33.1705356355168,0.000254980129183175,0.18615271353463,3.02200928139548,0.00251102848864848,0.00785723370035158,0.162316583853614,1,"17",32007383,32053504,"protein_coding","leucine rich repeat containing 37B"
"435","ZNF431",0.502569705002088,0.027990244834275,33.5619452231175,0.000219046356919821,0.188935433851775,3.00395178016377,0.00266497558501566,0.00826032503074978,0.174133514571169,1,"19",21142024,21196053,"protein_coding","zinc finger protein 431"
"436","TNS2",0.502056676514255,0.0201468440275501,24.294984080094,0.0068547503040764,0.113941223634596,3.53711544579982,0.000404522802855967,0.00176763442826366,0.292793284597106,1,"12",53046969,53064379,"protein_coding","tensin 2"
"437","MORC4",0.501858007943809,0.0354240843682293,43.0695395715707,4.83265451685584e-06,0.269004837696038,2.66643831746006,0.00766596724878998,0.0197734401023098,0.287216797323711,1,"X",106813871,107000212,"protein_coding","MORC family CW-type zinc finger 4"
"438","LRRC1",0.501800283998148,0.034872631912094,41.7107483891162,8.44140244930985e-06,0.257573541533246,2.68712914819553,0.00720690814801217,0.018806070623115,0.282919780583316,1,"6",53794497,53924125,"protein_coding","leucine rich repeat containing 1"
"439","GMPR",0.49993953332244,0.0152646085224837,18.265573249835,0.0506456595201645,0.0660385677000225,4.04645434803402,5.19992599867791e-05,0.000330576072056319,0.396906643554638,1,"6",16238587,16295549,"protein_coding","guanosine monophosphate reductase"
"440","CLMN",0.499886830148788,0.0298165872392998,35.9669831814439,8.52829109532434e-05,0.209028258528748,2.89496107372266,0.00379205553529527,0.0110383022222762,0.370521623158188,1,"14",95181940,95319908,"protein_coding","calmin"
"441","KIF5A",0.498662608428952,0.00646835466100296,9.42357408669048,0.492430985862268,0,6.20025986864045,5.63699975586474e-10,2.48642504954705e-08,0.568154284894891,1,"12",57546026,57586633,"protein_coding","kinesin family member 5A"
"442","NEK4",0.497624579007406,0.021600786028434,25.7054036422932,0.00415727115986361,0.125788459424841,3.38584478930988,0.000709595057252654,0.00279428785412612,0.118704985904655,1,"3",52708444,52770946,"protein_coding","NIMA related kinase 4"
"443","NPRL3",0.497567891278071,0.0139129361234592,16.8890704923617,0.0768548887063829,0.0547292738289119,4.2183533092746,2.46092993694269e-05,0.000180700079417095,0.193502113998344,1,"16",84271,138677,"protein_coding","NPR3 like, GATOR1 complex subunit"
"444","HDAC5",0.497165005861106,0.0190035712154886,22.6952867491728,0.0119289596470139,0.10154640368281,3.60647512309952,0.000310384599849334,0.00142307517560034,0.208662914551712,1,"17",44076746,44123702,"protein_coding","histone deacetylase 5"
"445","RESF1",0.496546913891848,0.0303010047530776,36.1507524490277,7.92992500300151e-05,0.210572052512297,2.85254019177378,0.00433713274095981,0.0123215329286787,0.15210703398133,1,"12",31959370,31993107,"protein_coding","retroelement silencing factor 1"
"446","GGA2",0.495813661494121,0.0216444339223686,25.9202053692474,0.00384900033879191,0.126636378271978,3.37012006156353,0.000751354393055736,0.00292804156878916,0.129149871439902,1,"16",23462213,23521995,"protein_coding","golgi associated, gamma adaptin ear containing, ARF binding protein 2"
"447","EEF1D",0.495636072450549,0.0162556638159874,19.5757597304744,0.0335304816023346,0.076127198035874,3.88741183342099,0.000101318770687753,0.00057120764610673,0.244142090084741,1,"HSCHR8_3_CTG7",69737,87784,"protein_coding","eukaryotic translation elongation factor 1 delta"
"448","PHRF1",0.495622987285216,0.0350468057870561,43.1591877506884,4.65745743648126e-06,0.2668613265663,2.64744666741209,0.00811021512783627,0.0206513144089721,0.308616685168583,1,"HSCHR11_1_CTG8",106142,142115,"protein_coding","PHD and ring finger domains 1"
"449","FBXW4",0.4955760477081,0.0094966654766032,12.4645658292529,0.255166766934638,0.0195162231265816,5.0853955391142,3.66860705591776e-07,5.93293562309836e-06,0.293435579606138,1,"10",101610664,101695295,"protein_coding","F-box and WD repeat domain containing 4"
"450","C2orf68",0.495371190415706,0.0144033955587484,17.5449499109995,0.0631422878581996,0.0600192803381275,4.1276066317739,3.66558468525291e-05,0.000248626375814704,0.262977545526972,1,"2",85605254,85612066,"protein_coding","chromosome 2 open reading frame 68"
"451","TRIP4",0.495289518970644,0.0179362966812222,21.5992675105645,0.0172814400742274,0.0923682186398657,3.69822004603154,0.000217116635233827,0.00106582687944931,0.1609337711938,1,"15",64387748,64455303,"protein_coding","thyroid hormone receptor interactor 4"
"452","BPTF",0.495246112694978,0.0370555380680471,45.1046927698254,2.08215826043548e-06,0.283897826369187,2.5727317929679,0.0100899365800438,0.0247976014068591,0.138059397158902,1,"17",67825503,67984378,"protein_coding","bromodomain PHD finger transcription factor"
"453","PPP4R2",0.494840137140422,0.0260912537421375,31.4238860180584,0.000499223097054563,0.171344042511862,3.06349689425409,0.0021876647577741,0.00702467490993573,0.237211839826433,1,"3",72996803,73069198,"protein_coding","protein phosphatase 4 regulatory subunit 2"
"454","ZNF143",0.494040219745657,0.0240270663519883,29.09668578561,0.00120191405687253,0.153069556900379,3.18721919554708,0.00143647866234486,0.00499479607597686,0.164308258569947,1,"11",9460319,9528524,"protein_coding","zinc finger protein 143"
"455","ZNF276",0.493751239051702,0.0117856356964485,14.7049280326162,0.143195682743847,0.0372991812191191,4.54811766857494,5.41278703258818e-06,5.2994434232506e-05,0.226361986670466,1,"16",89720400,89740925,"protein_coding","zinc finger protein 276"
"456","ARID1A",0.493616750916078,0.0221435135682824,26.6402032374384,0.00296817315882945,0.132909216112482,3.31716155030297,0.000909370182521352,0.00341785434802595,0.0948990561440146,1,"1",26693236,26782104,"protein_coding","AT-rich interaction domain 1A"
"457","DDR2",0.493405600203995,0.0128955943444835,15.7591333538223,0.106738215672742,0.0457649535427903,4.34493609150576,1.39316216880569e-05,0.000114188282164674,0.302439671846227,1,"1",162631373,162787405,"protein_coding","discoidin domain receptor tyrosine kinase 2"
"458","HNRNPH3",0.493020967218194,0.0292851309340161,35.1142223613674,0.000119382813399658,0.203685189838049,2.88099035477386,0.00396427771639529,0.0114399126529909,0.164201015942579,1,"10",68331174,68343193,"protein_coding","heterogeneous nuclear ribonucleoprotein H3"
"459","DENND11",0.492971871674975,0.0211559404368087,25.3154906066942,0.00477851584080757,0.122523396595996,3.38926847361352,0.000700793608579442,0.00276577235226676,0.219098502630469,1,"HSCHR7_1_CTG6",23320,68748,"protein_coding","DENN domain containing 11"
"460","ACACB",0.492499635667883,0.0276162970575275,33.2174806463392,0.000250383014662164,0.186652583613689,2.96362459803884,0.00304038946616947,0.00919238315393097,0.257124618119428,1,"12",109116587,109268226,"protein_coding","acetyl-CoA carboxylase beta"
"461","DENND2B",0.492347462327994,0.0163208896308187,19.697499178021,0.0322472095343501,0.0770586961504895,3.85389421733255,0.000116253838990943,0.000637970989141742,0.184665711693096,1,"11",8693351,8910951,"protein_coding","DENN domain containing 2B"
"462","UIMC1",0.492116895704164,0.0241665805863884,29.1325100820021,0.00118595129744464,0.153559037044777,3.16563379284726,0.00154745478081919,0.00530610682206856,0.136077727850616,1,"5",176905005,177022633,"protein_coding","ubiquitin interaction motif containing 1"
"463","KDM3A",0.491786242677772,0.0200360932038488,23.9775921796066,0.0076600903973899,0.11147609672796,3.47432030026651,0.000512149280835761,0.00214141909157083,0.115761499001288,1,"2",86440647,86492716,"protein_coding","lysine demethylase 3A"
"464","ENTPD1",0.490677812981074,0.0130475611001265,16.0239379436466,0.0989491968298548,0.0478180694271794,4.29567831307271,1.74159980628197e-05,0.000136677582708589,0.188751990621401,1,"10",95711779,95877266,"protein_coding","ectonucleoside triphosphate diphosphohydrolase 1"
"465","METTL16",0.490584066475127,0.0261545841039931,31.6327144830145,0.000460935863964878,0.174012882113152,3.03346877947196,0.0024175972539322,0.0076249954375577,0.179505137122532,1,"17",2405562,2511891,"protein_coding","methyltransferase 16, RNA N6-adenosine"
"466","ADRA1A",0.490541670419084,0.0167083967477698,19.9506101105124,0.029723309464363,0.0791608630969857,3.79497147641869,0.00014766043113501,0.000778055464833614,0.211792297667036,1,"8",26748150,26867278,"protein_coding","adrenoceptor alpha 1A"
"467","SEC14L1",0.490250341045237,0.025159827731569,30.1684789750465,0.000803930610156762,0.161347482630261,3.09075138740737,0.00199650721567957,0.00651870139942552,0.177528319009618,1,"17",77088749,77217101,"protein_coding","SEC14 like lipid binding 1"
"468","PAWR",0.490200049921724,0.00969495783574648,12.6093225964858,0.246342383975657,0.0207182564341784,4.97852152105595,6.40718201605495e-07,9.25887688153969e-06,0.278632252616514,1,"12",79574979,79690964,"protein_coding","pro-apoptotic WT1 regulator"
"469","COL6A1",0.489533034350682,0.0165547721072142,19.8912473222427,0.0302982484458407,0.0788525100685897,3.80469984391617,0.00014197624760115,0.000753577257701361,0.242590215673046,1,"21",45981770,46005050,"protein_coding","collagen type VI alpha 1 chain"
"470","TGFBR3",0.489264104815814,0.0149254962593132,17.9094314425621,0.0565107577448736,0.0629381488276446,4.00478277809045,6.20744956640884e-05,0.000382780594599185,0.28080889632735,1,"1",91680343,91906335,"protein_coding","transforming growth factor beta receptor 3"
"471","PPP4R1",0.48912045728059,0.0288419553570793,34.6203558393568,0.000144923106926995,0.198935224900228,2.88007287719258,0.00397583257322176,0.0114653943723391,0.131773083657602,1,"18",9546791,9615240,"protein_coding","protein phosphatase 4 regulatory subunit 1"
"472","NFYA",0.487691171563546,0.0235843017080914,28.375066027886,0.00157166473367122,0.147125581046247,3.17565549595536,0.0014949837547904,0.00515646855750657,0.150559035163726,1,"6",41072974,41102403,"protein_coding","nuclear transcription factor Y subunit alpha"
"473","WHAMM",0.487490862455003,0.0206478118733187,24.7784837648679,0.00578157656924503,0.117601081832732,3.39257503866044,0.000692389645151836,0.00273626561495016,0.10243650613798,1,"15",82809628,82836108,"protein_coding","WASP homolog associated with actin, golgi membranes and microtubules"
"474","CEP89",0.487369925580019,0.0209960835025506,25.0311468662584,0.00528677898214752,0.120106099405773,3.36348566247898,0.000769648339711049,0.00298771237408127,0.160999200273066,1,"19",32875925,32971991,"protein_coding","centrosomal protein 89"
"475","ADAMTSL3",0.487327032447012,0.0157608657540277,18.9469976407318,0.0409410801646187,0.0713148300795482,3.88177597519145,0.000103696383852103,0.000581650737469542,0.359979625219949,1,"15",83654088,84039842,"protein_coding","ADAMTS like 3"
"476","USP3",0.487183184042856,0.0332761219431588,39.9348846746596,1.73979958688129e-05,0.241648793815784,2.67070510092305,0.00756921134586852,0.0195863001742804,0.150036434347948,1,"15",63504511,63594640,"protein_coding","ubiquitin specific peptidase 3"
"477","TRIM52",0.487034735751987,0.0227665341086357,26.9447788497661,0.00265723941156986,0.136141280573385,3.22783611506371,0.00124730411128748,0.00444274225520377,0.163421385834915,1,"5",181254077,181261150,"protein_coding","tripartite motif containing 52"
"478","GPAT4",0.487011779106298,0.0200142630140531,24.0277290905821,0.00752712853226245,0.11225027274355,3.44246603547171,0.000576436245255163,0.00236048737507469,0.133837327281016,1,"8",41577187,41625001,"protein_coding","glycerol-3-phosphate acyltransferase 4"
"479","CDH20",0.486971999850821,0.0152256373014166,18.4374696797401,0.0480175233285754,0.067074374853976,3.94653765294887,7.92894574837e-05,0.000467486616912143,0.211202157310915,1,"18",61333430,61555779,"protein_coding","cadherin 20"
"480","HNRNPH1",0.486916505682914,0.020212911013545,24.2403515066616,0.00698735264702286,0.113504202795267,3.42483824546487,0.000615165557913633,0.00248570834232818,0.100037127788864,1,"5",179614178,179634784,"protein_coding","heterogeneous nuclear ribonucleoprotein H1"
"481","STX2",0.484068219189552,0.0165738887354489,19.8393070068623,0.0308097366348017,0.0784260622697396,3.76005641556561,0.00016987504347088,0.000871961677147428,0.138745577387797,1,"12",130789600,130839254,"protein_coding","syntaxin 2"
"482","PDLIM5",0.483787937071065,0.0171280918690746,20.4961208190084,0.0248944259920715,0.083583879669201,3.69658369404522,0.000218520240913511,0.0010704395626146,0.180412288814601,1,"4",94451857,94668227,"protein_coding","PDZ and LIM domain 5"
"483","MPZL1",0.483702600551268,0.0163835963591174,19.6977891926301,0.0322442074235279,0.0772074779996209,3.7789731170216,0.000157476422111724,0.00082012473297789,0.181794770220397,1,"1",167721192,167791919,"protein_coding","myelin protein zero like 1"
"484","CYTH3",0.483022615505752,0.0118797606593108,14.625722406071,0.14631479100723,0.0369608819095385,4.43163128627486,9.35228421150569e-06,8.2365868484755e-05,0.216746283656209,1,"7",6161779,6272644,"protein_coding","cytohesin 3"
"485","BSDC1",0.482444670812197,0.00644544748694754,5.53716561105516,0.852535726107638,0,6.00925974257417,1.86372339783247e-09,7.00227505185629e-08,0.16116756090754,1,"1",32364633,32394731,"protein_coding","BSD domain containing 1"
"486","PHF1",0.48208736954131,0.0210047427993356,25.1500730371856,0.00506818790624197,0.120920371380009,3.32634330104538,0.000879934798677207,0.00331952071571251,0.164395843569781,1,"6",33410399,33416453,"protein_coding","PHD finger protein 1"
"487","BMP7",0.481617899211065,0.0150074238651529,18.2488751300701,0.0509078034604401,0.0653150893710559,3.93142092258014,8.44452730703882e-05,0.000491623836580235,0.18148699835182,1,"20",57168753,57266641,"protein_coding","bone morphogenetic protein 7"
"488","MAP4K4",0.481404691988605,0.0241655839359102,29.1330355024339,0.00118571871775232,0.153236821296111,3.0967894006302,0.00195628802175074,0.00641026319539567,0.363653757047409,1,"2",101696850,101894690,"protein_coding","mitogen-activated protein kinase kinase kinase kinase 4"
"489","MYO10",0.481155002846178,0.021706860152468,26.3029785439365,0.00335337123148957,0.129749109551197,3.26577681595292,0.00109164250692695,0.00397724738354536,0.211412715850965,1,"5",16661907,16936288,"protein_coding","myosin X"
"490","FLT1",0.481093834678072,0.0155011624949202,18.718012017869,0.0439940369519615,0.069230686745123,3.86409377012612,0.000111502384903428,0.000615266241376377,0.404294798710755,1,"13",28300346,28495145,"protein_coding","fms related receptor tyrosine kinase 1"
"491","ZNF568",0.480586883131252,0.0139881080104717,16.88545374494,0.0769373350832015,0.0548043308946308,4.06342665091891,4.83575228200639e-05,0.000312003152448373,0.138010925243138,1,"19",36916316,37005037,"protein_coding","zinc finger protein 568"
"492","MLXIP",0.480112894344135,0.0165382374848156,19.7618758806517,0.0315871137165799,0.0776288933990456,3.73335043988493,0.000188949410387718,0.000951070295495935,0.165910125663751,1,"12",122078756,122147344,"protein_coding","MLX interacting protein"
"493","VEZF1",0.478750836452259,0.0263900244121179,31.8550067347065,0.000423332054774528,0.175710388786775,2.94706455952261,0.00320806218572822,0.00960683580810159,0.231180282580761,1,"17",57971547,57988259,"protein_coding","vascular endothelial zinc finger 1"
"494","MAPRE1",0.478285374853127,0.0114173990534788,14.2994276905054,0.15976665185794,0.0341149420319862,4.47613844751173,7.60052080606144e-06,6.93774220214892e-05,0.202034341597434,1,"20",32819954,32850405,"protein_coding","microtubule associated protein RP/EB family member 1"
"495","NIN",0.47779640459903,0.0228101863641181,26.8579045983189,0.00274256702278249,0.134725854653574,3.16357737252433,0.00155842921093208,0.00533507168857971,0.110876234115859,1,"14",50719763,50831162,"protein_coding","ninein"
"496","MYOT",0.477615633619081,0.0187551490545705,22.3820733464641,0.013272193131993,0.0989506103964783,3.48753258432638,0.000487499516451217,0.00205798351246662,0.417705929972182,1,"5",137867858,137887851,"protein_coding","myotilin"
"497","RAI14",0.477568491546794,0.0223515040209081,27.0940637277568,0.00251656544637946,0.136243567543217,3.19434845804687,0.00140146842732713,0.00489410203619872,0.254884885393003,1,"5",34656328,34832612,"protein_coding","retinoic acid induced 14"
"498","B3GAT1",0.477130173008096,0.0163144114047698,19.7762256542719,0.0314416908979148,0.077426526051147,3.73552095207735,0.000187326980985336,0.000945396900919039,0.145945736652318,1,"11",134378504,134412242,"protein_coding","beta-1,3-glucuronyltransferase 1"
"499","NFIB",0.476444517935179,0.0211080472799771,25.1448645475124,0.00507757701322597,0.120645725801874,3.27935403498441,0.00104045018346777,0.00382777965731104,0.123123945734666,1,"9",14081843,14398983,"protein_coding","nuclear factor I B"
"500","ARHGEF6",0.476184953170957,0.019180257827784,22.765102245835,0.0116476317657158,0.101926857983224,3.43833705550081,0.000585298671972101,0.00238888148560485,0.15899159575516,1,"X",136665547,136780932,"protein_coding","Rac/Cdc42 guanine nucleotide exchange factor 6"
"501","ZFHX2",0.475809007449258,0.0201098678117394,24.0813455284857,0.00738737789646693,0.112448605861468,3.35527446260757,0.000792862783898451,0.00305696041290515,0.223013592087848,1,"14",23520857,23556192,"protein_coding","zinc finger homeobox 2"
"502","PMEPA1",0.475469357543735,0.0164289816348514,19.7570631516081,0.0316360259011044,0.0778197257347089,3.7095156805846,0.000207656096830933,0.00102898828952492,0.201377279817328,1,"20",57648392,57711536,"protein_coding","prostate transmembrane protein, androgen induced 1"
"503","PLXND1",0.475446841331534,0.0209730145257169,25.4714168743774,0.00452006639221345,0.123015527740284,3.28300495084615,0.00102706861898194,0.00378391504112786,0.188918804776354,1,"3",129555214,129606676,"protein_coding","plexin D1"
"504","SNAP23",0.475228184551268,0.0270489764417396,32.1505278524005,0.000377950343942032,0.178244863650039,2.88952709902829,0.00385821751110149,0.0111999029295772,0.227820395911922,1,"15",42491233,42545356,"protein_coding","synaptosome associated protein 23"
"505","ITGB1",0.475034217708667,0.0237104791721982,28.588748830533,0.00145198523580913,0.148440381881745,3.08499687514975,0.00203554291773789,0.00661963470369379,0.304298973622265,1,"10",32887273,33005792,"protein_coding","integrin subunit beta 1"
"506","KIF5B",0.474680250116664,0.0297843104784653,36.1297256169361,7.99624197741905e-05,0.209938224877239,2.75047300799613,0.00595092940749797,0.0160234904957458,0.291007804088935,1,"10",32009015,32056425,"protein_coding","kinesin family member 5B"
"507","MVB12B",0.474275075219377,0.0096940258861397,12.6727928565469,0.242545978948862,0.0211268540588294,4.81701738855994,1.45719994071314e-06,1.83616016851382e-05,0.243808751555198,1,"9",126326829,126507041,"protein_coding","multivesicular body subunit 12B"
"508","TCHP",0.473880125564852,0.028987023932314,35.1966938063788,0.000115571973863028,0.202768454235174,2.78334268744288,0.0053801946191856,0.0147664094426904,0.133680068513145,1,"12",109900264,109983841,"protein_coding","trichoplein keratin filament binding"
"509","CLK3",0.473793857942743,0.0197383233035065,23.8131635689375,0.00811205778106595,0.109933065966453,3.37236285660396,0.00074526191755675,0.00290699123941305,0.120872659254155,1,"15",74598500,74645414,"protein_coding","CDC like kinase 3"
"510","RANBP3L",0.473581128170701,0.0157736137973614,18.8153224229334,0.0426720449823843,0.070098554343863,3.77075908531302,0.000162751735085065,0.000842178186470675,0.353254513273635,1,"5",36246913,36302114,"protein_coding","RAN binding protein 3 like"
"511","BAZ2A",0.473576627998158,0.0339362907066646,41.5234248544242,9.11342584587764e-06,0.25383960383916,2.57073952682319,0.010148162199783,0.0249174154141013,0.125264628792597,1,"12",56595596,56636816,"protein_coding","bromodomain adjacent to zinc finger domain 2A"
"512","PCMTD2",0.473176158038167,0.0257748895862358,30.6644786307777,0.000666435738583688,0.165913973234526,2.94730069770181,0.00320561317763968,0.0096036009240652,0.140188314582092,1,"HSCHR20_1_CTG3",164332,183433,"protein_coding","protein-L-isoaspartate (D-aspartate) O-methyltransferase domain containing 2"
"513","RNF114",0.47310497242993,0.0253117331775739,30.6658608733595,0.000666086640439608,0.165382032263172,2.97369601406987,0.00294236410273374,0.00895002757286655,0.144143424653883,1,"20",49936336,49953885,"protein_coding","ring finger protein 114"
"514","WASF2",0.473077223038682,0.0273063729414425,33.0372915148509,0.000268482987484443,0.184611899129049,2.86285946961311,0.00419836725693745,0.0119823178358606,0.251842781941081,1,"1",27404230,27490167,"protein_coding","WASP family member 2"
"515","CLASRP",0.472773360349928,0.0147127988098258,17.8695410725494,0.0572045789632952,0.0623928556600203,3.89767253628961,9.7121623645835e-05,0.000551833367947169,0.249701972575008,1,"19",45039045,45070956,"protein_coding","CLK4 associating serine/arginine rich protein"
"516","CA2",0.472693311439355,0.0196531882554766,23.6113579709159,0.00870156276617671,0.108309991814472,3.37180887945607,0.000746762496004916,0.00291230452566143,0.299517448778516,1,"8",85463968,85481493,"protein_coding","carbonic anhydrase 2"
"517","PLEKHB1",0.472684547827215,0.0137544372047575,16.8945007657711,0.0767312489596607,0.0544732160904054,4.030417101248,5.56779634321991e-05,0.000349377975130769,0.292802155083171,1,"11",73646178,73662819,"protein_coding","pleckstrin homology domain containing B1"
"518","CDK11B",0.472592494576135,0.012195504236691,15.1322212700894,0.127315151974626,0.0406522142102902,4.27943997762875,1.87364156254421e-05,0.000144718863714869,0.185026428241154,1,"1",1635225,1659012,"protein_coding","cyclin dependent kinase 11B"
"519","ANTXR1",0.472582044321449,0.0143790487542826,17.4631656128292,0.0647232197271291,0.0592342011085136,3.94105175821263,8.11251173931105e-05,0.000476646877953377,0.273906749426325,1,"2",69013176,69249327,"protein_coding","ANTXR cell adhesion molecule 1"
"520","MLLT1",0.472088203031549,0.0185723506573021,22.4667611791554,0.0128955270485513,0.0989146428026051,3.46409433741121,0.000532019898903169,0.00221131937434268,0.197700416493914,1,"19",6210381,6279975,"protein_coding","MLLT1 super elongation complex subunit"
"521","SPICE1",0.472015403591634,0.0335900910629476,40.637501609946,1.30792465313606e-05,0.246008752307638,2.57543492553342,0.0100114110041785,0.0246189910621686,0.222233504995972,1,"3",113442718,113515187,"protein_coding","spindle and centriole associated protein 1"
"522","NCOA3",0.471264056810749,0.0200726244712391,24.0919711084853,0.00735997815597909,0.112484483543144,3.32630629467111,0.000880051642216939,0.00331952071571251,0.116597904725937,1,"20",47501887,47656877,"protein_coding","nuclear receptor coactivator 3"
"523","KLF13",0.470529542223516,0.0137738842805098,16.8733223297342,0.0772144530228675,0.054582772301985,4.00920885432143,6.09225159586835e-05,0.000377446918660395,0.198170917669401,1,"HSCHR15_4_CTG8",3612704,3663742,"protein_coding","KLF transcription factor 13"
"524","TMC6",0.470233595778794,0.0194714682507664,23.4177988962986,0.00930515570453282,0.106781351181745,3.36987897179109,0.000752012050992956,0.00293006176905404,0.371444708835772,1,"17",78107397,78132407,"protein_coding","transmembrane channel like 6"
"525","TSC22D3",0.470183874794099,0.0201995756982453,24.069837827471,0.00741716218082298,0.112417296329725,3.30823694377179,0.000938853397464134,0.00350487499692076,0.183967201628578,1,"X",107713221,107777342,"protein_coding","TSC22 domain family member 3"
"526","UBR5",0.469811702485421,0.0168116136454892,20.2263619544354,0.0271829356161415,0.0811236443999525,3.62342377816212,0.000290728905625759,0.00134942337841738,0.0949516357465386,1,"8",102252273,102412759,"protein_coding","ubiquitin protein ligase E3 component n-recognin 5"
"527","ATN1",0.469033008567376,0.0333879750622141,41.0968863697692,1.08470913010648e-05,0.249236996035595,2.5668965565805,0.0102613218747607,0.0251468340651333,0.14700975643454,1,"12",6924463,6942321,"protein_coding","atrophin 1"
"528","SSH1",0.468833318010685,0.00645547665698729,8.72486169333358,0.558399131688903,0,5.83518070709302,5.37323008309443e-09,1.70260182151064e-07,0.172333734376666,1,"12",108778191,108857590,"protein_coding","slingshot protein phosphatase 1"
"529","SPART",0.46879696957459,0.0154740705359837,18.6755139479141,0.0445830507671871,0.0690035540502135,3.76862139662897,0.00016415164708361,0.000848695385108875,0.179614345465854,1,"13",36301638,36370180,"protein_coding","spartin"
"530","RIT1",0.468495910698469,0.00644891362162917,9.37307157905885,0.497101142546754,0,5.83394760666864,5.41311262480804e-09,1.71265999437535e-07,0.209106549401607,1,"1",155897808,155911404,"protein_coding","Ras like without CAAX 1"
"531","ATG4B",0.46769187371895,0.0145410660675119,17.6079823358317,0.0619476058571809,0.0604674493931244,3.87848128483932,0.000105110611258175,0.000587144470747603,0.150332653046185,1,"2",241637213,241673857,"protein_coding","autophagy related 4B cysteine peptidase"
"532","INTS8",0.467349123704104,0.0126329285879559,15.5053338302112,0.114695551907571,0.0437347575181651,4.15804717344879,3.20979749854899e-05,0.000223032164364171,0.152241558777178,1,"8",94813311,94881746,"protein_coding","integrator complex subunit 8"
"533","ADIPOR2",0.465964544702254,0.0323973148145178,38.7680418819744,2.78758268471744e-05,0.233070279772811,2.5887991920193,0.00963112397290122,0.02381464900574,0.275021169634107,1,"12",1688574,1788674,"protein_coding","adiponectin receptor 2"
"534","CENPB",0.465630349259765,0.0100321154453353,13.0258615175164,0.222229464307226,0.0238558276074861,4.64884449096997,3.33799752061381e-06,3.56867214602208e-05,0.342276690231132,1,"20",3783851,3786740,"protein_coding","centromere protein B"
"535","ZDHHC11",0.465191461420214,0.0144567017492575,17.6180853779042,0.0617580199599929,0.0603402652216739,3.86898569503781,0.000109289053167982,0.000605275514254896,0.391685061338269,1,"5",795605,858973,"protein_coding","zinc finger DHHC-type containing 11"
"536","BAZ1B",0.464504080801418,0.0413359381856992,50.5371800480479,2.12561520757774e-07,0.329856833146313,2.28468133773984,0.0223315196927643,0.0482794055010029,0.106760895608328,1,"7",73440406,73522293,"protein_coding","bromodomain adjacent to zinc finger domain 1B"
"537","ZCCHC2",0.463134912725687,0.0214593036575913,25.5483939415051,0.00439748009500828,0.124321826022115,3.16154747870688,0.00156933232463086,0.00536279878353634,0.153124786961105,1,"18",62523025,62587709,"protein_coding","zinc finger CCHC-type containing 2"
"538","SFMBT2",0.462730478324978,0.0261597077671027,31.4519301665917,0.000493906392654813,0.171869287574117,2.86095918242948,0.00422361426199447,0.0120445708962271,0.129105845715798,1,"10",7158624,7411488,"protein_coding","Scm like with four mbt domains 2"
"539","ATP11C",0.462440235437848,0.0173992199085266,21.0295272390566,0.0208886084305694,0.0874074623227648,3.50582896659719,0.000455187614628594,0.00194458533351791,0.295100165546815,1,"X",139726346,139945276,"protein_coding","ATPase phospholipid transporting 11C"
"540","DPF3",0.462416362504147,0.00644961398420165,9.28493145457332,0.505292962644575,0,5.75792935142219,8.51519765809883e-09,2.56094787052876e-07,0.206939068193861,1,"14",72609034,72894101,"protein_coding","double PHD fingers 3"
"541","NHSL1",0.46201281636781,0.0154297666984903,18.7842058248016,0.0430907660661808,0.06944409762088,3.71941247553816,0.000199686727004433,0.000995122865033936,0.185736275690098,1,"6",138422043,138693253,"protein_coding","NHS like 1"
"542","OTUD7B",0.461601044792929,0.0127264155351883,15.7193564358,0.107952927181816,0.0453038971342103,4.09179373835938,4.2804930342033e-05,0.000282754277074127,0.254390881625213,1,"1",149937812,150010726,"protein_coding","OTU deubiquitinase 7B"
"543","S100PBP",0.461542118867677,0.0234158814400742,27.911822526722,0.00186486435692174,0.143419401715828,3.01617186323024,0.00255988121121353,0.00798515947871501,0.135288496511577,1,"1",32816767,32858875,"protein_coding","S100P binding protein"
"544","HNRNPF",0.461343625199766,0.0190999611837522,23.1008607702112,0.0103803448659117,0.103987800748622,3.33816870710319,0.000843325289072938,0.00321266776789691,0.206783185951558,1,"10",43385617,43409186,"protein_coding","heterogeneous nuclear ribonucleoprotein F"
"545","KMT2A",0.460702058082838,0.0243486129167086,29.0966378564172,0.00120193555257914,0.152766963229964,2.95245331808623,0.00315259734154449,0.00947174754620822,0.0955454694800182,1,"11",118436456,118526832,"protein_coding","lysine methyltransferase 2A"
"546","EFHD1",0.460045189636457,0.0379710979138351,45.5292152108251,1.74512163658263e-06,0.287858049981691,2.36088001901738,0.0182316280824191,0.0407861196017116,0.25014903873956,1,"2",232606057,232682776,"protein_coding","EF-hand domain family member D1"
"547","PLXDC2",0.459955884026628,0.0171615238114966,20.5056055141563,0.0248173276557992,0.0837487634500356,3.51106003424624,0.000446323590864051,0.00191436092047096,0.240200472433082,1,"10",19816239,20289856,"protein_coding","plexin domain containing 2"
"548","MINDY1",0.459825749471912,0.0240310789030564,28.9224884818315,0.00128255655689103,0.150934989512824,2.96624249690258,0.0030146268948068,0.00912892197275981,0.284040509473855,1,"1",150996549,151008376,"protein_coding","MINDY lysine 48 deubiquitinase 1"
"549","CCDC93",0.459549448921306,0.0251746048864091,30.509902538765,0.000706621528530882,0.162719037299722,2.89634917647296,0.00377532068976261,0.0109971960837056,0.0894550398804492,1,"2",117915478,118014133,"protein_coding","coiled-coil domain containing 93"
"550","ARID1B",0.459382428968467,0.016929427082015,20.244770228314,0.0270207484688305,0.0814751262434769,3.53063847135907,0.000414557956793571,0.00180361857132687,0.0844578182512993,1,"6",156776020,157210779,"protein_coding","AT-rich interaction domain 1B"
"551","AHDC1",0.459117867225053,0.00642458793677524,6.98747147237904,0.72662719168009,0,5.72798082326431,1.01633050864081e-08,2.94134716668536e-07,0.207455032648628,1,"1",27534035,27604431,"protein_coding","AT-hook DNA binding motif containing 1"
"552","EGLN1",0.459114663741169,0.0159613457276823,19.2841017636368,0.0367990578998334,0.0734730987361224,3.63401245682047,0.000279047380327135,0.00130470152935176,0.17321342286819,1,"1",231363751,231422287,"protein_coding","egl-9 family hypoxia inducible factor 1"
"553","SLC38A10",0.459113335086032,0.0166891172485913,20.3235262791343,0.0263369750935763,0.0816517692988169,3.55388380435907,0.00037958688185924,0.00167572555482971,0.202369078217551,1,"17",81244811,81295547,"protein_coding","solute carrier family 38 member 10"
"554","MSL1",0.458997667029978,0.0233244472130365,28.0771507383818,0.00175460618267188,0.143713700997651,3.00541741232937,0.00265216609190677,0.00822910700099078,0.0860318949747892,1,"17",40121971,40136917,"protein_coding","MSL complex subunit 1"
"555","PRMT2",0.457753031910304,0.0288910751592564,35.1331876557581,0.000118495688095513,0.201581197518907,2.69308076163204,0.0070795117913125,0.0185264835931859,0.108163599255252,1,"21",46635595,46665685,"protein_coding","protein arginine methyltransferase 2"
"556","UBXN2A",0.457597202728295,0.0234649199418251,28.2695068661054,0.00163426361099211,0.145990573213723,2.98726549542879,0.00281485153947925,0.00863204728037361,0.177263509337214,1,"2",23927285,24004909,"protein_coding","UBX domain protein 2A"
"557","PDXDC1",0.457583026249949,0.00743577477572485,10.7186512214727,0.379853666719655,0.00568427985571009,5.30648318990143,1.11760462440103e-07,2.20172296792112e-06,0.119102242067982,1,"HSCHR16_1_CTG1",631355,695082,"protein_coding","pyridoxal dependent decarboxylase domain containing 1"
"558","UPF1",0.457402857577828,0.0190725139410962,23.2410945865575,0.00989080216320048,0.104757919614523,3.31203488887468,0.000926199944032646,0.00346684041677207,0.134093367753135,1,"19",18831959,18868230,"protein_coding","UPF1 RNA helicase and ATPase"
"559","BRD3",0.456632910139434,0.0106197634334296,13.6004381281361,0.192009138157489,0.0283725258276911,4.43108200223488,9.37614219731486e-06,8.25069141913445e-05,0.1561336267995,1,"9",134030305,134068535,"protein_coding","bromodomain containing 3"
"560","POLR3H",0.45659326671622,0.0349017261514711,42.7578427322407,5.49403609428601e-06,0.261546001084852,2.44402728169408,0.0145243281731062,0.0337037459757533,0.146932069979199,1,"22",41525799,41544606,"protein_coding","RNA polymerase III subunit H"
"561","KLF6",0.456563996313017,0.0214563510288349,25.7917466962364,0.00403060455009386,0.125919738199907,3.11690616600976,0.00182759732732052,0.00606891536723859,0.186349509218059,1,"10",3775996,3785281,"protein_coding","KLF transcription factor 6"
"562","ADCYAP1R1",0.456375518887325,0.0181299847082284,21.6069733719375,0.0172369290060056,0.0923516773786952,3.3894062101497,0.000700441653754602,0.00276548928410524,0.241589083059627,1,"7",31052308,31111474,"protein_coding","ADCYAP receptor type I"
"563","SLMAP",0.456370208046814,0.0185786254169895,22.2921981210849,0.0136833004356988,0.0976990008728454,3.34819309602752,0.000813403160812465,0.00312014630875009,0.111375757676741,1,"3",57755450,57930003,"protein_coding","sarcolemma associated protein"
"564","FBRSL1",0.455415644504118,0.0169196452619342,20.5335775413285,0.0245912456154666,0.0833778187075912,3.50116290785833,0.000463232584418716,0.00197335767891674,0.18983490015881,1,"12",132489551,132585188,"protein_coding","fibrosin like 1"
"565","FAM53C",0.455140362950513,0.00643629837326185,7.28491823168226,0.698300887420158,0,5.67318919482345,1.40163283202099e-08,3.86505305186392e-07,0.178117525480395,1,"5",138331935,138349729,"protein_coding","family with sequence similarity 53 member C"
"566","DVL1",0.455038403471899,0.0151200423511222,18.3489442541045,0.0493550798159089,0.0661489786801443,3.70059491017527,0.000215094610614752,0.00105861768592617,0.188095605809395,1,"1",1335276,1349418,"protein_coding","dishevelled segment polarity protein 1"
"567","KANSL1L",0.454909114454495,0.0305720925248393,37.055864056343,5.53478354725184e-05,0.216358362533436,2.60172898732039,0.00927551192229825,0.0230654498103245,0.129076299298777,1,"2",210021421,210171409,"protein_coding","KAT8 regulatory NSL complex subunit 1 like"
"568","ZNF37A",0.454189613287027,0.0222025059724594,26.5319017775828,0.00308697558359918,0.132670239416368,3.04814905654804,0.00230255684664549,0.00733138560130464,0.141356505977641,1,"10",38094334,38150293,"protein_coding","zinc finger protein 37A"
"569","LTBP1",0.454182244342602,0.0224253408480569,26.8019558827501,0.00279891371267313,0.134210804153392,3.03291770037386,0.00242201644422813,0.00763662910033864,0.227464056424003,1,"2",32946953,33399509,"protein_coding","latent transforming growth factor beta binding protein 1"
"570","MECOM",0.453930694712807,0.0106360945171373,13.5644899001025,0.193799069672766,0.0281491066969907,4.40147720127971,1.07516367042759e-05,9.25142183469839e-05,0.349576517252365,1,"3",169083499,169663775,"protein_coding","MDS1 and EVI1 complex locus"
"571","EYA3",0.453587496710259,0.0231170284330897,27.546387951257,0.00213289617116256,0.140535505307328,2.98328724289158,0.00285170222809517,0.0087272458005996,0.0912998277921044,1,"1",27970344,28088637,"protein_coding","EYA transcriptional coactivator and phosphatase 3"
"572","ZDHHC3",0.45346093802737,0.0247233639655409,29.3409168476574,0.00109709399543042,0.155140456477692,2.88393920431405,0.00392734565376829,0.0113473431138815,0.101772385161902,1,"3",44915257,44976185,"protein_coding","zinc finger DHHC-type palmitoyltransferase 3"
"573","RAP1A",0.452894172462518,0.0130905580280484,16.1015960916728,0.0967607958916422,0.0482963504267704,3.9583815382737,7.54593506810952e-05,0.000449307020599076,0.214278347346901,1,"1",111542218,111716691,"protein_coding","RAP1A, member of RAS oncogene family"
"574","SLC35E2B",0.452641239447037,0.0145904829518168,17.6334667315192,0.061470387462489,0.0605891951231362,3.74730709697143,0.000178743200886622,0.000910594902337657,0.188992251713066,1,"1",1659529,1692795,"protein_coding","solute carrier family 35 member E2B"
"575","SMOC1",0.452503943309777,0.0297260342722828,35.8342484243333,8.98786833368326e-05,0.207263219895104,2.62454413938183,0.00867650457598956,0.0218417870637497,0.210147624148813,1,"14",69854131,70032366,"protein_coding","SPARC related modular calcium binding 1"
"576","GLIS3",0.452368573834958,0.0211951189213733,25.3222846529806,0.00476696484925727,0.122017913131628,3.10723784585741,0.00188844394568388,0.00623162807672348,0.220848133195526,1,"9",3824127,4348392,"protein_coding","GLIS family zinc finger 3"
"577","HS6ST1",0.451181969650663,0.0100872358472737,13.055943174214,0.220560775455899,0.0240740553167388,4.49226790450275,7.04686982500036e-06,6.54019149175155e-05,0.250781929661023,1,"2",128236716,128318868,"protein_coding","heparan sulfate 6-O-sulfotransferase 1"
"578","TGFB2",0.451160238192331,0.0149803186126032,18.0535482187051,0.0540670492285093,0.0637784039031771,3.68612698288648,0.000227692772494681,0.00110689832100002,0.333385379289893,1,"1",218345336,218444619,"protein_coding","transforming growth factor beta 2"
"579","TBC1D8B",0.450005796574252,0.0138076366640222,16.8120020075617,0.0786287879537152,0.0541748499779735,3.82964425163902,0.00012832864103518,0.000692671782293533,0.3406116431495,1,"X",106802673,106876150,"protein_coding","TBC1 domain family member 8B"
"580","KRI1",0.449897315671935,0.027833163107129,33.6600269076503,0.000210849573248681,0.190013076995888,2.69669679886889,0.00700310028358331,0.0183516290903715,0.183444789557989,1,"19",10553085,10566031,"protein_coding","KRI1 homolog"
"581","BAZ1A",0.449829962380919,0.0229564997736344,27.7421384726225,0.00198499548068966,0.141073859918648,2.96889982535923,0.0029886800969976,0.00906600767601348,0.280970142027107,1,"14",34752731,34875647,"protein_coding","bromodomain adjacent to zinc finger domain 1A"
"582","CHD2",0.449806403295454,0.0198511067090867,23.9299049387505,0.0077886335028175,0.110765111971995,3.19251739051451,0.00141038451668929,0.00491869554635217,0.0817975298401371,1,"15",92886203,93027996,"protein_coding","chromodomain helicase DNA binding protein 2"
"583","ITGA7",0.449778302550956,0.0148277424045761,18.0822503999217,0.0535919428968158,0.063813316984619,3.69369460248362,0.000221019223738184,0.00107994530131244,0.19558490156592,1,"12",55684568,55716404,"protein_coding","integrin subunit alpha 7"
"584","PHGDH",0.449763691121523,0.0120177621329048,15.0637289704551,0.129755630041883,0.0398682641865501,4.10272672660843,4.08309410617758e-05,0.000271861708841697,0.223790807901813,1,"1",119648411,119744218,"protein_coding","phosphoglycerate dehydrogenase"
"585","INTS6",0.449103660198054,0.0266426049611255,31.7174325877058,0.000446234814657182,0.173192041471951,2.75142862912466,0.00593359479509581,0.0159890925318668,0.0864696634099521,1,"13",51354077,51454264,"protein_coding","integrator complex subunit 6"
"586","ZCCHC24",0.448240112169453,0.0214970214236038,25.9893258838981,0.00375456853759185,0.127122331146844,3.05718396831116,0.00223427103836182,0.00714749318034556,0.259488086603081,1,"10",79382325,79445624,"protein_coding","zinc finger CCHC-type containing 24"
"587","USP24",0.447577756794223,0.023997449386175,28.9335935244386,0.00127726246959837,0.150789794270849,2.88925552972201,0.0038615513850131,0.0112049429238278,0.0655635572904333,1,"1",55066359,55215378,"protein_coding","ubiquitin specific peptidase 24"
"588","RNF213",0.447240373167337,0.0226103188125252,27.5448475967035,0.00213410124775147,0.139165670331291,2.97431977208776,0.00293638894915049,0.00893572801419242,0.170088999520576,1,"17",80260852,80398794,"protein_coding","ring finger protein 213"
"589","ZIC1",0.446983423419672,0.018909659127004,22.8896971895375,0.0111611287029726,0.102268409486053,3.25049548662387,0.00115204097062471,0.00415976351843898,0.420994403857493,1,"3",147393422,147510293,"protein_coding","Zic family member 1"
"590","NEIL1",0.446780396515307,0.0210499210297694,25.1961033529908,0.00498593215083513,0.120659449088142,3.07941962921458,0.00207404322347693,0.00671661835030854,0.212388357591575,1,"15",75346955,75357115,"protein_coding","nei like DNA glycosylase 1"
"591","ST6GALNAC3",0.446582020590811,0.0125266530727026,15.3815060729583,0.11875948116464,0.042724130568155,3.99009935115233,6.60456244978569e-05,0.000403016223734022,0.293687120670568,1,"1",76074746,76634603,"protein_coding","ST6 N-acetylgalactosaminide alpha-2,6-sialyltransferase 3"
"592","EPS8",0.446472887077999,0.0201485427477363,24.4081032604304,0.00658779716372254,0.114318059606022,3.14538108014492,0.00165870614199548,0.00560539306578621,0.235571478207231,1,"12",15620134,15882329,"protein_coding","EGFR pathway substrate 8, signaling adaptor"
"593","RBM33",0.446392783954754,0.0248127396033887,29.7983170116607,0.000924174756314012,0.157694095971618,2.83386923579741,0.00459881459122302,0.0129530199463631,0.127922845441226,1,"7",155644451,155781485,"protein_coding","RNA binding motif protein 33"
"594","SEPHS1",0.446097021054722,0.00643738938325538,8.95646341572082,0.536240300185811,0,5.559995414541,2.69781739170583e-08,6.69364126432672e-07,0.166235164980806,1,"10",13317428,13348298,"protein_coding","selenophosphate synthetase 1"
"595","MAML3",0.445879417732453,0.0178911735405133,21.5323157846106,0.0176727468324761,0.0915180587665005,3.3334812077812,0.000857664651482848,0.00325555025413759,0.170244459212295,1,"4",139716753,140154184,"protein_coding","mastermind like transcriptional coactivator 3"
"596","ZC3H4",0.445491176785411,0.00642212730658472,8.8109087108146,0.550138272367722,0,5.55903811578195,2.7126545898426e-08,6.7215065183244e-07,0.176893621526043,1,"19",47064187,47113776,"protein_coding","zinc finger CCCH-type containing 4"
"597","KIFC3",0.445448784245136,0.00685748742445814,10.3060203472833,0.414067767215834,0.00239960992343113,5.37916997968899,7.48300317265915e-08,1.56192844000743e-06,0.214812338053469,1,"16",57758217,57863053,"protein_coding","kinesin family member C3"
"598","ZNF345",0.44506049182978,0.0124650258945741,15.3301761642383,0.120479871946037,0.0423267053492872,3.98632268440103,6.71052346215006e-05,0.000407473055248593,0.196478495055824,1,"19",36850361,36913029,"protein_coding","zinc finger protein 345"
"599","RALBP1",0.444640655191112,0.0348177043840867,42.4325468144047,6.27970996707193e-06,0.261994338894743,2.38291802591482,0.0171760185906471,0.0387833688717767,0.125534478552386,1,"18",9475009,9538114,"protein_coding","ralA binding protein 1"
"600","FMNL2",0.444530529869788,0.0281631774699664,34.0624550468009,0.000180252451091792,0.192495172002967,2.64887074739192,0.00807612123946266,0.0205865751003507,0.201524279046956,1,"2",152335174,152649826,"protein_coding","formin like 2"
"601","PACS2",0.443989926110876,0.0187714944824199,22.8342384660079,0.0113752477510353,0.101445290332054,3.24058704341037,0.00119283848334883,0.00427843874695866,0.149871572670342,1,"14",105300563,105398147,"protein_coding","phosphofurin acidic cluster sorting protein 2"
"602","GRAMD2B",0.443984793735674,0.0157486513391983,19.027875210337,0.0399100500127458,0.0715168665224823,3.53790699463227,0.000403312091959318,0.001762710098634,0.17036507318468,1,"5",126360132,126496494,"protein_coding","GRAM domain containing 2B"
"603","CNPY3",0.443688285477683,0.00967068618782866,12.6682538702104,0.242816005634072,0.0210446602835181,4.51179456762253,6.42814319484764e-06,6.08130093613284e-05,0.188402472218891,1,"6",42929480,42939294,"protein_coding","canopy FGF signaling regulator 3"
"604","DPYSL3",0.442555632629239,0.0153395734004135,18.4346336685917,0.0480598564834544,0.0668379120670688,3.57323214000318,0.000352601910593719,0.00157744932997913,0.188734118091965,1,"5",147390808,147510068,"protein_coding","dihydropyrimidinase like 3"
"605","NLRP1",0.442497842626137,0.0126942024583687,15.7510113094358,0.10698528299552,0.045339214215943,3.92742994748923,8.58584170144727e-05,0.000497863794429131,0.348020430206982,1,"17",5499415,5619424,"protein_coding","NLR family pyrin domain containing 1"
"606","NAV1",0.442326552249,0.0294295050333324,36.0719741397012,8.18120315920368e-05,0.208026498205096,2.57840735475625,0.00992569116793707,0.0244338998681872,0.11292902416084,1,"1",201539127,201826969,"protein_coding","neuron navigator 1"
"607","MECP2",0.442294663025644,0.00642038378188628,7.58619874287527,0.669184551646235,0,5.51989992935743,3.39192771647845e-08,8.10979081303484e-07,0.128812643274387,1,"X",154021573,154137103,"protein_coding","methyl-CpG binding protein 2"
"608","IRF2BP2",0.442113311658562,0.0252120553538452,30.3932409556325,0.000738504817705452,0.16365397160863,2.78438615334059,0.00536291441735504,0.0147285888710547,0.175884936060933,1,"1",234602300,234610178,"protein_coding","interferon regulatory factor 2 binding protein 2"
"609","EZR",0.442000655612152,0.0139837566422855,17.1589604356435,0.0709197632580739,0.0564110440493153,3.73775632304281,0.000185669764024787,0.000939060537279213,0.217749799828258,1,"6",158765741,158819368,"protein_coding","ezrin"
"610","TGFB3",0.441384531253021,0.00667460206474477,10.1762263006526,0.425170868090012,0.0013821707792108,5.40261997038753,6.56745038352113e-08,1.3957490512049e-06,0.414585700936362,1,"14",75958097,75983011,"protein_coding","transforming growth factor beta 3"
"611","GLTP",0.441114712140627,0.0064261247846485,9.67674466641783,0.469296465357796,0,5.50271430638794,3.7398819374701e-08,8.78204419245211e-07,0.295213783776705,1,"12",109850945,109880541,"protein_coding","glycolipid transfer protein"
"612","MTA1",0.440838010065134,0.0302016221992962,36.8144249632423,6.09325322247786e-05,0.214085080918521,2.53666956374858,0.011191253131575,0.0270679349222138,0.0748934496625155,1,"14",105419820,105470729,"protein_coding","metastasis associated 1"
"613","NFIC",0.44029711676292,0.0340199972059001,41.8617103948819,7.93564626175841e-06,0.25607678123522,2.38714447785142,0.0169798168860789,0.038422816442579,0.128621428938689,1,"19",3314403,3469217,"protein_coding","nuclear factor I C"
"614","ANKZF1",0.440271615078383,0.0251691246746529,30.0648317458941,0.000835971175189859,0.160486902360481,2.77515107721871,0.00551760701563198,0.0150786402921024,0.150607670294322,1,"2",219229783,219236679,"protein_coding","ankyrin repeat and zinc finger peptidyl tRNA hydrolase 1"
"615","ARHGAP10",0.44019364181565,0.0189899199885752,22.906455661344,0.0110971823802039,0.102591284763894,3.19434778202183,0.00140147170951033,0.00489410203619872,0.227630483700101,1,"4",147732063,148072776,"protein_coding","Rho GTPase activating protein 10"
"616","AGO2",0.439691270600356,0.0176998938053744,21.3268481130388,0.0189262655638734,0.089839402292909,3.30493188525151,0.000949994847402325,0.003543493713443,0.22059606414392,1,"8",140520156,140635633,"protein_coding","argonaute RISC catalytic component 2"
"617","ANLN",0.43949984329125,0.0272536427415271,32.7444135352144,0.000300670292479097,0.182455689857202,2.66223534642451,0.00776235842870876,0.0199729170685154,0.445953470238885,1,"7",36389821,36453791,"protein_coding","anillin, actin binding protein"
"618","MCPH1",0.43939723861378,0.0169757399660302,20.415927525461,0.0255552749476357,0.0826129122794561,3.37243017272509,0.000745079766823142,0.00290681963544575,0.08119820458369,1,"8",6406592,6648508,"protein_coding","microcephalin 1"
"619","CREBRF",0.439249320717977,0.0211295240596599,25.5047061197461,0.00446665548425188,0.122825569277419,3.0218036482211,0.00251273481579872,0.00785906652659508,0.133466757694651,1,"5",173056352,173139284,"protein_coding","CREB3 regulatory factor"
"620","GTF3C5",0.438849212394514,0.0195807233898476,23.7131565280856,0.00839926815024913,0.108434987657538,3.1361798280115,0.00171164215289177,0.00575103016557694,0.145215197580396,1,"9",133030675,133058503,"protein_coding","general transcription factor IIIC subunit 5"
"621","ZC3HAV1",0.43871636362583,0.0113162737405373,14.2831276011722,0.160464565390428,0.0337729331030854,4.12412776446544,3.72142292186517e-05,0.00025152180621922,0.241749077497315,1,"7",139043515,139132122,"protein_coding","zinc finger CCCH-type containing, antiviral 1"
"622","SLCO3A1",0.438696438262063,0.0100958726871481,13.0958185883334,0.218363741530441,0.024370560106181,4.36608489301398,1.26493333918454e-05,0.000105653820787784,0.21667093373275,1,"15",91853708,92172435,"protein_coding","solute carrier organic anion transporter family member 3A1"
"623","LRP1",0.438154269369906,0.0117406428627624,14.7133957823272,0.142865537819529,0.03714078431599,4.04372030752029,5.26096748332261e-05,0.000333707433973795,0.172635486681026,1,"12",57128483,57213361,"protein_coding","LDL receptor related protein 1"
"624","MACF1",0.438033553790758,0.0213076218826182,25.7781287864702,0.00405033267781567,0.125190784363375,3.00081960491362,0.00269254025859866,0.00832246908196208,0.102731063507576,1,"1",39081316,39487177,"protein_coding","microtubule actin crosslinking factor 1"
"625","SCAF4",0.437970791591607,0.0308607159347882,37.3636411922291,4.8953929661309e-05,0.218902808507188,2.49311407032911,0.0126628157884339,0.0300096467885389,0.0551668656164476,1,"21",31671000,31732118,"protein_coding","SR-related CTD associated factor 4"
"626","GGA1",0.437876809459547,0.0103068929596189,13.2570160631283,0.209654686792212,0.0257009937812704,4.31308544708479,1.60991860884696e-05,0.000128385310146131,0.144438775981984,1,"22",37608474,37633564,"protein_coding","golgi associated, gamma adaptin ear containing, ARF binding protein 1"
"627","NCOR1",0.437816664324159,0.0267546347100095,32.6261962947892,0.000314706219212962,0.1794972917461,2.67665732539709,0.00743606452988921,0.0192892118985167,0.0643758630033552,1,"17",16029065,16218185,"protein_coding","nuclear receptor corepressor 1"
"628","SNTA1",0.437804362701614,0.0134710997671997,16.4400417133476,0.0877096315666209,0.0509973193202635,3.77205970916707,0.000161905497838344,0.000838830749696812,0.281071555380857,1,"20",33407957,33443763,"protein_coding","syntrophin alpha 1"
"629","IVNS1ABP",0.437802476730615,0.0220751979104674,26.7435809717118,0.00285889455723519,0.133401874984322,2.94663206979522,0.00321255199304438,0.00961480710293794,0.209882183340941,1,"1",185292931,185317273,"protein_coding","influenza virus NS1A binding protein"
"630","SGK1",0.437213933366525,0.0331816602014526,39.8284726385777,1.8164578523292e-05,0.241082476600791,2.40018621995436,0.0163867330959708,0.0372490130012129,0.279027059950803,1,"6",134169248,134318112,"protein_coding","serum/glucocorticoid regulated kinase 1"
"631","SOS1",0.43672655155526,0.0193607311788625,23.3345844592798,0.00957671808546163,0.105846686269865,3.13869213388054,0.00169703640723928,0.00571107581706886,0.119558212178842,1,"2",38962206,39124345,"protein_coding","SOS Ras/Rac guanine nucleotide exchange factor 1"
"632","SALL3",0.436680045900774,0.0300115034593735,36.111945883681,8.0527429869224e-05,0.209833938661136,2.52069018920491,0.0117124923848979,0.0280992975801884,0.302832651199528,1,"HSCHR18_ALT2_CTG2_1",45390,67792,"protein_coding","spalt like transcription factor 3"
"633","GGCX",0.436644488257425,0.0142184487609766,17.2970890882233,0.0680432487338912,0.0578764767428804,3.66186115900384,0.000250389556855302,0.00119324943969095,0.168496976174446,1,"2",85544720,85561532,"protein_coding","gamma-glutamyl carboxylase"
"634","STARD3",0.435969133391404,0.0147906277254533,17.9727742186551,0.0554246420090121,0.0630165660176073,3.58477943297709,0.000337363193591678,0.00152026592271769,0.176074384992463,1,"17",39637090,39664201,"protein_coding","StAR related lipid transfer domain containing 3"
"635","ZNF423",0.435439051671138,0.0175657701714805,21.2003225712848,0.019739207802645,0.0887061881305598,3.28544179317033,0.00101822578120347,0.00375718527473187,0.243679192520816,1,"16",49487524,49857919,"protein_coding","zinc finger protein 423"
"636","PHF3",0.435407949888629,0.0338200789429668,41.2234951951287,1.03010357933342e-05,0.250767811854519,2.36760389538223,0.0179036924376124,0.0401378464451107,0.129513786193798,1,"6",63635802,63779336,"protein_coding","PHD finger protein 3"
"637","SLC25A18",0.435339297665067,0.0173079568809861,20.8587395234501,0.0221004052234118,0.0859575054578999,3.30906250002674,0.000936089381044836,0.00349579704955331,0.243433347073914,1,"22",17563450,17590995,"protein_coding","solute carrier family 25 member 18"
"638","DUSP16",0.43491306660467,0.0287074735434463,34.7660689512442,0.000136876075358734,0.198957534745296,2.56687647203219,0.0102619162206861,0.0251468340651333,0.169187714272749,1,"HG1362_PATCH",442285,531866,"protein_coding","dual specificity phosphatase 16"
"639","SREK1",0.434361186940344,0.0127921657206338,15.7413490720126,0.107279845757747,0.0453785254466677,3.84042221062165,0.000122822888045437,0.000667750275058399,0.127300537019454,1,"5",66139971,66183615,"protein_coding","splicing regulatory glutamic acid and lysine rich protein 1"
"640","KDM1B",0.434299443093817,0.0167449801762773,20.2339911833299,0.0271156083192892,0.0808643391409235,3.35619320357856,0.000790233429206255,0.00304961690214593,0.136426913876999,1,"6",18155329,18223854,"protein_coding","lysine demethylase 1B"
"641","SOX10",0.433952895776201,0.0141119081438487,17.2994141884017,0.067995734724331,0.0576827763481423,3.65300040455822,0.000259193822761628,0.00122878216737924,0.30996290841075,1,"22",37970686,37987422,"protein_coding","SRY-box transcription factor 10"
"642","UTRN",0.433842652664915,0.0154054249980518,18.7256403949891,0.0438890655637901,0.0688553580959519,3.49538811239114,0.000473372874526312,0.00200963786925618,0.167340237025258,1,"6",144285335,144853034,"protein_coding","utrophin"
"643","KTN1",0.43364118330218,0.0337190820101936,41.0777974312261,1.0931862995747e-05,0.250001945307701,2.36152555458492,0.0181999175228096,0.0407281710997568,0.18328230514098,1,"14",55559072,55701526,"protein_coding","kinectin 1"
"644","FBRS",0.433566823414936,0.0331581009112171,40.8057511807438,1.22135098176197e-05,0.247541839221378,2.38100999274285,0.017265243595435,0.0389540257681189,0.150465566535112,1,"16",30658431,30670810,"protein_coding","fibrosin"
"645","CRK",0.432876523618709,0.0119172339516373,14.9262897119286,0.134772399619195,0.0388538387534779,3.96530228753402,7.33029906654359e-05,0.000438151966932037,0.166319658254995,1,"17",1420689,1463162,"protein_coding","CRK proto-oncogene, adaptor protein"
"646","PTTG1IP",0.432831384200972,0.0205010048514112,24.7481606981768,0.00584385852404912,0.117064021918908,3.02295142954653,0.00250322416625104,0.00784214360600385,0.201803922845778,1,"21",44849585,44873903,"protein_coding","PTTG1 interacting protein"
"647","STAT5B",0.432774947757885,0.0319470294926125,39.2152859254004,2.32764375493016e-05,0.235118118642176,2.42129035066444,0.0154655190040116,0.0355389383840546,0.11397005080599,1,"17",42199176,42288633,"protein_coding","signal transducer and activator of transcription 5B"
"648","STIP1",0.43237769944003,0.00882890231559649,11.8916662999194,0.292372324588347,0.0149179879279853,4.60161129702035,4.19235038195964e-06,4.28189572992383e-05,0.300838009581215,1,"11",64185272,64204543,"protein_coding","stress induced phosphoprotein 1"
"649","CEP112",0.432071823888322,0.02111836789519,25.4088388959632,0.00462213490282061,0.122803513948888,2.97321127137567,0.00294701524884222,0.00896287956571847,0.216919152395932,1,"17",65635537,66192133,"protein_coding","centrosomal protein 112"
"650","ZFAND4",0.432068719242947,0.0264627152392914,31.9685571153892,0.000405297391807153,0.175462900961845,2.65604619281575,0.00790627836426028,0.0202591763224986,0.155005370746106,1,"10",45615500,45672780,"protein_coding","zinc finger AN1-type containing 4"
"651","BCL2L1",0.431930565958855,0.0154634202717091,18.8862988031526,0.0417308539986331,0.0701834947392734,3.47345085582343,0.000513811449090795,0.00214623642820535,0.167323096206653,1,"20",31664452,31723989,"protein_coding","BCL2 like 1"
"652","TNKS1BP1",0.43184626077867,0.0229966562516783,27.966021913953,0.00182799900605319,0.142592252237057,2.84771692724703,0.00440340725467148,0.0124811651136047,0.180816946104056,1,"11",57299638,57324952,"protein_coding","tankyrase 1 binding protein 1"
"653","TLE4",0.43181877390397,0.0219050263032154,26.5270407807918,0.00309241405752829,0.131110555012547,2.91762606696575,0.00352707039971145,0.0103978648185413,0.173351594054106,1,"9",79571773,79726882,"protein_coding","TLE family member 4, transcriptional corepressor"
"654","UBAP1",0.431272751478906,0.0211626560471191,25.4519730194777,0.00455154636501229,0.123411111431537,2.96460565593922,0.0030307115055801,0.00916839253449392,0.114291104388424,1,"9",34179005,34252523,"protein_coding","ubiquitin associated protein 1"
"655","KLF3",0.430488097107203,0.0223161175087075,26.8954487538252,0.00270537153953872,0.13461595746873,2.88172031432221,0.00395510628245632,0.0114197112917361,0.174279119573985,1,"4",38664197,38701517,"protein_coding","KLF transcription factor 3"
"656","PHLPP1",0.429807699031299,0.0351495028910006,43.2192351573616,4.54363530412971e-06,0.266533702493125,2.29252772712406,0.0218752094573407,0.0474782759420722,0.142063427705471,1,"18",62715541,62980433,"protein_coding","PH domain and leucine rich repeat protein phosphatase 1"
"657","CD59",0.429754079191973,0.00641886952896781,4.46105182765765,0.924161130490918,0,5.36402426215525,8.13879645900073e-08,1.6837785397972e-06,0.22575197840629,1,"11",33703010,33736479,"protein_coding","CD59 molecule (CD59 blood group)"
"658","UPF2",0.429431005931566,0.012183692990496,15.1303361645046,0.127381796052173,0.0405106661869711,3.89048660925826,0.00010004339796521,0.000565684787204522,0.149078731661546,1,"10",11920022,12043170,"protein_coding","UPF2 regulator of nonsense mediated mRNA decay"
"659","PELI1",0.429217800912649,0.0100751667076539,13.0116542067326,0.223020947246798,0.0238044682027733,4.27613693979018,1.90164276712146e-05,0.000146505176932389,0.235814063558597,1,"2",64092652,64144420,"protein_coding","pellino E3 ubiquitin protein ligase 1"
"660","GPRC5B",0.428880095677249,0.0197121691582167,23.7579041756868,0.00826957902968027,0.109229130936218,3.05470082655992,0.00225285127917285,0.00719926957985978,0.224135191184236,1,"16",19856691,19886167,"protein_coding","G protein-coupled receptor class C group 5 member B"
"661","MKLN1",0.427652968074963,0.019949892137229,24.0446985290003,0.00748262714841283,0.111569818294042,3.02775837837037,0.00246374993163467,0.00774116749900279,0.129802068927661,1,"7",131110096,131496632,"protein_coding","muskelin 1"
"662","RALGDS",0.42765080196409,0.0203626083404231,24.6478562549829,0.00605448933776992,0.116079288836536,2.9969023120726,0.00272738096147829,0.00840546293093645,0.183611238407748,1,"9",133097720,133149334,"protein_coding","ral guanine nucleotide dissociation stimulator"
"663","BOC",0.427599807753698,0.007439072389455,10.7503357653241,0.377297162661382,0.00589996565447395,4.95767563512332,7.13415398090333e-07,1.01215508940126e-05,0.211539417985116,1,"3",113211003,113287459,"protein_coding","BOC cell adhesion associated, oncogene regulated"
"664","GATAD2A",0.426903807286693,0.0181963338205224,22.0172513438837,0.0150169567779223,0.0953475524405525,3.16474032053183,0.00155221417194396,0.00531639039194218,0.156782174044902,1,"19",19385826,19508932,"protein_coding","GATA zinc finger domain containing 2A"
"665","UBE2G2",0.426724665220995,0.0170161527835618,20.5897696512835,0.0241428699207891,0.0840405568704146,3.27127502655868,0.00107063735013235,0.00391896483068627,0.0894749989323114,1,"21",44768580,44801826,"protein_coding","ubiquitin conjugating enzyme E2 G2"
"666","ZFX",0.426438664171657,0.0209401160926321,25.4087664422176,0.00462225435251102,0.122168920155326,2.94691108025812,0.00320965484564595,0.00961023736336854,0.177574612480127,1,"X",24149173,24216255,"protein_coding","zinc finger protein X-linked"
"667","AXL",0.426279982374379,0.00999727839257794,13.024000752201,0.222333003378867,0.0237308312161407,4.26338002555955,2.01357634204147e-05,0.000153276578279857,0.232386552422402,1,"19",41219223,41261766,"protein_coding","AXL receptor tyrosine kinase"
"668","BAHCC1",0.426182382389511,0.0168242008066333,20.477753105196,0.0250443670878708,0.0828717950408951,3.28570274936795,0.00101728300969794,0.00375502360070961,0.19590261759624,1,"HG1369_PATCH",50095,122536,"protein_coding","BAH domain and coiled-coil containing 1"
"669","HSF1",0.425429528152929,0.0228674353068516,27.7193191911262,0.00200171161185074,0.140890550056191,2.81331848981269,0.00490330595067001,0.0136697438985156,0.168726458730079,1,"8",144291591,144314720,"protein_coding","heat shock transcription factor 1"
"670","ZNF561",0.425110535568415,0.0136336976572005,16.7821016704983,0.079326722236019,0.0534305734591629,3.64078504750075,0.000271807996150786,0.00127681184170854,0.14434895866335,1,"19",9604680,9621236,"protein_coding","zinc finger protein 561"
"671","TOB1",0.425059951563555,0.0149096407236778,18.1607159370504,0.0523123555058313,0.0644237715199377,3.48110080105978,0.000499357526068334,0.00209919727242312,0.156091900169794,1,"17",50862223,50867978,"protein_coding","transducer of ERBB2, 1"
"672","VPS54",0.424963912691019,0.0292321525336525,35.586823770524,9.91041027084764e-05,0.204666493314602,2.48554513492967,0.0129353182968475,0.0305693695345019,0.133564303433126,1,"2",63892146,64019428,"protein_coding","VPS54 subunit of GARP complex"
"673","COL21A1",0.424546529937796,0.0229140493287326,27.2978608087483,0.00233609095463349,0.13747387714099,2.80462224051254,0.00503755816124341,0.0139755041815086,0.303450310684465,1,"6",56056590,56394094,"protein_coding","collagen type XXI alpha 1 chain"
"674","DAZAP1",0.424182713950119,0.00951858292733288,12.5583100894193,0.249425744486393,0.0200852607696122,4.34777256211168,1.37527108141633e-05,0.000113252226527918,0.19658910870525,1,"19",1407569,1435687,"protein_coding","DAZ associated protein 1"
"675","KRCC1",0.424125127804731,0.0161276364299144,19.5090498284759,0.0342535310537524,0.0752382215958643,3.33970911048709,0.00083866185206749,0.00320127818713715,0.171814347524658,1,"2",88027205,88064252,"protein_coding","lysine rich coiled-coil 1"
"676","TNRC18",0.423790937702152,0.0133562166374657,16.5177476054969,0.0857396409656185,0.0512121608784287,3.66699179510443,0.000245420666720397,0.00117409068390113,0.152480343795185,1,"7",5306790,5425414,"protein_coding","trinucleotide repeat containing 18"
"677","KMT5A",0.423699153730831,0.0175769403673662,21.3349639268897,0.018875207918444,0.0894731928701886,3.19584683414803,0.00139421102305826,0.00487279068524015,0.100901763829926,1,"12",123384132,123409353,"protein_coding","lysine methyltransferase 5A"
"678","BTG1",0.423635579447437,0.0206440155571349,24.7861273219082,0.00576597774156292,0.117741769096541,2.9484606682799,0.0031936077513548,0.00957581688592062,0.157726291775742,1,"12",92140278,92145846,"protein_coding","BTG anti-proliferation factor 1"
"679","TSHZ1",0.423428616261457,0.00940391535077012,12.3866959324464,0.260009509088807,0.0188471944675354,4.36642343961005,1.262975281624e-05,0.000105532168091219,0.200059964136424,1,"18",75210755,75289950,"protein_coding","teashirt zinc finger homeobox 1"
"680","AGO1",0.422938952485502,0.00641171205896766,3.98227258238235,0.948143153487057,0,5.28190614668497,1.27846691233557e-07,2.45877000324867e-06,0.127649146921678,1,"1",35869808,35930532,"protein_coding","argonaute RISC component 1"
"681","MTMR10",0.422181424929454,0.02341573511773,28.2256673003336,0.00166096593999895,0.145283618974835,2.75895885027394,0.00579858360863272,0.0156916011737148,0.201142038778727,1,"15",30938941,30991628,"protein_coding","myotubularin related protein 10"
"682","CEP104",0.42155306862188,0.0275929098274038,33.6869354498473,0.000208653841196028,0.189512541784152,2.53777727548281,0.0111558956769489,0.0270010404972971,0.151187475380872,1,"1",3812086,3857396,"protein_coding","centrosomal protein 104"
"683","TNIP1",0.421183953624454,0.0196810293854851,23.6747394997105,0.00851215401749449,0.108722901060004,3.00225731787846,0.00267985549342575,0.00828887112309709,0.151986745730189,1,"5",151029942,151093577,"protein_coding","TNFAIP3 interacting protein 1"
"684","STAG2",0.420164040198279,0.0254583434820118,30.7087000964274,0.000655355148979051,0.165582686915864,2.63332104332577,0.00845543812611416,0.0213781588561419,0.19442234704779,1,"X",123960212,124422664,"protein_coding","STAG2 cohesin complex component"
"685","SMOX",0.420083343086146,0.020723171647295,25.1565342164587,0.00505656378037711,0.119672432545366,2.91814823580305,0.00352116913316181,0.0103833775139067,0.18983150107158,1,"20",4120980,4187747,"protein_coding","spermine oxidase"
"686","BCAN",0.419911934982271,0.00922394175784242,12.2993808658952,0.265519618267437,0.0180265768340797,4.37219922126861,1.23001207112949e-05,0.000103269967983099,0.211435876812339,1,"1",156641390,156659532,"protein_coding","brevican"
"687","CUX1",0.418796639534979,0.017362182343645,20.9598516665224,0.0213752686789299,0.0868881048140929,3.17834496246468,0.00148118409017006,0.00511810038712073,0.0925511085675186,1,"7",101815904,102283958,"protein_coding","cut like homeobox 1"
"688","MAP3K1",0.41876701940854,0.0139946115147192,17.158494808842,0.070929640750614,0.0564912337483453,3.53990858839913,0.000400265646711917,0.00175210450138392,0.208956513827763,1,"5",56815549,56896152,"protein_coding","mitogen-activated protein kinase kinase kinase 1"
"689","DFFA",0.418563026762013,0.0180970525421893,21.7214255584355,0.0165883933338501,0.0930317638214077,3.11140782204125,0.00186197595013216,0.00616071300373967,0.159563231538354,1,"1",10456522,10472529,"protein_coding","DNA fragmentation factor subunit alpha"
"690","MAFG",0.417339222437447,0.0107771838783272,13.716869814065,0.186302138872217,0.0293441750689451,4.02009722187725,5.81741291700855e-05,0.000362447047005803,0.211380971419765,1,"17",81918270,81927735,"protein_coding","MAF bZIP transcription factor G"
"691","CHORDC1",0.416323543292603,0.0157992843000068,19.0261283534736,0.0399320649067825,0.071690483912384,3.31216729164817,0.000925761686939586,0.00346645771368729,0.345660873101998,1,"11",90200429,90223077,"protein_coding","cysteine and histidine rich domain containing 1"
"692","EGFR",0.416202578207555,0.00969319603555724,12.6877633712425,0.241656975884547,0.0211629330661462,4.22737980297138,2.36428398914246e-05,0.000175053906956303,0.332421499808347,1,"7",55019017,55211628,"protein_coding","epidermal growth factor receptor"
"693","TBXAS1",0.415846437700741,0.010379679413224,13.3469938092556,0.204912800401748,0.0263710699733041,4.08169937986735,4.47076011202974e-05,0.000293310859860011,0.386149278796924,1,"7",139777051,140020325,"protein_coding","thromboxane A synthase 1"
"694","LRRN1",0.415809443355336,0.0122660279593626,15.2715791399378,0.122469806625117,0.0415499875493209,3.75441583668843,0.000173746211814763,0.000887933032932379,0.235880688444388,1,"3",3799431,3849834,"protein_coding","leucine rich repeat neuronal 1"
"695","HERPUD1",0.415634907008214,0.0152636503749835,18.5171848237717,0.0468414254118758,0.0673092704412889,3.36420777147849,0.000767637298506596,0.00298045557493611,0.122697925929253,1,"16",56932142,56944864,"protein_coding","homocysteine inducible ER protein with ubiquitin like domain 1"
"696","LMBR1L",0.415534699458359,0.0138583207899191,16.8962373187849,0.0766917473506169,0.0545968240353513,3.52981537615853,0.000415849747981811,0.00180811711046442,0.12518749434943,1,"12",49097136,49110900,"protein_coding","limb development membrane protein 1 like"
"697","RBM28",0.415492543248658,0.0260871234660486,31.6322594548562,0.000461016087747348,0.172416553885036,2.57246892455451,0.0100976020508878,0.0248135420638496,0.0911670097701788,1,"7",128297685,128343908,"protein_coding","RNA binding motif protein 28"
"698","COLEC12",0.414991772985937,0.0109055249485828,13.8905199407847,0.178044161490737,0.030607630833004,3.97389327515829,7.07072555989896e-05,0.000424687598573435,0.243769609936179,1,"18",316737,500722,"protein_coding","collectin subfamily member 12"
"699","ZHX2",0.414552315592104,0.0311663404364241,38.4840296162836,3.12501354986761e-05,0.227288854391733,2.34820733459739,0.0188640173994397,0.041937756348712,0.13381578725238,1,"8",122781655,122974510,"protein_coding","zinc fingers and homeoboxes 2"
"700","PPP1R15B",0.413423057216513,0.00664619088770455,10.1570599369939,0.426823705500647,0.00123518085044279,5.07117139318116,3.95374489814415e-07,6.27824850241154e-06,0.199599489643423,1,"1",204396492,204411887,"protein_coding","protein phosphatase 1 regulatory subunit 15B"
"701","SALL1",0.412968125390686,0.0263494434976079,31.9184864230072,0.00041315539379213,0.174988484273204,2.54408026247778,0.0109565905202471,0.0266074174222067,0.19039192080718,1,"16",51135982,51152334,"protein_coding","spalt like transcription factor 1"
"702","FTSJ3",0.41237976298439,0.0110973912276199,14.1449935599243,0.166480149031855,0.0325232268407328,3.9145955332681,9.05558787180905e-05,0.000520004281721786,0.164888523226294,1,"17",63819433,63830012,"protein_coding","FtsJ RNA 2'-O-methyltransferase 3"
"703","PLSCR4",0.412379058988743,0.0219527230818308,26.0775611675294,0.0036372590412632,0.127873105956958,2.78325119185975,0.0053817122165789,0.0147686481070588,0.208827665440267,1,"3",146192335,146251179,"protein_coding","phospholipid scramblase 4"
"704","TRPS1",0.412317260732222,0.0206927291131003,24.9467209968461,0.00544741438135837,0.118615327271619,2.86630650768982,0.00415291943132301,0.0118816188244542,0.123114272586604,1,"8",115408496,115809673,"protein_coding","transcriptional repressor GATA binding 1"
"705","DGKD",0.412072309355375,0.011795875164053,14.8210121389696,0.1387249717437,0.0378985937738238,3.79409628191617,0.000148182169801725,0.000780413730319973,0.187061880794682,1,"2",233354494,233472104,"protein_coding","diacylglycerol kinase delta"
"706","RNF144A",0.411924583339698,0.012901272790001,15.8354590667906,0.104440447866698,0.0462714832483366,3.62661482021304,0.000287161159201244,0.00133581047746941,0.200330989156445,1,"2",6917412,7068286,"protein_coding","ring finger protein 144A"
"707","MTFR1",0.411435592702592,0.017946687882715,21.5022279211699,0.0178512986254707,0.0913714294151812,3.07121135090052,0.00213192185065703,0.00687548064650886,0.211896822164166,1,"8",65644734,65771261,"protein_coding","mitochondrial fission regulator 1"
"708","XPO1",0.410587720932309,0.0181743809724129,21.9534503537251,0.0153435057830856,0.0944678158487162,3.04562299925053,0.00232198782474868,0.00738015161065109,0.152100997337867,1,"2",61476032,61538741,"protein_coding","exportin 1"
"709","NELFA",0.410268773109855,0.0140315963317629,17.2371055456879,0.0692793370772883,0.0569398600151636,3.46349784348459,0.000533200868971129,0.00221579029886481,0.12161416890562,1,"4",1982717,2041903,"protein_coding","negative elongation factor complex member A"
"710","RAB31",0.409887195359461,0.0238707768997867,28.5653827646204,0.0014646286730236,0.148039502250456,2.65296227581467,0.00797887876923276,0.0203930526366202,0.192827730009134,1,"18",9708275,9862551,"protein_coding","RAB31, member RAS oncogene family"
"711","MPHOSPH8",0.409829388879494,0.0231552894316953,27.582363851886,0.00210493742049434,0.140777412614183,2.69325820452758,0.00707574480021589,0.0185212329679699,0.0908154041757793,1,"13",19633659,19673441,"protein_coding","M-phase phosphoprotein 8"
"712","NDE1",0.409571185997614,0.0275997140328162,33.3994848762629,0.000233315162081991,0.187250911570333,2.46534160317897,0.013688268147668,0.0320821167235084,0.311364756743249,1,"16",15643267,15734691,"protein_coding","nudE neurodevelopment protein 1"
"713","HIP1R",0.407625949991973,0.0177164226214448,21.6351129868108,0.0170753016264257,0.0917171689624258,3.06248385678915,0.00219508315089501,0.00704569786343721,0.190996552887826,1,"12",122834453,122862961,"protein_coding","huntingtin interacting protein 1 related"
"714","OSBPL11",0.407518597550928,0.0187979521579271,22.531625861125,0.0126138935019626,0.0992879364332157,2.97229672558543,0.00295580866511491,0.00898313076903333,0.127629840706426,1,"3",125528858,125595497,"protein_coding","oxysterol binding protein like 11"
"715","HEATR5A",0.40708475794518,0.0164495863659563,19.9349404904179,0.0298740816919735,0.0784815516738819,3.17400313166502,0.00150352068547721,0.00518251560000664,0.200570104206652,1,"14",31291788,31420550,"protein_coding","HEAT repeat containing 5A"
"716","FAM114A1",0.406585728193939,0.0160560716771941,19.5577020603667,0.0337247993234712,0.0753468778687093,3.20872487456775,0.00133325003635854,0.00469954444043953,0.170375625440338,1,"4",38867677,38945739,"protein_coding","family with sequence similarity 114 member A1"
"717","ZC3H7B",0.406544640269796,0.019419368859281,23.3264933981861,0.00960352095578865,0.105907676449198,2.91736443580624,0.00353003059464352,0.0104042236561352,0.127538275375097,1,"22",41301525,41360147,"protein_coding","zinc finger CCCH-type containing 7B"
"718","LIX1L",0.40650997135274,0.0156319703651998,19.0689011718069,0.0393962101824048,0.07145494445137,3.25135463155104,0.00114856494459548,0.00415062225839536,0.182343045010383,1,"1",145933423,145958017,"protein_coding","limb and CNS expressed 1 like"
"719","CDCA7L",0.406503785940054,0.0210549690380658,25.6479030877842,0.00424373943111274,0.12384752171807,2.8014784828613,0.00508690333049944,0.0140901061181817,0.176576815326788,1,"7",21900899,21945903,"protein_coding","cell division cycle associated 7 like"
"720","MLEC",0.406308736392233,0.00861585319987247,11.7515097690234,0.302031260603445,0.0137325188167036,4.37730708607455,1.20154628944213e-05,0.000101284190424129,0.129865621707981,1,"12",120687149,120704282,"protein_coding","malectin"
"721","PEX5",0.405817947709512,0.00874415798396321,11.8388872712236,0.295983923021958,0.014467895773272,4.33982535138253,1.42596000725081e-05,0.000116402402197951,0.217261482934731,1,"HG1398_PATCH",116371,146260,"protein_coding","peroxisomal biogenesis factor 5"
"722","ZBTB17",0.405417953331874,0.0191507803662971,23.1623236742706,0.0101630150364565,0.104038689903705,2.92960952586352,0.00339388184217748,0.0100743896669602,0.151222490552413,1,"1",15941869,15976132,"protein_coding","zinc finger and BTB domain containing 17"
"723","USP53",0.405205227244297,0.0162269348207871,19.639637955268,0.0328513622194817,0.0761354270478515,3.18094963887311,0.00146793145423207,0.00507898006858129,0.160616740158295,1,"4",119212587,119295518,"protein_coding","ubiquitin specific peptidase 53"
"724","CD22",0.405186636360292,0.0164871009431277,20.0054469398009,0.0292012112570532,0.079067474595143,3.15560739254253,0.00160164291508291,0.00544843442737987,0.412935625635397,1,"19",35319261,35347361,"protein_coding","CD22 molecule"
"725","CRTC3",0.403208305595925,0.0238823828028738,28.7752696383249,0.00135478575348846,0.150044441382207,2.60909950169533,0.00907808414517119,0.0226682756247807,0.171763784816569,1,"15",90529923,90645345,"protein_coding","CREB regulated transcription coactivator 3"
"726","MSN",0.403080637109346,0.0222404251329386,26.9415420384264,0.00266037210131573,0.134460404757413,2.702840351435,0.0068749758658726,0.0180698928442173,0.231512084351153,1,"X",65588377,65741931,"protein_coding","moesin"
"727","HINFP",0.402708643951313,0.0191709858514562,23.1649541100825,0.0101538111051462,0.104117623253897,2.90849772409118,0.00363169819943132,0.0106466392804842,0.0907779500815595,1,"11",119121580,119136059,"protein_coding","histone H4 transcription factor"
"728","PYGL",0.402705264632203,0.0163446186950224,19.6372941888717,0.0328760535582394,0.0763976836509011,3.14992280420002,0.00163313608814053,0.00554033913164733,0.269853618118654,1,"14",50857891,50944483,"protein_coding","glycogen phosphorylase L"
"729","TRIOBP",0.402522126762504,0.0216485705614538,26.3687398186583,0.00327465780085288,0.129537294389932,2.73574205037708,0.00622397934517838,0.0166436865051542,0.211992056581001,1,"22",37697048,37776556,"protein_coding","TRIO and F-actin binding protein"
"730","KEAP1",0.402293222912076,0.0214278921016521,26.2054842813494,0.0034734319529799,0.127949869225445,2.74822946153068,0.00599180597811055,0.0161211761866299,0.12985871896301,1,"19",10486125,10503558,"protein_coding","kelch like ECH associated protein 1"
"731","ACSS1",0.402150043241381,0.0143617081800241,17.4492863964492,0.0649950100855826,0.0589318168710622,3.35571501214548,0.000791600958802929,0.0030530230321552,0.166370776723579,1,"20",25006230,25058980,"protein_coding","acyl-CoA synthetase short chain family member 1"
"732","PSPH",0.400835794072182,0.0274601488626038,32.8736586641907,0.000286025700797486,0.18366048909061,2.41888406139891,0.0155682013181111,0.0357241744719225,0.13623684241018,1,"7",56011051,56051604,"protein_coding","phosphoserine phosphatase"
"733","ERC1",0.400790173706271,0.0261657942641492,31.7461881366153,0.000441349789494199,0.174008988959729,2.47770789174736,0.0132229351403674,0.0311790379192346,0.137703462090682,1,"12",990509,1495933,"protein_coding","ELKS/RAB6-interacting/CAST family member 1"
"734","LPIN1",0.399064456883026,0.0196328245097083,23.3882732618274,0.00940066017613693,0.106198168786761,2.8480765387634,0.0043984344942023,0.0124700313519088,0.0887385837301916,1,"2",11677595,11827409,"protein_coding","lipin 1"
"735","EPHX1",0.398879988496578,0.00937058239575653,12.4268260383883,0.257505424509941,0.0190331933995147,4.12058575419356,3.7791037174939e-05,0.000255174397355814,0.274147977050967,1,"1",225810124,225845563,"protein_coding","epoxide hydrolase 1"
"736","RYK",0.398748944667062,0.00776504162720979,11.0288305876017,0.355276248407932,0.0080630714544975,4.52509449257047,6.03685271038934e-06,5.78756002837591e-05,0.138696502702622,1,"3",134065303,134250859,"protein_coding","receptor like tyrosine kinase"
"737","ATM",0.397824073762202,0.0267976883084241,32.4769721994938,0.000333341473815359,0.178935134523956,2.43020211556698,0.0150904049971265,0.0348176467967477,0.178348865857386,1,"11",108222804,108369102,"protein_coding","ATM serine/threonine kinase"
"738","RGMA",0.397717844190819,0.0153970700059381,18.849964506445,0.0422102673363926,0.0695740376454371,3.20520664529464,0.00134965545750299,0.00475020923818381,0.176329363226495,1,"15",93035271,93089211,"protein_coding","repulsive guidance molecule BMP co-receptor a"
"739","ZEB1",0.397028789908067,0.00937016758807404,12.4197628510875,0.257944867468801,0.018993713172374,4.10155293397624,4.1038659726933e-05,0.000272985583513965,0.163419652868258,1,"10",31318495,31529814,"protein_coding","zinc finger E-box binding homeobox 1"
"740","CNTRL",0.39610762979514,0.0240555135173469,28.96201695926,0.0012638087085042,0.150981053476308,2.55391178216778,0.0106520240900274,0.025993805016722,0.126964640547016,1,"9",121074660,121177729,"protein_coding","centriolin"
"741","MCL1",0.395478708482081,0.0240305163686405,29.0862207438769,0.00120661638414484,0.151871824954731,2.55118266749486,0.0107358040829855,0.0261709324418971,0.187286015542944,1,"1",150560895,150579738,"protein_coding","MCL1 apoptosis regulator, BCL2 family member"
"742","TRNAU1AP",0.395359255119067,0.0104113599640773,13.3757878601053,0.203413255996026,0.0265987224623124,3.87470085673098,0.000106755759298194,0.000593746015234998,0.150731523590198,1,"1",28553085,28578545,"protein_coding","tRNA selenocysteine 1 associated protein 1"
"743","PRKCH",0.395165002354631,0.0172109657337662,20.8749018665945,0.0219829706148353,0.0859239210966773,3.0121448627938,0.00259408771725234,0.00807316252211901,0.218340081162068,1,"14",61187559,61550980,"protein_coding","protein kinase C eta"
"744","SEC11A",0.394081310261004,0.0156098582421117,18.9563467421083,0.0408206610087003,0.0707653112537321,3.15417916668226,0.00160950240651703,0.00547074808289471,0.157946022286346,1,"15",84669538,84716460,"protein_coding","SEC11 homolog A, signal peptidase complex subunit"
"745","FCHO1",0.394055631078114,0.0128403438859838,16.0043577619274,0.0995077224986372,0.0471877710496743,3.47751658946596,0.000506081732422059,0.00212027913193449,0.262942950038782,1,"19",17747718,17788568,"protein_coding","FCH and mu domain containing endocytic adaptor 1"
"746","ATP11A",0.393894499827997,0.0152479019888922,18.5559701611569,0.0462787476119149,0.0674640578494268,3.18988385636754,0.00142329981593869,0.00495634361591363,0.234930777930325,1,"13",112690038,112887168,"protein_coding","ATPase phospholipid transporting 11A"
"747","B4GALNT4",0.393651044589274,0.0130630552090973,16.1858656561129,0.0944339653804282,0.0485505524186593,3.44420527105095,0.000572740690135021,0.00234901834706449,0.215807132169321,1,"11",369499,382117,"protein_coding","beta-1,4-N-acetyl-galactosaminyltransferase 4"
"748","ENTR1",0.393603646744618,0.0236649723394426,28.8663269443568,0.00130965842509328,0.149667403580448,2.5586219006527,0.0105087969124846,0.0256770511019251,0.111616963938471,1,"9",136401922,136410614,"protein_coding","endosome associated trafficking regulator 1"
"749","PHF10",0.392999910103824,0.0286633217776986,34.828238646452,0.000133577726356357,0.198364791816093,2.32128888276695,0.0202712578382267,0.0445391880656109,0.147256777413633,1,"6",169703902,169725566,"protein_coding","PHD finger protein 10"
"750","CDC42SE1",0.392113348695683,0.0251541326852217,30.5547452746542,0.000694726507138215,0.16379061247413,2.47233293031481,0.0134234440088485,0.0315810423734958,0.112651653841062,1,"1",151050971,151070325,"protein_coding","CDC42 small effector 1"
"751","ELF2",0.391465705927946,0.0223089550761165,26.9072552188298,0.002693775731222,0.134065097078417,2.62092206772876,0.00876923056743628,0.0220277711483834,0.106896957981792,1,"4",139028112,139177218,"protein_coding","E74 like ETS transcription factor 2"
"752","G3BP1",0.391140889118816,0.0101829268767438,13.157469945751,0.215000308942863,0.0248579625976712,3.87611725335161,0.000106136552834757,0.000591396470244514,0.132861627366883,1,"5",151771045,151812911,"protein_coding","G3BP stress granule assembly factor 1"
"753","INO80D",0.390317059709171,0.027477168105498,33.2606541600391,0.000246226929315989,0.185414866536385,2.35467811925421,0.018538756458123,0.0413326342193821,0.0763940781702393,1,"2",205993721,206086303,"protein_coding","INO80 complex subunit D"
"754","MRPS5",0.389704562699074,0.0206721091055892,24.6026563032007,0.00615176345483181,0.116521898354332,2.71046058565401,0.00671898336120691,0.0177212786867904,0.119389432539566,1,"2",95085369,95122006,"protein_coding","mitochondrial ribosomal protein S5"
"755","CBFB",0.389647333638961,0.0289088161173268,35.1103509043716,0.000119564705377639,0.200378102055911,2.29169361830487,0.0219233289320691,0.0475778071924428,0.197523120665038,1,"16",67028984,67101058,"protein_coding","core-binding factor subunit beta"
"756","N4BP2",0.389555847059454,0.0217807286406461,26.1027449791375,0.00360442961397278,0.127984766703765,2.63957207493496,0.00830107699056404,0.0210579527226269,0.180677912873314,1,"4",40056797,40158252,"protein_coding","NEDD4 binding protein 2"
"757","CEP95",0.389370975225213,0.0291793948146214,35.3047088950641,0.000110761004646126,0.202347228148792,2.27942566957042,0.0226417738482139,0.0488197296337794,0.098866047721734,1,"17",64506865,64542461,"protein_coding","centrosomal protein 95"
"758","MSI2",0.389085729886516,0.00673169672876188,10.2292800580411,0.420613402666833,0.00179774284398884,4.7422345662712,2.11373679004367e-06,2.50129482916304e-05,0.151513716310577,1,"17",57255851,57684689,"protein_coding","musashi RNA binding protein 2"
"759","SAV1",0.388393946343909,0.0262241384221367,32.0442187190901,0.000393699573083353,0.174903769136462,2.3984012281735,0.0164668168635278,0.0374027665776341,0.120251110050461,1,"14",50632058,50668306,"protein_coding","salvador family WW domain containing protein 1"
"760","FAM171A1",0.387432464551748,0.0169568287925173,20.4803202731209,0.0250233600484883,0.0825894800267978,2.97525156007617,0.00292748371366747,0.00890991716122718,0.099318235427156,1,"10",15211643,15371289,"protein_coding","family with sequence similarity 171 member A1"
"761","ZRSR2",0.387360426620338,0.0159647021772749,19.2868049966642,0.0367674599652801,0.0732614897077437,3.06573660809469,0.00217134501035687,0.00697923663377203,0.20086355614467,1,"X",15790156,15830694,"protein_coding","zinc finger CCCH-type, RNA binding motif and serine/arginine rich 2"
"762","FXR1",0.387186344971177,0.0156110478113804,19.0120096984362,0.0401104058355358,0.0711074391660994,3.09887462342938,0.00194257206880355,0.0063763528338541,0.14300430408625,1,"3",180868141,180982753,"protein_coding","FMR1 autosomal homolog 1"
"763","GPBP1L1",0.386760318476904,0.0281308945387142,33.8048644603496,0.000199292239474288,0.190984947470088,2.30595133617364,0.0211133516580222,0.04611285927831,0.116981176866182,1,"1",45627304,45688113,"protein_coding","GC-rich promoter binding protein 1 like 1"
"764","MAP3K14",0.386360007613355,0.0168152372893014,20.3922039756464,0.025753884243935,0.0820372387632407,2.97948131231414,0.00288736841557435,0.00880821102851738,0.144580841487154,1,"17",45263119,45317029,"protein_coding","mitogen-activated protein kinase kinase kinase 14"
"765","KCNN3",0.38619204125469,0.0178768988891353,21.5996993242244,0.0172789429486397,0.0912638802553625,2.88839927678408,0.003872080168694,0.0112262045954695,0.188991761637036,1,"1",154697455,154870281,"protein_coding","potassium calcium-activated channel subfamily N member 3"
"766","NR2F1",0.385294017170431,0.0154478145913235,18.7327734084006,0.0437911179565706,0.0687390281273906,3.09997892423302,0.00193534413236951,0.00635946283695994,0.220550023119225,1,"5",93583222,93594611,"protein_coding","nuclear receptor subfamily 2 group F member 1"
"767","PPFIA1",0.384874929860428,0.0232237576515522,28.1606493606008,0.00170134812232875,0.143951893491442,2.52553491750925,0.0115522300826403,0.0277845131388605,0.108189310548361,1,"11",70270690,70385312,"protein_coding","PTPRF interacting protein alpha 1"
"768","HUS1",0.384774741536591,0.0252427661845176,30.3170307087361,0.000760085276348172,0.162179231399479,2.42179892918557,0.0154438931596226,0.0355027909682012,0.0800836694576539,1,"7",47961882,47979615,"protein_coding","HUS1 checkpoint clamp component"
"769","EPC1",0.384624839568035,0.0249780719492525,30.3792611060636,0.000742418266484572,0.162132758633918,2.43364861297096,0.0149474979584079,0.0345233070455113,0.064833397834994,1,"10",32267751,32378798,"protein_coding","enhancer of polycomb homolog 1"
"770","INPP5A",0.384170950985078,0.010723009163736,13.6674902852924,0.188705715494451,0.0289418564008334,3.70993400472,0.000207313281677335,0.00102753155394373,0.184918892799859,1,"10",132537787,132783480,"protein_coding","inositol polyphosphate-5-phosphatase A"
"771","ATF4",0.383699012901521,0.0253061153674213,30.49679982446,0.000710134479846089,0.16314904913819,2.41200353596681,0.0158651276627186,0.0363065353517077,0.106729892369989,1,"22",39519695,39522686,"protein_coding","activating transcription factor 4"
"772","STK36",0.383587087509059,0.0176880215935712,21.3047793696633,0.0190657592950557,0.089382609213181,2.88419320565341,0.00392417914619148,0.0113428670471038,0.199983710593413,1,"2",218672069,218702716,"protein_coding","serine/threonine kinase 36"
"773","SPP1",0.38347873443819,0.0198080153317473,23.4840019934338,0.00909435848412439,0.107371422774718,2.72471325007916,0.00643573545462583,0.0170926374609098,0.412092735918441,1,"4",87975667,87983532,"protein_coding","secreted phosphoprotein 1"
"774","NEK9",0.382963484513557,0.0236677352843836,28.6625872207784,0.00141272336289893,0.148562966062504,2.48931017599394,0.0127991246716841,0.0303019672659203,0.107175274977617,1,"14",75079353,75127344,"protein_coding","NIMA related kinase 9"
"775","DNMT3A",0.382748596919946,0.0142779192758467,17.5497163946961,0.0630512281145464,0.0594557697504025,3.20317854008539,0.00135919687817432,0.00477500456116007,0.153253846693157,1,"2",25227855,25342590,"protein_coding","DNA methyltransferase 3 alpha"
"776","SSH2",0.382634405488539,0.0156640145597175,19.0527191288648,0.0395981563261003,0.0715213396459019,3.05726073775223,0.00223369885109403,0.00714674936542252,0.128688548617984,1,"17",29625938,29930276,"protein_coding","slingshot protein phosphatase 2"
"777","KLHL5",0.382624835344064,0.0155998789938346,19.0994494543087,0.0390175545758282,0.0716277871474114,3.06346230554465,0.00218791766876425,0.00702467490993573,0.19991738700543,1,"4",39045039,39126857,"protein_coding","kelch like family member 5"
"778","SRGAP2",0.381884817304046,0.0120127500903605,15.0522624973424,0.130168045729598,0.0397338607780155,3.48426494265563,0.0004934907199865,0.00207959647124714,0.10356048216445,1,"1",206203346,206464436,"protein_coding","SLIT-ROBO Rho GTPase activating protein 2"
"779","NAGK",0.380553611295093,0.00674112959619303,10.252901291192,0.418592704984542,0.00197160163101876,4.63499755482775,3.56941699086732e-06,3.75502667439243e-05,0.135669804811179,1,"2",71064344,71079808,"protein_coding","N-acetylglucosamine kinase"
"780","CHPT1",0.380168558617589,0.0145008756652638,17.6634648046243,0.0609128868796232,0.0602737232169469,3.15703271128935,0.00159383465607554,0.00542692687924861,0.175573303045193,1,"12",101696947,101744140,"protein_coding","choline phosphotransferase 1"
"781","TPT1",0.380088466281876,0.0209553935211235,25.2372223479123,0.00491353752509687,0.120958672308919,2.62564967817116,0.00864837757105907,0.0217814058050135,0.15599433277128,1,"13",45333471,45341284,"protein_coding","tumor protein, translationally-controlled 1"
"782","WDR45",0.379306802314037,0.013958853789438,17.1930512619112,0.0701999100251302,0.0564729413058191,3.21044882843688,0.00132527862458276,0.00467771552780092,0.0800110955790051,1,"HSCHRX_3_CTG3",233384,260121,"protein_coding","WD repeat domain 45"
"783","TMOD3",0.379060327884554,0.0113088984003889,14.3183234382044,0.158960731313478,0.0339074825123881,3.56449641903697,0.000364555428259417,0.00162127377099516,0.1454713729192,1,"15",51829628,51947295,"protein_coding","tropomodulin 3"
"784","WDR20",0.378663558167313,0.0093030736606974,12.3970404062742,0.259362315285403,0.0187584092832455,3.92590947853828,8.64026469777901e-05,0.000499947168263297,0.114949291085322,1,"14",102139503,102224847,"protein_coding","WD repeat domain 20"
"785","PHC1",0.378585347409106,0.0126355309377605,15.6457453217565,0.11023238009155,0.0443665821711963,3.36796099725114,0.000757263081181625,0.00294796234454051,0.141826781469865,1,"12",8913896,8941467,"protein_coding","polyhomeotic homolog 1"
"786","ZNF562",0.378395717894293,0.00847280293817091,11.6176651726118,0.311459178429749,0.0127016256699335,4.11085975027415,3.94188592600653e-05,0.000264468366974418,0.130375952895819,1,"19",9641807,9675100,"protein_coding","zinc finger protein 562"
"787","PAK2",0.377844424790706,0.0249588330573135,30.1752487842813,0.000801879982160385,0.160633366876491,2.39166793151114,0.0167720092714749,0.0380139044567309,0.11376754807967,1,"3",196739857,196832647,"protein_coding","p21 (RAC1) activated kinase 2"
"788","CCP110",0.377554116302503,0.023339794271387,28.359944595025,0.00158048722634785,0.145566689891044,2.47132975264163,0.0134611629235666,0.0316520862664105,0.229707711804742,1,"16",19523811,19553408,"protein_coding","centriolar coiled-coil protein 110"
"789","AATF",0.377503283450487,0.0182055477624554,22.0335198244728,0.0149347460319067,0.0952895918282466,2.79781412363402,0.00514497114393953,0.0142303395383841,0.154192594838267,1,"17",36948925,37056871,"protein_coding","apoptosis antagonizing transcription factor"
"790","STK17A",0.37682865797892,0.00641424273004068,9.7074501459765,0.466523701158545,0,4.70512567843325,2.53709611230946e-06,2.8807610471123e-05,0.175720815443324,1,"7",43582758,43650713,"protein_coding","serine/threonine kinase 17a"
"791","PKN1",0.376796943892021,0.0180704592668659,22.0101085575964,0.0150531866874975,0.0945638614981261,2.80299792626312,0.00506299948865241,0.0140349814547097,0.152427937832991,1,"19",14433053,14471867,"protein_coding","protein kinase N1"
"792","TJP2",0.376623211579894,0.0179849029470548,21.8365673990655,0.0159591822071614,0.0932671311431143,2.80836164549658,0.00497942734500301,0.0138510541022686,0.234190141434439,1,"9",69121264,69274615,"protein_coding","tight junction protein 2"
"793","QSER1",0.376156165116952,0.0145053206645612,17.7259631538656,0.0597659814840115,0.0608703343646775,3.12323395230961,0.00178875500741293,0.00596426951482975,0.117679357835404,1,"11",32892811,32993316,"protein_coding","glutamine and serine rich 1"
"794","FAM193B",0.375944071093303,0.0206810824439309,24.8998445901508,0.00553861468991955,0.118253871501774,2.61418673810073,0.00894401374353748,0.0223813093677484,0.132952374920539,1,"5",177519789,177554586,"protein_coding","family with sequence similarity 193 member B"
"795","RRAS2",0.374882188964362,0.0118395286844995,14.7693022741569,0.140701780333307,0.0375717018498594,3.44530441050322,0.00057041661057089,0.00234131203402488,0.195986094517135,1,"11",14277922,14364506,"protein_coding","RAS related 2"
"796","PAG1",0.374848808462257,0.0147208151159141,17.9066984351499,0.0565580497086424,0.0624997663981097,3.08951427038271,0.00200484075049645,0.00653779438785575,0.168308212062491,1,"8",80967810,81112068,"protein_coding","phosphoprotein membrane anchor with glycosphingolipid microdomains 1"
"797","ZNF808",0.374756847254274,0.0149320497922207,18.1037289300725,0.0532388878375204,0.063973799029265,3.06683112304215,0.0021634104553836,0.00695889863648844,0.177304882621849,1,"19",52527652,52564464,"protein_coding","zinc finger protein 808"
"798","C2orf88",0.374450649751979,0.0216122789775677,25.7606495822945,0.00407579076649713,0.125012888396571,2.54709008960668,0.0108625386260908,0.0264308792289753,0.182062957437975,1,"2",189879609,190203484,"protein_coding","chromosome 2 open reading frame 88"
"799","MPDZ",0.374367552997651,0.0163005022285143,19.7413750054249,0.031795952989963,0.0770250315929673,2.93222780730199,0.00336539785310719,0.0100011258233581,0.127183917420689,1,"9",13105706,13279692,"protein_coding","multiple PDZ domain crumbs cell polarity complex component"
"800","ATL3",0.374250172919694,0.0105852452244476,13.5699620322315,0.193525748098326,0.02804726836281,3.63757157801862,0.000275220720792113,0.00128967571613943,0.172804463764512,1,"11",63624087,63671921,"protein_coding","atlastin GTPase 3"
"801","KAT2B",0.374155723977659,0.0175322500688982,21.0115469218868,0.0210131918477399,0.0872175023863873,2.82574888788324,0.00471702267777596,0.0132257672095424,0.154404358796587,1,"3",20040446,20154404,"protein_coding","lysine acetyltransferase 2B"
"802","POMT1",0.373998353043784,0.0172945892773039,20.7456584616417,0.0229386006705907,0.0851015601556258,2.84390158600116,0.00445648104303387,0.0126112119899708,0.148556208468479,1,"9",131502789,131523806,"protein_coding","protein O-mannosyltransferase 1"
"803","EFCAB14",0.373955078931151,0.0167060522739336,20.3496721357889,0.0261135563605922,0.0815222008873267,2.89322705796023,0.00381305537045074,0.011087159341388,0.15395964572875,1,"1",46674659,46719146,"protein_coding","EF-hand calcium binding domain 14"
"804","PDE9A",0.373771324051409,0.0204367567751781,24.7486019367842,0.00584294765329099,0.116746493478157,2.61456829720234,0.00893402968636425,0.0223616446111235,0.139817137866713,1,"21",42653621,42775509,"protein_coding","phosphodiesterase 9A"
"805","ABCC10",0.373655471228083,0.0190618814296033,23.0941646850868,0.0104042868162311,0.103524438420266,2.70637805883189,0.00680215586661914,0.0179165447463278,0.138728401409675,1,"6",43427366,43450430,"protein_coding","ATP binding cassette subfamily C member 10"
"806","TLE3",0.373466743964993,0.0111896110567695,14.2521170862147,0.16179925367972,0.0332988280788794,3.5305668556704,0.000414670203648715,0.00180364306510616,0.163378332542707,1,"15",70047790,70098176,"protein_coding","TLE family member 3, transcriptional corepressor"
"807","PKNOX1",0.373104809895272,0.018003768349459,21.6055251049186,0.017245286335809,0.0919452234691758,2.78066800384882,0.00542471825341306,0.0148672752444719,0.095356912016997,1,"21",42974510,43033931,"protein_coding","PBX/knotted 1 homeobox 1"
"808","CSNK1G2",0.372916821077247,0.0160326390479819,19.5793276302913,0.0334922101749014,0.0752592735607251,2.94516388186904,0.00322783644517455,0.00965390628310646,0.111878123044192,1,"19",1941172,1981338,"protein_coding","casein kinase 1 gamma 2"
"809","ANKFY1",0.372149520911568,0.00960904693485184,12.6150538981378,0.245997754873222,0.0205727022944832,3.79644669908704,0.000146784904458297,0.000774217696114958,0.116314175471387,1,"17",4163821,4263995,"protein_coding","ankyrin repeat and FYVE domain containing 1"
"810","ADGRA3",0.371637157856849,0.00842194303074255,11.5744512872058,0.314545572689906,0.0123505278291934,4.04960795011846,5.13035083118396e-05,0.000326883426986785,0.193821007217697,1,"4",22345071,22516066,"protein_coding","adhesion G protein-coupled receptor A3"
"811","L3MBTL4",0.371496770674938,0.00639866283092526,8.88487737594695,0.543062959915253,0,4.64419482078807,3.41405288728502e-06,3.63520611075288e-05,0.187429012246199,1,"18",5954706,6415237,"protein_coding","L3MBTL histone methyl-lysine binding protein 4"
"812","MINK1",0.371471321107153,0.0201051551537254,24.3929901319091,0.00662287884747205,0.113550721170476,2.61982073947212,0.00879759988046458,0.0220858491212236,0.103459446689429,1,"17",4833340,4898061,"protein_coding","misshapen like kinase 1"
"813","RMND5A",0.37101382077722,0.00938372647867177,12.4270947445293,0.257488717610224,0.0190650416513559,3.83003213517093,0.000128126525631878,0.000691758301076393,0.169719861480159,1,"2",86720291,86778041,"protein_coding","required for meiotic nuclear division 5 homolog A"
"814","TPD52L2",0.369700244752786,0.00641115872587771,9.1200348821403,0.520751043150151,0,4.61722962493527,3.88896873393385e-06,4.03073409664868e-05,0.140645943968054,1,"20",63865228,63891545,"protein_coding","TPD52 like 2"
"815","PPP6R1",0.369119767146846,0.00638147078669999,7.80449644540107,0.64792669356097,0,4.62069082571752,3.82464374748537e-06,3.97974799441603e-05,0.184100236129304,1,"19",55229779,55259017,"protein_coding","protein phosphatase 6 regulatory subunit 1"
"816","SNX27",0.368613654591569,0.0191903972575801,23.124771601109,0.0102952777570975,0.104307019465073,2.66090540842578,0.00779308470707707,0.0200350076047045,0.0887467895753162,1,"1",151612006,151699091,"protein_coding","sorting nexin 27"
"817","SORBS3",0.368357022473752,0.0240927633279907,29.4289492672177,0.00106153569291556,0.154181813495828,2.37315249720324,0.0176369804371499,0.0396709502242499,0.173760352134613,1,"8",22544986,22575788,"protein_coding","sorbin and SH3 domain containing 3"
"818","RPAP1",0.36793417685252,0.0170076492424575,20.7589430207041,0.0228386130216622,0.084535659570659,2.82129166208261,0.00478306943149698,0.0133753031417725,0.0901008716916999,1,"15",41517176,41544269,"protein_coding","RNA polymerase II associated protein 1"
"819","LPAR1",0.367694074961879,0.00853705289245004,11.7157745610267,0.304528949503622,0.0134010564353177,3.97953790411765,6.90493508277434e-05,0.000416632733414317,0.379061068606431,1,"9",110873263,111038470,"protein_coding","lysophosphatidic acid receptor 1"
"820","DHX38",0.367288893508403,0.0239046455942962,29.2017882594154,0.00115566429988154,0.152259354886778,2.37556348570791,0.0175221778585744,0.0394422405204241,0.149144229028162,1,"16",72093613,72112912,"protein_coding","DEAH-box helicase 38"
"821","SEPTIN8",0.367137078298967,0.0155379435524796,18.9957790928852,0.0403163270297668,0.0708039782044794,2.94531315922768,0.00322627938470998,0.00965177282159791,0.120527121152931,1,"5",132750819,132807241,"protein_coding","septin 8"
"822","CRLF3",0.366775087852788,0.0194460243136191,23.2614671797547,0.00982153588010807,0.105259351334185,2.6301736199784,0.00853412713574109,0.0215349046457175,0.129163072518623,1,"17",30769388,30824692,"protein_coding","cytokine receptor like factor 3"
"823","WWC1",0.366495858264999,0.0127686406451505,15.8683299909516,0.103464152748038,0.0459844336716461,3.24337181836799,0.0011812394849533,0.00424624615810993,0.144067853672542,1,"5",168291645,168472303,"protein_coding","WW and C2 domain containing 1"
"824","RYR1",0.36613736607695,0.0114629999221795,14.4241066858305,0.154510670376539,0.0347725680426811,3.41975433107214,0.000626777116532917,0.00252632002525911,0.148198229903604,1,"19",38433691,38595273,"protein_coding","ryanodine receptor 1"
"825","MUTYH",0.366042889384293,0.0188586771633796,22.9712462677553,0.0108532122022075,0.102355640456238,2.66548573002082,0.00768771942971158,0.0198101184079769,0.143374067221728,1,"1",45329163,45340893,"protein_coding","mutY DNA glycosylase"
"826","PLPP1",0.365880231062919,0.00707446501534324,10.505613412221,0.397307631952344,0.00394551479286344,4.35002890798032,1.36119586227057e-05,0.00011248845617507,0.145418262637661,1,"5",55424854,55534969,"protein_coding","phospholipid phosphatase 1"
"827","DCLRE1C",0.365860280131356,0.0197122130991385,23.7015508812849,0.0084332192814793,0.108513505949887,2.60583894137363,0.00916495457384103,0.0228337056522931,0.105315133720226,1,"10",14897359,14954432,"protein_coding","DNA cross-link repair 1C"
"828","GPSM2",0.365000931265921,0.0159716259468089,19.4682430198481,0.0347028912666307,0.0746066234317305,2.88814775288279,0.00387517794563497,0.0112336379134968,0.193815569101048,1,"1",108875350,108934545,"protein_coding","G protein signaling modulator 2"
"829","SELENOP",0.364993299251896,0.0253132217599232,30.782077100304,0.000637364148572929,0.16499403041466,2.29409384437938,0.0217851088728209,0.0473022384606968,0.245767069578434,1,"5",42799880,42887392,"protein_coding","selenoprotein P"
"830","CLK2",0.364776382241649,0.0215180833860505,25.8983245211794,0.00387936712865432,0.126726217784385,2.48670872832551,0.0128930911362306,0.030484848631626,0.106054240230182,1,"HSCHR1_2_CTG31",67891,83514,"protein_coding","CDC like kinase 2"
"831","HYDIN",0.363591780397414,0.0238938963928895,28.6909783294246,0.00139790294657176,0.147979792005709,2.35218008475595,0.0186637366249451,0.0415671661468028,0.169037638939737,1,"16",70802084,71230722,"protein_coding","HYDIN axonemal central pair apparatus protein"
"832","RFX4",0.36350119380675,0.0178495767129361,21.3480390797074,0.0187932223249482,0.0897688045494463,2.72077031562084,0.00651299974637953,0.017260802955514,0.186833270467665,1,"12",106583004,106762803,"protein_coding","regulatory factor X4"
"833","DYNC1LI2",0.36346671014794,0.0141654726161123,17.4935375464938,0.064132014461661,0.0587568640390983,3.05385987397282,0.00225917577262846,0.00721509688161853,0.20359553458875,1,"16",66720893,66751609,"protein_coding","dynein cytoplasmic 1 light intermediate chain 2"
"834","SNX8",0.363439480536483,0.00637951580491155,5.65915533416287,0.843040696550133,0,4.55028128416552,5.35742490104241e-06,5.25257315554204e-05,0.195538769683135,1,"7",2251770,2354318,"protein_coding","sorting nexin 8"
"835","DNAJC1",0.36320390565229,0.0214652471455303,26.0881239183255,0.00362345461286134,0.127102399841593,2.47903445790757,0.0131738578587073,0.0310842177130426,0.108847197066385,1,"10",21756548,22003769,"protein_coding","DnaJ heat shock protein family (Hsp40) member C1"
"836","CREB1",0.362997887108808,0.0115406411032238,14.5450951430975,0.149547879769465,0.0356930322597838,3.37900729588837,0.000727480775004397,0.00284766428020326,0.104951860373483,1,"2",207529737,207605988,"protein_coding","cAMP responsive element binding protein 1"
"837","CCDC50",0.362740418706423,0.00638906068271176,9.81724848083381,0.456670500894164,0,4.53813533807111,5.67538339657503e-06,5.5154765202743e-05,0.153140069321104,1,"3",191329085,191398659,"protein_coding","coiled-coil domain containing 50"
"838","ARGLU1",0.362556707520886,0.0181194014774428,21.7861105855892,0.0162320925891674,0.0930545990772825,2.69341962570319,0.00707231950266163,0.0185145704038821,0.121583568255406,1,"13",106541673,106568137,"protein_coding","arginine and glutamate rich 1"
"839","DPF2",0.362537892897894,0.0170222140630614,20.8158969093283,0.0224145419577673,0.0852184475959099,2.77872380999722,0.00545729040694631,0.0149448640065275,0.121612906664009,1,"11",65333843,65354262,"protein_coding","double PHD fingers 2"
"840","ST6GAL1",0.362474373043095,0.0166935423138943,20.2028555544308,0.0273913561767122,0.0802883410405703,2.80545338032146,0.0050245849272863,0.013952391034724,0.162452995306051,1,"3",186930325,187078553,"protein_coding","ST6 beta-galactoside alpha-2,6-sialyltransferase 1"
"841","MAPKAP1",0.362250585556119,0.0122385181819602,15.2154590924952,0.12440182781806,0.0410339044504636,3.27449760758383,0.00105850035416855,0.00388277548736101,0.078616338170044,1,"9",125437393,125707234,"protein_coding","MAPK associated protein 1"
"842","DOCK8",0.362195465026805,0.00728432768476317,10.6508878126884,0.385355720580556,0.00509798985572917,4.24373514279673,2.19829793126625e-05,0.000165009591415775,0.33816872755854,1,"9",214854,465259,"protein_coding","dedicator of cytokinesis 8"
"843","RAB3IP",0.362108711074846,0.00916587340688279,12.264579736461,0.267739386611561,0.0177315131314457,3.78226579482615,0.000155407289787801,0.000811961603460476,0.184270675144805,1,"12",69738860,69823204,"protein_coding","RAB3A interacting protein"
"844","ZNF766",0.36202806158195,0.00686307680604321,10.3430663190276,0.410927862561285,0.00267559072515038,4.37001376907033,1.24238702376989e-05,0.000104142721036328,0.107441640108793,1,"19",52269587,52296046,"protein_coding","zinc finger protein 766"
"845","ARHGEF1",0.362017034844921,0.0136119439308342,16.7476827348318,0.0801369187137301,0.053043731768694,3.10290822882261,0.0019162905348078,0.00630670308968497,0.154893817783195,1,"19",41883173,41930150,"protein_coding","Rho guanine nucleotide exchange factor 1"
"846","ZNF688",0.36199566786957,0.00637524668236667,7.09938535435215,0.716030241691846,0,4.53372189379522,5.79533235289809e-06,5.59842941712469e-05,0.210266551139991,1,"16",30569672,30572734,"protein_coding","zinc finger protein 688"
"847","RASGRP3",0.36197519634032,0.00819704532581264,11.4127430274599,0.326278018536614,0.0110414471541659,3.99806770232032,6.38616869390596e-05,0.000391278361443743,0.276010271139869,1,"2",33436324,33586669,"protein_coding","RAS guanyl releasing protein 3"
"848","SIRT2",0.361374932665576,0.0152200492268531,18.6661379351151,0.0447139668085669,0.0680931318164062,2.92920654068119,0.00339828531179154,0.0100846153681374,0.175731338575378,1,"HG26_PATCH",288227,309534,"protein_coding","sirtuin 2"
"849","ZNF862",0.361355655185516,0.0241626280115064,29.5088741279331,0.00103022454468309,0.154585097854749,2.32467781918832,0.0200891941906678,0.0441991682287619,0.125637032474117,1,"7",149838375,149867479,"protein_coding","zinc finger protein 862"
"850","BNIP2",0.360966034053336,0.0159032779531413,19.3660701966146,0.035851968040524,0.0736940290527721,2.8623518201209,0.00420509839625738,0.0119973264376645,0.150055049214371,1,"15",59659146,59689339,"protein_coding","BCL2 interacting protein 2"
"851","CAVIN1",0.360567315528384,0.025123654946158,30.8578602664291,0.000619288955785509,0.1649216322682,2.27480904542689,0.0229173873824742,0.0493280645040672,0.212263442644361,1,"17",42402449,42423256,"protein_coding","caveolae associated protein 1"
"852","ST3GAL1",0.360519302015573,0.0171251773707528,20.8118780959487,0.022444222457668,0.085053560024047,2.75493262670879,0.00587042223752521,0.0158540674429988,0.124980916607185,1,"8",133454848,133571926,"protein_coding","ST3 beta-galactoside alpha-2,3-sialyltransferase 1"
"853","SOX6",0.360414191704949,0.00962617175477413,12.6563577552468,0.243524783875277,0.0208453020693898,3.67345801316145,0.000239290011505355,0.00114867940727189,0.122066263191927,1,"11",15966449,16739591,"protein_coding","SRY-box transcription factor 6"
"854","PEPD",0.360030375187149,0.0145729007860326,17.8669809374002,0.0572493696017103,0.0619502120800583,2.98240170497876,0.00285996469829919,0.00874362935951975,0.137925037515727,1,"19",33386950,33521823,"protein_coding","peptidase D"
"855","MAP2K7",0.360026357944199,0.0190638467436164,23.2096496741186,0.0099986263536479,0.104466102714998,2.60752828511129,0.00911985354682421,0.0227536723141446,0.148553215031524,1,"19",7903843,7914478,"protein_coding","mitogen-activated protein kinase kinase 7"
"856","TBC1D9B",0.359946454052759,0.0173479819893941,21.2421232062793,0.0194670780205485,0.0883485388651758,2.73283504470394,0.00627917713147963,0.0167557420502783,0.0879140794322105,1,"HG30_PATCH",627626,672566,"protein_coding","TBC1 domain family member 9B"
"857","SLC44A1",0.358645015618159,0.0162364317026217,19.6711726249411,0.032520810480435,0.0764260848216592,2.81461828330775,0.00488352022454452,0.0136163882221597,0.242512540108695,1,"9",105244622,105439171,"protein_coding","solute carrier family 44 member 1"
"858","CCDC149",0.357573464803618,0.00994814148387284,12.9704464193705,0.225328888807613,0.0233125222388909,3.58504248014432,0.000337023343696119,0.00151952646712883,0.104744185144225,1,"4",24803514,24980204,"protein_coding","coiled-coil domain containing 149"
"859","CC2D2A",0.357329977191219,0.0151615078047394,18.3860954227748,0.0487896759580051,0.0660292524508926,2.90200565726506,0.00370781844304369,0.0108395859443711,0.113066327211299,1,"4",15469865,15601552,"protein_coding","coiled-coil and C2 domain containing 2A"
"860","BARD1",0.357224948024558,0.0111982892373716,14.1663807230174,0.165536853878097,0.0327558002758698,3.37571630519295,0.000736237928418149,0.00287819509734631,0.173652255068577,1,"2",214725646,214809683,"protein_coding","BRCA1 associated RING domain 1"
"861","SMG1",0.356398964599571,0.0239637292100433,28.9610050986343,0.00126428528446562,0.150380227705515,2.30228578454468,0.021319060957645,0.0464484873717357,0.0688736925612706,1,"16",18804860,18926408,"protein_coding","SMG1 nonsense mediated mRNA decay associated PI3K related kinase"
"862","DDB2",0.355859984195707,0.0141354213212625,17.3991962062511,0.0659844371052327,0.0581288936656149,2.99312446194037,0.00276137112489572,0.00849614121273462,0.160990588306758,1,"11",47214465,47239217,"protein_coding","damage specific DNA binding protein 2"
"863","USP47",0.353426707675707,0.019564834376156,23.7142022057922,0.00839621553297369,0.108398235451311,2.52674419836566,0.0115125321317888,0.0277143794110797,0.0821077252840358,1,"11",11841423,11961887,"protein_coding","ubiquitin specific peptidase 47"
"864","SOS2",0.35335941827191,0.0216562818200875,26.1863843847441,0.00349743305935534,0.1280923859924,2.40118003714689,0.0163422938774169,0.0371640578448824,0.121459857292709,1,"14",50117130,50231578,"protein_coding","SOS Ras/Rho guanine nucleotide exchange factor 2"
"865","LTO1",0.353348973672374,0.0211693705585234,25.4089874191628,0.00462189005172916,0.122380223511409,2.42856572648577,0.015158677247245,0.0349521719761133,0.188408394599478,1,"11",69653076,69675416,"protein_coding","LTO1 maturation factor of ABCE1"
"866","HOOK2",0.353159012818969,0.0208492378849622,25.2592957661121,0.00487509204381242,0.120680714784726,2.44582399790877,0.0144521531116226,0.0335621745550265,0.189516140787664,1,"19",12763003,12872740,"protein_coding","hook microtubule tethering protein 2"
"867","OLIG1",0.353065694780612,0.0196423404621028,23.919678707067,0.00781646552357124,0.109677842369055,2.51917828846345,0.01176290784017,0.0282073832866625,0.196017398083769,1,"21",33070141,33072413,"protein_coding","oligodendrocyte transcription factor 1"
"868","ANP32B",0.352382290356236,0.018016651655564,21.7589538441293,0.0163807916166947,0.0928887269222242,2.62528848173325,0.00865755811718927,0.0217967001059785,0.288849356971729,1,"9",97983341,98015943,"protein_coding","acidic nuclear phosphoprotein 32 family member B"
"869","CDK18",0.352244047667809,0.0135972562932795,16.8759589863347,0.0771541486465493,0.0538917704593186,3.0207725154329,0.00252130707608633,0.00788263006802892,0.279057766780559,1,"1",205504596,205532793,"protein_coding","cyclin dependent kinase 18"
"870","CHSY1",0.351832489462601,0.00762254088559465,10.9246755677335,0.363416540940566,0.00723653168577136,4.02982382368485,5.58186720249765e-05,0.000349739386362569,0.175022914736544,1,"15",101175727,101252048,"protein_coding","chondroitin sulfate synthase 1"
"871","ADCY5",0.35173473133917,0.00777723822725833,11.0732989329852,0.351835938759573,0.00836733282760554,3.98843531392532,6.65105330457383e-05,0.000404913661829379,0.169791348660666,1,"3",123282296,123449090,"protein_coding","adenylate cyclase 5"
"872","APPL2",0.351544246664046,0.0177628955440512,21.6137331318545,0.0171979716919681,0.0915136669507759,2.63768611848102,0.00834738051823591,0.0211550091669096,0.0957488745327223,1,"12",105173297,105236203,"protein_coding","adaptor protein, phosphotyrosine interacting with PH domain and leucine zipper 2"
"873","LEMD2",0.351388246911409,0.00964760277445361,12.7222044930591,0.239621056646405,0.0212819453575185,3.57748255300176,0.000346919367428589,0.00155699306542182,0.119670865129586,1,"6",33771202,33789130,"protein_coding","LEM domain nuclear envelope protein 2"
"874","BRD1",0.350983294897396,0.01626308196478,19.7988517658578,0.0312136529597657,0.0770102258385238,2.75223188074528,0.0059190593237235,0.0159601445817176,0.091578818821777,1,"22",49773278,49827873,"protein_coding","bromodomain containing 1"
"875","MEGF10",0.350664411640232,0.0139347327650116,17.105248418964,0.0720673007385961,0.0558623802506878,2.97058764254088,0.00297230581361929,0.00902544585344926,0.179276407783267,1,"5",127290796,127465737,"protein_coding","multiple EGF like domains 10"
"876","DENND4C",0.350520751672347,0.0160287896011459,19.482264491733,0.0345478784751364,0.0745685146361719,2.76862011716879,0.00562942303943426,0.0153304505241647,0.107393548304448,1,"9",19230435,19374281,"protein_coding","DENN domain containing 4C"
"877","AMER2",0.350490590269229,0.0189789208384851,22.8891438230266,0.0111632461684293,0.10188604995108,2.54413765366777,0.0109547903985721,0.0266061168170329,0.211379349605097,1,"13",25161679,25172288,"protein_coding","APC membrane recruitment protein 2"
"878","ZNF521",0.350418289447979,0.0153862409392989,18.6094266822584,0.0455133334578121,0.0679267431178318,2.82501332624627,0.00472786496469357,0.0132508697025646,0.12343422342862,1,"18",25061924,25352190,"protein_coding","zinc finger protein 521"
"879","CORO1C",0.350305168662911,0.0103429065902855,13.4192405137899,0.201166689021371,0.0267526255018432,3.44449250455845,0.000572132498614542,0.0023469814331936,0.132946909269984,1,"12",108645109,108731526,"protein_coding","coronin 1C"
"880","MED28",0.350080236577792,0.00638822036671042,8.06555802862616,0.622433289080083,0,4.38003568981742,1.18659872732074e-05,0.000100224958742788,0.125559951976115,1,"4",17614641,17634105,"protein_coding","mediator complex subunit 28"
"881","KNOP1",0.349718733866718,0.0217789716744777,26.481398125638,0.00314393170310821,0.130181194458352,2.3697373430915,0.0178007259200164,0.0399538375674359,0.201852127017064,1,"16",19701937,19718235,"protein_coding","lysine rich nucleolar protein 1"
"882","RBM41",0.349708780854433,0.0110786166293708,14.0727774323407,0.169697813690232,0.031992152200633,3.32249067058632,0.000892176547519385,0.00336043583240384,0.0977246927226948,1,"X",107052095,107118823,"protein_coding","RNA binding motif protein 41"
"883","PTAR1",0.349305933466833,0.00705839271869132,10.4802821443226,0.399413207537806,0.00376041981331725,4.1576990831452,3.21469089374915e-05,0.000223224740608852,0.19273032405711,1,"9",69709522,69760011,"protein_coding","protein prenyltransferase alpha subunit repeat containing 1"
"884","SAP30",0.348752487568541,0.0102118154514282,13.246476889761,0.210215680062178,0.0254276681446647,3.45116588864426,0.000558170376008249,0.00229911995129475,0.125929052955927,1,"4",173369969,173377532,"protein_coding","Sin3A associated protein 30"
"885","TNK2",0.348521059409798,0.0131022984395421,16.2386148274713,0.0930024837807529,0.0489257064151518,3.04477553798623,0.0023285402466322,0.00739321409948097,0.159839427450398,1,"3",195863364,195911945,"protein_coding","tyrosine kinase non receptor 2"
"886","NEK7",0.348504230728459,0.0112499807137565,14.289036347709,0.16021128391617,0.0335794349974257,3.28573221402432,0.001017176611813,0.00375502360070961,0.229901155214421,1,"1",198156994,198322420,"protein_coding","NIMA related kinase 7"
"887","TMCO3",0.348457609607372,0.0200041034184763,24.2900347679269,0.00686666332202123,0.112986402073502,2.46371465875047,0.0137505530279118,0.032195819686987,0.140719342155512,1,"13",113491021,113554590,"protein_coding","transmembrane and coiled-coil domains 3"
"888","PLEKHM2",0.347779378753129,0.0125531042806559,15.7136828407023,0.108127157522426,0.0447288977200519,3.10404678943763,0.00190893139601567,0.00628444947147076,0.166814358677998,1,"1",15681461,15734769,"protein_coding","pleckstrin homology and RUN domain containing M2"
"889","SLC27A1",0.346539206944493,0.00739416839463919,10.7533108672536,0.377057643460241,0.00588070181782142,4.03002470702848,5.57709905231185e-05,0.000349739386362569,0.177356086247669,1,"19",17468769,17506168,"protein_coding","solute carrier family 27 member 1"
"890","ATP6V0E1",0.346397453543973,0.00638531255862416,9.02161082054959,0.53005386572188,0,4.33494518680896,1.45796446653357e-05,0.000118369613719597,0.170401768277186,1,"5",172983771,173035445,"protein_coding","ATPase H+ transporting V0 subunit e1"
"891","GOLPH3",0.346376687380844,0.0103970401536113,13.4386818275067,0.200167903308508,0.0269040616346484,3.39698628814541,0.000681323808727763,0.00270014182249616,0.114224730079695,1,"5",32124716,32174319,"protein_coding","golgi phosphoprotein 3"
"892","PRCP",0.34585857169917,0.00637840708805575,7.3992631849745,0.687290491318735,0,4.33054371301855,1.48741613792414e-05,0.000120458951277613,0.150245974266448,1,"11",82822936,82970584,"protein_coding","prolylcarboxypeptidase"
"893","ELOA",0.345796004389374,0.0177620213888532,21.4739565862042,0.0180206145821511,0.0906316178191439,2.59462008964094,0.00946955258964133,0.0234620097133836,0.0637089513571377,1,"1",23743448,23762059,"protein_coding","elongin A"
"894","DNAJB1",0.34573171481244,0.014902151188337,18.1263561287332,0.0528692332451392,0.064110170497389,2.83214012928489,0.00462375805573023,0.0130128236346394,0.427902338760095,1,"19",14513789,14560391,"protein_coding","DnaJ heat shock protein family (Hsp40) member B1"
"895","TCAIM",0.345203949241126,0.00636298257133881,2.59956955916849,0.989343944786854,0,4.32758282670379,1.50754661318864e-05,0.00012152789556126,0.154157646266436,1,"3",44338119,44409451,"protein_coding","T cell activation inhibitor, mitochondrial"
"896","ELK4",0.344964810759031,0.0191085326067666,23.0713792669946,0.0104861499398128,0.103281951300099,2.49552041400459,0.0125772518099707,0.0298438455037537,0.108891547795741,1,"1",205597556,205632011,"protein_coding","ETS transcription factor ELK4"
"897","CEMIP2",0.344658744313884,0.00984331367326316,12.8262699604042,0.233548144513553,0.0222226502924099,3.47391060951123,0.000512931885387813,0.00214341347935642,0.16993123111587,1,"9",71683366,71816690,"protein_coding","cell migration inducing hyaluronidase 2"
"898","ARRB2",0.344424892972076,0.0133425109360288,16.4186280040327,0.0882594588624721,0.050555517169146,2.98178103656212,0.0028657688373408,0.00875374220929884,0.157782014676897,1,"17",4710596,4721499,"protein_coding","arrestin beta 2"
"899","PHYKPL",0.344402950631628,0.0121631945529407,15.2308867506528,0.12386813706352,0.041045939888369,3.12279184708678,0.00179144396027509,0.00596958836303259,0.126812061296718,1,"5",178207144,178232802,"protein_coding","5-phosphohydroxy-L-lysine phospho-lyase"
"900","SLC6A8",0.344287740333482,0.010904990924285,13.9652691912829,0.174581690678323,0.0310225390736971,3.29692375748341,0.000977500323768421,0.0036285474262681,0.157617670988088,1,"X",153687926,153696588,"protein_coding","solute carrier family 6 member 8"
"901","CRKL",0.344193828727217,0.00638201434128238,9.71888642501022,0.465492889314916,0,4.30848109264601,1.64379525646741e-05,0.000130560408441201,0.121458553479634,1,"22",20917407,20953747,"protein_coding","CRK like proto-oncogene, adaptor protein"
"902","DDX27",0.34377894206262,0.00638814920677938,7.53348132455306,0.674301858443733,0,4.30122087715233,1.6985964035765e-05,0.000134254201094101,0.136598670536506,1,"20",49219347,49244077,"protein_coding","DEAD-box helicase 27"
"903","DNAJB12",0.343657490703925,0.00821015745728961,11.3813098456897,0.328592002513431,0.0108541711095853,3.79271379713221,0.00014900986239641,0.000783595977210813,0.0974631551627272,1,"10",72332830,72355149,"protein_coding","DnaJ heat shock protein family (Hsp40) member B12"
"904","HNRNPA2B1",0.343579448545848,0.0203728509289566,24.6359807357443,0.00607990287491143,0.115738693839952,2.40713958366334,0.0160780233791358,0.0366820225435932,0.0588844123138808,1,"7",26171151,26201529,"protein_coding","heterogeneous nuclear ribonucleoprotein A2/B1"
"905","KDSR",0.343126050196149,0.0123759834412831,15.4306577445602,0.11713183690453,0.0426577023603098,3.08435125706413,0.00203996588093647,0.00662774869101364,0.147237053631339,1,"18",63327726,63367228,"protein_coding","3-ketodihydrosphingosine reductase"
"906","CRYAB",0.342954691642684,0.0193273061474557,23.40226660018,0.00935528123084903,0.105818318663444,2.46689738955378,0.0136289406514318,0.0319786897854495,0.284936717973319,1,"11",111908564,111923722,"protein_coding","crystallin alpha B"
"907","RANBP3",0.342853230439431,0.0123982209359338,15.4917405229707,0.115135764340234,0.0430318438890402,3.07913379426049,0.00207603425071001,0.00672099717417121,0.107117686679678,1,"19",5916139,5978142,"protein_coding","RAN binding protein 3"
"908","CPNE2",0.342433716607544,0.00861069428595946,11.775650637197,0.300351989882283,0.0138729483715896,3.6902639813471,0.000224021455426771,0.0010913200792265,0.165532762990458,1,"16",57092583,57148369,"protein_coding","copine 2"
"909","CTTNBP2NL",0.34243370902994,0.012538632604689,15.5885980765907,0.11203050732817,0.0438707111131612,3.05809815850722,0.00222746600088342,0.00713331577756272,0.131502354462758,1,"1",112396214,112463456,"protein_coding","CTTNBP2 N-terminal like"
"910","SP100",0.342338099282324,0.019222718443136,23.2584219509066,0.00983186018084087,0.104648582497917,2.4691520392052,0.0135433662144668,0.0318145317578924,0.177009536599534,1,"2",230415942,230545606,"protein_coding","SP100 nuclear antigen"
"911","AMOT",0.341446233559319,0.0101997409372433,13.2161527299386,0.211836356553046,0.0251922757319859,3.38086442656712,0.000722581854566196,0.00283534543455292,0.124355897906405,1,"X",112774503,112840831,"protein_coding","angiomotin"
"912","MYO18A",0.340634243493798,0.0180056678040471,21.9870082387952,0.0151709224164341,0.094398762284836,2.53853811293901,0.0111316677425624,0.026957906227384,0.116530904457006,1,"17",29071122,29180398,"protein_coding","myosin XVIIIA"
"913","HSD17B7",0.340594807666792,0.0197224342774801,23.9104785730657,0.00784158594963737,0.110035435182017,2.42525698542523,0.0152975536800108,0.0352144999373554,0.180771678183378,1,"1",162790702,162812823,"protein_coding","hydroxysteroid 17-beta dehydrogenase 7"
"914","IRF2",0.340391814427525,0.0213284600564927,26.1006719018909,0.00360712124817882,0.126850106631307,2.33076966911785,0.0197655082766686,0.0436330179562592,0.097796875816293,1,"4",184385702,184474558,"protein_coding","interferon regulatory factor 2"
"915","RERE",0.339134246068388,0.0196479729903956,23.8914101122568,0.00789389673286518,0.109154915548318,2.41942838314671,0.0155449214067918,0.0356747336796287,0.0809407137664736,1,"1",8352397,8848921,"protein_coding","arginine-glutamic acid dipeptide repeats"
"916","ABCA8",0.339063913961421,0.0172358995072254,20.7712794486069,0.0227461264088294,0.0850914507053027,2.58264428881693,0.00980463540264775,0.0241925095428297,0.292772069904491,1,"17",68867289,68955392,"protein_coding","ATP binding cassette subfamily A member 8"
"917","PARP9",0.338902698832184,0.0120007880468121,15.0459857018964,0.130394273491674,0.0395612270401694,3.09364263686303,0.0019771548537848,0.00646957047023829,0.204499751637494,1,"3",122527924,122564577,"protein_coding","poly(ADP-ribose) polymerase family member 9"
"918","SEC22C",0.338875436534953,0.00795719680328085,11.2017159851698,0.34202002374874,0.00940248929195997,3.79891905780866,0.000145328541264034,0.000768076490378113,0.132861020525071,1,"3",42547969,42601080,"protein_coding","SEC22 homolog C, vesicle trafficking protein"
"919","C19orf25",0.338761443201271,0.00703764764990492,10.4663345983836,0.400575250134835,0.00365562175132286,4.038129242549,5.38791672595185e-05,0.000339609849952148,0.202552534015189,1,"19",1461143,1479219,"protein_coding","chromosome 19 open reading frame 25"
"920","WAC",0.338449309371483,0.0220341902931089,26.7786201759441,0.00282274422054486,0.132528481398593,2.28005374552777,0.0226045010697766,0.0487510579831782,0.0869812681967822,1,"10",28532493,28623112,"protein_coding","WW domain containing adaptor with coiled-coil"
"921","KIAA1755",0.337955488036161,0.0079758354234786,11.2230597367305,0.34040580344477,0.00955881819371927,3.78417673467275,0.000154218210178581,0.000806951291260217,0.159288824364526,1,"20",38210503,38260772,"protein_coding","KIAA1755"
"922","NCAPD3",0.337948964189123,0.00962097585712518,12.6972416176896,0.241095392921238,0.0210981158948416,3.44541513583601,0.000570182974511058,0.00234112129081645,0.135141575474063,1,"11",134150113,134225504,"protein_coding","non-SMC condensin II complex subunit D3"
"923","NUDT5",0.337794376982721,0.0181179829745978,21.9592538675962,0.0153135273224428,0.0944693041990728,2.50955947299423,0.0120881858182171,0.0288460280838481,0.0977635208953742,1,"10",12165330,12195891,"protein_coding","nudix hydrolase 5"
"924","BBS9",0.337490235269671,0.0208827632574876,25.3175871346805,0.00477494853606285,0.121115452052434,2.3354320141653,0.0195208636307602,0.0431790339351551,0.0963243988779213,1,"7",33109557,33877180,"protein_coding","Bardet-Biedl syndrome 9"
"925","MCM3AP",0.337483840373779,0.021073661333472,25.6904558732583,0.00417958496413706,0.123644514883723,2.32478601431862,0.0200834052126608,0.0441956746861608,0.0541341342448014,1,"21",46235133,46286297,"protein_coding","minichromosome maintenance complex component 3 associated protein"
"926","SEC24C",0.337474373851421,0.00742673986881635,10.7973621022812,0.373521865233949,0.00619992979680442,3.91599108108016,9.00335764058013e-05,0.000517607125196531,0.0924882950667056,1,"10",73744372,73772161,"protein_coding","SEC24 homolog C, COPII coat complex component"
"927","LASP1",0.336956131946417,0.0124001379430844,15.4222317108115,0.117409498302908,0.042562247912297,3.02593856150786,0.00247862661471987,0.00777782311315527,0.147954782791131,1,"17",38869859,38921770,"protein_coding","LIM and SH3 protein 1"
"928","MEGF9",0.336828815031478,0.0203899977286255,24.4542189972415,0.00648184514757271,0.114479675528515,2.35885175923844,0.0183315770144465,0.0409618076023742,0.189067935592401,1,"9",120600811,120714470,"protein_coding","multiple EGF like domains 9"
"929","GOLGA4",0.336804794087207,0.0201531350864658,24.3605418102532,0.00669880474206273,0.113224682866175,2.37250401817755,0.0176679709592389,0.039719426112019,0.108508252316452,1,"3",37243191,37366879,"protein_coding","golgin A4"
"930","CDK19",0.336760185345894,0.0173752818149206,21.1840212808061,0.0198462959487665,0.0881095052958008,2.55478766854967,0.010625259119954,0.0259314988845648,0.194025536992796,1,"6",110609978,110815958,"protein_coding","cyclin dependent kinase 19"
"931","TAFA5",0.336661612245191,0.00638393483933163,8.11539640290487,0.617566173571698,0,4.21356187818007,2.51374677675553e-05,0.000183685442084488,0.143944851872851,1,"22",48489553,48850912,"protein_coding","TAFA chemokine like family member 5"
"932","IFRD1",0.335726667740798,0.0136534912143645,16.7857791276187,0.0792405880060819,0.0533309861716233,2.87318759225953,0.00406352750075145,0.0116786428985605,0.153680660512972,1,"7",112422887,112481017,"protein_coding","interferon related developmental regulator 1"
"933","MED25",0.335581741359668,0.00751048342556668,10.8517298927094,0.369185778001324,0.0066448159287062,3.87225881676083,0.000107831358740151,0.00059877851356368,0.148840476343281,1,"19",49818282,49840383,"protein_coding","mediator complex subunit 25"
"934","PRPF38A",0.334835344908225,0.00829606284963998,11.5130151667271,0.318968985067121,0.0118018478675346,3.67616739369401,0.000236764197039774,0.00114124139878965,0.0969315186227276,1,"1",52404602,52420836,"protein_coding","pre-mRNA processing factor 38A"
"935","LIFR",0.334127555813784,0.016045534111967,19.4596716331406,0.0347979670503513,0.0745264050764491,2.63775955390017,0.00834557323609464,0.0211550091669096,0.159180807517832,1,"5",38474668,38608354,"protein_coding","LIF receptor subunit alpha"
"936","ETS1",0.334107497147094,0.0157853772183941,19.3786281224331,0.035708869933099,0.0736673371134259,2.6592473721387,0.00783154380803164,0.0201166746088372,0.225423402423391,1,"11",128458761,128587558,"protein_coding","ETS proto-oncogene 1, transcription factor"
"937","MIDEAS",0.33382128245488,0.0123318314419947,15.4729348156236,0.115747167885302,0.04282562368796,3.00607790355239,0.00264641187398618,0.00821488725710669,0.138546231455759,1,"14",73715122,73790285,"protein_coding","mitotic deacetylase associated SANT domain protein"
"938","LIMCH1",0.333765605869633,0.0102053224353333,13.2796648962882,0.208453065348077,0.0256134285372519,3.30391005590555,0.000953464171810303,0.00355374422938685,0.154678327140042,1,"4",41359607,41700044,"protein_coding","LIM and calponin homology domains 1"
"939","ARRB1",0.333702774650863,0.00637086178122714,7.20289763060001,0.706161381519949,0,4.18081284050498,2.90468877943706e-05,0.000206120242561065,0.164006974623089,1,"11",75260122,75351705,"protein_coding","arrestin beta 1"
"940","ZNF846",0.333447326266104,0.0173061232416396,21.0173076731741,0.0209732007537455,0.0868000082561354,2.53470454363961,0.0112542202626718,0.0271908007567867,0.0975249997192794,1,"19",9751993,9793180,"protein_coding","zinc finger protein 846"
"941","TIMM44",0.332898482286514,0.0063694403005209,6.66062173200312,0.757048667759107,0,4.17120159093144,3.02997657999349e-05,0.000212857119342447,0.145152498741203,1,"19",7926718,7943667,"protein_coding","translocase of inner mitochondrial membrane 44"
"942","ACAP3",0.332669436262095,0.00636954142448469,7.12060467161768,0.71401219617406,0,4.16829856680799,3.06881791447555e-05,0.000214868315875426,0.180166881065489,1,"1",1292390,1309609,"protein_coding","ArfGAP with coiled-coil, ankyrin repeat and PH domains 3"
"943","ZNF347",0.332615746976017,0.00975111115606057,12.7649339472453,0.237113216277246,0.0217149997346219,3.36833868031941,0.000756226376154245,0.00294484600301413,0.171915008748276,1,"19",53124072,53159075,"protein_coding","zinc finger protein 347"
"944","SERPINB6",0.331777093802939,0.0189596766703748,23.1230914093057,0.0103012336436621,0.103046894733279,2.40952221788704,0.0159734234483193,0.0364987868541093,0.126118782477132,1,"6",2948159,2972165,"protein_coding","serpin family B member 6"
"945","TTC23",0.331524362136067,0.0213007387522038,25.8571358054713,0.0039371564405315,0.125205498070719,2.27152810809145,0.0231150273956913,0.049692467191718,0.111765373911548,1,"15",99136323,99251223,"protein_coding","tetratricopeptide repeat domain 23"
"946","TUBD1",0.331280944698862,0.00802669494388745,11.2609174003211,0.337554797893432,0.00986317247974858,3.69766938067608,0.00021758802902494,0.00106714501880763,0.154494959651184,1,"17",59859426,59892945,"protein_coding","tubulin delta 1"
"947","BRD7",0.331267336030072,0.0199034242696051,24.2178287150833,0.00704272976084445,0.11202535472177,2.3480898697075,0.0188699677325359,0.0419465526775019,0.0872169421262496,1,"16",50313487,50368988,"protein_coding","bromodomain containing 7"
"948","TRAK1",0.330408411356467,0.00638081565219731,8.12850165451984,0.616286597320161,0,4.13630920050222,3.52936553880134e-05,0.00024133198224368,0.101855960601093,1,"3",42013624,42225890,"protein_coding","trafficking kinesin protein 1"
"949","CDV3",0.330272890984594,0.00923451683124529,12.3315140447907,0.263481976195385,0.0182363880282102,3.4368916374311,0.000588430971072418,0.0024002690250802,0.11182497026693,1,"3",133573686,133590261,"protein_coding","CDV3 homolog"
"950","PHACTR3",0.330167836181719,0.0120706842873753,15.170094385037,0.125982483977699,0.0404791954890098,3.00516843140046,0.0026543381870332,0.0082346321815362,0.148891346528986,1,"20",59577509,59847711,"protein_coding","phosphatase and actin regulator 3"
"951","DCAF7",0.329832363774722,0.0195981469562649,23.5377764391921,0.00892648908624599,0.107688951525106,2.35605683256304,0.0184700916377105,0.0412100453931526,0.121277233940937,1,"17",63550222,63594286,"protein_coding","DDB1 and CUL4 associated factor 7"
"952","OGG1",0.329303241641746,0.0102961259742832,13.3071246388485,0.207003442302694,0.0258880296038453,3.24533162668454,0.00117313916896467,0.00422145512485318,0.110878722158908,1,"3",9749944,9788219,"protein_coding","8-oxoguanine DNA glycosylase"
"953","PDLIM3",0.329139082237418,0.0101314150857102,13.1658806519502,0.214544592735244,0.02479596161127,3.26997475197512,0.00107557083933418,0.00393223465848674,0.154637536121707,1,"4",185500660,185535507,"protein_coding","PDZ and LIM domain 3"
"954","AK4",0.328217988107634,0.0121448565877311,15.191376742498,0.125238822564898,0.0406149277186896,2.97828451607576,0.00289866771666203,0.0088351211819052,0.234168243870679,1,"1",65147549,65232145,"protein_coding","adenylate kinase 4"
"955","EIF4EBP2",0.327921294277174,0.00768669869276999,10.9963550068941,0.357802052226652,0.0077702847890554,3.74024189566576,0.000183843242845816,0.000932063091439992,0.15477320325497,1,"10",70404145,70428618,"protein_coding","eukaryotic translation initiation factor 4E binding protein 2"
"956","NUFIP2",0.327543410474424,0.006369928123076,6.06427398888099,0.809834609009164,0,4.10394565137171,4.06162917958586e-05,0.000270775278639057,0.154214819278588,1,"17",29255839,29294148,"protein_coding","nuclear FMR1 interacting protein 2"
"957","ARHGAP5",0.32606425304212,0.0119177979074482,14.9854833861195,0.132592002895318,0.0390494410840609,2.9867933838432,0.00281920186925233,0.00864412814472006,0.133175964227344,1,"14",32076114,32159728,"protein_coding","Rho GTPase activating protein 5"
"958","ZNHIT6",0.325952127973291,0.0156600012252112,19.0686695124281,0.0393990945237927,0.0715101423133799,2.60470128817736,0.00919543898958408,0.0229015194532255,0.12425721321614,1,"1",85649417,85708433,"protein_coding","zinc finger HIT-type containing 6"
"959","REST",0.325358608243515,0.0159159743801436,19.4667077545434,0.0347199031417982,0.074360410079827,2.57896641177253,0.00990964215794654,0.0244115292124102,0.19020432519285,1,"4",56907876,56966808,"protein_coding","RE1 silencing transcription factor"
"960","ANKRD27",0.324964962618886,0.0125598827950842,15.5658157222843,0.112754357423118,0.0437091825875113,2.8996377488579,0.00373594149006862,0.0109021094245553,0.0720769937571072,1,"19",32597006,32676597,"protein_coding","ankyrin repeat domain 27"
"961","NBEAL1",0.323692103072031,0.0179279538561917,21.7078816273431,0.0166639231321309,0.0922758731872955,2.41750143997829,0.0156274721611931,0.0358367318007087,0.137393339496206,1,"2",203014608,203226378,"protein_coding","neurobeachin like 1"
"962","IPO8",0.3233899203503,0.012748586326518,15.8659877135457,0.103533457661521,0.0459021706398731,2.86414806050368,0.0041813251560272,0.0119469657957013,0.0769883032569091,1,"12",30628988,30695869,"protein_coding","importin 8"
"963","OPHN1",0.322920057125332,0.00638454555923327,9.13396640822964,0.519438702341335,0,4.04138314115759,5.31368588758685e-05,0.000335923133840469,0.163140202232752,1,"X",67949349,68433913,"protein_coding","oligophrenin 1"
"964","ODF2",0.322291441229349,0.0138086375302226,16.9353756599123,0.0758062385995224,0.0545697984927096,2.74266874667077,0.00609421283063183,0.0163486686404049,0.106093955569202,1,"9",128455186,128501292,"protein_coding","outer dense fiber of sperm tails 2"
"965","FAM107B",0.322270713835023,0.0108152136722404,13.8374984383678,0.180533683857685,0.0300757330924705,3.09886951040558,0.00194260559244319,0.0063763528338541,0.257537004259077,1,"10",14518557,14774897,"protein_coding","family with sequence similarity 107 member B"
"966","CPNE1",0.321622450207908,0.0173955275839144,21.2188533646595,0.0196181316091778,0.0881563636232096,2.43852691675713,0.0147472603717367,0.0341307180971664,0.063390272030343,1,"20",35626031,35664956,"protein_coding","copine 1"
"967","TRIM41",0.320870015912118,0.0184386967865452,22.4452926834019,0.0129900437560287,0.098027654633015,2.36300164783304,0.0181275889982602,0.0405965377885465,0.210566627682791,1,"5",181222499,181235808,"protein_coding","tripartite motif containing 41"
"968","STK11",0.320370335750225,0.0118085517137915,14.891685347444,0.13606099784667,0.0382315014304763,2.94817988299298,0.00319651004902255,0.0095813324010662,0.13266368155263,1,"19",1177558,1228431,"protein_coding","serine/threonine kinase 11"
"969","MFAP3",0.320282235312859,0.00682869089183072,10.3165121647416,0.413177184129444,0.00247541618626336,3.87582467873326,0.000106264179362991,0.000591794159289926,0.156909148544441,1,"5",154038959,154220478,"protein_coding","microfibril associated protein 3"
"970","GOLIM4",0.320281568019798,0.0120846706023773,15.1492902159729,0.126713060385687,0.0403231210559378,2.9134967466512,0.00357405561187818,0.0105113405191385,0.155842160807271,1,"3",168008689,168095924,"protein_coding","golgi integral membrane protein 4"
"971","ARHGEF26",0.320184848497857,0.00637759068663388,7.57387704209601,0.670381320949031,0,4.00933601665497,6.08897203149272e-05,0.000377354849904586,0.163496820940386,1,"3",154121003,154257827,"protein_coding","Rho guanine nucleotide exchange factor 26"
"972","STON2",0.319716723213923,0.00952850701477836,12.5941580000202,0.247255989329732,0.0202868298912958,3.27531386914636,0.00105544639155286,0.00387279247964287,0.173065547615084,1,"14",81260652,81436465,"protein_coding","stonin 2"
"973","CHFR",0.319415597662163,0.0126337259309053,15.7688512787328,0.10644325112861,0.0450565662203005,2.84177961158745,0.00448624924877161,0.0126783994888052,0.0973722879343566,1,"12",132822187,132956304,"protein_coding","checkpoint with forkhead and ring finger domains"
"974","P4HA1",0.319225316809196,0.0170040360239276,20.7029889604015,0.0232625304678971,0.0841140527218977,2.44805583235922,0.0143629397021985,0.0334029237685704,0.235783032287403,1,"10",73007217,73096974,"protein_coding","prolyl 4-hydroxylase subunit alpha 1"
"975","C10orf90",0.319126122063961,0.0144784441512262,17.7212128566702,0.0598524659157384,0.060732002279865,2.65217029906624,0.00799761926785458,0.0204186275204053,0.244219420967527,1,"10",126424997,126798708,"protein_coding","chromosome 10 open reading frame 90"
"976","TLE1",0.318129926773815,0.014992160202129,18.3183725843169,0.0498248141251659,0.0651991853688354,2.5981990422675,0.00937141545156273,0.0232654372980389,0.109547216927782,1,"9",81583683,81689547,"protein_coding","TLE family member 1, transcriptional corepressor"
"977","PPFIBP1",0.3176468410997,0.0122673002619743,15.4020673799473,0.118076259016825,0.0422533617203254,2.86793987977425,0.00413154033438023,0.0118268855286204,0.143711301357123,1,"12",27523431,27695564,"protein_coding","PPFIA binding protein 1"
"978","MTSS1",0.317001660522767,0.0143377483719924,17.720522917035,0.0598650364072065,0.0604639825454949,2.64740911645156,0.00811111587595681,0.0206513144089721,0.0981903858147438,1,"8",124550784,124728473,"protein_coding","MTSS I-BAR domain containing 1"
"979","SVIL",0.316864919869897,0.0181250455309406,22.1471421808023,0.0143723025571137,0.0953257135519125,2.3536105818733,0.0185920769549512,0.041438273213154,0.201944985654256,1,"10",29457338,29736959,"protein_coding","supervillin"
"980","DNHD1",0.316487211225024,0.0141614736463761,17.4229279613501,0.0655139949718475,0.0582729976439833,2.65951192055311,0.00782539607814758,0.0201057923414611,0.175165129930599,1,"11",6497260,6593758,"protein_coding","dynein heavy chain domain 1"
"981","HNRNPM",0.316090239850484,0.013776991705068,17.0614931055238,0.0730143203919254,0.0552626525653099,2.69298470961487,0.00708155166090862,0.0185295170930876,0.0707077569879884,1,"19",8444767,8489114,"protein_coding","heterogeneous nuclear ribonucleoprotein M"
"982","MCF2L2",0.315920589027457,0.00636371148426641,7.53918027787776,0.673749042943428,0,3.96025079385536,7.48710904865391e-05,0.000446763398705837,0.251906310039581,1,"3",183178041,183428778,"protein_coding","MCF.2 cell line derived transforming sequence-like 2"
"983","RBM4",0.315795559320738,0.00839615197100434,11.6153735986215,0.311622326377733,0.0125751770206513,3.4464015214804,0.000568105580182721,0.00233455886856337,0.137488549154905,1,"11",66638667,66668374,"protein_coding","RNA binding motif protein 4"
"984","OGFRL1",0.315720104289385,0.0128426722411644,15.9750889066321,0.10034773303652,0.0466413240490003,2.78595782800866,0.00533698145515338,0.0146726891175261,0.160982825673267,1,"6",71288811,71309059,"protein_coding","opioid growth factor receptor like 1"
"985","ZNRF2",0.31488048729472,0.00637692952834575,9.1309537990588,0.519722392445262,0,3.94311950961491,8.04285504092395e-05,0.000472950447347792,0.155870937516839,1,"7",30284597,30367689,"protein_coding","zinc and ring finger 2"
"986","RNF217",0.314514440516386,0.0165146771643375,20.0583531847908,0.0287055710474999,0.0791612616760893,2.44740332725436,0.0143889719911603,0.0334486764660272,0.0939290812383138,1,"6",124962437,125092633,"protein_coding","ring finger protein 217"
"987","PTOV1",0.314068636532402,0.00637410110295386,9.21693753410303,0.511646752638281,0,3.93382553657122,8.36044768319777e-05,0.000487538301703107,0.127520828863704,1,"19",49850735,49860744,"protein_coding","PTOV1 extended AT-hook containing adaptor protein"
"988","MOB1A",0.313451456538586,0.00637247326768611,9.65435776609756,0.471322706602786,0,3.92659655393,8.61563158047751e-05,0.000499099362481407,0.204348189096671,1,"2",74152528,74178898,"protein_coding","MOB kinase activator 1A"
"989","CREM",0.312700537306256,0.00636123659681378,8.64079615556557,0.566498344694718,0,3.92064800404419,8.83111779004242e-05,0.000509338591837973,0.15354951828004,1,"10",35126791,35212958,"protein_coding","cAMP responsive element modulator"
"990","AHCYL2",0.312133593678129,0.00861571642556828,11.7792899207674,0.300099399059614,0.0138939759192092,3.36275180426954,0.000771697112360137,0.00299290456111655,0.103654775353472,1,"7",129225030,129430211,"protein_coding","adenosylhomocysteinase like 2"
"991","AHCTF1",0.311939399119909,0.0154398082816143,18.7049331861873,0.0441745444186941,0.0685994999469392,2.51043672516915,0.0120581929963386,0.0287907830961148,0.0493358018295703,1,"1",246839098,246931948,"protein_coding","AT-hook containing transcription factor 1"
"992","ADARB2",0.311502298833454,0.014676914783114,18.0675090392323,0.0538354816127848,0.0632826632362747,2.57124742457691,0.0101332901271136,0.0248867076309642,0.224735986851062,1,"10",1177313,1737525,"protein_coding","adenosine deaminase RNA specific B2 (inactive)"
"993","MYO15B",0.311486657163877,0.0124885157098295,15.694410298692,0.108720812330959,0.0444505823436298,2.78730205966283,0.00531489126108498,0.014621510477671,0.145412668180202,1,"17",75587800,75626849,"protein_coding","myosin XVB"
"994","RPS27L",0.311172897784758,0.00637957792798725,7.75794265309167,0.65246727617737,0,3.89588196864817,9.78420313519912e-05,0.00055532677087831,0.158872701109826,1,"15",63125872,63158021,"protein_coding","ribosomal protein S27 like"
"995","FAM219B",0.311069837598367,0.015003540540588,18.2659459360142,0.0506398227348781,0.0650106518346149,2.53957489037274,0.0110987280796253,0.0268936126678932,0.132361783493997,1,"15",74899992,74906883,"protein_coding","family with sequence similarity 219 member B"
"996","XRRA1",0.310886437767639,0.00636891724738726,8.50937865639892,0.579209147467381,0,3.89555171001122,9.79754557808299e-05,0.000555934085660372,0.129790944810618,1,"11",74807739,74949200,"protein_coding","X-ray radiation resistance associated 1"
"997","TRIM13",0.310363359712973,0.00638411600792916,8.53522437328095,0.576704999260517,0,3.88436524303118,0.000102597577638974,0.000577179955487705,0.126484130033572,1,"13",49995888,50020481,"protein_coding","tripartite motif containing 13"
"998","MYH3",0.309845588045138,0.00636779830934365,7.76515728338768,0.65176380312002,0,3.8828504775087,0.000103239056481241,0.000579549025711131,0.219580810653746,1,"17",10628526,10657309,"protein_coding","myosin heavy chain 3"
"999","SLC39A12",0.309631621646879,0.00884271890525253,11.9558529141432,0.288021971422158,0.0153087968555667,3.29270177243306,0.000992296681878058,0.00367493434007748,0.228518236398528,1,"10",17951839,18043292,"protein_coding","solute carrier family 39 member 12"
"1000","ARHGAP15",0.309533894012378,0.00945101676382413,12.551026807694,0.249868307661395,0.0199202019694299,3.18396983468839,0.00145270150130261,0.00504037592140616,0.257849582964224,1,"2",143091362,143768352,"protein_coding","Rho GTPase activating protein 15"
"1001","MAN2A2",0.309069228046011,0.00636789955015841,9.4289684976982,0.491933187197075,0,3.87309068207137,0.000107463819527531,0.000597210449777934,0.116429881656359,1,"15",90902218,90922585,"protein_coding","mannosidase alpha class 2A member 2"
"1002","NCK2",0.308927214849082,0.00637721634186585,9.21111056976292,0.512192609255396,0,3.86848211966401,0.000109514965373148,0.000606095491691634,0.150745296540814,1,"2",105744912,105894274,"protein_coding","NCK adaptor protein 2"
"1003","SH3PXD2A",0.308562920331066,0.015312235759592,18.7241799482841,0.0439091445086415,0.068675884584016,2.49358646841586,0.0126459778775017,0.0299764955546006,0.187607389360952,1,"10",103594027,103855584,"protein_coding","SH3 and PX domains 2A"
"1004","TBC1D5",0.308384132720194,0.011996293099155,15.0782603909231,0.129234567630271,0.0397967003864221,2.81558401016268,0.00486886652666474,0.0135773295852917,0.0992860597914156,1,"3",17157162,18444817,"protein_coding","TBC1 domain family member 5"
"1005","ACSL1",0.307238271540107,0.0119715124875604,15.0385116135143,0.130664088005282,0.0394818124484528,2.80802391202187,0.00498465254140901,0.0138597977363877,0.236276743482319,1,"4",184755595,184826818,"protein_coding","acyl-CoA synthetase long chain family member 1"
"1006","SHANK3",0.306480153932896,0.0144358984679337,17.7926789514725,0.0585631898801517,0.060968598142144,2.55082372498005,0.0107468665969548,0.0261869676708285,0.172597410085134,1,"HG1311_HG2539_PATCH",8917,69331,"protein_coding","SH3 and multiple ankyrin repeat domains 3"
"1007","ARL5A",0.306231333063825,0.0177094204620529,21.6342927407958,0.0170799926823892,0.0908065281333908,2.3011633594277,0.02138239910407,0.0465509020744653,0.12363443221448,1,"2",151788984,151828492,"protein_coding","ADP ribosylation factor like GTPase 5A"
"1008","WWOX",0.305773411661306,0.0129860361105414,16.1896027092857,0.0943319206667198,0.0483848610096383,2.68325171624769,0.00729100902992474,0.018994902178011,0.0920276790643296,1,"16",78099400,79212667,"protein_coding","WW domain containing oxidoreductase"
"1009","BHLHE41",0.305517513938722,0.013848726148194,17.0550871682135,0.0731538938553064,0.0553529716003213,2.59615846631693,0.00942725756350149,0.0233792431796407,0.0936133786469385,1,"12",26120030,26125037,"protein_coding","basic helix-loop-helix family member e41"
"1010","CDK10",0.305216136890906,0.007072864220213,10.5138340666624,0.396625681481289,0.00400718299662671,3.62919104640985,0.000284310777098229,0.00132577543221337,0.150475119658432,1,"16",89680737,89696354,"protein_coding","cyclin dependent kinase 10"
"1011","IRS2",0.305015825409583,0.0116200257246493,14.6893771471549,0.143803650751647,0.0365901602737938,2.82955948275723,0.00466121344180692,0.013093715729722,0.159326079267507,1,"13",109752695,109786583,"protein_coding","insulin receptor substrate 2"
"1012","SEMA4B",0.304741948341271,0.00738110852092102,10.7662719934705,0.376015235175498,0.00595739151880086,3.54708376510665,0.00038952072194598,0.00171310952962864,0.124170831559601,1,"15",90160604,90229679,"protein_coding","semaphorin 4B"
"1013","PFKFB3",0.304549711341679,0.0134544051998755,16.6841483388224,0.0816517258348075,0.0522816424624033,2.6255841422883,0.00865004265309222,0.0217829919115572,0.104962383895614,1,"10",6144934,6254644,"protein_coding","6-phosphofructo-2-kinase/fructose-2,6-biphosphatase 3"
"1014","ALDH3A2",0.304445587249796,0.00661120466702076,10.1461857612544,0.427762953056941,0.00114886323972964,3.7442891769778,0.000180905203396975,0.000919382966056124,0.155950282810065,1,"17",19648136,19685760,"protein_coding","aldehyde dehydrogenase 3 family member A2"
"1015","CBFA2T2",0.30418203865813,0.0106384174668482,13.7404224139438,0.185164377792345,0.029116869267945,2.94913770669669,0.0031866195130954,0.00955894989385903,0.0595785834289609,1,"20",33490075,33650036,"protein_coding","CBFA2/RUNX1 partner transcriptional co-repressor 2"
"1016","ZNF462",0.304008711634681,0.0140103249655166,17.3851695422396,0.0662639135657657,0.0576798315360002,2.5683956429509,0.0102170470139753,0.0250631536870748,0.0858237202849616,1,"9",106863166,107013634,"protein_coding","zinc finger protein 462"
"1017","CGGBP1",0.303795263707224,0.0063673378794077,7.07886993091766,0.717978763928268,0,3.80716808095323,0.000140567212940867,0.000747242250508217,0.132998602020827,1,"3",88051944,88149885,"protein_coding","CGG triplet repeat binding protein 1"
"1018","NFASC",0.303734969685755,0.0063652247952807,7.10251002569169,0.715733241202354,0,3.80704423618004,0.000140637596819149,0.000747414760564508,0.15482497376095,1,"1",204828651,205022822,"protein_coding","neurofascin"
"1019","GAREM1",0.303405195364525,0.00636124311293245,7.53070233246084,0.67457139367887,0,3.80410080077387,0.000142320221865111,0.00075483172877286,0.145968516653875,1,"18",32124877,32470882,"protein_coding","GRB2 associated regulator of MAPK1 subtype 1"
"1020","PLOD2",0.303031838989129,0.0127801403246864,15.7991962510043,0.105526735313529,0.0455547133157636,2.68052863038228,0.00735059762126844,0.0191004784428168,0.114816678577861,1,"3",146035139,146163725,"protein_coding","procollagen-lysine,2-oxoglutarate 5-dioxygenase 2"
"1021","GRAMD1C",0.302189672530081,0.0161781632823715,19.6647845708755,0.0325875217246972,0.0759098845739221,2.3758280795016,0.017509618837336,0.0394224056005939,0.0825216182167469,1,"3",113828182,113947174,"protein_coding","GRAM domain containing 1C"
"1022","TCTN1",0.302008175612783,0.0109568435356564,13.9864429569031,0.173610885290701,0.0312110734253346,2.88520030785399,0.00391164691720225,0.0113148190784543,0.0851196995842066,1,"12",110614027,110663431,"protein_coding","tectonic family member 1"
"1023","WDR73",0.301967576979839,0.015914577017203,19.371720342379,0.0357875191105904,0.0736040807195574,2.39366166219706,0.0166811283682098,0.0378323747835652,0.0883995164345473,1,"15",84639285,84654343,"protein_coding","WD repeat domain 73"
"1024","RTKN",0.301302885491508,0.014532654431983,17.8026148730682,0.0583859393787644,0.0612945723135744,2.49937152383634,0.0124413802056886,0.0295814939007446,0.193192600266643,1,"2",74425835,74442422,"protein_coding","rhotekin"
"1025","L3MBTL1",0.3012958247292,0.0063601960826,6.95915898615702,0.729294889924222,0,3.77796439709913,0.00015811547602218,0.000822841853946741,0.126917358677233,1,"20",43489442,43550954,"protein_coding","L3MBTL histone methyl-lysine binding protein 1"
"1026","RBM4B",0.300982342363872,0.0171438363434692,20.9900542819834,0.0211630246025929,0.0864262396412657,2.29872496052416,0.0215205622296419,0.0468051095008958,0.117127771026969,1,"11",66664998,66677887,"protein_coding","RNA binding motif protein 4B"
"1027","PADI2",0.300115718099908,0.0133149530048272,16.4838005061016,0.0865954211766947,0.0507672623064026,2.60087166056799,0.00929872338542426,0.0231149740110263,0.157591384958544,1,"HG1343_HG173_HG459_PATCH",1481961,1534651,"protein_coding","peptidyl arginine deiminase 2"
"1028","RPS29",0.299894907587132,0.00828981361189196,11.5085017368614,0.319295596812765,0.0117601079394772,3.2937960790246,0.000988441797217687,0.0036633460302026,0.19256103919349,1,"14",49570984,49599164,"protein_coding","ribosomal protein S29"
"1029","SOCS7",0.299835832528161,0.006377265729815,9.98417994478707,0.441882332936572,0,3.75462248005357,0.000173602938897011,0.00088780858992936,0.127055493474061,1,"HSCHR17_7_CTG4",2387176,2440912,"protein_coding","suppressor of cytokine signaling 7"
"1030","TTLL4",0.299465161844508,0.0110680024409769,14.1203766033263,0.167571334542553,0.0321859294748345,2.84650324387917,0.00442022788761398,0.0125187232138105,0.0851761412314835,1,"2",218710835,218755416,"protein_coding","tubulin tyrosine ligase like 4"
"1031","IL13RA1",0.2980143968984,0.011408178502611,14.4615427961348,0.152960714644567,0.0348883410083013,2.79015988945756,0.00526820179693877,0.0145074359093095,0.105239681046704,1,"X",118727133,118794535,"protein_coding","interleukin 13 receptor subunit alpha 1"
"1032","PRKCSH",0.297818552746199,0.0119755072164737,15.0353033731361,0.130780050306349,0.0394175419879289,2.72147776525775,0.00649907570138208,0.0172282414964192,0.163714379787063,1,"19",11435284,11450968,"protein_coding","PRKCSH beta subunit of glucosidase II"
"1033","FAT1",0.297477312010058,0.011193511307651,14.2420479302272,0.162234586088837,0.0331561278646093,2.81171098356118,0.00492787602383649,0.0137291461257309,0.141592780686466,1,"4",186587794,186726722,"protein_coding","FAT atypical cadherin 1"
"1034","MAN2A1",0.297274127152356,0.0152642806460524,18.725926956892,0.0438851267542554,0.0683813740277302,2.40612918828404,0.0161225622056724,0.0367756622731297,0.226536792519343,1,"5",109689927,109869625,"protein_coding","mannosidase alpha class 2A member 1"
"1035","TENT4A",0.297175881873346,0.00986380752769465,12.9056626823623,0.228994266986598,0.0227357554887461,2.99220445706575,0.00276970699258672,0.00851470413851907,0.0494230520568107,1,"5",6713432,6757044,"protein_coding","terminal nucleotidyltransferase 4A"
"1036","CIAO2A",0.296259554931385,0.00656760928155595,10.1364582280419,0.428604076335433,0.00106275879799372,3.65568453987427,0.000256496615698598,0.00121738975734232,0.148989143546745,1,"15",64072565,64094262,"protein_coding","cytosolic iron-sulfur assembly component 2A"
"1037","MITD1",0.296087891706966,0.0146212191005526,17.9525925627812,0.0557686224698798,0.0623954758595222,2.44866207577038,0.0143387903027103,0.0333725827399365,0.104072236507819,1,"2",99161427,99181058,"protein_coding","microtubule interacting and trafficking domain containing 1"
"1038","GSN",0.295464066415693,0.01325620714404,16.5111647762621,0.0859050045666649,0.0508456776870622,2.56622676203514,0.0102811591031289,0.025182256988339,0.16304531229553,1,"9",121207794,121332843,"protein_coding","gelsolin"
"1039","ACOT11",0.295210277171376,0.0136886602588254,16.9341899800455,0.075832930739092,0.0542789614042192,2.52319607338077,0.01162935384375,0.0279412589782459,0.179522768027972,1,"1",54542257,54639192,"protein_coding","acyl-CoA thioesterase 11"
"1040","UBXN7",0.295172187548055,0.0113103343147471,14.3766163191054,0.156495578188965,0.0342153588374031,2.77547751180017,0.00551207111911145,0.0150713419553093,0.156252011227353,1,"3",196347659,196432430,"protein_coding","UBX domain protein 7"
"1041","INTS11",0.29505229852089,0.00636347160472573,8.19541114411275,0.609756007461258,0,3.69872418433306,0.000216685911581971,0.00106420905221397,0.146109022982718,1,"1",1311585,1324687,"protein_coding","integrator complex subunit 11"
"1042","ASCC1",0.293925417637761,0.00927022588715283,12.3858784890025,0.260060702372345,0.0186057330160332,3.05275524162599,0.00226750802148112,0.00723731322390213,0.09923734195879,1,"10",72096032,72217134,"protein_coding","activating signal cointegrator 1 complex subunit 1"
"1043","ADNP",0.293095228421655,0.0161819246308656,19.6848002693517,0.0323789171448649,0.076087060122784,2.30405934644407,0.0212193124141309,0.046283882769367,0.0516490781701586,1,"20",50888916,50931437,"protein_coding","activity dependent neuroprotector homeobox"
"1044","APCDD1",0.293012447309728,0.0107458793541876,13.7833890720742,0.183103151999105,0.0295670172351835,2.82660478362199,0.00470443498370909,0.0131968573503461,0.0738068890526182,1,"18",10454635,10489949,"protein_coding","APC down-regulated 1"
"1045","RHOBTB3",0.292741134715103,0.0150500049137737,18.4216291538936,0.0482544106110697,0.0659854955492422,2.38624719577872,0.017021305564094,0.0385001364296428,0.119786534537066,1,"5",95713522,95824383,"protein_coding","Rho related BTB domain containing 3"
"1046","LIG1",0.292605379301324,0.0129610360788965,16.1581592201861,0.0951935366028952,0.0481618417915509,2.57017352830873,0.0101647584502724,0.02495234135967,0.11030154733712,1,"19",48115445,48170603,"protein_coding","DNA ligase 1"
"1047","ANKRD13D",0.292536485742769,0.0113058829907988,14.3412214507063,0.157988603269371,0.0339630658878364,2.75123568989525,0.00593709097038819,0.0159964648504248,0.121282550292583,1,"11",67289300,67302485,"protein_coding","ankyrin repeat domain 13D"
"1048","SPOP",0.292473147924201,0.0063515908175917,4.30305040386078,0.932642033869797,0,3.66981983289056,0.000242721479822183,0.00116329383495643,0.0784898036914908,1,"17",49598884,49678163,"protein_coding","speckle type BTB/POZ protein"
"1049","ZDHHC7",0.292000562166908,0.00815467088548086,11.3858843576684,0.32825457156803,0.0108104263165464,3.23355660991653,0.00122259103234645,0.00437025404698766,0.0727841236860636,1,"16",84974175,85011535,"protein_coding","zinc finger DHHC-type palmitoyltransferase 7"
"1050","SEC31B",0.291324667836373,0.0160152108817909,19.503643979229,0.0343127495143489,0.0746723030939895,2.30202973539024,0.0213334953384789,0.0464655012341198,0.130324696651781,1,"10",100486646,100519864,"protein_coding","SEC31 homolog B, COPII coat complex component"
"1051","C1orf35",0.291056893199391,0.00848367009877074,11.689906371542,0.30634584681941,0.0131533684205408,3.15999214686506,0.00157773391362381,0.00538538636318057,0.149569899768004,1,"1",228100726,228105411,"protein_coding","chromosome 1 open reading frame 35"
"1052","HNMT",0.290917154094846,0.00708485394099067,10.5312535258652,0.395182852213609,0.00413372371543445,3.45623990148858,0.000547767567713242,0.00226513947026073,0.173331217933217,1,"2",137964020,138016364,"protein_coding","histamine N-methyltransferase"
"1053","SERINC5",0.290428924537155,0.00636531307117437,7.27894927469326,0.698874042642285,0,3.64023970433935,0.000272384345594068,0.00127885100849781,0.19269831609897,1,"5",80111228,80256048,"protein_coding","serine incorporator 5"
"1054","ARHGAP29",0.290349538093725,0.0152627999746611,18.6929367974911,0.0443407076147719,0.068153493783826,2.35019573144421,0.0187635413425893,0.0417364319534918,0.161920501664529,1,"1",94148988,94275068,"protein_coding","Rho GTPase activating protein 29"
"1055","ABCA6",0.290027627925668,0.00675509134167842,10.2830554094322,0.416020760452287,0.00220092364331344,3.52877329114263,0.000417490621490213,0.00181262952458813,0.398525243609739,1,"17",69078702,69141895,"protein_coding","ATP binding cassette subfamily A member 6"
"1056","EXD2",0.287690760009788,0.0143409861591115,17.5588712117033,0.0628766637767427,0.0593999363658205,2.40235069076476,0.0162900831485584,0.0370813966726895,0.0796025539780557,1,"14",69191498,69244020,"protein_coding","exonuclease 3'-5' domain containing 2"
"1057","MYLK",0.287650685017887,0.0133546207346976,16.5677540785899,0.0844925860682153,0.0513297019808075,2.48914177288255,0.0128051891362468,0.0303095038166986,0.129609151626637,1,"3",123610049,123884332,"protein_coding","myosin light chain kinase"
"1058","NEBL",0.287090650116999,0.0114207917431132,14.433326934282,0.154127725517558,0.0346862339710188,2.68640163185445,0.00722262119074402,0.0188353928920741,0.0896049881881053,1,"10",20779973,21293011,"protein_coding","nebulette"
"1059","LHX2",0.285963242820375,0.0139695638682404,17.1897407810917,0.0702695262121538,0.0562042544203129,2.4194619110875,0.0155434884637762,0.0356747336796287,0.213203464868939,1,"9",124001670,124033301,"protein_coding","LIM homeobox 2"
"1060","FRMD6",0.285822440061691,0.0104560573415208,13.4827083759333,0.197920550619421,0.0272427540644338,2.79519650318796,0.00518681774464569,0.0143272476496449,0.176702068100201,1,"14",51489100,51730727,"protein_coding","FERM domain containing 6"
"1061","ZNF181",0.285654762774296,0.00931698451461491,12.4078443734333,0.258687640041857,0.0188144894521694,2.9594007715474,0.00308237950755497,0.00930195995968969,0.0846371116779612,1,"19",34734155,34745378,"protein_coding","zinc finger protein 181"
"1062","NELFCD",0.285164939204873,0.00635519558526378,8.29960940206288,0.599596910878112,0,3.57710483184994,0.000347420868199944,0.00155891129599633,0.0701517425220032,1,"20",58981208,58995133,"protein_coding","negative elongation factor complex member C/D"
"1063","DIXDC1",0.284859965362511,0.0125826274515057,15.6847774038849,0.10901858885788,0.0445199789224778,2.53948556227054,0.0111015627279925,0.0268942866778309,0.110626496038028,1,"11",111927144,112022653,"protein_coding","DIX domain containing 1"
"1064","FLNB",0.284733082370503,0.0120020897091269,15.0817960224356,0.129108056748888,0.0397595980485347,2.59901924479639,0.0093490531770748,0.0232208805153646,0.111407664216847,1,"3",58008398,58172251,"protein_coding","filamin B"
"1065","AIF1L",0.284059500652262,0.0148569799165166,18.3058262776213,0.0500187622367058,0.0649726989559483,2.33047286801135,0.0197811724030537,0.0436538564464285,0.14992976299484,1,"9",131096476,131123152,"protein_coding","allograft inflammatory factor 1 like"
"1066","MAP7",0.283915729550339,0.0154971358987998,18.8584181903496,0.0420982769128266,0.069564295059972,2.28067673982566,0.0225675825520211,0.0486896982049347,0.157338500346149,1,"6",136342281,136550819,"protein_coding","microtubule associated protein 7"
"1067","SNF8",0.283894594136073,0.00710883020163142,10.5332312675479,0.395019229213792,0.00416557808023373,3.36711579767653,0.000759587858618405,0.00295574783527487,0.134483499897645,1,"17",48929316,48944842,"protein_coding","SNF8 subunit of ESCRT-II"
"1068","SCAP",0.283326583062985,0.00701577096167946,10.4826917181607,0.399212647391703,0.00374894710195638,3.38259204177576,0.000718052115825651,0.00282077523822819,0.0837208657417667,1,"3",47413681,47477126,"protein_coding","SREBF chaperone"
"1069","ZRANB1",0.28326223093885,0.00815132639582891,11.3817767000213,0.328557555302152,0.0107845420104103,3.13743350065164,0.00170433930907588,0.00573015325390802,0.0781995051948185,1,"10",124942123,124988189,"protein_coding","zinc finger RANBP2-type containing 1"
"1070","ACSS3",0.283186283791149,0.0112818185711599,14.3379896593513,0.158125510106886,0.0338987238414045,2.66613820768086,0.0076728142478244,0.0197814007810594,0.141392750814522,1,"12",80936414,81261210,"protein_coding","acyl-CoA synthetase short chain family member 3"
"1071","ACVR1",0.283159171312035,0.00873702243965738,11.8775718162422,0.293333752596406,0.0146683808951273,3.02934619196621,0.00245083662520673,0.00770848010035288,0.101651643424294,1,"2",157736251,157876330,"protein_coding","activin A receptor type 1"
"1072","SNRNP35",0.282775150367967,0.00633904363851133,3.50705891594129,0.966858155271408,0,3.55164353863336,0.000382833117271941,0.00168793143072122,0.146941508255722,1,"12",123458088,123473154,"protein_coding","small nuclear ribonucleoprotein U11/U12 subunit 35"
"1073","COG2",0.281745721695595,0.0125062606497328,15.6520036106377,0.110036983524454,0.0442426310971457,2.51937950519868,0.0117561870334952,0.0281944802444705,0.0982330899370891,1,"1",230642481,230693982,"protein_coding","component of oligomeric golgi complex 2"
"1074","FAM50A",0.281219411789598,0.0112497597714962,14.2841694586902,0.160419881717704,0.0335071783492695,2.6513903496112,0.00801611367689392,0.0204559165266038,0.1370892197514,1,"X",154444141,154450654,"protein_coding","family with sequence similarity 50 member A"
"1075","ABCA9",0.279936916113692,0.0083053629152286,11.5305138871841,0.317704826248366,0.0119206126819074,3.07171463415877,0.00212833089118791,0.00686705749894091,0.203821201378341,1,"17",68974488,69060949,"protein_coding","ATP binding cassette subfamily A member 9"
"1076","UGGT1",0.27976811134938,0.0134696107584247,16.7654339310974,0.0797181583243935,0.0528272736750276,2.41057522178324,0.0159273865291265,0.0364252404970458,0.0556543969213873,1,"2",128091200,128195677,"protein_coding","UDP-glucose glycoprotein glucosyltransferase 1"
"1077","PTP4A2",0.279729948861143,0.0115134370128122,14.6347966482326,0.145954596717478,0.0361593180705829,2.60697262765236,0.00913466622243075,0.0227851053561768,0.186577168803103,1,"1",31906421,31944856,"protein_coding","protein tyrosine phosphatase 4A2"
"1078","KLC4",0.279213442282683,0.00852857825903824,11.7114584161875,0.30483158459902,0.0133536095503899,3.02341667077043,0.00249937851158633,0.007835864615388,0.124078023251212,1,"6",43040777,43075095,"protein_coding","kinesin light chain 4"
"1079","SMARCD3",0.278064383895428,0.00990311588453528,12.9522648009213,0.22635300796734,0.0230719346585252,2.79421252413666,0.00520262749515044,0.0143614907501922,0.144312896284528,1,"7",151238764,151277896,"protein_coding","SWI/SNF related, matrix associated, actin dependent regulator of chromatin, subfamily d, member 3"
"1080","NET1",0.277983752964836,0.0119979819489694,15.1231981383555,0.12763441486236,0.0399636146941807,2.53784627358924,0.0111536965874555,0.0269988237689902,0.149128988616738,1,"10",5412557,5459056,"protein_coding","neuroepithelial cell transforming 1"
"1081","ZNF439",0.276808018863737,0.00972606058239153,12.8099154661171,0.234494721888197,0.0219290790310238,2.80679168875055,0.0050037587847529,0.0139055718968698,0.0992158349964771,1,"19",11848726,11883750,"protein_coding","zinc finger protein 439"
"1082","SCMH1",0.276389386571234,0.00878907982739375,11.9331528645898,0.289555253468401,0.0150973216492566,2.9481505506626,0.00319681337716182,0.0095813324010662,0.103496522112234,1,"1",41027202,41242306,"protein_coding","Scm polycomb group protein homolog 1"
"1083","CD82",0.275648608684263,0.0135899571045496,16.8883673608676,0.0768709109542126,0.0537523839244419,2.36454052586836,0.0180524521491343,0.0404368778045125,0.156993921827795,1,"11",44564427,44620363,"protein_coding","CD82 molecule"
"1084","TOPORS",0.275317023928375,0.0063483116343719,6.15858258773184,0.801768431634371,0,3.45544470321954,0.000549385869637931,0.00227047350440684,0.10827581897279,1,"9",32540544,32552586,"protein_coding","TOP1 binding arginine/serine rich protein, E3 ubiquitin ligase"
"1085","SH2B1",0.273913382504836,0.0122840127089293,15.4341853684917,0.117015758983908,0.0423860154614987,2.47140045573037,0.0134585014627024,0.0316493652369799,0.090650209834926,1,"16",28846600,28874212,"protein_coding","SH2B adaptor protein 1"
"1086","ADCY2",0.27357078275869,0.0131959212615797,16.2239201741437,0.0933993399195727,0.0489026962280539,2.38149599403298,0.0172424783041836,0.0389120519387262,0.130932585736232,1,"5",7396138,7830081,"protein_coding","adenylate cyclase 2"
"1087","GAK",0.273267866578679,0.011223370467945,14.3336485768216,0.15830956328236,0.0337645869056913,2.57944882991753,0.0098958118282424,0.0243803139187611,0.062949743959098,1,"4",849276,932373,"protein_coding","cyclin G associated kinase"
"1088","BFAR",0.273080378952007,0.0063473601138404,7.16057276932961,0.710203932289643,0,3.42762993939638,0.000608874835337447,0.00246739725260013,0.126453637036638,1,"HSCHR16_1_CTG1",205671,242094,"protein_coding","bifunctional apoptosis regulator"
"1089","TMPO",0.271198130577224,0.00634076130166406,4.25544116449449,0.935088680937361,0,3.40577528285618,0.000659764608321955,0.00263405073227589,0.126839104434476,1,"12",98515561,98550351,"protein_coding","thymopoietin"
"1090","ACSF3",0.27096130521471,0.00635863223873024,8.12065737216033,0.617052485697171,0,3.39801601837373,0.00067876445646875,0.00269240089990339,0.100976882056252,1,"16",89088375,89164121,"protein_coding","acyl-CoA synthetase family member 3"
"1091","CENPT",0.270960051051719,0.00634536682758974,5.47406868371055,0.85734783713669,0,3.40155030874385,0.000670047944299368,0.00266398502419854,0.115509466209554,1,"16",67828157,67847811,"protein_coding","centromere protein T"
"1092","LYSMD3",0.270714300140788,0.00851862253859102,11.7049088389664,0.30529121672181,0.0132950779949772,2.93309756879813,0.00335598409076332,0.00997878819526007,0.141813346345896,1,"5",90515611,90529584,"protein_coding","LysM domain containing 3"
"1093","MAP3K2",0.268843669074445,0.0103393527105173,13.3605828164869,0.204204028927421,0.0262767916039388,2.64394939441011,0.00819449065117972,0.020835297075628,0.0925883486399861,1,"2",127298668,127388465,"protein_coding","mitogen-activated protein kinase kinase kinase 2"
"1094","AKAP8L",0.268715432451373,0.0118754400679987,14.932849688984,0.134529282566595,0.0385554915485597,2.46585623565907,0.0136686182387571,0.0320432008627799,0.0871065539839359,1,"19",15380050,15419141,"protein_coding","A-kinase anchoring protein 8 like"
"1095","ZMPSTE24",0.268148382239821,0.0068506791174999,10.3596166128137,0.409529352267334,0.00279742624633983,3.23972664875662,0.00119644337577607,0.00428917509393908,0.103992185102475,1,"1",40258041,40294180,"protein_coding","zinc metallopeptidase STE24"
"1096","UPF3A",0.2675301865855,0.0120141465656561,15.1199101951412,0.127750919991978,0.0399762363564308,2.44076703756962,0.0146561058530856,0.0339533656847524,0.0702474545407969,1,"13",114281601,114305817,"protein_coding","UPF3A regulator of nonsense mediated mRNA decay"
"1097","COMT",0.267281578016323,0.0111175701731586,14.241434142062,0.162261153843749,0.0330398682567659,2.53491900249254,0.0112473328796685,0.0271785785905852,0.1457421354467,1,"22",19941371,19969975,"protein_coding","catechol-O-methyltransferase"
"1098","SPARC",0.266978462188491,0.0127680553726443,15.9639970438623,0.100667674940454,0.0465187913476433,2.36272865510221,0.0181409466310687,0.0406221282585872,0.178673151560902,1,"5",151661096,151686975,"protein_coding","secreted protein acidic and cysteine rich"
"1099","ECHDC2",0.26549272712361,0.011263094913948,14.3241077006933,0.158714698025488,0.0337602881582561,2.50163391812118,0.0123621678899655,0.0294130965062618,0.116879084805816,1,"1",52895910,52927212,"protein_coding","enoyl-CoA hydratase domain containing 2"
"1100","PDPR",0.264823620724312,0.0064765998645204,10.0780214866263,0.433675081612046,0.00060805232521107,3.29066131616251,0.000999521740753906,0.00369659648891935,0.140275001625393,1,"16",70114332,70162537,"protein_coding","pyruvate dehydrogenase phosphatase regulatory subunit"
"1101","PURA",0.264616334044375,0.011039459443997,14.1112257650242,0.167978447150581,0.0320822264447339,2.51850457622232,0.0117854352041147,0.0282581830990966,0.0965458956232292,1,"5",140107777,140125619,"protein_coding","purine rich element binding protein A"
"1102","CUEDC1",0.263997308408404,0.0101040187039501,13.1761199993536,0.213990809571456,0.0247759241423462,2.62634895084552,0.00863062885238697,0.0217393069620761,0.153929581119727,1,"17",57861243,57955412,"protein_coding","CUE domain containing 1"
"1103","PRDX6",0.263938773516671,0.00634651626458441,6.64176751020902,0.758775924669545,0,3.31310725560265,0.000922655898250024,0.00345605841181779,0.107234167290151,1,"1",173477330,173488815,"protein_coding","peroxiredoxin 6"
"1104","GABPA",0.263898172974158,0.00948176373001776,12.5935814634101,0.247290773239201,0.0202074029503263,2.71014057869437,0.00672546962576415,0.0177338114126333,0.143848506306523,1,"21",25734570,25772460,"protein_coding","GA binding protein transcription factor subunit alpha"
"1105","BCL2L13",0.26313169152889,0.00635237961675322,7.72124212513726,0.65604453771622,0,3.30145160765261,0.000961859257036846,0.00358106081705012,0.105504337943216,1,"22",17628855,17730855,"protein_coding","BCL2 like 13"
"1106","FARP1",0.263006005199774,0.0132207945594352,16.3668913813528,0.0896003856259738,0.0498411208161045,2.28737245254032,0.0221740927885035,0.0480180024979532,0.0758351513255017,1,"13",98142562,98455176,"protein_coding","FERM, ARH/RhoGEF and pleckstrin domain protein 1"
"1107","ACBD5",0.262697362569501,0.0123834102015095,15.6004004316668,0.111657093141972,0.0436070574526665,2.3606716417542,0.0182418744944348,0.0407977730158894,0.0717321818493256,1,"10",27168135,27243046,"protein_coding","acyl-CoA binding domain containing 5"
"1108","SPHK2",0.262539058469205,0.00656014628552586,10.1511338209916,0.427335434465797,0.00117062632513047,3.24143383790733,0.00118930037353482,0.0042715738919721,0.0792135970723377,1,"19",48619291,48630717,"protein_coding","sphingosine kinase 2"
"1109","ARHGEF17",0.261947502013319,0.0063289924796775,4.91938162985464,0.896497875884767,0,3.29266063439862,0.000992441868836513,0.00367493434007748,0.128198799132601,1,"11",73308276,73369388,"protein_coding","Rho guanine nucleotide exchange factor 17"
"1110","ADAM10",0.261896953036215,0.012762987834495,15.9418805793111,0.101308266252289,0.0464167152381632,2.31821797076022,0.0204374778454335,0.044848199193567,0.0702854401050563,1,"15",58588809,58749791,"protein_coding","ADAM metallopeptidase domain 10"
"1111","ABCB7",0.261153038029728,0.00893767843317107,12.1017958415992,0.278301469328137,0.0163546863399055,2.76237553993766,0.0057382434650286,0.0155603354174767,0.0566822164630556,1,"X",75051048,75156732,"protein_coding","ATP binding cassette subfamily B member 7"
"1112","CREBL2",0.260136274847601,0.00634512600918715,8.17196248947947,0.612044171246132,0,3.26573387563541,0.00109180804415687,0.00397724738354536,0.116912260541982,1,"12",12611827,12645108,"protein_coding","cAMP responsive element binding protein like 2"
"1113","PTPN18",0.259450657084038,0.00999558747993652,13.0657042423412,0.220021393286896,0.0239094183821914,2.59507917595966,0.0094569131173361,0.0234362134262369,0.0741337898444935,1,"2",130356045,130375405,"protein_coding","protein tyrosine phosphatase non-receptor type 18"
"1114","LCA5",0.259079171106323,0.0063496031291119,8.00220536854693,0.628621507276535,0,3.2513162021871,0.0011487202191367,0.00415062225839536,0.116521035629243,1,"6",79484991,79537458,"protein_coding","lebercilin LCA5"
"1115","MIER1",0.258937860596751,0.00687513007525225,10.3770955078894,0.408055234021544,0.00293246545848671,3.12287855807592,0.00179091627781425,0.00596877530258384,0.081250246346805,1,"1",66924895,66988619,"protein_coding","MIER1 transcriptional regulator"
"1116","PPP6R3",0.258729838873466,0.011917390951833,15.088546044462,0.128866820989364,0.0396464450370254,2.37004135830337,0.0177860955627176,0.0399321582940997,0.0342825034979503,1,"11",68460731,68615334,"protein_coding","protein phosphatase 6 regulatory subunit 3"
"1117","MFAP3L",0.257346331571076,0.0117139564345312,14.7928951954912,0.139796938004745,0.0374557850359411,2.37774994106244,0.0174186337223656,0.0392595665258246,0.117707848467237,1,"4",169986597,170033031,"protein_coding","microfibril associated protein 3 like"
"1118","UNC45A",0.256870608106944,0.00633151600421557,5.43002253995952,0.860665903930557,0,3.22820093796369,0.0012457143737592,0.00443783109107578,0.095218312759598,1,"15",90930180,90954093,"protein_coding","unc-45 myosin chaperone A"
"1119","EIF2D",0.256619075966573,0.00725484285845966,10.6762900701143,0.383287696795877,0.00524807518959605,3.01283211388228,0.00258822059028319,0.00806074727526341,0.0549555698950887,1,"1",206571292,206612465,"protein_coding","eukaryotic translation initiation factor 2D"
"1120","PIK3CA",0.256087301760482,0.00881633095542479,11.9989371879656,0.285127636702834,0.0155501766668296,2.72737026850986,0.00638413561394779,0.0169963574993625,0.160730797246415,1,"3",179148114,179240093,"protein_coding","phosphatidylinositol-4,5-bisphosphate 3-kinase catalytic subunit alpha"
"1121","ABCB1",0.255842358836773,0.00633532187678935,7.72139173975909,0.656029959121363,0,3.21431258095504,0.0013075724452507,0.00462795653096653,0.229860916121876,1,"7",87503017,87713323,"protein_coding","ATP binding cassette subfamily B member 1"
"1122","MBD1",0.255239839280736,0.00634611586140273,7.37678574740174,0.689459239344666,0,3.20401443543395,0.00135525681359883,0.00476661386078638,0.0483119223097688,1,"18",50266882,50281774,"protein_coding","methyl-CpG binding domain protein 1"
"1123","GPT2",0.255210283363067,0.00635191577079972,9.04284397048506,0.528042416720199,0,3.2021804701477,0.00136391520559642,0.00478918156304218,0.0969700939389959,1,"16",46884362,46931289,"protein_coding","glutamic--pyruvic transaminase 2"
"1124","AHSA1",0.254331329937999,0.0063376599849423,5.93651355297189,0.820568584659191,0,3.19473908086214,0.00139957309122396,0.00488909477658179,0.144718773911131,1,"14",77457870,77469472,"protein_coding","activator of HSP90 ATPase activity 1"
"1125","GNA11",0.253545116031715,0.00634681877994343,9.59519444140009,0.476696216262368,0,3.18256439805923,0.00145977049357149,0.0050598964060534,0.126118964773914,1,"19",3094362,3123999,"protein_coding","G protein subunit alpha 11"
"1126","PLEKHA6",0.25279109002536,0.00905464110519996,12.201429968521,0.271801762538238,0.0171255612968335,2.65659983930108,0.00789330745485661,0.0202308672006558,0.149462634009359,1,"1",204218853,204378214,"protein_coding","pleckstrin homology domain containing A6"
"1127","SART1",0.252691076824611,0.00767086411062142,10.9936133878365,0.358015796182873,0.00774065852782822,2.88514577671703,0.00391232456253587,0.0113148190784543,0.117259164733778,1,"11",65961728,65980137,"protein_coding","spliceosome associated factor 1, recruiter of U4/U6.U5 tri-snRNP"
"1128","PIK3C2B",0.252620600007564,0.00782587042883807,11.145127067321,0.34632366991071,0.00888493066359197,2.85563328726226,0.00429510904779362,0.0122219494678899,0.122531018583188,1,"1",204422628,204494805,"protein_coding","phosphatidylinositol-4-phosphate 3-kinase catalytic subunit type 2 beta"
"1129","DCAF17",0.252604053262232,0.0114488151457519,14.5119878932779,0.150892556472988,0.0352649345547724,2.36080460322469,0.0182353358766194,0.0407900772745133,0.0790256249110527,1,"2",171434217,171485052,"protein_coding","DDB1 and CUL4 associated factor 17"
"1130","FAM149B1",0.252179863074873,0.00722985883086697,10.653998167144,0.385102151129606,0.00508021194905501,2.96582482377017,0.00301872379244483,0.00913606855481002,0.0745125432308178,1,"10",73168119,73244504,"protein_coding","family with sequence similarity 149 member B1"
"1131","LRRC8A",0.251576322327993,0.00852252932422855,11.7456641208213,0.302438866777709,0.0135527569057456,2.72511925265489,0.00642782659259544,0.0170809192515941,0.104285493967741,1,"9",128882133,128918039,"protein_coding","leucine rich repeat containing 8 VRAC subunit A"
"1132","ADCY3",0.251519411852466,0.0108709102539391,13.9824379494627,0.173794175737548,0.0309719903502683,2.41234019724769,0.015850484120461,0.0362809166551892,0.0541826561468946,1,"2",24819169,24920237,"protein_coding","adenylate cyclase 3"
"1133","LHFPL6",0.250696871691918,0.00633041730213408,4.80128670847971,0.904050710273299,0,3.15088639363043,0.00162775790975922,0.00552387522924742,0.113724382161072,1,"13",39209116,39603528,"protein_coding","LHFPL tetraspan subfamily member 6"
"1134","PAIP2B",0.250434785864547,0.0117140029774415,14.8649602160639,0.137063275965964,0.0378951697836422,2.31388615764786,0.0206739676135936,0.0452890146485725,0.285847465592025,1,"2",71182738,71227103,"protein_coding","poly(A) binding protein interacting protein 2B"
"1135","PLD2",0.249921339302544,0.00964005750564418,12.7850664944597,0.235938521070139,0.0216340303024634,2.54544388443581,0.0109138904011465,0.0265404824364451,0.0761005590055267,1,"17",4807152,4823434,"protein_coding","phospholipase D2"
"1136","YPEL2",0.249515639217954,0.00636186265753429,9.00851583444505,0.531295582867053,0,3.12828006460301,0.00175832549631449,0.00587691317592644,0.166758186232334,1,"17",59331655,59401729,"protein_coding","yippee like 2"
"1137","FAM120A",0.24871796340311,0.0084233912837024,11.6315816700226,0.310469647501261,0.0127048530579318,2.70996489704691,0.00672903293356275,0.0177372654625608,0.0336017912002389,1,"9",93451685,93566112,"protein_coding","family with sequence similarity 120 member A"
"1138","PWWP2A",0.248218312509709,0.0100291610292103,13.1191648810509,0.217085303871137,0.0242793868995483,2.47857187054223,0.013190953295384,0.0311144416865588,0.0947275349172254,1,"5",160061801,160119450,"protein_coding","PWWP domain containing 2A"
"1139","GGA3",0.247637208951343,0.00634855481645223,9.54835456662716,0.4809692709404,0,3.10798177623617,0.00188369683131739,0.00621888927207249,0.0543228964382565,1,"17",75236599,75262363,"protein_coding","golgi associated, gamma adaptin ear containing, ARF binding protein 3"
"1140","YKT6",0.247626062142425,0.00799286754213333,11.2802653166535,0.336103749464235,0.00994219424453276,2.76977852311973,0.00560944214094428,0.0152839500965381,0.0863701943112753,1,"7",44200959,44214294,"protein_coding","YKT6 v-SNARE homolog"
"1141","SLC25A53",0.247577462878674,0.0109001464046288,13.9095685099369,0.177156576858549,0.0306033085025087,2.37134609028244,0.0177234265239261,0.0398270740215108,0.179009550387741,1,"X",104099214,104157009,"protein_coding","solute carrier family 25 member 53"
"1142","NOL4L",0.24754627779881,0.0102325778882219,13.3390816398788,0.205326370759351,0.0259831388780646,2.44716848415442,0.0143983514506538,0.033459389719655,0.0872399632424432,1,"20",32443059,32585333,"protein_coding","nucleolar protein 4 like"
"1143","BCCIP",0.247330220705708,0.00632698379299206,3.10074113176671,0.978952804052348,0,3.10941596478383,0.00187457601277607,0.00619752974682725,0.0922795199828317,1,"10",125823546,125853695,"protein_coding","BRCA2 and CDKN1A interacting protein"
"1144","PPM1F",0.247093649115848,0.0063505435456538,8.72307209744096,0.558571264810821,0,3.10067418849722,0.00193080612299412,0.00634653348348638,0.141418375904681,1,"22",21919425,21952848,"protein_coding","protein phosphatase, Mg2+/Mn2+ dependent 1F"
"1145","DDX11",0.24707458109239,0.00682084485154873,10.3101970954184,0.413713104403886,0.00242990833812384,2.99163759451364,0.00277485458906956,0.00852679137637266,0.256367708748727,1,"12",31073860,31104799,"protein_coding","DEAD/H-box helicase 11"
"1146","TRMU",0.246810290313597,0.0104911134842067,13.5447172319301,0.194789232721829,0.0276747702974278,2.40964170091293,0.0159681938192118,0.0364947640621568,0.0713465190983391,1,"22",46330875,46357340,"protein_coding","tRNA mitochondrial 2-thiouridylase"
"1147","GSE1",0.246584250157345,0.00825165257374066,11.4682764352085,0.322216400895367,0.0114554134880711,2.71453138179217,0.00663696118297641,0.0175351356355835,0.12114864258011,1,"16",85169525,85676204,"protein_coding","Gse1 coiled-coil protein"
"1148","CNOT11",0.246408440860477,0.00634793389302475,8.18103990355775,0.611158309025278,0,3.09271131355284,0.00198336971594371,0.00648412671156223,0.0486230771255323,1,"2",101252886,101270316,"protein_coding","CCR4-NOT transcription complex subunit 11"
"1149","EP400",0.245433759780471,0.00981969950213992,12.9603560490488,0.225896810749426,0.0229951193440146,2.4767672784123,0.0132578316898924,0.0312403156854447,0.0274125850302341,1,"12",131949942,132080460,"protein_coding","E1A binding protein p400"
"1150","CDK5RAP3",0.245362395379483,0.00635400190511988,9.0819669590523,0.524342711156374,0,3.07811139399179,0.00208317029658911,0.00674098785608042,0.132388838242116,1,"17",47967810,47981781,"protein_coding","CDK5 regulatory subunit associated protein 3"
"1151","RCAN1",0.244906445165518,0.00728468876783744,10.7014918540327,0.381242489896679,0.00544467776863284,2.86942391590428,0.00411220252596078,0.0117795427020034,0.143496138328838,1,"21",34513142,34615113,"protein_coding","regulator of calcineurin 1"
"1152","PITPNM2",0.243549798410131,0.011086146412545,14.155788446051,0.166003485090292,0.0323701905973811,2.31311630253852,0.0207162456243861,0.0453700226852383,0.144811623784165,1,"12",122983480,123151090,"protein_coding","phosphatidylinositol transfer protein membrane associated 2"
"1153","NAV2",0.24298089837741,0.0107033489928483,13.7611934012329,0.184165622809508,0.0293184600344699,2.34861748790339,0.0188432534297291,0.0419004493935216,0.0542482478118874,1,"11",19350724,20121601,"protein_coding","neuron navigator 2"
"1154","LRP6",0.242647777026525,0.0085974630480844,11.7968674997409,0.298881472332072,0.0139782023350048,2.61692428832897,0.00887260188995631,0.0222422904521245,0.0733848442503434,1,"HG1362_PATCH",85023,236042,"protein_coding","LDL receptor related protein 6"
"1155","YIPF4",0.24193546301371,0.0074082294868763,10.7930245616436,0.3738691274891,0.00616542582545285,2.81088008489511,0.0049406195756152,0.0137610055428837,0.141328351884221,1,"2",32277904,32316594,"protein_coding","Yip1 domain family member 4"
"1156","CBX5",0.240868536707789,0.0106965035520114,13.7915362821066,0.182714397311131,0.029543260919069,2.32894458166367,0.0198620017463678,0.0438092584907829,0.0521812217980012,1,"12",54230942,54280133,"protein_coding","chromobox 5"
"1157","UBN1",0.240149907527244,0.00750156993076813,10.8742918007912,0.367395409320087,0.00678967166873871,2.77272209153764,0.00555895721488087,0.0151699688457968,0.0335892285018807,1,"16",4846665,4882401,"protein_coding","ubinuclein 1"
"1158","DNAJC3",0.239938517077702,0.00982812239588034,12.9466909656088,0.226667680299263,0.0229183751258414,2.42027487396459,0.0155087789886048,0.0356188963999831,0.090212136256139,1,"13",95677139,95794988,"protein_coding","DnaJ heat shock protein family (Hsp40) member C3"
"1159","VPS37B",0.239695302652506,0.00633290614062433,7.87945180809453,0.640610697507552,0,3.01202101380606,0.00259514631994229,0.00807481197450247,0.0991153447160571,1,"12",122865330,122896127,"protein_coding","VPS37B subunit of ESCRT-I"
"1160","ZNF383",0.238885689015059,0.00634676418874387,9.32610667985248,0.501459704032956,0,2.99856834418702,0.00271251311210952,0.00836576896493465,0.102783451589569,1,"19",37217926,37248740,"protein_coding","zinc finger protein 383"
"1161","UFD1",0.237446462662299,0.00632753435108345,4.60349137949003,0.916045074060894,0,2.98502826874005,0.00283552118016495,0.00868404157651681,0.094271783613765,1,"22",19449911,19479202,"protein_coding","ubiquitin recognition factor in ER associated degradation 1"
"1162","DTX3",0.236280555402851,0.00841027885274711,11.6216035157115,0.311178925194908,0.0126232389449674,2.57645632718325,0.00998188143557721,0.0245636006321105,0.121128714871916,1,"12",57604622,57609804,"protein_coding","deltex E3 ubiquitin ligase 3"
"1163","SHLD2",0.236280453319624,0.0101399862373793,13.2098907186394,0.212172241098941,0.0250254886022982,2.34643815836755,0.0189538112512686,0.0420943095530784,0.0669608561162555,1,"10",87094161,87191465,"protein_coding","shieldin complex subunit 2"
"1164","EED",0.236147236579531,0.0104031477800008,13.4502672776167,0.199574573024166,0.0269320227156014,2.31526381280068,0.0205984988774925,0.0451450433731712,0.0753721341202654,1,"11",86201212,86279807,"protein_coding","embryonic ectoderm development"
"1165","SLC3A2",0.236096146320598,0.00798014895734213,11.2901527658486,0.335363787404683,0.00998891351623394,2.64291623884449,0.00821953663377895,0.0208888816010036,0.0784673616025786,1,"11",62856004,62888880,"protein_coding","solute carrier family 3 member 2"
"1166","BIN3",0.235498119965363,0.00634978620829218,8.63897878512673,0.566673727436192,0,2.95534300006916,0.00312321611543354,0.00940416430677232,0.120580921648036,1,"8",22620418,22669148,"protein_coding","bridging integrator 3"
"1167","COBLL1",0.23452616930459,0.00635171403342432,9.32921246373921,0.501171018371062,0,2.94269899828155,0.0032536459876118,0.00971982274305725,0.111409771688343,1,"2",164653624,164843679,"protein_coding","cordon-bleu WH2 repeat protein like 1"
"1168","THOC2",0.233962927050307,0.00981905052842071,12.9149525636198,0.228465873270392,0.022699906426775,2.36108867781168,0.0182213728765777,0.0407675122632065,0.0591894591216323,1,"X",123600561,123733056,"protein_coding","THO complex subunit 2"
"1169","DAG1",0.2335015586123,0.00834812218463725,11.6006633998975,0.312671000314115,0.0124091258307458,2.55561474610134,0.0106000405490105,0.0258789572001835,0.111298137037273,1,"3",49468713,49535618,"protein_coding","dystroglycan 1"
"1170","HIPK3",0.233356476778371,0.0103844043713958,13.4797477416658,0.198071048328634,0.0270865206419247,2.28996615428601,0.0220232787379258,0.047750390008858,0.07669429056115,1,"11",33256672,33357023,"protein_coding","homeodomain interacting protein kinase 3"
"1171","SH3GLB1",0.233000649880922,0.00976503624760354,12.8550337080191,0.231890388613092,0.0222642643857677,2.35787187680454,0.0183800354386099,0.041052648155876,0.0901521193676427,1,"1",86704570,86748184,"protein_coding","SH3 domain containing GRB2 like, endophilin B1"
"1172","UNKL",0.231562509982652,0.00635921815166671,9.33627268383048,0.500515001770131,0,2.90379789825403,0.00368666056457334,0.0107837256052583,0.115557666598028,1,"16",1363205,1414751,"protein_coding","unk like zinc finger"
"1173","SNX7",0.23085319163662,0.006351964632945,9.89059220580054,0.450143958427664,0,2.89655545507825,0.00377283954919805,0.010993012618076,0.057149107316843,1,"1",98661701,98760500,"protein_coding","sorting nexin 7"
"1174","NMNAT1",0.229855912447311,0.00631712752146847,2.29022551070384,0.993593020941998,0,2.89198381014053,0.00382817673276992,0.0111266700371886,0.092093239234435,1,"1",9943428,9985501,"protein_coding","nicotinamide nucleotide adenylyltransferase 1"
"1175","MATN2",0.229756817512224,0.00649060546483174,10.1012510556217,0.431655576226437,0.000786394373266883,2.85184423714203,0.00434663940519564,0.012340992197633,0.0904091202403333,1,"8",97868840,98036724,"protein_coding","matrilin 2"
"1176","LRMDA",0.229727613821402,0.00855604253769766,11.7464953458085,0.302380883823073,0.0136012692752153,2.48357188065,0.0130072080237911,0.0307289082439439,0.0950188618166085,1,"10",75431624,76560168,"protein_coding","leucine rich melanocyte differentiation associated"
"1177","UBE2J2",0.228030107743764,0.00634038535344708,9.0519070321784,0.527184605972991,0,2.86374514169834,0.0041866471534866,0.0119553550637022,0.0927371924567892,1,"1",1253909,1273864,"protein_coding","ubiquitin conjugating enzyme E2 J2"
"1178","SHARPIN",0.227087334200033,0.00710737306226179,10.5664802331185,0.392274304048479,0.00439388875017734,2.69363257914502,0.00706780298717802,0.0185050491351699,0.0834021657430518,1,"8",144098633,144108124,"protein_coding","SHANK associated RH domain interactor"
"1179","P3H1",0.226699773323212,0.00861487710545284,11.8478579877535,0.295367878932508,0.0143155270439935,2.44245484064828,0.0145877545754145,0.0338248133421557,0.049470461029191,1,"1",42746335,42767084,"protein_coding","prolyl 3-hydroxylase 1"
"1180","NMT1",0.225665004929159,0.00632665391589432,4.81211461035558,0.903370239494978,0,2.83711654823313,0.0045522991298208,0.0128409134859136,0.0905302287088255,1,"17",44957992,45109016,"protein_coding","N-myristoyltransferase 1"
"1181","STARD7",0.22501681510916,0.00631962875641059,4.17759328401624,0.938979969231051,0,2.83053930619584,0.00464696009802013,0.0130641422317402,0.0837784225748265,1,"2",96184859,96208827,"protein_coding","StAR related lipid transfer domain containing 7"
"1182","RPGR",0.224623100056653,0.00635177443758019,9.09364933516071,0.523239613433573,0,2.81842760020011,0.00482594932308555,0.0134737226323939,0.0903321279422596,1,"X",38269163,38327544,"protein_coding","retinitis pigmentosa GTPase regulator"
"1183","KCTD9",0.224289503007586,0.00837263215160093,11.5856841040825,0.313741320803845,0.0123501420459951,2.4511954571835,0.0142382614557344,0.033182656294711,0.0947669725780443,1,"8",25427847,25458476,"protein_coding","potassium channel tetramerization domain containing 9"
"1184","IP6K2",0.224056896034815,0.00742321198366089,10.8045024846507,0.372950633191865,0.00625412329652652,2.60053308723497,0.00930790426455652,0.0231323299936533,0.0341224610079959,1,"3",48688003,48740353,"protein_coding","inositol hexakisphosphate kinase 2"
"1185","FAM234A",0.223824951566031,0.00822353236095378,11.5047169262462,0.319569655728704,0.0116455655133557,2.46819402304932,0.0135796692084542,0.03188441470214,0.0922411800040681,1,"16",234521,272183,"protein_coding","family with sequence similarity 234 member A"
"1186","TKT",0.222221730809966,0.00787584514321353,11.1856520020534,0.343238189930811,0.00920280672514348,2.50402085529213,0.0122790796032488,0.0292418601983424,0.073104791185807,1,"3",53224712,53256052,"protein_coding","transketolase"
"1187","NSD2",0.221102854574753,0.00726451290498848,10.6700471381328,0.383795332002958,0.00521792418916324,2.59412619907894,0.0094831671067479,0.0234902090800537,0.0580537382228897,1,"4",1871393,1982207,"protein_coding","nuclear receptor binding SET domain protein 2"
"1188","PEX2",0.220540726399292,0.00633697261071173,6.56376222580902,0.765886178227711,0,2.77043449267375,0.0055981559706233,0.0152571504691599,0.0999259808862681,1,"8",76980258,77001044,"protein_coding","peroxisomal biogenesis factor 2"
"1189","JAM2",0.220318196163449,0.00679299910767,10.3315721063176,0.411900675446572,0.00256871752069273,2.6731269745956,0.00751478005132844,0.019462245083768,0.10713655713469,1,"21",25639258,25717562,"protein_coding","junctional adhesion molecule 2"
"1190","ANKRD49",0.218202842080602,0.00685280492907049,10.3720804775428,0.408477885711547,0.00288543279424783,2.63588354072289,0.00839185276568211,0.0212497992766821,0.0862155956898629,1,"11",94493979,94499578,"protein_coding","ankyrin repeat domain 49"
"1191","RAD21",0.216936900050943,0.00632971478251324,7.42779734408298,0.684534515352237,0,2.72672512184254,0.00639663015552649,0.017023159432365,0.107784270650559,1,"8",116845934,116874776,"protein_coding","RAD21 cohesin complex component"
"1192","SOX5",0.216276381054981,0.00881470334525718,11.9912888016519,0.285639931891924,0.0154901872354915,2.30359031247765,0.0212456521706712,0.0463125281465937,0.094777333606756,1,"12",23529504,24562544,"protein_coding","SRY-box transcription factor 5"
"1193","FBXO31",0.216254031386674,0.00635402187909338,9.85042346446854,0.453712826664554,0,2.71293794116427,0.00666895946736323,0.017607592821348,0.128890014396255,1,"16",87326987,87392142,"protein_coding","F-box protein 31"
"1194","MTG2",0.215987861369854,0.0063227492709554,4.80646767521508,0.903725421959719,0,2.71629143471526,0.00660177761800029,0.0174608926565338,0.10921742744989,1,"20",62183028,62203568,"protein_coding","mitochondrial ribosome associated GTPase 2"
"1195","WIPI1",0.215399274012156,0.00717707704283768,10.6222551829887,0.387694580550619,0.00482546327826625,2.54255543811331,0.0110045142529329,0.0267026477159452,0.0282675573046744,1,"17",68420948,68457513,"protein_coding","WD repeat domain, phosphoinositide interacting 1"
"1196","H2AZ2",0.215371388926166,0.00634052752411971,8.32767471129075,0.596863602420377,0,2.7047386856218,0.00683581402790279,0.0179871844856271,0.11129191667334,1,"7",44826791,44848087,"protein_coding","H2A.Z variant histone 2"
"1197","RBMS3",0.215082425017918,0.00634317080564579,9.49464327113088,0.485889173564603,0,2.70054688390479,0.00692255793459085,0.0181745219545535,0.115699765530944,1,"3",28574791,30010391,"protein_coding","RNA binding motif single stranded interacting protein 3"
"1198","NAP1L1",0.214889005105827,0.00634053640564329,9.18468112417503,0.51467107278807,0,2.69867878482156,0.00696153336638905,0.0182590029120102,0.068125585511149,1,"12",76036585,76084735,"protein_coding","nucleosome assembly protein 1 like 1"
"1199","ZNF32",0.214796356177611,0.00632391267518461,6.55922372888943,0.766298039893483,0,2.70105842059047,0.0069119196362859,0.0181511219604912,0.0967041400453336,1,"10",43643860,43648881,"protein_coding","zinc finger protein 32"
"1200","DPYSL5",0.214670694049093,0.00631154768933681,3.53884463209479,0.965762939208228,0,2.70212120975502,0.00688986402173364,0.018104500938838,0.156997280687292,1,"2",26847747,26950351,"protein_coding","dihydropyrimidinase like 5"
"1201","WDR49",0.213380128514228,0.00634028354801926,8.62247192340335,0.568267234613917,0,2.67978302652933,0.0073669894930537,0.0191383453431102,0.181870483003702,1,"3",167478684,167653983,"protein_coding","WD repeat domain 49"
"1202","SOX9",0.212692329710834,0.00834903256632339,11.584353272715,0.313836533292888,0.012306603329877,2.32773614719428,0.0199261184850663,0.0439230521661388,0.0741379429744789,1,"17",72121020,72126416,"protein_coding","SRY-box transcription factor 9"
"1203","CASKIN1",0.212403986996959,0.00749616132858276,10.8736354221216,0.367447420121307,0.00678203006431056,2.45325787847266,0.014156880793887,0.0330149381404769,0.150344175091342,1,"16",2177180,2196605,"protein_coding","CASK interacting protein 1"
"1204","ZC3H7A",0.21197452785688,0.00687698704083424,10.388231018422,0.407117634766262,0.00301209275647936,2.55613963009629,0.0105840638414083,0.02584594977057,0.0213386740910945,1,"16",11750586,11797258,"protein_coding","zinc finger CCCH-type containing 7A"
"1205","RSBN1L",0.211966002543398,0.00634695147711382,9.75303843766722,0.462420809198616,0,2.66062471190085,0.00779958370122147,0.0200468166471659,0.0686519827501528,1,"7",77696459,77783022,"protein_coding","round spermatid basic protein 1 like"
"1206","HSPA4",0.211843211477693,0.00633809214840487,8.01786331584798,0.627091991413883,0,2.66094119512867,0.00779225648285742,0.0200350076047045,0.117209564811529,1,"5",133052013,133106449,"protein_coding","heat shock protein family A (Hsp70) member 4"
"1207","FAM20C",0.21095411417654,0.00631429179675188,3.1768113717673,0.976951382035452,0,2.65476250926109,0.00793642616360235,0.0203166329823815,0.130769904925081,1,"HSCHR7_1_CTG1",152373,155136,"protein_coding","FAM20C golgi associated secretory pathway kinase"
"1208","TMED5",0.21049299801131,0.00634534670085732,9.28012597598802,0.50574105250307,0,2.6424694530941,0.00823038891308414,0.0209114095799167,0.14438008946917,1,"1",93149742,93180516,"protein_coding","transmembrane p24 trafficking protein 5"
"1209","GNB4",0.209386763868523,0.00633239051989844,8.37389902250071,0.592365117200487,0,2.63126979137195,0.0085066476587814,0.0214844972228794,0.110549977203521,1,"3",179396088,179451476,"protein_coding","G protein subunit beta 4"
"1210","REXO2",0.209173445693075,0.00632443588726088,5.83518697634165,0.828914757680205,0,2.63024166705949,0.00853241898327206,0.0215349046457175,0.0666148846553131,1,"11",114439435,114450279,"protein_coding","RNA exonuclease 2"
"1211","ABLIM1",0.208500419078254,0.00810790018649706,11.3618862419042,0.330027304841759,0.0106005434009804,2.31554238738877,0.0205832676349649,0.0451163611875884,0.113235625647239,1,"10",114431110,114768061,"protein_coding","actin binding LIM protein 1"
"1212","KANSL3",0.207923440521878,0.00632122689695222,5.20077390492057,0.877368759645889,0,2.61518708701368,0.00891785929750455,0.0223344553766808,0.045423363910202,1,"2",96593170,96642787,"protein_coding","KAT8 regulatory NSL complex subunit 3"
"1213","ANKH",0.207532372759074,0.00633859245270521,8.30701260364116,0.598875766135232,0,2.60669030617796,0.0091422005525077,0.0227932100515182,0.0850732654878509,1,"5",14704800,14871778,"protein_coding","ANKH inorganic pyrophosphate transport regulator"
"1214","CYFIP1",0.20615049033348,0.00792414068529392,11.2353856333634,0.339475849750004,0.00957708683863609,2.31583857341471,0.0205670842485557,0.0450902836917382,0.0634686271758693,1,"15",22867052,22981063,"protein_coding","cytoplasmic FMR1 interacting protein 1"
"1215","PDCD7",0.204334282425998,0.00633896864575768,7.69013987986015,0.659074283346035,0,2.56644484407128,0.010274696448052,0.0251722884568019,0.0892793373869448,1,"15",65117379,65133808,"protein_coding","programmed cell death 7"
"1216","HPS4",0.203950116629627,0.00703241846577848,10.517461286601,0.396324995699773,0.00400532425621419,2.43204499320323,0.0150138421422732,0.0346638032122713,0.0165931561038425,1,"22",26443107,26483931,"protein_coding","HPS4 biogenesis of lysosomal organelles complex 3 subunit 2"
"1217","FAM241A",0.203489667936621,0.00633672641862322,8.42249145792764,0.587641181376836,0,2.55628860685295,0.0105795331088416,0.0258378846906591,0.181225214308231,1,"4",112145454,112195256,"protein_coding","family with sequence similarity 241 member A"
"1218","SERBP1",0.2033257800646,0.00633227582779133,7.55544679307046,0.672170616933347,0,2.55512725862492,0.0106148981683867,0.0259092178031155,0.0807640114065766,1,"1",67407810,67430415,"protein_coding","SERPINE1 mRNA binding protein 1"
"1219","DNAJA1",0.203266336744247,0.00778925081753006,11.1174854251539,0.348438397997001,0.00866813796926577,2.30312556526522,0.0212717792792296,0.0463646779275864,0.142321345281512,1,"9",33025273,33039907,"protein_coding","DnaJ heat shock protein family (Hsp40) member A1"
"1220","DDRGK1",0.201240513947716,0.00633158096424755,9.06340786060152,0.526096713330056,0,2.52906118020096,0.0114368089357211,0.0275699427139747,0.114222336363708,1,"20",3190350,3204685,"protein_coding","DDRGK domain containing 1"
"1221","FGFR2",0.200767308471364,0.00662527805118852,10.2118180766142,0.422110551702723,0.00163657356064291,2.46655578415849,0.013641947745431,0.0319985039647569,0.0743108709497427,1,"10",121478332,121598458,"protein_coding","fibroblast growth factor receptor 2"
"1222","FNBP1L",0.199443878237781,0.00635034119444907,9.55147790994757,0.480683828342407,0,2.50277714602285,0.0123223106645372,0.0293315325695058,0.0869910745664821,1,"1",93448118,93554661,"protein_coding","formin binding protein 1 like"
"1223","PRPF40B",0.198785696346313,0.00633551023108629,9.54339836553826,0.48142236689471,0,2.49743580150171,0.0125095113792735,0.0297166218155034,0.0693781689396393,1,"12",49568218,49644666,"protein_coding","pre-mRNA processing factor 40 homolog B"
"1224","CIAO3",0.196986307099617,0.0063228964875534,4.90557447408257,0.897395747434089,0,2.4772965769118,0.0132381848272041,0.0312045046789574,0.114653694528271,1,"16",729760,741329,"protein_coding","cytosolic iron-sulfur assembly component 3"
"1225","PRRC2C",0.195424636507616,0.00696651519740111,10.4616182475682,0.400968626508668,0.00357965832261208,2.34137791954849,0.0192127081616462,0.042595930423713,0.055681845270051,1,"1",171485530,171593511,"protein_coding","proline rich coiled-coil 2C"
"1226","CD9",0.194651612204356,0.00695907012130061,10.452485182378,0.401731008094474,0.00350927811655066,2.33336349336682,0.0196290756068382,0.0433819065932644,0.156127834992906,1,"12",6199715,6238271,"protein_coding","CD9 molecule"
"1227","AEBP2",0.194492720818488,0.00632861433548778,7.38702116754538,0.688471919664255,0,2.44483208541351,0.0144919595683635,0.0336471892869529,0.0590171906306445,1,"12",19404045,19720801,"protein_coding","AE binding protein 2"
"1228","DHX16",0.193042780920835,0.0063313825533803,9.4805940296297,0.487179531475038,0,2.42607536376587,0.0152631003609489,0.03515057263511,0.0484057361887157,1,"HSCHR6_MHC_APD_CTG1",1988978,2002543,"protein_coding","DEAH-box helicase 16"
"1229","PDZD2",0.192585318638614,0.00685588836566718,10.3814512666234,0.407688340693709,0.00295390308298092,2.32590144117846,0.0200238091449247,0.0440921972170818,0.103091865311011,1,"5",31639131,32110932,"protein_coding","PDZ domain containing 2"
"1230","AMPD3",0.191689737901342,0.00631527523628004,5.83245366588011,0.829137776719728,0,2.41214117487119,0.0158591394334842,0.036296779471392,0.116311906296488,1,"11",10308313,10507579,"protein_coding","adenosine monophosphate deaminase 3"
"1231","ZNF362",0.191175980964614,0.00632240867765953,8.69377863390561,0.561390664878553,0,2.4043187585365,0.0162026383227167,0.0369102977815028,0.0577547507914071,1,"1",33256492,33300719,"protein_coding","zinc finger protein 362"
"1232","RADX",0.191026155817359,0.00632690888717596,6.59390037130879,0.76314603090984,0,2.40157993236826,0.0163244421847724,0.0371356187309159,0.11514885820411,1,"X",106611930,106679439,"protein_coding","RPA1 related single stranded DNA binding protein, X-linked"
"1233","SPG21",0.188464255967807,0.00632439809091151,7.39828134719528,0.687385266401739,0,2.36984201504535,0.0177956875213914,0.0399467902966046,0.0477414362075073,1,"15",64963022,64990310,"protein_coding","SPG21 abhydrolase domain containing, maspardin"
"1234","LIMK2",0.188120417478802,0.00634159181651746,9.09485150098125,0.523126143865171,0,2.36230947292085,0.0181614741452774,0.0406551139500623,0.127902016802724,1,"22",31212239,31280080,"protein_coding","LIM domain kinase 2"
"1235","SFI1",0.187321716842694,0.00634030563216426,8.62574321512745,0.567951360861305,0,2.35251842125592,0.0186467661319942,0.0415381640462847,0.0804532516668496,1,"22",31488688,31618588,"protein_coding","SFI1 centrin binding protein"
"1236","LGI4",0.186960495031555,0.00632603754714847,7.66196375095402,0.661817355643764,0,2.35062833358764,0.0187417435482056,0.0417055826815701,0.0978940145896161,1,"19",35124513,35142451,"protein_coding","leucine rich repeat LGI family member 4"
"1237","DPH7",0.186551482019792,0.00633757065205178,8.32420871969716,0.597201079642855,0,2.34335074153647,0.0191114073600447,0.0424070882572601,0.0553706962107162,1,"9",137554444,137578925,"protein_coding","diphthamide biosynthesis 7"
"1238","STAU1",0.186363162107373,0.00633271806184564,8.4048195526192,0.589358530783908,0,2.34188192179533,0.0191867840346798,0.0425517974770222,0.0394881333637629,1,"20",49113339,49188367,"protein_coding","staufen double-stranded RNA binding protein 1"
"1239","LNPEP",0.185781247321932,0.00632831754931097,7.75445340276865,0.652807472367627,0,2.335381000068,0.0195235260864364,0.0431803835655021,0.167546810991205,1,"5",96935394,97037513,"protein_coding","leucyl and cystinyl aminopeptidase"
"1240","AATK",0.185210125894408,0.00631594060141436,6.10667453140865,0.806222662929079,0,2.33048176136436,0.0197807028854398,0.0436538564464285,0.118557924891266,1,"17",81110487,81166221,"protein_coding","apoptosis associated tyrosine kinase"
"1241","SYF2",0.184413043332992,0.00633296837467868,8.53365991925543,0.576856519822501,0,2.31733048730504,0.0204857357665043,0.0449447216399635,0.0760182076478265,1,"1",25222276,25232502,"protein_coding","SYF2 pre-mRNA splicing factor"
"1242","PROX1",0.183337318749373,0.00633019646477544,9.29439246439791,0.504411200630997,0,2.30431730395582,0.0212048383027952,0.0462619035556626,0.135129978079954,1,"1",213983181,214041510,"protein_coding","prospero homeobox 1"
"1243","EPB41L5",0.183069834995058,0.00633005326900121,9.05914310351778,0.526500042312033,0,2.30098139827181,0.0213926825441488,0.0465654914886087,0.0570067418165164,1,"2",120013077,120179119,"protein_coding","erythrocyte membrane protein band 4.1 like 5"
"1244","INTS1",0.18168249186396,0.0063351883828919,9.91676236884211,0.447826165995142,0,2.28261838565053,0.022452857000971,0.0484769739661806,0.0916664731153373,1,"7",1470277,1504389,"protein_coding","integrator complex subunit 1"
