"","symbol","Com.ES","ES.var","Qval","Qpval","tau2","Zval","Pval","FDR","AveFC","propDataset","chr","start","end","biotype","description"
"1","FAM162A",-1.02720154149258,0.0378956728501519,42.6630763009683,5.71230823854485e-06,0.280458116279296,-5.27668113803694,1.31544481973833e-07,2.52067021924358e-06,-0.392864353500967,1,"3",122384161,122412334,"protein_coding","family with sequence similarity 162 member A"
"2","NRN1",-0.979327571954597,0.0321554533313932,36.2957288245533,7.48716842641655e-05,0.224865095141311,-5.46135821798848,4.72505530257905e-08,1.06140847203553e-06,-0.77933998573955,1,"6",5997999,6007605,"protein_coding","neuritin 1"
"3","ACTG1",-0.97263656229811,0.0406520825864448,46.6463878642264,1.09488633807752e-06,0.312301745584904,-4.82402101949154,1.40692580852253e-06,1.78646463556512e-05,-0.421404763122132,1,"HG1369_PATCH",165618,180052,"protein_coding","actin gamma 1"
"4","GSTA4",-0.950974178286884,0.0300571207903418,34.2988176506493,0.000164357761636252,0.20617371773775,-5.48523244806834,4.12926084436549e-08,9.59996112325413e-07,-0.442746195187481,1,"6",52977948,52995304,"protein_coding","glutathione S-transferase alpha 4"
"5","PSMA5",-0.94282784319441,0.0452353034646976,52.3167209726556,9.96940084994633e-08,0.363789248672173,-4.43295829356533,9.29488513179422e-06,8.19976449362475e-05,-0.454646881964141,1,"1",109399042,109426448,"protein_coding","proteasome 20S subunit alpha 5"
"6","PPP1R2",-0.939360435642975,0.0320586202983232,36.3721513010198,7.26365131409619e-05,0.223815238570625,-5.24638129057295,1.55115714495224e-07,2.89329311434354e-06,-0.450411527871242,1,"3",195514428,195543386,"protein_coding","protein phosphatase 1 regulatory inhibitor subunit 2"
"7","GPCPD1",-0.930789594720672,0.0270350882301211,30.313695313752,0.000761043660743001,0.171009662674456,-5.66092790634297,1.50556671574265e-08,4.11391216873055e-07,-0.510983655673386,1,"20",5544404,5611006,"protein_coding","glycerophosphocholine phosphodiesterase 1"
"8","HMGCS1",-0.921434655545019,0.0363192869405295,41.7874360766318,8.18062530792295e-06,0.269075525263245,-4.83499339931379,1.33150053316378e-06,1.70613710217819e-05,-0.509200740421883,1,"5",43287470,43313512,"protein_coding","3-hydroxy-3-methylglutaryl-CoA synthase 1"
"9","RPH3A",-0.913221625432378,0.0464700459034336,53.3773945238121,6.33577098933376e-08,0.370240729391254,-4.23632856804555,2.27204239591217e-05,0.000169637232114947,-0.825450095662039,1,"12",112570380,112898881,"protein_coding","rabphilin 3A"
"10","CHP1",-0.9127131830213,0.0478114817424602,55.7131464720793,2.32315904345714e-08,0.391420052374693,-4.17415163590202,2.99098501199691e-05,0.000210469313218779,-0.277641288376783,1,"15",41230839,41281887,"protein_coding","calcineurin like EF-hand protein 1"
"11","NDUFB5",-0.905064908462565,0.0372089933088645,42.310658546026,6.60186673716027e-06,0.274566748025487,-4.69197583188005,2.70579097616519e-06,3.03302302282981e-05,-0.34687136945037,1,"3",179604690,179627647,"protein_coding","NADH:ubiquinone oxidoreductase subunit B5"
"12","RNMT",-0.900469361398062,0.0230297758595727,25.8359029779442,0.00396726953805845,0.133481767499811,-5.93367950184333,2.96219804241105e-09,1.0422181741192e-07,-0.307415947434679,1,"18",13726660,13764556,"protein_coding","RNA guanine-7 methyltransferase"
"13","MED29",-0.884138737165116,0.0457740906710406,52.7411297324989,8.31710945500143e-08,0.364519411508794,-4.13247805659054,3.58873037373808e-05,0.000244604129006716,-0.285195064915105,1,"19",39391303,39400641,"protein_coding","mediator complex subunit 29"
"14","GHITM",-0.878877893110084,0.03465231423125,40.0451253627988,1.6637491162384e-05,0.253799347743058,-4.72130892968153,2.34331701287616e-06,2.71195764306459e-05,-0.390528408370764,1,"10",84139482,84154841,"protein_coding","growth hormone inducible transmembrane protein"
"15","SUB1",-0.875317148148551,0.0292917887607214,33.8005520728992,0.000199627203180827,0.200011658829143,-5.11437407474284,3.14782999444319e-07,5.21088458560855e-06,-0.432176630636076,1,"5",32531633,32604507,"protein_coding","SUB1 regulator of transcription"
"16","UBLCP1",-0.871763786254115,0.0296296177645974,34.0047712455519,0.000184354759332521,0.201259425291957,-5.0644909530081,4.09493082997869e-07,6.45857156392442e-06,-0.467305843286659,1,"5",159263290,159286036,"protein_coding","ubiquitin like domain containing CTD phosphatase 1"
"17","ATP5F1A",-0.869467049170435,0.0304928339759094,35.0170665206699,0.000124030661597717,0.210749691751029,-4.97913880365735,6.38678269826443e-07,9.25467685754019e-06,-0.37900570184374,1,"18",46080248,46104334,"protein_coding","ATP synthase F1 subunit alpha"
"18","BEX3",-0.868240159105741,0.0377713845751681,43.7876236983593,3.59371101144635e-06,0.285996088369428,-4.46743679777149,7.91623883467096e-06,7.17302605863381e-05,-0.430266101157835,1,"X",103376395,103378164,"protein_coding","brain expressed X-linked 3"
"19","IMMT",-0.867351931705591,0.0293793221516062,33.7797604128881,0.000201249949590477,0.199829135983439,-5.06027902212026,4.18643392618989e-07,6.5782352357756e-06,-0.278712113582902,1,"2",86143932,86195472,"protein_coding","inner membrane mitochondrial protein"
"20","LANCL2",-0.858730017151475,0.032571532618583,37.6133304283144,4.43057787380328e-05,0.231852568999284,-4.75814362258448,1.95381467515965e-06,2.33835385468481e-05,-0.341721423990574,1,"7",55365337,55433737,"protein_coding","LanC like glutathione S-transferase 2"
"21","TCEAL7",-0.852179687183731,0.0412277989645192,47.81186395496,6.71736476785715e-07,0.316490250095487,-4.19697230288596,2.70507000217357e-05,0.000195046856907923,-0.407521820169054,1,"X",103330229,103332326,"protein_coding","transcription elongation factor A like 7"
"22","CISD1",-0.848537152406067,0.027096880664579,31.2194417831296,0.000539706945696146,0.177324617161097,-5.154792795959,2.53911533354412e-07,4.36390120789989e-06,-0.487443423307548,1,"10",58269162,58289586,"protein_coding","CDGSH iron sulfur domain 1"
"23","TARBP1",-0.842343244696599,0.0192550636490528,22.0551367822913,0.0148261643523776,0.100431341575183,-6.0703903391772,1.27599730781469e-09,5.0087655515711e-08,-0.551569755075201,1,"1",234391313,234479179,"protein_coding","TAR (HIV-1) RNA binding protein 1"
"24","OCIAD1",-0.842166309669911,0.029463895249393,34.1287235101584,0.000175650026228913,0.202835522244851,-4.90628511983077,9.28175713621471e-07,1.26646024737975e-05,-0.316842897378681,1,"4",48805212,48861817,"protein_coding","OCIA domain containing 1"
"25","DTD1",-0.842131652078801,0.0314055940767925,36.0723497943784,8.17998656477326e-05,0.220053846933248,-4.75200057345953,2.01413801415029e-06,2.39691537430555e-05,-0.381430985601121,1,"20",18587942,18766644,"protein_coding","D-aminoacyl-tRNA deacylase 1"
"26","NIPSNAP1",-0.841937193733232,0.0384730812419854,45.1407140246563,2.05121889211023e-06,0.294021955759757,-4.29241012586409,1.76744098916437e-05,0.000138395825872789,-0.336254273334708,1,"22",29554808,29581327,"protein_coding","nipsnap homolog 1"
"27","PSMB2",-0.841483531404398,0.0555192415638446,66.0994777189504,2.49607064590861e-10,0.476917460705101,-3.57127964544791,0.000355241352582913,0.00158824438128867,-0.302761021224564,1,"1",35599541,35641526,"protein_coding","proteasome 20S subunit beta 2"
"28","ATP6V1E1",-0.835637970254704,0.04254839768544,49.9263529360703,2.7536201880464e-07,0.337549758647404,-4.0511335519169,5.0970103286696e-05,0.000325367406902938,-0.444142303321219,1,"22",17592136,17628749,"protein_coding","ATPase H+ transporting V1 subunit E1"
"29","SPCS1",-0.833880598231735,0.0528407353129824,62.318723080161,1.31613181848454e-09,0.445387617438418,-3.62760041623258,0.0002860675309313,0.00133160638291915,-0.278496263315352,1,"3",52704955,52711148,"protein_coding","signal peptidase complex subunit 1"
"30","COPS7A",-0.833652407581265,0.0446802911458646,52.1445988483117,1.07289032653419e-07,0.357689681934881,-3.9439101431288,8.01637055405369e-05,0.000471788633446964,-0.305692893182671,1,"12",6724014,6731875,"protein_coding","COP9 signalosome subunit 7A"
"31","NRXN3",-0.833477905612428,0.0244444708118827,27.7690947059164,0.00196542292495067,0.147742839810939,-5.33093972113823,9.77058487450222e-08,1.95970548865135e-06,-0.459295778483063,1,"14",78170373,79868291,"protein_coding","neurexin 3"
"32","ATP5PD",-0.832032355192854,0.0321178816758876,37.1097637514448,5.41716033922452e-05,0.226782356508619,-4.64265880633558,3.43954084236486e-06,3.6512582907849e-05,-0.370051180031234,1,"17",75038863,75046985,"protein_coding","ATP synthase peripheral stalk subunit d"
"33","EBNA1BP2",-0.830394180881595,0.0258758703845016,29.6190373461446,0.000988535460790219,0.163732144289227,-5.16222361987864,2.44033520058196e-07,4.21203056769847e-06,-0.389662894706108,1,"1",43164175,43270936,"protein_coding","EBNA1 binding protein 2"
"34","BCAS2",-0.829829603855534,0.0275770769963894,31.81486644144,0.000429893063306733,0.182129375039099,-4.99706280914131,5.82101134405377e-07,8.58262639655861e-06,-0.37393764867784,1,"1",114567557,114581629,"protein_coding","BCAS2 pre-mRNA processing factor"
"35","AFG3L2",-0.82677773262139,0.0291421468341578,33.4204313076349,0.000231425546566033,0.197142380890807,-4.84315089548128,1.2779616052061e-06,1.64655922679341e-05,-0.315936884330245,1,"18",12328944,12377227,"protein_coding","AFG3 like matrix AAA peptidase subunit 2"
"36","TXN",-0.823078780180655,0.0324472973412573,37.6422735782438,4.37959211426856e-05,0.230535877076672,-4.56932596773916,4.89295269634482e-06,4.8721119134451e-05,-0.296829732844957,1,"9",110243810,110256507,"protein_coding","thioredoxin"
"37","DNM1L",-0.818172258676007,0.0185426885684562,21.3731264566104,0.0186368514652612,0.0940747874717006,-6.00839391906053,1.87370141624399e-09,7.02721529372077e-08,-0.380286313256973,1,"12",32679200,32745650,"protein_coding","dynamin 1 like"
"38","KIFBP",-0.815094960891457,0.0302454456241833,34.9367143421333,0.000128008461758475,0.207112511902102,-4.68681935160204,2.77483689714586e-06,3.09066004848856e-05,-0.303290886897938,1,"10",68988803,69043544,"protein_coding","kinesin family binding protein"
"39","ATP5F1B",-0.809639205209026,0.0209404052133327,23.9008852963192,0.00786786184950946,0.115569467034418,-5.59498580720158,2.20639817527513e-08,5.6890462754643e-07,-0.424199086783536,1,"12",56638175,56645984,"protein_coding","ATP synthase F1 subunit beta"
"40","ATP5PB",-0.807437189454837,0.0364024882225991,42.7962291192118,5.4079867052431e-06,0.273853907561193,-4.23197616981262,2.31646957140619e-05,0.000172219996577319,-0.284058089587644,1,"1",111448864,111462773,"protein_coding","ATP synthase peripheral stalk-membrane subunit b"
"41","CDC123",-0.805108518713257,0.0433143636058516,50.7813662968793,1.91636592299075e-07,0.343246675199225,-3.8684630489991,0.000109523529439715,0.000606095491691634,-0.244269894391898,1,"10",12195965,12250589,"protein_coding","cell division cycle 123"
"42","TERF2IP",-0.800841802514801,0.0286965486122697,33.1896713147379,0.000253096364665913,0.193342430359687,-4.72750395918208,2.27296633292795e-06,2.63954941279209e-05,-0.318964188042677,1,"16",75647773,75761872,"protein_coding","TERF2 interacting protein"
"43","BEX4",-0.799582540658933,0.0360358219095601,42.3185906405859,6.58041389516194e-06,0.270099240099164,-4.21207491171801,2.53035593682505e-05,0.00018452994644825,-0.399366282504496,1,"X",103215108,103217246,"protein_coding","brain expressed X-linked 4"
"44","ACTR10",-0.799329532391091,0.0269280909152663,31.3462565573133,0.000514233449250204,0.177808240263187,-4.87105548399234,1.11003660108189e-06,1.47165532997876e-05,-0.369560176642788,1,"14",58200080,58235636,"protein_coding","actin related protein 10"
"45","PMS2",-0.797544371529708,0.0136020867283331,15.9031349131474,0.102439052229464,0.048852158606317,-6.83836196027399,8.01048116727543e-12,5.58081204501573e-10,-0.407508839718092,1,"7",5970925,6009130,"protein_coding","PMS1 homolog 2, mismatch repair system component"
"46","RAB11A",-0.796072129913563,0.0326032795839372,38.07264902154,3.68622912195751e-05,0.23424009462013,-4.40881398520701,1.03938248769975e-05,8.98463744502986e-05,-0.332563403933038,1,"15",65726054,65891989,"protein_coding","RAB11A, member RAS oncogene family"
"47","COPS4",-0.795398122175797,0.0154440139542521,17.9957371156239,0.0550355928799499,0.0659737298068998,-6.40036097714788,1.55010004831979e-10,7.94835462114022e-09,-0.414284208439364,1,"4",83034447,83075818,"protein_coding","COP9 signalosome subunit 4"
"48","RGS4",-0.794949774377556,0.0277361558405114,32.0572470356522,0.000391735529383539,0.183311136756858,-4.77327610084466,1.8125303395955e-06,2.19548867847376e-05,-0.917874475724499,1,"1",163068775,163076802,"protein_coding","regulator of G protein signaling 4"
"49","MDH1",-0.793612684161489,0.0281122922354156,32.7772239829077,0.000296884548595924,0.189110978873925,-4.73326119828547,2.20940870021558e-06,2.58542174895737e-05,-0.606339246569259,1,"2",63588609,63607197,"protein_coding","malate dehydrogenase 1"
"50","PSMD14",-0.793111851360381,0.0207539581263789,23.9963108171301,0.00761018890136894,0.115680409860126,-5.50533779504075,3.68461077204785e-08,8.67161192884639e-07,-0.30667693882885,1,"2",161308425,161411717,"protein_coding","proteasome 26S subunit, non-ATPase 14"
"51","ATXN10",-0.792001392670454,0.0327477544261237,38.343328222048,3.30677909557376e-05,0.236899849826348,-4.37658313791788,1.20554221310076e-05,0.000101539664386069,-0.246719696917736,1,"22",45671798,45845307,"protein_coding","ataxin 10"
"52","G3BP2",-0.789270441635957,0.0229807661208409,26.4281987389575,0.00320502346934533,0.135413736845356,-5.20647260072359,1.9246409710405e-07,3.4404796967453e-06,-0.403585194258569,1,"4",75641849,75724589,"protein_coding","G3BP stress granule assembly factor 2"
"53","PPME1",-0.786316152365388,0.0240966442404081,27.8914774011042,0.00187888775641842,0.147572954040905,-5.06546027748777,4.07414730840827e-07,6.43543989256081e-06,-0.346747904704938,1,"11",74171267,74254703,"protein_coding","protein phosphatase methylesterase 1"
"54","UQCRC2",-0.785270096770454,0.021152898608108,24.3442371901078,0.00673726942085982,0.118804627706708,-5.39925844081842,6.69169180067541e-08,1.41932599295377e-06,-0.31147439235377,1,"16",21953288,21983660,"protein_coding","ubiquinol-cytochrome c reductase core protein 2"
"55","LETMD1",-0.784097494835066,0.0499576909615396,58.7337848012462,6.28717085147503e-09,0.413435040759014,-3.50807514585492,0.000451361535302119,0.0019325695365805,-0.243506721680527,1,"12",51047962,51060424,"protein_coding","LETM1 domain containing 1"
"56","LRPPRC",-0.784032778920033,0.0226479722600217,26.0376961446808,0.00368981615109997,0.132664985876331,-5.20978208369011,1.89062558275666e-07,3.39820125921129e-06,-0.312304270536528,1,"2",43886224,43996226,"protein_coding","leucine rich pentatricopeptide repeat containing"
"57","IDI1",-0.783080502239655,0.0282407539610262,32.955566661044,0.000277108681746153,0.188877226442052,-4.65981062303861,3.16500439567768e-06,3.42197803109242e-05,-0.335575726707976,1,"10",1039152,1049119,"protein_coding","isopentenyl-diphosphate delta isomerase 1"
"58","BABAM2",-0.781140054165543,0.0238600517445533,27.4549834189899,0.00220555707307159,0.146000122723198,-5.05700306565328,4.25896394595782e-07,6.67163906297756e-06,-0.38021327996195,1,"2",27889941,28338901,"protein_coding","BRISC and BRCA1 A complex member 2"
"59","AIG1",-0.779761217840987,0.0159698201510499,18.5557523919185,0.0462818896084445,0.0702806411026392,-6.1703758520013,6.81278589098611e-10,2.93731588414647e-08,-0.249344095161202,1,"6",143060496,143341058,"protein_coding","androgen induced 1"
"60","ACADSB",-0.770336916063902,0.0229515374781262,26.5925677805849,0.00301987375369025,0.136461131488137,-5.08481104542201,3.67992237793047e-07,5.94666411917489e-06,-0.312947995467575,1,"10",123008979,123058290,"protein_coding","acyl-CoA dehydrogenase short/branched chain"
"61","NDUFAB1",-0.769556474091304,0.0286668403414215,33.4045573469994,0.000232856183252575,0.194645285896402,-4.54517471817162,5.48897039642782e-06,5.35906900885574e-05,-0.417462330735154,1,"16",23581014,23596316,"protein_coding","NADH:ubiquinone oxidoreductase subunit AB1"
"62","YWHAZ",-0.769113659947912,0.0254541989488697,29.8174924296545,0.00091753723377509,0.163513498190528,-4.82070779437707,1.43049763523528e-06,1.80984186682804e-05,-0.423872533285817,1,"8",100916523,100953388,"protein_coding","tyrosine 3-monooxygenase/tryptophan 5-monooxygenase activation protein zeta"
"63","MAGED1",-0.768811862187375,0.0211066613304816,24.4425164880706,0.0065085765602514,0.119396151208396,-5.29188386576759,1.21062764479873e-07,2.34977911868684e-06,-0.374380761111149,1,"X",51803007,51902354,"protein_coding","MAGE family member D1"
"64","BEX2",-0.764349498270494,0.0256630109307043,29.9210601792692,0.000882481721004064,0.164708306248179,-4.7713159991545,1.83026133493414e-06,2.21187240017313e-05,-0.512627367102915,1,"X",103309346,103311007,"protein_coding","brain expressed X-linked 2"
"65","PPP2R2B",-0.763571354248671,0.0277771892103311,32.3160737005065,0.000354644113885073,0.185239175048961,-4.58147666289353,4.61704134746554e-06,4.64352533225024e-05,-0.284509741281625,1,"5",146580742,147084784,"protein_coding","protein phosphatase 2 regulatory subunit Bbeta"
"66","ZNF25",-0.763412119444403,0.0170650290616532,19.9850555214879,0.0293943549982918,0.0818266841175513,-5.84393711739694,5.09812791982256e-09,1.62522138534949e-07,-0.406657900032634,1,"10",37949573,37976647,"protein_coding","zinc finger protein 25"
"67","ATP6V1G1",-0.762827432778066,0.0319818691050438,37.6736126982904,4.32503690668085e-05,0.22781427440787,-4.26554356636161,1.99416094526228e-05,0.000152349841279297,-0.236066460846095,1,"9",114587706,114598915,"protein_coding","ATPase H+ transporting V1 subunit G1"
"68","SCG5",-0.759564422433647,0.0197090905239573,22.877795263416,0.0112067557558213,0.105839319565375,-5.41042426688862,6.28756091636262e-08,1.34990083347214e-06,-0.537447904260861,1,"15",32641676,32697098,"protein_coding","secretogranin V"
"69","DYNC2LI1",-0.759111535124343,0.024450794217036,28.3328094221285,0.00159643961420932,0.151851069420424,-4.85466320144321,1.20591521057811e-06,1.57202329805226e-05,-0.41688561060515,1,"2",43774039,43810010,"protein_coding","dynein cytoplasmic 2 light intermediate chain 1"
"70","BEX1",-0.758980875582132,0.0235317172214213,27.3619557458159,0.00228196445738435,0.143182475707672,-4.94770756261553,7.50926120174356e-07,1.05752915451596e-05,-0.62213390863763,1,"X",103062651,103064171,"protein_coding","brain expressed X-linked 1"
"71","CD99L2",-0.757244115370192,0.032287389016908,37.9690048242495,3.84260944255132e-05,0.230788284911623,-4.21424173635489,2.50618747259512e-05,0.000183537015048386,-0.246374540613528,1,"X",150766336,150898816,"protein_coding","CD99 molecule like 2"
"72","ATP6AP2",-0.756387898297032,0.0228051531860921,26.5340819291676,0.00308453943149535,0.136223778674175,-5.00873523142389,5.47888832080901e-07,8.21637991944558e-06,-0.386272844370605,1,"X",40579372,40606848,"protein_coding","ATPase H+ transporting accessory protein 2"
"73","PWP1",-0.755464359271016,0.0247558231367406,28.9550100752112,0.00126711246150816,0.155700278695342,-4.8014818849091,1.5749575856816e-06,1.96077559779532e-05,-0.246889055122579,1,"12",107685799,107713162,"protein_coding","PWP1 homolog, endonuclein"
"74","ATAD1",-0.754313309877901,0.0216148530658761,25.0527314583007,0.00524644534616873,0.12380274964798,-5.13068825214066,2.88684682159257e-07,4.85914057010461e-06,-0.287672217282088,1,"10",87751512,87841361,"protein_coding","ATPase family AAA domain containing 1"
"75","CHCHD2",-0.753945714228779,0.0387635041113248,45.5734592572213,1.71326815624325e-06,0.296834655267633,-3.82938085986936,0.000128466058475052,0.000693057915465408,-0.271169365090877,1,"7",56094567,56106479,"protein_coding","coiled-coil-helix-coiled-coil-helix domain containing 2"
"76","GLO1",-0.750418596955135,0.0506661009570389,60.6613040897491,2.71640475635185e-09,0.424469879075656,-3.33384071492328,0.000856556941237319,0.00325306101870635,-0.198727212048958,1,"6",38675925,38703145,"protein_coding","glyoxalase I"
"77","TIPRL",-0.750302658753446,0.017090847054089,19.9717102569159,0.0295213997799578,0.0816727856132591,-5.73924403555885,9.51000989068973e-09,2.79847004335821e-07,-0.344281852151592,1,"1",168178962,168202109,"protein_coding","TOR signaling pathway regulator"
"78","SKP1",-0.750099945826413,0.0365686184255092,43.4857400051423,4.07076959113676e-06,0.278134627265959,-3.92251720947867,8.76286320758979e-05,0.000505956756003538,-0.282185642732536,1,"5",134148935,134176964,"protein_coding","S-phase kinase associated protein 1"
"79","USP5",-0.749522692632544,0.032394632235954,37.6310545007295,4.39928652585859e-05,0.230134632744729,-4.16435993171507,3.12227232865947e-05,0.000218069484917755,-0.302851631411927,1,"12",6852148,6866632,"protein_coding","ubiquitin specific peptidase 5"
"80","ICA1",-0.748406073828701,0.028538558194041,33.2367493125595,0.000248519702699326,0.193087609500312,-4.43017915536575,9.41548345778642e-06,8.27492781753661e-05,-0.516459553119137,1,"7",8113184,8262687,"protein_coding","islet cell autoantigen 1"
"81","DHX36",-0.747212676245795,0.0154853425382209,17.9726137056089,0.0554273702386799,0.0654149910306853,-6.0045964164974,1.91808413596561e-09,7.14274163198522e-08,-0.311273567299009,1,"3",154272546,154324487,"protein_coding","DEAH-box helicase 36"
"82","WBP2",-0.745600189444521,0.0253971472687557,29.2720860390639,0.00112570035250198,0.159287428278265,-4.6785744097862,2.88876337872779e-06,3.19220491010676e-05,-0.269580669645528,1,"17",75845699,75856507,"protein_coding","WW domain binding protein 2"
"83","GABARAPL1",-0.745066535922292,0.0358929060326197,42.3752247153594,6.42923239547021e-06,0.268130361422843,-3.93269935410805,8.39972674928635e-05,0.00048915098479099,-0.356903128385963,1,"12",10212458,10223128,"protein_coding","GABA type A receptor associated protein like 1"
"84","ACTB",-0.744214445847056,0.0200816592392161,23.2287396252948,0.00993303466515147,0.108845773463326,-5.25168052852503,1.50717711644432e-07,2.83387010991855e-06,-0.357763760173133,1,"7",5526409,5563902,"protein_coding","actin beta"
"85","SCG2",-0.74393966310369,0.024882065062337,28.9736190401172,0.00125835670215326,0.156221186277592,-4.71622485828496,2.40260899020406e-06,2.75932822892431e-05,-0.648084724707977,1,"2",223596940,223602361,"protein_coding","secretogranin II"
"86","COPG1",-0.74283427336084,0.0304666061770421,35.375569309019,0.000107712301866856,0.211698374370697,-4.25578710093655,2.08314861227521e-05,0.000157943952440614,-0.3036900815856,1,"3",129249606,129277773,"protein_coding","COPI coat complex subunit gamma 1"
"87","DNAJA2",-0.742798960703954,0.0201492783869082,23.3105016788529,0.00965670596739484,0.109488671768909,-5.23288919550011,1.6688078563476e-07,3.07997520153978e-06,-0.296620328303415,1,"16",46955362,46973674,"protein_coding","DnaJ heat shock protein family (Hsp40) member A2"
"88","VDAC1",-0.741722056000146,0.0255893219867822,29.9296098742699,0.000879646795030608,0.164537284177636,-4.63672996382526,3.5396435040802e-06,3.73303756019286e-05,-0.37051975017741,1,"5",133971871,134004975,"protein_coding","voltage dependent anion channel 1"
"89","PCMT1",-0.741273780954677,0.0302861227322106,35.7858222388063,9.16152598973901e-05,0.212573614676505,-4.25948212740733,2.04901081073405e-05,0.000155804797462394,-0.366601655660592,1,"6",149749444,149811420,"protein_coding","protein-L-isoaspartate (D-aspartate) O-methyltransferase"
"90","ARF1",-0.740492703049871,0.0283111364874115,33.0299709613345,0.000269244796694645,0.190298193051274,-4.40090639570731,1.07799623669802e-05,9.26513105397318e-05,-0.217723483272944,1,"1",228082708,228099212,"protein_coding","ADP ribosylation factor 1"
"91","RBM3",-0.740236566414155,0.038738655542038,45.6764305782773,1.64134548299365e-06,0.296549959260835,-3.76095608722889,0.000169265146151343,0.000869611464261854,-0.515970210568185,1,"X",48574449,48581162,"protein_coding","RNA binding motif protein 3"
"92","CFL1",-0.738684379034136,0.03298769545579,38.4578613789158,3.158057117364e-05,0.236562149646842,-4.06708198281344,4.760549868843e-05,0.000308285531672689,-0.228890630396505,1,"11",65823022,65862026,"protein_coding","cofilin 1"
"93","ORC3",-0.737640902313281,0.0110212046941893,13.5683364321598,0.193606911389275,0.0291986645829285,-7.0263609510088,2.11985984321927e-12,1.776966179336e-10,-0.350775295057121,1,"6",87590067,87677823,"protein_coding","origin recognition complex subunit 3"
"94","TOMM70",-0.736538693777219,0.0183100548153586,21.3143777940008,0.0190049706975593,0.0929461315602676,-5.44315554544461,5.23449006362142e-08,1.15082205787455e-06,-0.344819440328115,1,"3",100363431,100401089,"protein_coding","translocase of outer mitochondrial membrane 70"
"95","NDFIP1",-0.736518978505604,0.0376877927972812,44.7050502760115,2.45799348994673e-06,0.289199619097236,-3.7938800026266,0.000148311369792653,0.000780703332608811,-0.374463189620489,1,"5",142108779,142154440,"protein_coding","Nedd4 family interacting protein 1"
"96","GMPR2",-0.736083501350939,0.0195385892491398,22.3397869744457,0.0134641428397251,0.101279577964139,-5.26599548017518,1.39431714396565e-07,2.64292186567904e-06,-0.246619775140253,1,"HG1_PATCH",533400,540220,"protein_coding","guanosine monophosphate reductase 2"
"97","UBE2N",-0.735651909341813,0.0380323411770244,44.9427453780437,2.22706250870867e-06,0.290806307765362,-3.77220977672614,0.000161808124809149,0.000838532745316376,-0.346181991471711,1,"12",93405673,93441947,"protein_coding","ubiquitin conjugating enzyme E2 N"
"98","RTCA",-0.733958502037002,0.0189017385081866,21.9919617554561,0.0151456028255117,0.0985323043760873,-5.33851700291964,9.37099198239366e-08,1.89582376259195e-06,-0.341704310410388,1,"1",100266216,100292769,"protein_coding","RNA 3'-terminal phosphate cyclase"
"99","HINT1",-0.73389048129991,0.0243842170553708,28.5375641167402,0.0014798207433461,0.152215301880885,-4.69977262292995,2.60451316047572e-06,2.94776529835444e-05,-0.31209466771631,1,"5",131155383,131224468,"protein_coding","histidine triad nucleotide binding protein 1"
"100","AP3M2",-0.732871962251748,0.016317082133966,19.1741175452446,0.038106053250459,0.075133667791418,-5.73729072307338,9.6203041088927e-09,2.82302926710045e-07,-0.310788928967059,1,"8",42152946,42171673,"protein_coding","adaptor related protein complex 3 subunit mu 2"
"101","FBXO9",-0.731368003653291,0.0240700029676136,27.8078797470158,0.00193758911650042,0.146415391066877,-4.71409016316564,2.42793145388553e-06,2.78222977479252e-05,-0.257740367910561,1,"6",53051991,53100873,"protein_coding","F-box protein 9"
"102","PRPF19",-0.730805055990462,0.0285074936039068,33.6350461841337,0.000212908252849854,0.194279892681314,-4.3283465515758,1.50232948186169e-05,0.000121293216801112,-0.326163396131886,1,"11",60890547,60906585,"protein_coding","pre-mRNA processing factor 19"
"103","EMC4",-0.729990967327797,0.0309026830057762,36.0969423868777,8.10072672706037e-05,0.215133378171922,-4.15259324188741,3.28728742873263e-05,0.000227290593166397,-0.233961246523736,1,"15",34225013,34230156,"protein_coding","ER membrane protein complex subunit 4"
"104","HPRT1",-0.729633524937193,0.0208693424949321,24.5407013490516,0.00628752892110636,0.11880499692049,-5.05068632535532,4.40225462750021e-07,6.86420474038794e-06,-0.576877537104824,1,"X",134460165,134520513,"protein_coding","hypoxanthine phosphoribosyltransferase 1"
"105","SLC30A9",-0.72939517501127,0.0153136128583851,18.0188474120087,0.054646543485618,0.0655042203964193,-5.8941889556538,3.76526121392828e-09,1.27570202803625e-07,-0.342932012276312,1,"4",41990502,42090461,"protein_coding","solute carrier family 30 member 9"
"106","TXNDC15",-0.72712982316326,0.0256606663728265,29.8604910870404,0.000902821570215509,0.16435689419122,-4.53918614073438,5.64717685946903e-06,5.49822309686387e-05,-0.201956617476398,1,"5",134874371,134901635,"protein_coding","thioredoxin domain containing 15"
"107","PLEKHB2",-0.726214029348822,0.0428213214905701,50.2217674429053,2.42976266940842e-07,0.336521471221454,-3.50941397920201,0.000449095301882529,0.00192325771455494,-0.231392083488745,1,"2",131104847,131353709,"protein_coding","pleckstrin homology domain containing B2"
"108","ROBO2",-0.726199602245449,0.0281224769534891,32.8470442935366,0.000288983106627967,0.18787984852163,-4.33041204362956,1.48830585982029e-05,0.000120484629821543,-0.576903248503476,1,"3",75906695,77649964,"protein_coding","roundabout guidance receptor 2"
"109","PJA2",-0.726133040531929,0.00665330719452578,5.8748692386653,0.825664292090584,0,-8.90220129971649,0,0,-0.443263287419951,1,"5",109334704,109409974,"protein_coding","praja ring finger ubiquitin ligase 2"
"110","KIFAP3",-0.724912243785578,0.0181296974592405,21.18548235219,0.0198366755442593,0.0916033264156744,-5.38381535337868,7.2923311833506e-08,1.52819370615236e-06,-0.405888291114121,1,"1",169921326,170085208,"protein_coding","kinesin associated protein 3"
"111","PSMD1",-0.724696526291107,0.0268110319952854,31.3726098686339,0.000509089056903798,0.176487643037843,-4.42587775318879,9.6050910460832e-06,8.4064523964056e-05,-0.269637644294479,1,"2",231056845,231173116,"protein_coding","proteasome 26S subunit, non-ATPase 1"
"112","DLD",-0.724187061785735,0.0288488832162365,33.9096235255034,0.00019132224625463,0.196936158036632,-4.26369626133767,2.01072728456264e-05,0.000153170536086886,-0.298696108598314,1,"7",107891162,107931730,"protein_coding","dihydrolipoamide dehydrogenase"
"113","MPC2",-0.723482492923946,0.0367135915894933,43.6201851511652,3.85103276079166e-06,0.278622441529218,-3.77584875716072,0.000159463732273712,0.000829242937973038,-0.28235060175,1,"1",167916675,167937072,"protein_coding","mitochondrial pyruvate carrier 2"
"114","LCLAT1",-0.723467381335459,0.0155352036855168,18.3023758041959,0.0500722218804363,0.0678059674211999,-5.80444204323623,6.45806941257376e-09,2.01300415467484e-07,-0.336886256528559,1,"2",30447226,30644225,"protein_coding","lysocardiolipin acyltransferase 1"
"115","CDC42",-0.723416014061979,0.0382116485706263,45.8306470316091,1.53918428734972e-06,0.296405442141801,-3.70075411679054,0.000214959692122152,0.0010582011984675,-0.252590065973231,1,"1",22052627,22101360,"protein_coding","cell division cycle 42"
"116","ACO2",-0.723022801521638,0.0485499079870098,57.0513084234161,1.30367890104798e-08,0.393077218380525,-3.28138952968925,0.00103296979306311,0.00380425073447363,-0.187228278785651,1,"22",41447830,41529273,"protein_coding","aconitase 2"
"117","MEAF6",-0.722906965308717,0.0335593644292051,39.8398657073051,1.8080936796825e-05,0.245650829120284,-3.94616777391775,7.94119794278458e-05,0.000467887999765297,-0.269497771642572,1,"1",37489993,37514766,"protein_coding","MYST/Esa1 associated factor 6"
"118","DCTN2",-0.722462993511824,0.0292944629497607,34.1027577353645,0.000177439486569559,0.199434866149053,-4.22107273757503,2.43142457623247e-05,0.000178953840993763,-0.260739864322067,1,"12",57529633,57547224,"protein_coding","dynactin subunit 2"
"119","CIRBP",-0.722138255006145,0.0132767376221105,15.7950456131956,0.105651693345792,0.0472531267783933,-6.26721604171691,3.67559982450416e-10,1.68569185722135e-08,-0.478144785616073,1,"19",1259384,1274880,"protein_coding","cold inducible RNA binding protein"
"120","ZMAT2",-0.719280964848725,0.0354412085175264,42.056614249569,7.32672503383239e-06,0.265724750780881,-3.8207120311006,0.000133066950225746,0.000713384950809198,-0.242790245193605,1,"5",140698680,140706686,"protein_coding","zinc finger matrin-type 2"
"121","STAT1",-0.718471543432257,0.028711829523142,33.3849973574728,0.000234630939930254,0.193109379148914,-4.24012967094561,2.23390701246107e-05,0.000167426862381639,-0.371195560583029,1,"2",190908460,191020960,"protein_coding","signal transducer and activator of transcription 1"
"122","ELAC2",-0.718093462022022,0.0167310755367384,19.4829275796615,0.0345405636284298,0.0774638435383476,-5.55161119265889,2.83048584570622e-08,6.96531253727005e-07,-0.211815814857669,1,"17",12991612,13018065,"protein_coding","elaC ribonuclease Z 2"
"123","DYNC1LI1",-0.717686814956082,0.0258870587946871,29.6159787081189,0.00098967047367731,0.161710237666565,-4.46060341547892,8.17292085319998e-06,7.36753447949133e-05,-0.26052424423526,1,"3",32525974,32570858,"protein_coding","dynein cytoplasmic 1 light intermediate chain 1"
"124","ANKMY2",-0.716049611859177,0.0183539750971189,21.401638316805,0.0184606193289696,0.0937157657839206,-5.2854022421747,1.25428840869191e-07,2.42334509815222e-06,-0.321626834917669,1,"7",16599779,16645817,"protein_coding","ankyrin repeat and MYND domain containing 2"
"125","TUBA1B",-0.715446587323434,0.0168971018668456,19.779522088119,0.0314083719845761,0.0798202266298945,-5.5039072320719,3.7146506537411e-08,8.73254187203495e-07,-0.403699269379494,1,"12",49127782,49131397,"protein_coding","tubulin alpha 1b"
"126","GOT1",-0.713057393104539,0.0235527460952666,27.7676462752225,0.00196646984386666,0.145030900138515,-4.64626217296371,3.38003394073638e-06,3.60262989428032e-05,-0.477499369634557,1,"10",99396870,99430624,"protein_coding","glutamic-oxaloacetic transaminase 1"
"127","GPHN",-0.71237444015235,0.013393705361235,16.0326724678431,0.0987009256781493,0.049131650058108,-6.15542378279381,7.48769934943994e-10,3.18909300227158e-08,-0.284097602930577,1,"14",66507407,67181803,"protein_coding","gephyrin"
"128","KHDRBS1",-0.712054202270346,0.0277236450764759,32.4297575569513,0.000339459359335715,0.184312123170814,-4.27649421303474,1.89859489905242e-05,0.000146401788255572,-0.204087393546789,1,"1",32013868,32060850,"protein_coding","KH RNA binding domain containing, signal transduction associated 1"
"129","HMG20A",-0.711982377234581,0.0366450909163038,43.4165347109417,4.18866647872713e-06,0.275877067739153,-3.71930113370207,0.000199774764383376,0.000995325844808484,-0.180740652342469,1,"15",77420412,77485607,"protein_coding","high mobility group 20A"
"130","PAK1",-0.711665562065578,0.0263042526815924,30.9658017223113,0.000594404093952592,0.171848990442901,-4.38796309900949,1.14417182088822e-05,9.72661620666186e-05,-0.580089931034312,1,"11",77322017,77474635,"protein_coding","p21 (RAC1) activated kinase 1"
"131","SERPINI1",-0.711365883579791,0.0151409513381716,17.8007914661854,0.0584184314851779,0.0635603274976192,-5.78117946227903,7.41787076208311e-09,2.28175439816124e-07,-0.568847969449205,1,"3",167735243,167825569,"protein_coding","serpin family I member 1"
"132","MRPS23",-0.710614106655716,0.0490365626437906,58.8189672968829,6.05877047523537e-09,0.409194954899719,-3.20903027831734,0.00133183465967446,0.0046953420307558,-0.201420982698922,1,"17",57834781,57850056,"protein_coding","mitochondrial ribosomal protein S23"
"133","SLC4A1AP",-0.709581990484642,0.0221148919869481,25.7135791959514,0.00414511532185889,0.128394605683776,-4.77155762535499,1.82806662185619e-06,2.21056806600464e-05,-0.258165536665342,1,"2",27663426,27695366,"protein_coding","solute carrier family 4 member 1 adaptor protein"
"134","ERLEC1",-0.709529326658893,0.0281976207206378,33.345974997297,0.000238211267467794,0.19183794449091,-4.22536390782174,2.38554958986725e-05,0.000176359674528486,-0.313065769254891,1,"2",53787009,53833038,"protein_coding","endoplasmic reticulum lectin 1"
"135","SCG3",-0.709409965488349,0.0280384334742751,32.9442194351104,0.00027832757726246,0.189293284779045,-4.23662878024262,2.26900805977426e-05,0.000169470818522011,-0.441063235325782,1,"15",51681492,51721026,"protein_coding","secretogranin III"
"136","ITFG1",-0.70885999203571,0.00663987949771315,7.89172084979662,0.639412711086666,0,-8.69922105200884,0,0,-0.520377543929419,1,"16",47154387,47464149,"protein_coding","integrin alpha FG-GAP repeat containing 1"
"137","COG1",-0.708649920288441,0.0194437772986175,22.780594844465,0.0115860614083831,0.104314044507622,-5.08207913710981,3.73325805158586e-07,6.01898462876372e-06,-0.309445426487854,1,"17",73193055,73208507,"protein_coding","component of oligomeric golgi complex 1"
"138","SUMF2",-0.707755915532146,0.0258505957680525,30.0753919383095,0.000832650631289877,0.163929321402073,-4.40198166870173,1.0726662177607e-05,9.23440966517393e-05,-0.2773900371525,1,"7",56064002,56080670,"protein_coding","sulfatase modifying factor 2"
"139","GLOD4",-0.707731364894316,0.0428104207088041,51.0022725219661,1.7447427568821e-07,0.343092860291246,-3.42053229356701,0.000624987149692835,0.00251979609519508,-0.244079991576123,1,"17",757097,782294,"protein_coding","glyoxalase domain containing 4"
"140","ATP6V1D",-0.707700342313139,0.035929332742498,42.7968982772382,5.40649855307823e-06,0.271649053708788,-3.73357456933915,0.000188781267082438,0.000950911625428419,-0.332103090053163,1,"14",67294371,67360265,"protein_coding","ATPase H+ transporting V1 subunit D"
"141","NAPA",-0.706481400764966,0.0264465939015123,30.8145604381231,0.000629554345987811,0.170932511543512,-4.34426050125786,1.3974560831187e-05,0.000114406521357266,-0.270341269051445,1,"19",47487637,47515091,"protein_coding","NSF attachment protein alpha"
"142","MYL12B",-0.705511201473592,0.0251318624873834,29.3471416782489,0.00109454205576937,0.159601493612466,-4.45032344396846,8.57410579069295e-06,7.68637349110267e-05,-0.269604661880524,1,"18",3261479,3278461,"protein_coding","myosin light chain 12B"
"143","PARP2",-0.705474045244775,0.0232487411145587,27.0824743052455,0.00252722362515593,0.140681573702324,-4.62680631578706,3.71347487182483e-06,3.88520692706088e-05,-0.393032694351958,1,"14",20343615,20357904,"protein_coding","poly(ADP-ribose) polymerase 2"
"144","TASP1",-0.703127857646057,0.0275879567628998,32.1409039656088,0.000379350345137537,0.182848750949217,-4.23325603820825,2.30332021282642e-05,0.000171425034587435,-0.333107817403419,1,"20",13389392,13638932,"protein_coding","taspase 1"
"145","AAGAB",-0.702400051992894,0.0417067392345657,49.8939027919273,2.79170632347125e-07,0.33290037779033,-3.43938994059637,0.000583026792492669,0.00238099450971385,-0.239154189713604,1,"15",67200667,67255195,"protein_coding","alpha and gamma adaptin binding protein"
"146","YWHAE",-0.701710971804964,0.0257995477590715,30.1872218960874,0.000798265698607678,0.165617643627232,-4.36869997875822,1.24988334198051e-05,0.000104729372820668,-0.198931073575673,1,"17",1344275,1400222,"protein_coding","tyrosine 3-monooxygenase/tryptophan 5-monooxygenase activation protein epsilon"
"147","WARS1",-0.701480939410494,0.0269157063424898,31.4374417240507,0.000496646220315473,0.17608623744259,-4.27575669298696,1.90489173987896e-05,0.000146594448453011,-0.369889520930795,1,"14",100333790,100376805,"protein_coding","tryptophanyl-tRNA synthetase 1"
"148","OLA1",-0.699363796325059,0.0275534216502293,32.5609621599749,0.000322723863312999,0.184917912908708,-4.21323203331197,2.51742211219153e-05,0.0001838478349202,-0.354685256186929,1,"2",174072447,174248599,"protein_coding","Obg like ATPase 1"
"149","SLC25A3",-0.699012984574171,0.0495501515168511,58.5271596270072,6.87739017821808e-09,0.408991476995663,-3.14023933761064,0.00168809858901131,0.00568554415124027,-0.202856869814167,1,"12",98593591,98606379,"protein_coding","solute carrier family 25 member 3"
"150","ENO2",-0.698979845830614,0.0155368824624089,18.4220611431251,0.0482479363327758,0.0684213374637442,-5.60767342314175,2.050644964946e-08,5.35304839484664e-07,-0.504681971492231,1,"12",6913745,6923698,"protein_coding","enolase 2"
"151","NDUFV1",-0.69823855704558,0.027935738647946,32.5109774058204,0.000329002155904727,0.184912331432581,-4.17757011387175,2.94639853946066e-05,0.000208087615073224,-0.269476486287836,1,"11",67605653,67612554,"protein_coding","NADH:ubiquinone oxidoreductase core subunit V1"
"152","COX6C",-0.696161110251387,0.0198839577358562,23.2868278381074,0.009735954618663,0.108151897972679,-4.93694561271795,7.93555895661768e-07,1.10599029030082e-05,-0.348513496911052,1,"8",99873200,99893707,"protein_coding","cytochrome c oxidase subunit 6C"
"153","MTHFD1",-0.693315095695691,0.0246757028041798,28.6335190396766,0.00142805516858282,0.152911977698369,-4.41362967384771,1.01651783910306e-05,8.82324064964042e-05,-0.211737281977691,1,"14",64388031,64463457,"protein_coding","methylenetetrahydrofolate dehydrogenase, cyclohydrolase and formyltetrahydrofolate synthetase 1"
"154","RTN3",-0.692511917521852,0.0272424899429085,31.9481520462731,0.000408481933950193,0.180205321248959,-4.1956944372431,2.72036796369335e-05,0.000195948449010983,-0.380105854500036,1,"11",63681446,63759891,"protein_coding","reticulon 3"
"155","OPA1",-0.692403060032473,0.0187479078233286,21.8685228639375,0.0157885842439914,0.0973129342480787,-5.05687913633075,4.26173141665487e-07,6.67163906297756e-06,-0.332742550207488,1,"3",193593144,193697811,"protein_coding","OPA1 mitochondrial dynamin like GTPase"
"156","ATXN7L3B",-0.692249171161396,0.0191400232588365,22.5455978086824,0.0125539961878919,0.101983159855296,-5.003699428925,5.62404252280047e-07,8.37472112646662e-06,-0.236074353695493,1,"12",74537835,74545430,"protein_coding","ataxin 7 like 3B"
"157","NCALD",-0.691276221122124,0.033123926845131,38.8752837555389,2.6697366490643e-05,0.23734603543259,-3.79822518939851,0.000145735890722865,0.0007696493827332,-0.530499072072643,1,"8",101686542,102124907,"protein_coding","neurocalcin delta"
"158","CLTC",-0.688594071239585,0.0191955634932965,22.4497824196359,0.0129702233008498,0.101565082900441,-4.9700739007422,6.69273877651477e-07,9.59885643202937e-06,-0.311043913993548,1,"17",59619680,59696956,"protein_coding","clathrin heavy chain"
"159","ATP6V0E2",-0.688435859956778,0.0264033998206246,31.0183582776433,0.000582643464236764,0.171622296732821,-4.23675702398682,2.26771303712958e-05,0.000169434241126443,-0.292537561846807,1,"7",149872968,149891204,"protein_coding","ATPase H+ transporting V0 subunit e2"
"160","SGTB",-0.687852113381353,0.017918502712274,20.9260313085451,0.0216152997835035,0.0890825817735818,-5.13859296014236,2.7680325187518e-07,4.67410948591796e-06,-0.442464496787994,1,"5",65665928,65723035,"protein_coding","small glutamine rich tetratricopeptide repeat co-chaperone beta"
"161","YWHAB",-0.687848422211346,0.0267548335679081,31.7882030058029,0.000434306058282328,0.177755338660298,-4.20524805445367,2.60795964859284e-05,0.000189176914311258,-0.340636721289374,1,"20",44885702,44908532,"protein_coding","tyrosine 3-monooxygenase/tryptophan 5-monooxygenase activation protein beta"
"162","PRDM2",-0.687229631208807,0.01320922818612,15.749691118134,0.107025489036244,0.0468462017748729,-5.97947638943794,2.23856000403089e-09,8.16778148383853e-08,-0.222073958010127,1,"1",13700188,13825079,"protein_coding","PR/SET domain 2"
"163","TPM3",-0.686480665910665,0.0317893478832607,37.6174076131318,4.42336037150414e-05,0.227296180863899,-3.8502373329465,0.000118003422549862,0.000646728838356105,-0.188799774204047,1,"1",154155308,154194648,"protein_coding","tropomyosin 3"
"164","ATL1",-0.683632518888738,0.0156363861413778,18.3973366761729,0.0486197607351223,0.0684880897763867,-5.46706855177545,4.57539139908647e-08,1.03735167065495e-06,-0.439348279791199,1,"14",50532509,50634017,"protein_coding","atlastin GTPase 1"
"165","ARMCX4",-0.683540435507146,0.0111668004823001,13.7800205814245,0.183264078188759,0.0306836314722331,-6.4684441463005,9.9017016808034e-11,5.38325073292257e-09,-0.268430988669147,1,"X",101418287,101533459,"protein_coding","armadillo repeat containing X-linked 4"
"166","MSH2",-0.682839365471443,0.00660267217578697,9.89839956501614,0.449451880316849,0,-8.40347055361125,0,0,-0.348169217612816,1,"2",47403067,47663146,"protein_coding","mutS homolog 2"
"167","SARS1",-0.682398621114773,0.0268681625482669,31.5648649446415,0.000473049896905154,0.1765612395447,-4.1631221824957,3.13925273218718e-05,0.000218925679433935,-0.248951585023666,1,"1",109213918,109238182,"protein_coding","seryl-tRNA synthetase 1"
"168","EAPP",-0.682393721175894,0.0100093351146244,12.7099456276617,0.240344227307927,0.0219702423594139,-6.82075432822628,9.05631125647233e-12,6.28860689228309e-10,-0.28596539398907,1,"14",34515938,34539704,"protein_coding","E2F associated phosphoprotein"
"169","CAPNS1",-0.6819030412788,0.0307911121326338,36.0857044045372,8.13685168872574e-05,0.214701721059294,-3.88606391928209,0.000101882690987321,0.000573771899992833,-0.24636268984035,1,"19",36139953,36150353,"protein_coding","calpain small subunit 1"
"170","TRAPPC13",-0.681570943828982,0.0139476865750025,16.5268962989334,0.0855102873295408,0.0530763407484965,-5.77111831380476,7.8747157683523e-09,2.39427774228515e-07,-0.34353624779853,1,"5",65624789,65666233,"protein_coding","trafficking protein particle complex subunit 13"
"171","RCAN2",-0.68133394900226,0.0201918116146998,23.6217421165576,0.00867025825777659,0.110880976633395,-4.79482086283956,1.62820262006313e-06,2.0151401838899e-05,-0.465525263260479,1,"6",46220736,46491972,"protein_coding","regulator of calcineurin 2"
"172","PRKAG1",-0.680294680240218,0.0424368370107933,50.1446101007464,2.51050976865045e-07,0.333302028187387,-3.30236879246721,0.000958719289364529,0.00357206549463958,-0.189618191024262,1,"12",49002274,49018807,"protein_coding","protein kinase AMP-activated non-catalytic subunit gamma 1"
"173","EXOC1",-0.67995909999055,0.0110709196872166,13.6639711658756,0.188877953307453,0.0297730836876566,-6.46235691347634,1.03084651925656e-10,5.57558117356245e-09,-0.355453000427142,1,"4",55853648,55905086,"protein_coding","exocyst complex component 1"
"174","PSMA4",-0.679634301040613,0.0111214032100141,13.8078665809535,0.181937176013021,0.0307893220954386,-6.44459301517471,1.1591105852915e-10,6.22134865166663e-09,-0.280982403199844,1,"15",78540405,78552417,"protein_coding","proteasome 20S subunit alpha 4"
"175","SLC20A1",-0.678626979856351,0.0151696931021407,17.8410111802519,0.0577055148958486,0.0637471030726131,-5.50988740831711,3.59063296873074e-08,8.50753577275843e-07,-0.221767436963679,1,"2",112645939,112663825,"protein_coding","solute carrier family 20 member 1"
"176","RLIM",-0.678431255445258,0.0243303483298175,28.8003002692204,0.00134223248195941,0.153137800868424,-4.34942337756146,1.36495964744299e-05,0.000112710953619311,-0.237007605305969,1,"X",74582976,74614624,"protein_coding","ring finger protein, LIM domain interacting"
"177","APEX1",-0.6768204344599,0.0335294807826063,39.4326039757827,2.13202517915052e-05,0.243039865187817,-3.69623902703678,0.000218816968432733,0.00107067651530807,-0.22648885038009,1,"14",20455191,20457772,"protein_coding","apurinic/apyrimidinic endodeoxyribonuclease 1"
"178","HGSNAT",-0.676613341120867,0.0186980865550978,21.7836341120008,0.0162455998611096,0.0961578956888109,-4.94813994295542,7.4926033777345e-07,1.0565976881202e-05,-0.278612069040505,1,"8",43140464,43202855,"protein_coding","heparan-alpha-glucosaminide N-acetyltransferase"
"179","PEBP1",-0.676583465817775,0.0267405889308015,31.4788384004343,0.000488857030511043,0.175439999110084,-4.13747989514779,3.51141205698902e-05,0.000240495148694821,-0.258073967330698,1,"12",118136124,118145584,"protein_coding","phosphatidylethanolamine binding protein 1"
"180","DMAC1",-0.675955438680718,0.0254817272112827,29.9869332257523,0.000860867076600715,0.163590415152051,-4.2345146099563,2.2904589449313e-05,0.000170769866057245,-0.25180807086913,1,"9",7796500,7888380,"protein_coding","distal membrane arm assembly component 1"
"181","NECAP1",-0.675348440172546,0.0267724472419815,31.5963861678412,0.000467383832816812,0.176783434594854,-4.12746943060977,3.66777170976995e-05,0.000248694543259941,-0.398994468243902,1,"12",8076939,8097881,"protein_coding","NECAP endocytosis associated 1"
"182","SNX14",-0.674834166562096,0.0130425217397085,15.7910466954825,0.105772204842493,0.04691089000851,-5.9090311304199,3.44125683504615e-09,1.18307261126423e-07,-0.247975092824316,1,"6",85504776,85594156,"protein_coding","sorting nexin 14"
"183","DDHD1",-0.674591837294891,0.019998659879307,23.1770755136244,0.0101115004024796,0.107571255665851,-4.77024444710273,1.84002488801127e-06,2.22239515750615e-05,-0.233037723028302,1,"14",53036745,53153323,"protein_coding","DDHD domain containing 1"
"184","CRY2",-0.674304338872319,0.0306265993728071,36.3324075033126,7.37906088333861e-05,0.215419335082954,-3.85306703992033,0.000116647435792983,0.00063979719736297,-0.215368262937399,1,"11",45847118,45883248,"protein_coding","cryptochrome circadian regulator 2"
"185","NFU1",-0.674248721749554,0.0279434052832965,32.8364262080286,0.000290171328296442,0.187718551293326,-4.03348519266878,5.49556451723276e-05,0.000345154261022619,-0.246778228768216,1,"2",69396113,69437628,"protein_coding","NFU1 iron-sulfur cluster scaffold"
"186","TFB1M",-0.673896577535259,0.0194980731682947,22.9092460344218,0.0110865688014623,0.104518757366541,-4.82611207187217,1.39224182782449e-06,1.76995577386268e-05,-0.291401475246026,1,"6",155256134,155314493,"protein_coding","transcription factor B1, mitochondrial"
"187","PGRMC1",-0.673487041897311,0.0245516864108429,29.0605777093643,0.00121821442205486,0.155198663360322,-4.29821939965587,1.7217569143968e-05,0.000135626227925528,-0.321453264475763,1,"X",119236245,119244466,"protein_coding","progesterone receptor membrane component 1"
"188","RDH11",-0.67325918410436,0.0270270775037612,31.9873627613018,0.000402383958012198,0.178341323409086,-4.09527191400583,4.21673185861948e-05,0.000279190742562014,-0.2063035297392,1,"14",67676800,67695793,"protein_coding","retinol dehydrogenase 11"
"189","SPARCL1",-0.672220731983761,0.023226977495239,27.0740298899202,0.00253501695924627,0.138807732188786,-4.41078158633866,1.02998169577706e-05,8.92537680360352e-05,-0.390787713522193,1,"4",87473335,87531061,"protein_coding","SPARC like 1"
"190","VDAC3",-0.671713457287713,0.0273891089167315,32.3749740427774,0.00034669569509496,0.183650008218689,-4.05877613041142,4.93305772919506e-05,0.000316823976258437,-0.358034327073942,1,"8",42391624,42405937,"protein_coding","voltage dependent anion channel 3"
"191","EID1",-0.671593414079394,0.0251702575147621,29.517250507262,0.00102699551286632,0.158632729698177,-4.23313968179746,2.30451271618914e-05,0.000171453138432177,-0.293806196826716,1,"15",48878134,48880173,"protein_coding","EP300 interacting inhibitor of differentiation 1"
"192","STMN1",-0.671326470503631,0.0223845794621042,26.2808271830379,0.00338029365340834,0.132470048336398,-4.48703339653327,7.22217572457495e-06,6.67638740092518e-05,-0.399316651322633,1,"1",25884181,25906991,"protein_coding","stathmin 1"
"193","TRAPPC9",-0.670483067739628,0.0367088054829806,42.7912740791565,5.41901891163361e-06,0.271423991283889,-3.49947333296891,0.000466178232178427,0.00198389765473991,-0.199743562079143,1,"8",139727725,140458579,"protein_coding","trafficking protein particle complex subunit 9"
"194","SAMM50",-0.670475344108074,0.0401686235119659,47.0930080692677,9.08190759450386e-07,0.308951552137927,-3.34533286402926,0.00082183874457753,0.00314676745876455,-0.166613067442994,1,"22",43955442,44010531,"protein_coding","SAMM50 sorting and assembly machinery component"
"195","FBXW7",-0.669905329460081,0.0273345255021383,32.1412970560171,0.000379293062513811,0.181090125438157,-4.05189015347915,5.08055183243705e-05,0.000324612239764578,-0.39662611255184,1,"4",152320544,152536092,"protein_coding","F-box and WD repeat domain containing 7"
"196","ATP6V1H",-0.669117047986496,0.0251292734772293,29.7596340791138,0.000937707264655072,0.161491098602528,-4.22096867131965,2.43254745837529e-05,0.000178953840993763,-0.380354133135078,1,"8",53715543,53843558,"protein_coding","ATPase H+ transporting V1 subunit H"
"197","GRIA3",-0.668506837096323,0.023344050079162,27.203034370316,0.00241845216003742,0.140293873189165,-4.37539987657937,1.21210069268241e-05,0.000102051214782064,-0.385575140785765,1,"X",123184153,123490915,"protein_coding","glutamate ionotropic receptor AMPA type subunit 3"
"198","ZCCHC17",-0.66745911990226,0.0374272842568466,44.107020040556,3.14911701933562e-06,0.282973977152827,-3.45009070948048,0.000560398219189739,0.0023073930590513,-0.21659131224553,1,"1",31296982,31364953,"protein_coding","zinc finger CCHC-type containing 17"
"199","SYT11",-0.667195747183768,0.0210989329848948,24.5882105577459,0.0061831661233181,0.118291224076977,-4.5932810872527,4.36330708386556e-06,4.41577590401787e-05,-0.272777851797584,1,"1",155859567,155885199,"protein_coding","synaptotagmin 11"
"200","DGKB",-0.666755900544964,0.0214114015513728,25.2192818270446,0.004944998906167,0.124041600121367,-4.556635816832,5.19794332798362e-06,5.12870552001293e-05,-0.509531368631864,1,"7",14145049,14974777,"protein_coding","diacylglycerol kinase beta"
"201","SNU13",-0.666486496817884,0.0279372514291965,33.107713993513,0.000261261474880196,0.188577031360085,-3.98748917196137,6.67762510686565e-05,0.000406061364879923,-0.225511438401167,1,"22",41673933,41690504,"protein_coding","small nuclear ribonucleoprotein 13"
"202","CMAS",-0.665945081430893,0.0268120304740663,31.8548660101313,0.00042335488468195,0.178467102463529,-4.0669942975459,4.76234079540561e-05,0.000308306616416412,-0.320613979009873,1,"12",22046218,22065674,"protein_coding","cytidine monophosphate N-acetylneuraminic acid synthetase"
"203","NARS1",-0.665305256815961,0.0360034429036576,42.5299827548644,6.03339761604286e-06,0.269083957607293,-3.50629892413648,0.000454384607023961,0.00194195655733986,-0.245953828148064,1,"18",57600656,57622213,"protein_coding","asparaginyl-tRNA synthetase 1"
"204","KYAT3",-0.664644188235211,0.0212765386229233,25.0629837388878,0.00522739115239595,0.122404610440776,-4.55657710328142,5.19939585275075e-06,5.12870552001293e-05,-0.410586727312939,1,"1",88935773,88992953,"protein_coding","kynurenine aminotransferase 3"
"205","TSPAN7",-0.664583193308256,0.0217779014907539,25.7750922220077,0.00405474436477592,0.128161154264854,-4.50340846345683,6.68721782592918e-06,6.28120817221205e-05,-0.460342042651419,1,"X",38561542,38688920,"protein_coding","tetraspanin 7"
"206","NKIRAS1",-0.664300111427948,0.0254273714918315,30.1614075596258,0.000806078050445857,0.164856325366218,-4.165945568561,3.10064682742528e-05,0.000216880349897034,-0.35242470173857,1,"3",23889951,23946591,"protein_coding","NFKB inhibitor interacting Ras like 1"
"207","ATP5F1C",-0.664163701767037,0.028303665670237,33.5359531992042,0.000221270355662982,0.194033168853146,-3.94778773837473,7.88766896160364e-05,0.000466162418783241,-0.292815961947741,1,"10",7788147,7807815,"protein_coding","ATP synthase F1 subunit gamma"
"208","DRG1",-0.663071444519299,0.0143804058861734,17.0421680568064,0.0734361002466103,0.0572454420243698,-5.52935855716279,3.21403821335053e-08,7.74608980628811e-07,-0.239024266498786,1,"22",31399604,31528740,"protein_coding","developmentally regulated GTP binding protein 1"
"209","GAD1",-0.66249939037666,0.0480764976720853,56.0380596390468,2.01948333376067e-08,0.385113669955622,-3.02147546387499,0.00251546025982918,0.00786642150220066,-0.585098614899985,1,"2",170813213,170861151,"protein_coding","glutamate decarboxylase 1"
"210","PDE10A",-0.662483384747586,0.0345391305280315,41.0109739302872,1.12338031266354e-05,0.251658560128087,-3.5646696639084,0.000364314730064264,0.00162054586058184,-0.326925024773667,1,"6",165327287,165988117,"protein_coding","phosphodiesterase 10A"
"211","NAA20",-0.662317687179607,0.0325957366257642,38.901603421736,2.64157324678784e-05,0.237308446691031,-3.66847828778374,0.000243998410718982,0.001167876849918,-0.185523930498475,1,"20",20017310,20033655,"protein_coding","N-alpha-acetyltransferase 20, NatB catalytic subunit"
"212","USP11",-0.662047925815852,0.0173911555615236,20.4244323202516,0.025484422435194,0.0848458243628751,-5.02024843414602,5.16046938736636e-07,7.8256661343341e-06,-0.355235831062291,1,"X",47232866,47248328,"protein_coding","ubiquitin specific peptidase 11"
"213","SARAF",-0.661308467325261,0.0369086524981735,44.2952380061893,2.91307665624329e-06,0.282493809808754,-3.4422308181964,0.000576937739568573,0.00236162841255307,-0.202965183728077,1,"8",30063003,30083208,"protein_coding","store-operated calcium entry associated regulatory factor"
"214","RAB2A",-0.660647378892478,0.0249524143639263,29.5651986978661,0.00100870040795813,0.159359513984884,-4.18228312296497,2.88596267767893e-05,0.000204998834363149,-0.295670110164864,1,"8",60516936,60623644,"protein_coding","RAB2A, member RAS oncogene family"
"215","XRCC6",-0.659655011835814,0.032211616406246,38.0807317184224,3.67430067882101e-05,0.229427462761593,-3.67545074485223,0.000237429847033566,0.00114314049921881,-0.225746702090294,1,"22",41621163,41664048,"protein_coding","X-ray repair cross complementing 6"
"216","SEH1L",-0.659538973521412,0.0357583316973462,42.4677204480097,6.18966768310015e-06,0.268148150954507,-3.48780213905882,0.000487008330092298,0.00205673530010878,-0.300409304160353,1,"18",12947133,12987536,"protein_coding","SEH1 like nucleoporin"
"217","ATP6V1B2",-0.658639790333241,0.0246854476998298,29.3560108603591,0.00109091600027719,0.157438895486797,-4.1920597117664,2.76433210677496e-05,0.000198435849629973,-0.428887229684497,1,"8",20197381,20230399,"protein_coding","ATPase H+ transporting V1 subunit B2"
"218","PRKACA",-0.65845193344742,0.0306717876884436,36.1789570500879,7.84181821840142e-05,0.21475654856012,-3.75971160206836,0.000170109343810232,0.000872835456744422,-0.199677383840026,1,"HG109_PATCH",303847,330243,"protein_coding","protein kinase cAMP-activated catalytic subunit alpha"
"219","BCAT1",-0.658251451641513,0.0208444558469056,24.4559581900754,0.00647788137735982,0.116901442364623,-4.55928293952066,5.13285785297413e-06,5.08213314007415e-05,-0.33468868880162,1,"12",24810024,24949101,"protein_coding","branched chain amino acid transaminase 1"
"220","GDI1",-0.657965821644985,0.0233780907148301,27.4127219479861,0.0022399563300728,0.141630138712,-4.30327216938007,1.68293898934468e-05,0.000133166740638632,-0.245585778112773,1,"X",154436913,154443467,"protein_coding","GDP dissociation inhibitor 1"
"221","UCHL5",-0.657710695018395,0.0204734876529528,24.1469125656512,0.00721984418063121,0.114700886807152,-4.59662408717968,4.29391293743642e-06,4.3581248530469e-05,-0.300479233598045,1,"1",193012250,193060080,"protein_coding","ubiquitin C-terminal hydrolase L5"
"222","NDUFA5",-0.657250357136002,0.0302942147497601,36.1090498380382,8.06198322432668e-05,0.213397278919512,-3.77616515923487,0.000159261409664602,0.000828395564732563,-0.357969755318065,1,"7",123536997,123557904,"protein_coding","NADH:ubiquinone oxidoreductase subunit A5"
"223","ATP1B1",-0.656884414193757,0.0213781913704176,25.1264221773976,0.00511095657316876,0.122612499474464,-4.49265921869261,7.03392934453539e-06,6.53106237462598e-05,-0.417492520384006,1,"1",169105697,169310992,"protein_coding","ATPase Na+/K+ transporting subunit beta 1"
"224","TMX3",-0.656487345209507,0.0154299285180608,18.2781408290031,0.0504491706241461,0.0670983214468139,-5.28499282162454,1.25709686660258e-07,2.42654294250627e-06,-0.328975874876914,1,"18",68673688,68715108,"protein_coding","thioredoxin related transmembrane protein 3"
"225","PREPL",-0.656342569557665,0.0104679469257932,13.2048167565168,0.212444704907725,0.0258401828455532,-6.41504662127517,1.40779832236149e-10,7.3184555699552e-09,-0.490667087672888,1,"2",44316281,44361862,"protein_coding","prolyl endopeptidase like"
"226","GDAP1",-0.656227676581241,0.0250925490441763,29.7527528347381,0.000940134657435023,0.160955287365807,-4.14268729187798,3.43259839707954e-05,0.000235711064864731,-0.386920287452058,1,"8",74320613,74518007,"protein_coding","ganglioside induced differentiation associated protein 1"
"227","NDUFS1",-0.655950091436119,0.0193568723452218,22.4101550104463,0.0131461557805291,0.100882297817406,-4.71469066915769,2.42078226886377e-06,2.77716788096477e-05,-0.246688341387268,1,"2",206114817,206159509,"protein_coding","NADH:ubiquinone oxidoreductase core subunit S1"
"228","MAP3K13",-0.655873774134759,0.0228306553296658,27.1462143115449,0.00246914036492064,0.139197214503864,-4.34071304637169,1.42021093059164e-05,0.00011604364263941,-0.215027161465203,1,"3",185282941,185489094,"protein_coding","mitogen-activated protein kinase kinase kinase 13"
"229","B4GAT1",-0.655252793193558,0.0215050547870952,25.4922354031968,0.00448659269811939,0.126097008701296,-4.46826173125901,7.88577839738736e-06,7.15466914536567e-05,-0.396876858800424,1,"11",66345374,66347629,"protein_coding","beta-1,4-glucuronyltransferase 1"
"230","GALNT11",-0.655241217587655,0.0384266489871103,45.8190765793863,1.54662563970046e-06,0.296151694545094,-3.34260418070541,0.000829961939497359,0.00317440450954816,-0.240740852810828,1,"7",152025674,152122347,"protein_coding","polypeptide N-acetylgalactosaminyltransferase 11"
"231","PLAA",-0.654848267118835,0.0214284062234227,25.1271814834055,0.0051095781302577,0.122912076982023,-4.47348254591516,7.69558424895678e-06,7.02146975707071e-05,-0.258749842695289,1,"9",26903372,26947242,"protein_coding","phospholipase A2 activating protein"
"232","PSMD13",-0.653080776046666,0.0232850798584598,27.2416538492075,0.00238457604725112,0.140931542746083,-4.27984493601542,1.87023571613931e-05,0.000144508848577198,-0.257268336801121,1,"11",236966,252984,"protein_coding","proteasome 26S subunit, non-ATPase 13"
"233","RPL15",-0.651980741484367,0.0253902306149641,30.1937134665477,0.000796312748007831,0.164738510400416,-4.09167796007469,4.28263110674454e-05,0.000282754277074127,-0.233921782856891,1,"3",23916591,23924374,"protein_coding","ribosomal protein L15"
"234","AP2M1",-0.651719756423486,0.0225743493951714,26.5272337994909,0.00309219793251555,0.13420328297697,-4.33763760388271,1.44022366270757e-05,0.000117268985539347,-0.307558044132846,1,"3",184174689,184184214,"protein_coding","adaptor related protein complex 2 subunit mu 1"
"235","C5orf22",-0.651395289945714,0.0404362046115815,48.1717053585264,5.77431089720469e-07,0.317025434033958,-3.23936153716254,0.00119797616451134,0.00429320703480132,-0.352697438769323,1,"5",31532287,31555053,"protein_coding","chromosome 5 open reading frame 22"
"236","MRPS9",-0.651294968474699,0.0125505485479721,15.151206984321,0.126645599387126,0.0417715098196568,-5.81361635682814,6.1137441775827e-09,1.91989817158717e-07,-0.284727249751003,1,"2",105038069,105099960,"protein_coding","mitochondrial ribosomal protein S9"
"237","ISCU",-0.650795857665794,0.0207561823493286,24.4441704979692,0.00650479200601459,0.117756756933282,-4.51721790872404,6.26574168327565e-06,5.9679133099194e-05,-0.284017652697739,1,"12",108562582,108569368,"protein_coding","iron-sulfur cluster assembly enzyme"
"238","NFS1",-0.650751596232435,0.0164268093296244,19.408445171271,0.035371209837386,0.0766532926997525,-5.07736791127068,3.82699381740181e-07,6.13251713009399e-06,-0.205691963295383,1,"20",35668052,35699355,"protein_coding","NFS1 cysteine desulfurase"
"239","HMGCR",-0.650743530287509,0.0212142941638612,25.1017832360588,0.0051558801762608,0.122447484310956,-4.46781894892806,7.90211405243824e-06,7.16639998548709e-05,-0.37638813305361,1,"5",75336329,75364001,"protein_coding","3-hydroxy-3-methylglutaryl-CoA reductase"
"240","NUDT21",-0.650633535377262,0.0118213598750466,14.4178862779421,0.154769467324568,0.0357394457420355,-5.98415349665546,2.17518114631332e-09,7.98705258611383e-08,-0.299686211751731,1,"16",56429133,56452199,"protein_coding","nudix hydrolase 21"
"241","TCEAL4",-0.650465315007362,0.0363771414735106,42.9706638100165,5.03344674061798e-06,0.270709151918587,-3.41043564609054,0.000648591883811944,0.00260001025610647,-0.222159810169369,1,"X",103576231,103587729,"protein_coding","transcription elongation factor A like 4"
"242","ECHS1",-0.649755937711265,0.0279597271575475,32.5323578293346,0.000326302197576372,0.184574075240372,-3.88582996008027,0.000101980872594387,0.000574171142463448,-0.205992455492749,1,"10",133362485,133373354,"protein_coding","enoyl-CoA hydratase, short chain 1"
"243","DDX1",-0.646860353126607,0.0137542001267176,16.506285876018,0.0860277458759256,0.0525443738166662,-5.5156012829101,3.47589492744049e-08,8.26359652806192e-07,-0.296012010449614,1,"2",15591178,15634346,"protein_coding","DEAD-box helicase 1"
"244","YWHAG",-0.645977748892795,0.0297208272437659,35.069545093308,0.000121498501528526,0.204319591258515,-3.74702949809805,0.000178941050262615,0.000910720778308038,-0.386693585038233,1,"7",76326799,76358991,"protein_coding","tyrosine 3-monooxygenase/tryptophan 5-monooxygenase activation protein gamma"
"245","APLP2",-0.64573850107655,0.0262818994945149,31.0687205743483,0.000571586995832311,0.172561948569448,-3.98316508282575,6.80034826412435e-05,0.000411137962573567,-0.207232259304917,1,"11",130068147,130144811,"protein_coding","amyloid beta precursor like protein 2"
"246","PSMB7",-0.645691029013704,0.0257775117685058,30.4527989340158,0.000722056495163069,0.167035378763846,-4.02164985103724,5.77919236566249e-05,0.00036038591397018,-0.247439811740988,1,"9",124353465,124415444,"protein_coding","proteasome 20S subunit beta 7"
"247","STX12",-0.645033377133599,0.036817767356335,44.1919373253517,3.04036901009375e-06,0.280410922522708,-3.36165749636698,0.000774761588065553,0.00299981299464469,-0.218988976234247,1,"1",27773219,27824443,"protein_coding","syntaxin 12"
"248","ATP5IF1",-0.644852593633762,0.0221971795022804,26.1640677732469,0.00352567871811458,0.13140142984599,-4.32824218849921,1.50304138650803e-05,0.000121296037789463,-0.298996374017625,1,"HSCHR1_8_CTG3",29753,40550,"protein_coding","ATP synthase inhibitory factor subunit 1"
"249","GOLT1B",-0.644690438755064,0.0189741304132243,22.2738096384499,0.0137688834116717,0.0996086982011603,-4.68026332830653,2.8650668253416e-06,3.17371523670723e-05,-0.341916461801141,1,"12",21501781,21518408,"protein_coding","golgi transport 1B"
"250","EMC3",-0.64424986400132,0.023059238852675,26.5809903668991,0.00303256977959301,0.135519687795672,-4.24259769444069,2.20947307352226e-05,0.000165730172787552,-0.178151001467727,1,"3",9962682,10011202,"protein_coding","ER membrane protein complex subunit 3"
"251","EIF3K",-0.644196489605137,0.0351851681256154,41.2882844979036,1.00321948386151e-05,0.257864698455459,-3.43430244162801,0.00059408094404656,0.00241628901270822,-0.147977391378914,1,"19",38619082,38636955,"protein_coding","eukaryotic translation initiation factor 3 subunit K"
"252","DZIP3",-0.644072515366257,0.0201425177169551,23.7452805699568,0.00830597058955831,0.111856098921406,-4.53814000078542,5.67525793870871e-06,5.5154765202743e-05,-0.307832836149289,1,"3",108589705,108694840,"protein_coding","DAZ interacting zinc finger protein 3"
"253","EIF3M",-0.644005660153702,0.0214654547596913,25.2645362382694,0.00486600716708555,0.123875733492509,-4.39561490667079,1.1045961198608e-05,9.44360112225569e-05,-0.216928522522388,1,"11",32583798,32606264,"protein_coding","eukaryotic translation initiation factor 3 subunit M"
"254","DDB1",-0.643602396239087,0.042134991409421,50.2301065486892,2.42119136280256e-07,0.332282476173547,-3.13542341675211,0.00171606227875998,0.00576079317996297,-0.176865698724308,1,"11",61299451,61342596,"protein_coding","damage specific DNA binding protein 1"
"255","CALM3",-0.643214579242942,0.0236088987184148,27.9706095990841,0.00182491116394436,0.145677259844723,-4.18618112450436,2.8368700277781e-05,0.000202417460446734,-0.415061132836881,1,"19",46601074,46610782,"protein_coding","calmodulin 3"
"256","PSMD8",-0.64317106169055,0.0204877409224522,24.0506759488188,0.00746701161114831,0.114335600829942,-4.49344529803458,7.00800291597581e-06,6.50986231135236e-05,-0.247425793837841,1,"19",38374563,38383850,"protein_coding","proteasome 26S subunit, non-ATPase 8"
"257","HPF1",-0.642225968743658,0.0278491234436492,33.003561272923,0.000272010733721796,0.187238876405874,-3.84841676043393,0.000118883678551729,0.000650738227431743,-0.244731155006634,1,"4",169729470,169757944,"protein_coding","histone PARylation factor 1"
"258","MRPS21",-0.641887778801876,0.0257603091934921,30.0406968290347,0.000843608632779056,0.164121049848287,-3.99929620759173,6.35311264505223e-05,0.000389934335040545,-0.265983830967397,1,"1",150293861,150308979,"protein_coding","mitochondrial ribosomal protein S21"
"259","UQCRC1",-0.641885166031535,0.0291365876080929,34.5452683806387,0.000149249240274486,0.200240003035537,-3.76043421638449,0.000169618676804761,0.00087107077373009,-0.235044080889262,1,"3",48599002,48610976,"protein_coding","ubiquinol-cytochrome c reductase core protein 1"
"260","TOMM20",-0.641771213148953,0.0283406185762666,33.9029864912637,0.000191817781130918,0.194443240961506,-3.81219906244679,0.000137735876579059,0.000734033141647266,-0.333814120482906,1,"1",235109341,235128837,"protein_coding","translocase of outer mitochondrial membrane 20"
"261","ARL1",-0.641671022724865,0.0304221528368446,36.3907080275088,7.21037513776221e-05,0.216143984485146,-3.67889553147589,0.000234246188753673,0.00113247697871721,-0.257719862870493,1,"12",101393116,101407772,"protein_coding","ADP ribosylation factor like GTPase 1"
"262","ENY2",-0.641284021506836,0.0243739561124683,28.9276203864065,0.00128010738995774,0.154333173451997,-4.10759301429324,3.99803789576936e-05,0.000267383081141091,-0.239597806749456,1,"8",109334324,109345954,"protein_coding","ENY2 transcription and export complex 2 subunit"
"263","VTA1",-0.641195596974106,0.00656922603206449,8.51219612078215,0.57893607232264,0,-7.91103723890246,2.44249065417534e-15,3.89318207301888e-13,-0.33540560160016,1,"6",142147162,142224685,"protein_coding","vesicle trafficking 1"
"264","SCFD1",-0.64094731969284,0.0167408478971235,19.8781526764906,0.0304264523380448,0.0797098636573127,-4.95374458353463,7.27987516491169e-07,1.03005093120203e-05,-0.242549800012613,1,"14",30622291,30737694,"protein_coding","sec1 family domain containing 1"
"265","GAP43",-0.640631112061023,0.0365975862479702,43.0906681717566,4.79078556410675e-06,0.273470254396982,-3.34874289171611,0.000811790901400267,0.00311623436698807,-0.613284814806885,1,"3",115623510,115721490,"protein_coding","growth associated protein 43"
"266","SPAG7",-0.64050470786658,0.0326339472399738,38.5575604284774,3.03397615041087e-05,0.2355924845353,-3.54558190866838,0.000391747217140859,0.00172182190278748,-0.234198758599464,1,"17",4959226,4967817,"protein_coding","sperm associated antigen 7"
"267","LGMN",-0.640342382695573,0.0342525919438682,40.4683112005635,1.40108538800014e-05,0.252026955950033,-3.45991577835825,0.000540344364747369,0.00223930255154083,-0.261103987783039,1,"14",92703807,92748679,"protein_coding","legumain"
"268","PITHD1",-0.640149603305484,0.0246631305656826,29.3174445751305,0.00110676884554894,0.157002351467188,-4.07621778626705,4.57741496966424e-05,0.000298539401617283,-0.311507920200063,1,"1",23778418,23788232,"protein_coding","PITH domain containing 1"
"269","TAGLN3",-0.638791721951948,0.0206815073534142,24.4025971585198,0.0066005576962025,0.116414311729594,-4.44189394557923,8.91705102734619e-06,7.92632739808773e-05,-0.508056190321506,1,"3",111998739,112013887,"protein_coding","transgelin 3"
"270","DNAJC19",-0.638529343436672,0.0356811311806637,42.2381532105585,6.80119258395165e-06,0.265252173894285,-3.38034909398263,0.000723938167874749,0.00283660508381107,-0.175163209078134,1,"3",180983697,180989774,"protein_coding","DnaJ heat shock protein family (Hsp40) member C19"
"271","FAM81A",-0.638468384825015,0.0269361909729391,32.1146488901143,0.000383195540664267,0.179722578876746,-3.89019441347643,0.000100163941791687,0.000566062136797498,-0.456370921797908,1,"15",59372693,59523555,"protein_coding","family with sequence similarity 81 member A"
"272","ATP6V1A",-0.636842387033574,0.0225186644645219,26.6344733036925,0.00297434659897073,0.134562895933293,-4.24385607175184,2.19711300388781e-05,0.000165009591415775,-0.405748822832823,1,"3",113746770,113812056,"protein_coding","ATPase H+ transporting V1 subunit A"
"273","GTPBP4",-0.636828637721949,0.0407375988000052,48.7875627608216,4.45507822993037e-07,0.317851402433372,-3.15518531313486,0.00160396192215573,0.0054537376902188,-0.138683283759436,1,"10",988434,1019932,"protein_coding","GTP binding protein 4"
"274","FEZ2",-0.635986501871607,0.013330816078218,16.089059383658,0.0971111971958156,0.0491727603227661,-5.50832466508374,3.62264815922941e-08,8.54490103925862e-07,-0.226325220520789,1,"2",36531805,36646087,"protein_coding","fasciculation and elongation protein zeta 2"
"275","PPFIA2",-0.635968170056969,0.0166006725712544,19.6446931260104,0.0327981648621346,0.0779942437428952,-4.93597030250788,7.97532434537729e-07,1.1097938110234e-05,-0.340382197697016,1,"12",81257975,81759553,"protein_coding","PTPRF interacting protein alpha 2"
"276","ACTR1B",-0.635732585505056,0.030955248592454,36.5519187204689,6.76342055301058e-05,0.216686653861213,-3.61332748403779,0.000302292510105717,0.0013933421209662,-0.195996325378473,1,"HG2275_PATCH",581970,590075,"protein_coding","actin related protein 1B"
"277","RNF170",-0.635392885079096,0.0222093381551078,26.0095744792793,0.00372733009266206,0.130110075611857,-4.26358120556514,2.01176340999254e-05,0.00015319399980544,-0.154197188277241,1,"8",42849637,42897290,"protein_coding","ring finger protein 170"
"278","DAP3",-0.635154456997778,0.029045551142354,33.7176706251902,0.000206173261988155,0.195260656819672,-3.7268296253152,0.000193903434913434,0.000971363873947297,-0.163295422224899,1,"1",155687960,155739010,"protein_coding","death associated protein 3"
"279","WBP11",-0.63423465376965,0.0227484916070091,26.537134993705,0.0030811309823254,0.134318345264715,-4.20507421594417,2.60996499241717e-05,0.000189226958788619,-0.223738570369018,1,"12",14784582,14803486,"protein_coding","WW domain binding protein 11"
"280","VEZT",-0.634163559170892,0.00656645162305459,9.60713360097659,0.475609686262929,0,-7.82592908315173,5.10702591327572e-15,7.51411365142106e-13,-0.268130570777787,1,"12",95217746,95302799,"protein_coding","vezatin, adherens junctions transmembrane protein"
"281","PKM",-0.63237772330604,0.0230260374952536,27.1837021902488,0.00243558413932325,0.139474554018855,-4.16741699932679,3.08070629702062e-05,0.000215628943743559,-0.279225456501381,1,"15",72199029,72231819,"protein_coding","pyruvate kinase M1/2"
"282","BBS4",-0.632024675068915,0.0282847639870561,32.9765249649521,0.000274871106947788,0.18775996765225,-3.75800846830216,0.00017127108636128,0.000878056446647497,-0.189169397773645,1,"15",72686186,72742006,"protein_coding","Bardet-Biedl syndrome 4"
"283","BNIP3",-0.631438122844909,0.0232289184116052,27.3158386867132,0.0023207851125391,0.141430503334627,-4.14301308003196,3.42772387331713e-05,0.000235453184115549,-0.245916551605822,1,"10",131967684,131981967,"protein_coding","BCL2 interacting protein 3"
"284","PPIA",-0.631009184271041,0.0416965914327608,50.190560289575,2.46210670565043e-07,0.331134436044785,-3.09019156899895,0.0020002743487022,0.0065270937262426,-0.224604694644477,1,"7",44796680,44824564,"protein_coding","peptidylprolyl isomerase A"
"285","ACP1",-0.630450053112647,0.0292603807805533,34.9893591558801,0.000125388401453867,0.20350509292736,-3.68562121303247,0.000228145464439056,0.00110858673713573,-0.199689806333774,1,"2",264140,278283,"protein_coding","acid phosphatase 1"
"286","TIMM17A",-0.630173402398903,0.0333258372434391,39.8748895905096,1.78261822971064e-05,0.245203798460994,-3.45199004457622,0.000556468257806975,0.00229390520067765,-0.305351751710004,1,"1",201955503,201970664,"protein_coding","translocase of inner mitochondrial membrane 17A"
"287","WDR7",-0.629679325624297,0.0146442510259701,17.3783481559581,0.0664002102773897,0.0597022463566362,-5.20338369662288,1.95692241300449e-07,3.4863376434898e-06,-0.271455189009504,1,"18",56651343,57029811,"protein_coding","WD repeat domain 7"
"288","LARP4B",-0.629534852222268,0.0249672516690648,29.2144226565815,0.00115022243554915,0.156356212301057,-3.98413833169185,6.77254151462137e-05,0.000409819595822932,-0.105084375770837,1,"10",806933,931821,"protein_coding","La ribonucleoprotein 4B"
"289","PSMD7",-0.629018204288397,0.0231151749231981,27.1869976066129,0.00243265550545131,0.139634481402762,-4.13727722337423,3.51451396056746e-05,0.00024062926693895,-0.179437999411677,1,"16",74296814,74306288,"protein_coding","proteasome 26S subunit, non-ATPase 7"
"290","COX15",-0.628889467770891,0.0237433730931273,28.1602099256701,0.00170162426330862,0.147492272825143,-4.0813431713768,4.4776186010731e-05,0.000293328921352669,-0.1821264050149,1,"10",99710868,99732127,"protein_coding","cytochrome c oxidase assembly homolog COX15"
"291","HSD17B12",-0.628889057305349,0.022272458141956,26.0107985245433,0.00372568961662684,0.129220278960333,-4.21395566753076,2.50936561660975e-05,0.000183579259972868,-0.277870940588273,1,"11",43680680,43856617,"protein_coding","hydroxysteroid 17-beta dehydrogenase 12"
"292","RTN4",-0.628869240342533,0.0133278057134951,15.9953962678855,0.0997642634475198,0.0485385353907784,-5.44729664194171,5.11411326620248e-08,1.13145050600316e-06,-0.304288517590031,1,"2",54972187,55112621,"protein_coding","reticulon 4"
"293","FTO",-0.626402812394943,0.014920151211812,17.6932850709577,0.0603632063960196,0.0622453296508181,-5.12822517824313,2.92486474595677e-07,4.90742856897372e-06,-0.198634457215293,1,"16",53701692,54158512,"protein_coding","FTO alpha-ketoglutarate dependent dioxygenase"
"294","CCNH",-0.625790508818559,0.0126233533833283,15.3986117535399,0.118190848698676,0.0435579020794722,-5.56982566410161,2.54994350079585e-08,6.40224478004113e-07,-0.268934947637143,1,"5",87318416,87413029,"protein_coding","cyclin H"
"295","NDUFAF5",-0.625779494348924,0.0176452758277481,20.8784230253088,0.0219574636357162,0.0882289928349058,-4.71093489374771,2.46583007479373e-06,2.81047162534647e-05,-0.298206433959231,1,"20",13785007,13821580,"protein_coding","NADH:ubiquinone oxidoreductase complex assembly factor 5"
"296","ASH2L",-0.62566914907603,0.0317642029419045,37.8140504629033,4.08866702073593e-05,0.227161925930149,-3.51055482578113,0.000447172583733613,0.00191658406228462,-0.179605424098932,1,"8",38105493,38144076,"protein_coding","ASH2 like, histone lysine methyltransferase complex subunit"
"297","RASGRF1",-0.625592549951324,0.0185544792598304,21.7159971562646,0.0166186268605576,0.0948124774407837,-4.59269053850136,4.37567687217033e-06,4.42403850987332e-05,-0.416876611308442,1,"15",78959906,79090780,"protein_coding","Ras protein specific guanine nucleotide releasing factor 1"
"298","KCNAB1",-0.625304533104259,0.0169739407727411,20.1668236534454,0.0277137204073911,0.0819413619910372,-4.79954685581446,1.59025029033977e-06,1.97630632656519e-05,-0.30432877708412,1,"3",156037701,156538756,"protein_coding","potassium voltage-gated channel subfamily A regulatory beta subunit 1"
"299","CAMTA1",-0.624502968254021,0.0249094776312445,28.8548179132784,0.00131528059455944,0.153597556706373,-3.95687377871189,7.59370287777283e-05,0.000451459475977226,-0.249232675279328,1,"1",6785454,7769706,"protein_coding","calmodulin binding transcription activator 1"
"300","SNRPD1",-0.624437499964371,0.0240405182319135,28.4448158065609,0.00153158419285703,0.149596990870097,-4.02732857562726,5.64141701284715e-05,0.000353050011749863,-0.199153259785555,1,"18",21612314,21633524,"protein_coding","small nuclear ribonucleoprotein D1 polypeptide"
"301","TRAPPC11",-0.623930898737198,0.0160594911435506,18.9582418997705,0.0407962904557176,0.0722663127238032,-4.92346214918481,8.5026328955351e-07,1.17142212355274e-05,-0.224476458858666,1,"4",183659267,183713594,"protein_coding","trafficking protein particle complex subunit 11"
"302","PAFAH1B1",-0.623217367022377,0.0217851616409486,25.6551301406426,0.00423277726831151,0.127245346138045,-4.222397870727,2.4171693470354e-05,0.00017836567090346,-0.252284741487915,1,"17",2593183,2685615,"protein_coding","platelet activating factor acetylhydrolase 1b regulatory subunit 1"
"303","GARNL3",-0.623119138761632,0.016422513137042,19.4816970418222,0.0345541394272442,0.076709537152722,-4.86240670495031,1.15967041303122e-06,1.52401408433335e-05,-0.251941588431211,1,"9",127224265,127393660,"protein_coding","GTPase activating Rap/RanGAP domain like 3"
"304","CD200",-0.622687156090813,0.0201440950042451,23.8893403465895,0.00789959473731672,0.112421262716946,-4.38728681853135,1.14773395805123e-05,9.73371653097376e-05,-0.471310442287364,1,"3",112332235,112363181,"protein_coding","CD200 molecule"
"305","COPS8",-0.622596079240048,0.0280825605807468,33.635719460919,0.000212852510234274,0.192228171471979,-3.71524988317596,0.0002030029804867,0.00100878193420882,-0.257321048882033,1,"2",237085882,237100474,"protein_coding","COP9 signalosome subunit 8"
"306","TBCA",-0.622555619032653,0.0257233168914134,30.2686267011334,0.000774109563588599,0.165221958904877,-3.88163480500178,0.000103756610309702,0.000581833443740973,-0.194111312420253,1,"5",77691166,77868780,"protein_coding","tubulin folding cofactor A"
"307","PA2G4",-0.6219671318169,0.026221641985235,30.7680722667755,0.000640760331749342,0.169222107299128,-3.84093973467803,0.000122564204644737,0.000666833853122756,-0.16746959320872,1,"12",56104537,56113910,"protein_coding","proliferation-associated 2G4"
"308","OXCT1",-0.621954686780345,0.0154887223335888,18.4701097333945,0.0475327444238195,0.0682708979118806,-4.99747865325483,5.80847662634554e-07,8.57616478724983e-06,-0.37061706267745,1,"5",41730065,41870425,"protein_coding","3-oxoacid CoA-transferase 1"
"309","GUCY1B1",-0.62138656635953,0.0253839409627574,30.1869551832872,0.000798346037264151,0.163860141891492,-3.90015920708409,9.61294529524537e-05,0.000547082415504362,-0.398655965982697,1,"4",155758992,155807811,"protein_coding","guanylate cyclase 1 soluble subunit beta 1"
"310","RGS7",-0.621322560208856,0.033172733910696,39.5751851347798,2.01258335966146e-05,0.24177505787723,-3.41135165609051,0.000646416644795256,0.00259256694748231,-0.455986629142043,1,"1",240767636,241357374,"protein_coding","regulator of G protein signaling 7"
"311","PPP2R1A",-0.621248007390419,0.0167369874329276,19.7047522330407,0.0321722064879016,0.0784218241871948,-4.8020465285224,1.57052186877671e-06,1.95641090106939e-05,-0.246568984399456,1,"19",52170936,52229518,"protein_coding","protein phosphatase 2 scaffold subunit Aalpha"
"312","MAGED2",-0.621171589711727,0.023643985289932,27.7098183162987,0.00200871152959056,0.14341335389105,-4.0397198107915,5.35150934970474e-05,0.000337922439129015,-0.210709011496477,1,"X",54807599,54816015,"protein_coding","MAGE family member D2"
"313","EMC1",-0.619962459192128,0.0314437556126603,37.5604672187162,4.52521348736521e-05,0.225359730922221,-3.49621543838568,0.000471907526540027,0.00200422574856725,-0.136288952676621,1,"1",19215660,19251552,"protein_coding","ER membrane protein complex subunit 1"
"314","NLK",-0.619936937040541,0.0265900710641222,31.6673875762766,0.000454862759958036,0.176086725855245,-3.80178685041138,0.000143656291555327,0.000760384496685305,-0.269312640965915,1,"17",28041737,28196381,"protein_coding","nemo like kinase"
"315","SPCS3",-0.619643058344798,0.018580474814386,22.0648957985413,0.0147773894257877,0.0975411931087914,-4.54582994135841,5.47192049404899e-06,5.34490284098378e-05,-0.222332944512398,1,"4",176319966,176332245,"protein_coding","signal peptidase complex subunit 3"
"316","CNTNAP2",-0.619085136440078,0.0169179610657814,19.7922537778891,0.0312799923121687,0.0791851508220305,-4.75966477882195,1.93914756740909e-06,2.32344332678174e-05,-0.428989060090449,1,"7",146116002,148420998,"protein_coding","contactin associated protein 2"
"317","GABARAPL2",-0.618942545374463,0.0270573737167017,32.363606698329,0.000348215993153313,0.181299157926657,-3.76276864597369,0.000168042642398447,0.000864242775864905,-0.167112732207451,1,"16",75566375,75577881,"protein_coding","GABA type A receptor associated protein like 2"
"318","BLOC1S2",-0.618804657800301,0.0357290806278492,43.2493551839677,4.48758184171595e-06,0.271461267865938,-3.27372845613326,0.00106138553826418,0.00389187029018445,-0.24437709864899,1,"10",100273280,100286680,"protein_coding","biogenesis of lysosomal organelles complex 1 subunit 2"
"319","MED10",-0.618444369553588,0.0272701249278937,32.3640810975243,0.000348152415615303,0.182004234508822,-3.74504530802016,0.000180361223356629,0.000916839850066071,-0.166526650775742,1,"5",6371874,6378571,"protein_coding","mediator complex subunit 10"
"320","OAT",-0.618395752307446,0.016744483266092,19.732889420937,0.0318827676443564,0.0785277733829805,-4.7789294908342,1.76230977189107e-06,2.1529700735227e-05,-0.337852504095056,1,"10",124397303,124418976,"protein_coding","ornithine aminotransferase"
"321","STMN2",-0.618055221092771,0.0209050475925395,24.6928715136245,0.00595907728383362,0.118941567346275,-4.27466119999774,1.91428163089924e-05,0.000147048139883607,-0.636270601647813,1,"8",79611117,79666158,"protein_coding","stathmin 2"
"322","SGIP1",-0.617270114525769,0.0128069326114313,15.5348546394148,0.113744510393762,0.0445733640792065,-5.45447164858506,4.91186709083991e-08,1.09129549726792e-06,-0.300137459596071,1,"1",66533267,66751139,"protein_coding","SH3GL interacting endocytic adaptor 1"
"323","MTCH2",-0.616793665411448,0.0294944317377976,35.2250791570878,0.000114288177444158,0.206095183003008,-3.59145052616467,0.000328842607447699,0.00148954268888135,-0.226923630257453,1,"11",47617315,47642607,"protein_coding","mitochondrial carrier 2"
"324","NAP1L3",-0.616628814568106,0.0223352602765394,26.5510961623638,0.00306559092768769,0.133410672216702,-4.12599128415922,3.69141247955618e-05,0.000250216876835896,-0.438751991765343,1,"X",93670930,93673578,"protein_coding","nucleosome assembly protein 1 like 3"
"325","DMXL2",-0.616499173243206,0.00655995042811882,9.52066286236211,0.483503167973893,0,-7.61170975624578,2.70894418008538e-14,3.49669849993843e-12,-0.472271017937679,1,"15",51447711,51622833,"protein_coding","Dmx like 2"
"326","TTC19",-0.616137656219343,0.0437540945978451,52.4340507768671,9.48251195051607e-08,0.354445067796412,-2.94556358039377,0.00322366886522762,0.00964533460244443,-0.21032158505365,1,"17",15999784,16045015,"protein_coding","tetratricopeptide repeat domain 19"
"327","PYGB",-0.615556532278855,0.0292039592053986,34.5661145636704,0.0001480356509428,0.20023608154739,-3.60202794528603,0.000315744412076269,0.00144324623725498,-0.188637607668597,1,"20",25248085,25298012,"protein_coding","glycogen phosphorylase B"
"328","THOC7",-0.615543652035583,0.0435698491106017,52.5356035990011,9.08019929714417e-08,0.350728522330759,-2.94893927056596,0.00318866628105741,0.0095637260945756,-0.157367505737622,1,"3",63833870,63863868,"protein_coding","THO complex subunit 7"
"329","UBE2V2",-0.615378352724172,0.0410542793678536,49.3067244079347,3.57850158944122e-07,0.323775310422732,-3.03712731884443,0.00238844549148243,0.0075477460409718,-0.291533293304648,1,"8",48008415,48064708,"protein_coding","ubiquitin conjugating enzyme E2 V2"
"330","ACTR2",-0.615271162521011,0.0176502593718943,20.7909175434142,0.0225996207066077,0.0867815250115357,-4.63117310552057,3.63599713026908e-06,3.81553015565393e-05,-0.309322671087227,1,"2",65227788,65271253,"protein_coding","actin related protein 2"
"331","PITPNA",-0.614969850961181,0.0293928466352466,34.825931665325,0.000133698715358483,0.203179704300125,-3.58701341264195,0.0003344871246449,0.00151151398250187,-0.18634856731292,1,"17",1517718,1562792,"protein_coding","phosphatidylinositol transfer protein alpha"
"332","NRSN2",-0.614048671168795,0.0333938449257875,39.809575338362,1.83041545413962e-05,0.243892271673394,-3.36023447191486,0.000778763492447876,0.00301087539160296,-0.265986798775886,1,"20",346782,359660,"protein_coding","neurensin 2"
"333","VSNL1",-0.613545312755679,0.0184750914560947,21.8555928820761,0.0158574043891353,0.0958808401798803,-4.51391466100692,6.36418340604905e-06,6.02892475746385e-05,-0.683790317053574,1,"2",17539126,17657018,"protein_coding","visinin like 1"
"334","TATDN3",-0.613493846887871,0.0272465004942094,32.3507740494043,0.000349940099718124,0.182061065354345,-3.71667722399664,0.000201860061396442,0.00100381368276557,-0.273023338083726,1,"1",212791828,212816830,"protein_coding","TatD DNase domain containing 3"
"335","TXNDC12",-0.613482973940148,0.0290337681402558,34.5573817657308,0.000148542859929452,0.200783271781155,-3.60040048940959,0.00031772741299152,0.00144947631598907,-0.172875542847677,1,"1",52020131,52055772,"protein_coding","thioredoxin domain containing 12"
"336","PFDN1",-0.613464280120587,0.0310349169953343,36.9586877634899,5.75323023681578e-05,0.22012498188205,-3.48228238720194,0.000497159116623624,0.00209204556275221,-0.148774801895697,1,"5",140245035,140303113,"protein_coding","prefoldin subunit 1"
"337","PRKAR1A",-0.612512302631557,0.0180976034597208,21.2278811562814,0.0195593986409708,0.0905662718376603,-4.55306952629766,5.28687908052383e-06,5.19794092776736e-05,-0.250061992920853,1,"17",68511780,68551319,"protein_coding","protein kinase cAMP-dependent type I regulatory subunit alpha"
"338","CYRIB",-0.611833797264121,0.0154276905825378,18.2638785861761,0.0506722080268782,0.0665822813979779,-4.92587065015564,8.39855444967341e-07,1.15948546995491e-05,-0.254252712507969,1,"8",129839593,130017504,"protein_coding","CYFIP related Rac1 interactor B"
"339","ATP6V0D1",-0.611380233369666,0.0291814490597116,34.7863660837618,0.000135790539342582,0.201830370608829,-3.5789692455834,0.00034495205447449,0.00154887244563175,-0.240209779745666,1,"16",67438014,67481181,"protein_coding","ATPase H+ transporting V0 subunit d1"
"340","SNAP25",-0.611051852191152,0.0263429470762388,31.2731923856783,0.000528763025064401,0.172983960362763,-3.76483446144116,0.000166659455411278,0.000859128745716885,-0.630888947491892,1,"20",10172395,10308258,"protein_coding","synaptosome associated protein 25"
"341","RRAGB",-0.61087750871895,0.0276301582809348,33.0299672206366,0.000269245186508637,0.187476582748561,-3.67504320515205,0.000237809167801695,0.00114378324598902,-0.220833190077575,1,"X",55717749,55758774,"protein_coding","Ras related GTP binding B"
"342","STAU2",-0.610818971057956,0.0257441454814186,30.2829237918809,0.000769941186827384,0.165186577944437,-3.80691584595715,0.000140710599025207,0.00074761388977029,-0.28020001637961,1,"8",73420369,73747708,"protein_coding","staufen double-stranded RNA binding protein 2"
"343","FKBP3",-0.610095326715803,0.00928815135045362,12.1892747445417,0.272588793916043,0.0175183172572474,-6.3304277505909,2.44482434297311e-10,1.19250546063391e-08,-0.29968482169504,1,"14",45115599,45135319,"protein_coding","FKBP prolyl isomerase 3"
"344","DYNC1I1",-0.608992429798062,0.0261603405345802,31.1082978600217,0.000563042151358666,0.171266362238808,-3.76521861882821,0.000166403423032868,0.000858329987892019,-0.393497107685275,1,"7",95772506,96110322,"protein_coding","dynein cytoplasmic 1 intermediate chain 1"
"345","TOX4",-0.608856178460718,0.0167344696289635,19.6901507461656,0.0323233637706652,0.0784080489175003,-4.70661572127595,2.51863038358557e-06,2.86598070690322e-05,-0.133125794548706,1,"14",21476597,21499175,"protein_coding","TOX high mobility group box family member 4"
"346","DDX24",-0.608855415754347,0.0294152862369077,35.0137662842295,0.000124191622346158,0.204266783235241,-3.54999412249522,0.000385239752083821,0.00169676457689839,-0.281494392429911,1,"14",94048287,94081202,"protein_coding","DEAD-box helicase 24"
"347","GOT2",-0.608807927155801,0.0267989586061934,32.1266331567681,0.000381435677750703,0.178855252802533,-3.71895856532364,0.000200045860072162,0.000996204709093087,-0.246324966852859,1,"16",58707131,58734342,"protein_coding","glutamic-oxaloacetic transaminase 2"
"348","GARS1",-0.608666709415117,0.00988676776324082,12.7134226974402,0.240138942212159,0.02176612659857,-6.12142288139212,9.27434129494031e-10,3.84876017446833e-08,-0.292566194377613,1,"7",30580533,30634033,"protein_coding","glycyl-tRNA synthetase 1"
"349","ANXA6",-0.607803404722957,0.0345853544533443,41.7151691979505,8.42614890935123e-06,0.258486334439221,-3.26826311829922,0.0010820971648926,0.00395148856032591,-0.327919458584922,1,"5",151100706,151157815,"protein_coding","annexin A6"
"350","CHMP5",-0.607675136154953,0.0146732797635569,17.4755358220684,0.0644818394737903,0.0603979331520104,-5.01658145086488,5.25989829691653e-07,7.95030604648878e-06,-0.221141332289544,1,"9",33264879,33282070,"protein_coding","charged multivesicular body protein 5"
"351","TSPAN5",-0.607216646960713,0.0234126656480322,27.5242394723209,0.00215028724785001,0.141923075245138,-3.96842555615534,7.23490508374169e-05,0.000433065157786416,-0.207573948546377,1,"4",98470367,98658611,"protein_coding","tetraspanin 5"
"352","ATP1A1",-0.60705569592075,0.0144552018544812,17.36408873883,0.0666859362642234,0.0590677568098765,-5.04912890098018,4.43829200724721e-07,6.8967255415422e-06,-0.329382758890391,1,"1",116372668,116410261,"protein_coding","ATPase Na+/K+ transporting subunit alpha 1"
"353","NIFK",-0.606788410924846,0.0106779317878695,13.4580896856595,0.199174747726144,0.0277019183050862,-5.87210356441564,4.30299773590548e-09,1.41682429363773e-07,-0.25811853547522,1,"2",121726945,121736911,"protein_coding","nucleolar protein interacting with the FHA domain of MKI67"
"354","ALDH5A1",-0.606583550334415,0.0209627458972004,24.6000083432801,0.0061575082331381,0.11807183594131,-4.18954195303406,2.79518102834775e-05,0.000200240411428112,-0.22185595614333,1,"6",24494867,24537207,"protein_coding","aldehyde dehydrogenase 5 family member A1"
"355","PSMA1",-0.606580818073883,0.0332416455857063,39.7033955043434,1.91082982468062e-05,0.244982252644783,-3.32695874118867,0.000877993721645431,0.0033135404311067,-0.244840549620376,1,"11",14504211,14643635,"protein_coding","proteasome 20S subunit alpha 1"
"356","PSMC2",-0.606540846105585,0.0188277504504953,22.1819860576253,0.014203868407304,0.0981719214923347,-4.42039252731808,9.85217755555823e-06,8.59766967104708e-05,-0.238260484816538,1,"7",103328570,103370346,"protein_coding","proteasome 26S subunit, ATPase 2"
"357","ANKRD46",-0.606240376662131,0.0211315177455511,25.2241504633343,0.00493644196352591,0.122439761911852,-4.17041728893168,3.04042392325066e-05,0.000213235064483979,-0.240298503888212,1,"8",100509752,100559784,"protein_coding","ankyrin repeat domain 46"
"358","BTBD10",-0.605656654872147,0.0255500282403024,30.6204499123889,0.000677649405291483,0.167029086401054,-3.78905405761654,0.000151222007958252,0.000792850996123004,-0.268375313568497,1,"11",13388008,13463297,"protein_coding","BTB domain containing 10"
"359","TUBA1A",-0.605603765949093,0.00998070071763704,12.7988148647937,0.235138868825789,0.0224201857102848,-6.06188999082878,1.34531230600032e-09,5.26122136026892e-08,-0.373002837455489,1,"12",49184686,49189324,"protein_coding","tubulin alpha 1a"
"360","DPP6",-0.603662305572957,0.0174934672997666,20.7901746414436,0.0226051468755355,0.086901504510471,-4.56411006819924,5.01617579828917e-06,4.97597071173994e-05,-0.382217433411567,1,"7",153748133,154894285,"protein_coding","dipeptidyl peptidase like 6"
"361","STX18",-0.603003735262599,0.0264563050434663,31.019105606846,0.000582477881584713,0.171835117587316,-3.70728016562064,0.000209497136802961,0.00103632362377012,-0.208398852409799,1,"4",4415742,4542346,"protein_coding","syntaxin 18"
"362","SRPRA",-0.60229706838397,0.0246141570846487,29.05597388938,0.00122030811076615,0.153808571922744,-3.83900135452735,0.000123535749186221,0.000671452379973674,-0.14580289413148,1,"11",126262938,126269144,"protein_coding","SRP receptor subunit alpha"
"363","CMSS1",-0.601895109350116,0.0567058909896822,69.1004225106099,6.61192229578185e-11,0.492885446061054,-2.52759056278986,0.0114848199705226,0.0276592009997207,-0.256064224896772,1,"3",99817837,100181732,"protein_coding","cms1 ribosomal small subunit homolog"
"364","AP2B1",-0.6016322309031,0.0202330265711101,23.9462346680419,0.00774438597907759,0.112749858841596,-4.22961335307373,2.34093302533545e-05,0.000173610260320965,-0.177292193141006,1,"17",35578046,35726413,"protein_coding","adaptor related protein complex 2 subunit beta 1"
"365","MRPL20",-0.601529177244623,0.0244205914938148,28.6997721546814,0.00139334317740219,0.151403342154745,-3.84927206800252,0.000118469364684959,0.000649113394003004,-0.191596715366482,1,"1",1401909,1407293,"protein_coding","mitochondrial ribosomal protein L20"
"366","CEP68",-0.601197034041504,0.03549575827632,42.6300328705724,5.79041367445082e-06,0.266890824773661,-3.19101319672028,0.00141774804359773,0.0049410996914521,-0.142590767693442,1,"2",65056354,65087004,"protein_coding","centrosomal protein 68"
"367","MRPL1",-0.600789678190323,0.0262874541759645,31.3581770334856,0.000511900214857353,0.173238029092182,-3.70551178118416,0.000210964322996166,0.00104203563467848,-0.259535083119157,1,"4",77862830,77952785,"protein_coding","mitochondrial ribosomal protein L1"
"368","BECN1",-0.600468246548292,0.0280347597355025,33.0879625018114,0.000263267488740785,0.1888457350108,-3.58625880165399,0.000335456049726846,0.00151524158141967,-0.173152338056994,1,"17",42810134,42833350,"protein_coding","beclin 1"
"369","SNRPA1",-0.600211724509119,0.0287684657700793,34.3619061073541,0.000160353068959974,0.197806799078928,-3.53871937528607,0.000402073038334505,0.00175802508864464,-0.230670729768946,1,"15",101281510,101295282,"protein_coding","small nuclear ribonucleoprotein polypeptide A'"
"370","NEFL",-0.598732603504791,0.022289405486659,26.3468151672049,0.00330070067859834,0.132381237291567,-4.01036282180016,6.06255151698321e-05,0.000376049775699666,-0.599316020270105,1,"8",24950955,24956721,"protein_coding","neurofilament light chain"
"371","SCOC",-0.598322674787839,0.0192165273194875,22.8304176518931,0.0113901419947569,0.103588931201968,-4.31616469375534,1.58763544737539e-05,0.000127010835790031,-0.335328879551089,1,"4",140257286,140385728,"protein_coding","short coiled-coil protein"
"372","VCP",-0.598137723426035,0.0218378128633405,25.6283552997149,0.00427352689213419,0.126378667153062,-4.04759101709455,5.17474623225045e-05,0.000329318427172957,-0.180565554940765,1,"9",35053928,35072668,"protein_coding","valosin containing protein"
"373","GAS7",-0.597465654789208,0.0233214679333978,27.7472410631905,0.00198127613780959,0.142782739760567,-3.91232570913041,9.14115083567868e-05,0.000524488174482355,-0.238770459013625,1,"17",9910606,10198606,"protein_coding","growth arrest specific 7"
"374","C2CD5",-0.59693157262384,0.00653627723581425,9.04185585696554,0.528135967954336,0,-7.38344965194405,1.54321000422897e-13,1.66987563378102e-11,-0.356036324162945,1,"12",22448583,22544546,"protein_coding","C2 calcium dependent domain containing 5"
"375","APOO",-0.596700900285815,0.022273045433743,26.5499221317348,0.00306689481427551,0.133695850051672,-3.99822188124342,6.38201120306547e-05,0.000391137534845609,-0.324087000613015,1,"X",23833353,23907938,"protein_coding","apolipoprotein O"
"376","WDR75",-0.595668062530724,0.0115798612388816,14.2591510119942,0.16149571702881,0.0343416614839577,-5.53544624734925,3.10436933936842e-08,7.53215539586213e-07,-0.301497136244621,1,"2",189441446,189475552,"protein_coding","WD repeat domain 75"
"377","UGGT2",-0.595358695690174,0.00978310080679723,12.6253600810717,0.245378941875679,0.021037465391107,-6.01922304958342,1.75256231749188e-09,6.63199841007718e-08,-0.300335055728513,1,"13",95801580,96053482,"protein_coding","UDP-glucose glycoprotein glucosyltransferase 2"
"378","PDHB",-0.594350477222089,0.0292056545159931,34.9653103458097,0.00012657868111169,0.20235571066742,-3.47783636313848,0.000505478404655424,0.00211942320325829,-0.218815892142118,1,"3",58427630,58433857,"protein_coding","pyruvate dehydrogenase E1 subunit beta"
"379","DDX10",-0.593827795246916,0.0152864436884159,18.3260869431868,0.0497059008476462,0.0672087880196183,-4.80294143769056,1.56351624891471e-06,1.94999299805367e-05,-0.250784024787423,1,"11",108665058,108940999,"protein_coding","DEAD-box helicase 10"
"380","TMEM9",-0.593113855215076,0.0201438211217443,23.7122869882771,0.00840180737864986,0.110834674135397,-4.17894967530162,2.92858474391089e-05,0.000207396240363127,-0.204218569379347,1,"1",201134772,201171574,"protein_coding","transmembrane protein 9"
"381","PRKACB",-0.59230934231243,0.0212433879565168,25.0746805272177,0.00520573335138262,0.121368000939902,-4.06384085829546,4.82717440835057e-05,0.000311545244023607,-0.259092945324221,1,"1",84078062,84238498,"protein_coding","protein kinase cAMP-activated catalytic subunit beta"
"382","ATR",-0.592275831732871,0.0111961420767257,13.9572606621138,0.174950023554978,0.0317827068613276,-5.59744468917812,2.17534219526527e-08,5.61585273477072e-07,-0.307402931146519,1,"3",142449007,142578733,"protein_coding","ATR serine/threonine kinase"
"383","VPS33B",-0.592108124474545,0.0366564843286517,43.7306743921023,3.67926374359233e-06,0.277841023421691,-3.0926132707916,0.00198402501232642,0.00648499087452972,-0.182506460007861,1,"15",90998673,91022603,"protein_coding","VPS33B late endosome and lysosome associated"
"384","CFAP36",-0.59132337465936,0.0276458619208882,32.9807221320705,0.000274425134454228,0.186983469410426,-3.55639490549745,0.000375978785080333,0.00166154035666671,-0.235467158765555,1,"2",55519604,55545079,"protein_coding","cilia and flagella associated protein 36"
"385","NAPG",-0.591310785547857,0.0183788908047936,21.8218601463358,0.0160382809403414,0.0948647815924222,-4.361703621798,1.29053611850338e-05,0.000107536158151727,-0.24621093503858,1,"18",10525905,10552764,"protein_coding","NSF attachment protein gamma"
"386","ATP9A",-0.591157187940159,0.0171338107024668,20.3306929754457,0.0262755586585882,0.083138277265912,-4.51622938700287,6.29504729654506e-06,5.97859645013952e-05,-0.212222804509525,1,"20",51596514,51768390,"protein_coding","ATPase phospholipid transporting 9A (putative)"
"387","NDRG4",-0.59093368515128,0.0302198089790419,36.3525392760819,7.32037792611655e-05,0.213802932130084,-3.39932657506369,0.000675520046872657,0.00268168712947183,-0.302241237206775,1,"16",58462846,58513628,"protein_coding","NDRG family member 4"
"388","POMP",-0.590832209456148,0.0177987000906178,20.959730001331,0.0213761276769256,0.0884376905453722,-4.42863635021456,9.48307594339504e-06,8.32390145386031e-05,-0.226139170235602,1,"13",28659065,28678959,"protein_coding","proteasome maturation protein"
"389","TRAPPC6B",-0.590656588429653,0.0256958161341545,30.9495721274702,0.000598082374134003,0.169041455096826,-3.68471451047008,0.000228959128625306,0.00111160328403033,-0.265406340027242,1,"14",39147811,39170532,"protein_coding","trafficking protein particle complex subunit 6B"
"390","CDKL5",-0.590103733350358,0.0256783214567253,30.5326635195781,0.000700559335888221,0.16565675641211,-3.68251942675656,0.000230940263100887,0.00111807185464097,-0.321917733825647,1,"X",18425583,18653629,"protein_coding","cyclin dependent kinase like 5"
"391","PSMC3",-0.589214301697755,0.0307144908998828,36.5051446042863,6.89021764187814e-05,0.214780019218946,-3.36203026868979,0.000773716418223547,0.00299742099786843,-0.195208115275414,1,"11",47418769,47426473,"protein_coding","proteasome 26S subunit, ATPase 3"
"392","ALKBH3",-0.589124476223041,0.0306650228389041,36.3896457154499,7.21341463011339e-05,0.215110234565183,-3.36422799486362,0.000767581047577348,0.00298045557493611,-0.201263291773255,1,"11",43880811,43920274,"protein_coding","alkB homolog 3, alpha-ketoglutarate dependent dioxygenase"
"393","CAPZB",-0.587899152537622,0.026949320816074,31.7275151317091,0.000444515997524908,0.177130676781714,-3.58120285395528,0.00034201597052741,0.00153785191101501,-0.146706649336756,1,"1",19338775,19485539,"protein_coding","capping actin protein of muscle Z-line subunit beta"
"394","HNRNPD",-0.58751480095186,0.00653274323173977,9.32001497043123,0.502026119451127,0,-7.26893888910979,3.62376795237651e-13,3.61346339895743e-11,-0.198557335148276,1,"4",82352498,82374503,"protein_coding","heterogeneous nuclear ribonucleoprotein D"
"395","PPT1",-0.586616343949639,0.020772856323408,24.4500791466938,0.00649128955923532,0.116585765263969,-4.07010909524742,4.69911273770496e-05,0.000305058105527036,-0.206443082406184,1,"1",40072710,40097260,"protein_coding","palmitoyl-protein thioesterase 1"
"396","SYP",-0.585484837171045,0.0309475711857175,37.1747293379221,5.27865389188823e-05,0.220735223443188,-3.32814597828695,0.000874260427450757,0.00330359902901651,-0.498372094646522,1,"X",49187815,49200218,"protein_coding","synaptophysin"
"397","RTF1",-0.585194429558355,0.0310373484629438,36.8233541492495,6.07164528425698e-05,0.218932432326101,-3.32168065598372,0.000894770375112763,0.00336899940808385,-0.257981587980726,1,"15",41408408,41483563,"protein_coding","RTF1 homolog, Paf1/RNA polymerase II complex component"
"398","GATB",-0.585040087813759,0.0250553913618571,29.7730725794627,0.000932984339746786,0.160798567819411,-3.69602610712467,0.000219000462451158,0.00107132521040976,-0.244109820413305,1,"4",151670504,151761007,"protein_coding","glutamyl-tRNA amidotransferase subunit B"
"399","TLN2",-0.584829517602696,0.0187626984425476,22.2238757445634,0.0140038431082016,0.0986332395047206,-4.26954539046736,1.95871786830004e-05,0.000149859723451029,-0.263416661455121,1,"15",62390526,62844631,"protein_coding","talin 2"
"400","MORF4L2",-0.583728937896269,0.0206232288724554,24.5323570937667,0.00630603180378826,0.117011821834162,-4.06474113810091,4.80858012275043e-05,0.000310692175979072,-0.230064027624648,1,"X",103675496,103688158,"protein_coding","mortality factor 4 like 2"
"401","MRFAP1L1",-0.583645168514239,0.0226695862363589,26.9148828650583,0.00268630971628266,0.136144065604129,-3.87638672824683,0.00010601913081465,0.000590916425530115,-0.176777095583888,1,"4",6707701,6709865,"protein_coding","Morf4 family associated protein 1 like 1"
"402","TUBG2",-0.583348884973859,0.0182987008253633,21.5864101830082,0.0173559481509427,0.0931075878246709,-4.31239211946933,1.61497687574119e-05,0.000128611330301267,-0.204455981560124,1,"17",42659284,42667006,"protein_coding","tubulin gamma 2"
"403","CYRIA",-0.582785675020575,0.025413601786851,30.0937043772337,0.000826922893807688,0.163345368556612,-3.65574384877145,0.00025643731624303,0.00121738292729092,-0.345550862071425,1,"2",16549459,16666331,"protein_coding","CYFIP related Rac1 interactor A"
"404","GPR158",-0.582678186239993,0.0247993055768907,29.3488268557037,0.00109385219138203,0.156562425050197,-3.70006198559033,0.000215546812481371,0.00105946418760545,-0.467334403717642,1,"10",25174802,25602229,"protein_coding","G protein-coupled receptor 158"
"405","RNF187",-0.582594000759852,0.0254456407226039,30.3558383993643,0.000749020433812468,0.164629612357053,-3.65224003444038,0.000259962716133266,0.00123161800212653,-0.237850182340299,1,"HG2002_PATCH",78581,87387,"protein_coding","ring finger protein 187"
"406","MRPS27",-0.582394924955152,0.038663156326196,46.4363254459209,1.19538297262232e-06,0.299447028746465,-2.96189002494741,0.00305756972159954,0.00923901578952382,-0.122685247076073,1,"5",72214953,72321717,"protein_coding","mitochondrial ribosomal protein S27"
"407","CLTA",-0.582125827965652,0.0179035942226857,21.0971701829955,0.0204260888651833,0.0895595222871002,-4.35057595811178,1.35780408561104e-05,0.000112340486354465,-0.213653734802426,1,"9",36190856,36304781,"protein_coding","clathrin light chain A"
"408","RAP1GDS1",-0.582035377896865,0.0166478933047862,19.9710499313595,0.0295276991788535,0.0796312633059819,-4.51096794783959,6.45324723724805e-06,6.09408985061486e-05,-0.242872764207194,1,"4",98261384,98443858,"protein_coding","Rap1 GTPase-GDP dissociation stimulator 1"
"409","C11orf58",-0.580910633686852,0.0270606334218151,32.0834465924371,0.000387814846431177,0.179191129274852,-3.53134661528333,0.000413449573931191,0.00180028539642224,-0.183927557597602,1,"11",16613132,16758340,"protein_coding","chromosome 11 open reading frame 58"
"410","BLVRA",-0.580461068582802,0.0247299045488607,29.4650029194224,0.00104729850367359,0.157769527125077,-3.69115155237584,0.000223241067622615,0.00108852654989104,-0.247901666333061,1,"7",43758680,43807342,"protein_coding","biliverdin reductase A"
"411","HSPA14",-0.580054594584527,0.0132527137945795,16.1196689893281,0.096257599155988,0.0489280799250557,-5.03867633245879,4.68762429539638e-07,7.21489503841549e-06,-0.224759901051506,1,"10",14838306,14871741,"protein_coding","heat shock protein family A (Hsp70) member 14"
"412","VDAC2",-0.578715513693737,0.020045128600251,23.8055765488122,0.00813351447107757,0.111286420134859,-4.08752762960965,4.35994764251824e-05,0.000287205066996192,-0.204545971640585,1,"10",75210154,75231448,"protein_coding","voltage dependent anion channel 2"
"413","UQCRH",-0.578221803233947,0.0229996247214534,27.3478744421337,0.00229375080430334,0.139843424693629,-3.81271276855345,0.000137449815501345,0.000733065682673839,-0.28169241909838,1,"1",46303698,46316776,"protein_coding","ubiquinol-cytochrome c reductase hinge protein"
"414","UQCC1",-0.577566832698615,0.0292884570835955,34.7145549311143,0.000139669539777278,0.201722185570937,-3.37484630058573,0.000738569273864176,0.00288570056120748,-0.179071946413998,1,"20",35302566,35412031,"protein_coding","ubiquinol-cytochrome c reductase complex assembly factor 1"
"415","PSMA3",-0.577072545769674,0.0220763129256712,26.3866413649424,0.00325354069775586,0.132081706603226,-3.88389197860687,0.000102797592324899,0.00057784166244079,-0.216274800796978,1,"14",58244843,58272012,"protein_coding","proteasome 20S subunit alpha 3"
"416","ARMC10",-0.576359486897709,0.0258466436319606,30.8025939133746,0.000632420478090628,0.168741285157705,-3.585018231533,0.000337054658844593,0.00151952646712883,-0.18283201675497,1,"7",103074881,103099759,"protein_coding","armadillo repeat containing 10"
"417","MRPL35",-0.576099359165977,0.0235859282672664,28.2643409854872,0.00163738834363883,0.146950869365895,-3.75120592284667,0.000175986084192115,0.00089807629491045,-0.182936852617208,1,"2",86199355,86213790,"protein_coding","mitochondrial ribosomal protein L35"
"418","FGF12",-0.575624636524897,0.0305932022364187,36.4926273369909,6.92454455726955e-05,0.215339407384693,-3.29099259045803,0.000998345428432579,0.00369419412842446,-0.458104909219523,1,"3",192139390,192767764,"protein_coding","fibroblast growth factor 12"
"419","NSF",-0.574970010715992,0.0264422836906848,31.5997307077354,0.000466786542367225,0.174536631769827,-3.53586530919559,0.000406441862714768,0.00177380974725549,-0.500516931966541,1,"HSCHR17_1_CTG5",1576739,1743341,"protein_coding","N-ethylmaleimide sensitive factor, vesicle fusing ATPase"
"420","SNCA",-0.57349565785103,0.0283238129324618,34.2016896055474,0.000170715680842418,0.195402753015155,-3.40764445564967,0.000655262141720847,0.0026200523492601,-0.358138284474011,1,"4",89700345,89838315,"protein_coding","synuclein alpha"
"421","RPA2",-0.57278533216195,0.0201010998240494,23.7915381665583,0.00817335890564824,0.11106268663909,-4.04000570046032,5.34499023030488e-05,0.000337612111815115,-0.162074049456553,1,"1",27891524,27914746,"protein_coding","replication protein A2"
"422","MAP1B",-0.572450901495335,0.0225249269259429,26.8187831731621,0.00278185025655952,0.13554584208063,-3.81422710689934,0.000136609798085718,0.000729695392669082,-0.312713392508466,1,"5",72107234,72209565,"protein_coding","microtubule associated protein 1B"
"423","PARN",-0.571615724148514,0.0139174062801277,16.8440081527174,0.0778877357075475,0.0549992513159256,-4.84534844702101,1.26389659604875e-06,1.63360458454247e-05,-0.207322775440727,1,"HSCHR16_1_CTG1",8558,205584,"protein_coding","poly(A)-specific ribonuclease"
"424","VPS29",-0.571447464850642,0.00671439960197495,10.1223410580897,0.42982629795458,0.000976843092924194,-6.973851866774,3.08375547319883e-12,2.41840417993106e-10,-0.235143040198324,1,"12",110491083,110502111,"protein_coding","VPS29 retromer complex component"
"425","IARS1",-0.571280313282863,0.0200358936660209,23.5558803359851,0.00887064048434009,0.109445709083022,-4.03594183955334,5.43836881607973e-05,0.000341962583918941,-0.327576921263018,1,"HG1012_PATCH",44936,128583,"protein_coding","isoleucyl-tRNA synthetase 1"
"426","PDHA1",-0.570198996362971,0.0224432489592096,26.7724508520576,0.00282907701558161,0.134418465091616,-3.80612971349344,0.000141158369937333,0.000749614362312339,-0.183056654023513,1,"X",19343893,19361718,"protein_coding","pyruvate dehydrogenase E1 subunit alpha 1"
"427","ANXA7",-0.56986670594914,0.0331901051017464,39.5348601362284,2.04567819809417e-05,0.24162565111789,-3.12801603384837,0.00175990580335128,0.00587939315695633,-0.171344981968797,1,"10",73375101,73414076,"protein_coding","annexin A7"
"428","GDA",-0.569850909155888,0.0197681557879588,23.6801441965237,0.00849618573838499,0.109761739614235,-4.05301459835711,5.05618460071577e-05,0.000323208840846069,-0.569985226700376,1,"9",72114595,72257193,"protein_coding","guanine deaminase"
"429","CPSF3",-0.56981579815836,0.0185307265880318,22.0843996729812,0.0146803637687786,0.0973405314152537,-4.18589434030842,2.84045464948868e-05,0.000202449748730494,-0.277938831032369,1,"2",9423651,9473101,"protein_coding","cleavage and polyadenylation specific factor 3"
"430","MIGA1",-0.569723966407395,0.0145148035518809,17.2686138170054,0.0686275617906804,0.0582810092236019,-4.72888669120199,2.25754322880078e-06,2.62859488289809e-05,-0.254400217224237,1,"1",77779624,77879540,"protein_coding","mitoguardin 1"
"431","SLC25A12",-0.569374990233941,0.0204918014816175,24.4514514677146,0.00648815736921144,0.116213268309078,-3.97748286070354,6.96486412685715e-05,0.000419166879945865,-0.385224411456759,1,"HSCHR2_11_CTG7_2",213578,438909,"protein_coding","solute carrier family 25 member 12"
"432","MGST3",-0.569065596016695,0.0240275627641414,28.6761024771129,0.00140564935694624,0.15051684398604,-3.67119514274286,0.000241418920090108,0.00115837037142437,-0.17457671651742,1,"1",165631213,165661796,"protein_coding","microsomal glutathione S-transferase 3"
"433","RINT1",-0.568683824389045,0.0065009902279229,7.49054992255135,0.678463110145752,0,-7.05311749710316,1.74948944220432e-12,1.49025335481696e-10,-0.294133989289147,1,"7",105532169,105567677,"protein_coding","RAD50 interactor 1"
"434","TXNDC9",-0.568403959475881,0.0338140951352636,40.8054322980254,1.22150959039525e-05,0.250966759520205,-3.09106551091894,0.00199439626708053,0.00651383071396685,-0.188583878778732,1,"2",99318982,99340702,"protein_coding","thioredoxin domain containing 9"
"435","SMYD2",-0.568086950287163,0.0224211675639741,26.8497387739429,0.00275072213745589,0.135460561281023,-3.7938984394004,0.000148300351978214,0.000780703332608811,-0.342471228321959,1,"1",214281102,214337131,"protein_coding","SET and MYND domain containing 2"
"436","IDH2",-0.568040254022924,0.0277372777958261,32.5892534927223,0.000319222454242868,0.183851282288166,-3.41072885132318,0.000647894872846333,0.00259800040493365,-0.303230311125107,1,"15",90083045,90102477,"protein_coding","isocitrate dehydrogenase (NADP(+)) 2"
"437","DPP8",-0.567927690740373,0.0149000953444399,17.8826558474624,0.0569756265042465,0.063207262411034,-4.65263004204884,3.2772792633029e-06,3.51805896428026e-05,-0.242421098090222,1,"15",65442463,65517704,"protein_coding","dipeptidyl peptidase 8"
"438","ACTR3B",-0.567789185003576,0.0155506402643934,18.6772941780963,0.0445582332474544,0.0696195538180301,-4.55316069938649,5.28458737791837e-06,5.19794092776736e-05,-0.335666831063666,1,"7",152759749,152855378,"protein_coding","actin related protein 3B"
"439","PDHX",-0.567659322940665,0.0220246656729539,26.1240453342101,0.00357688553752663,0.13015410687768,-3.82501473514499,0.000130764265123373,0.00070275354743187,-0.217036929093208,1,"11",34915829,35020591,"protein_coding","pyruvate dehydrogenase complex component X"
"440","AMN1",-0.566735428363905,0.0233867947497603,27.6859697771486,0.00202638685975988,0.142915829530581,-3.70591121554308,0.000210632080670292,0.00104079355972357,-0.25473174599834,1,"12",31671142,31729121,"protein_coding","antagonist of mitotic exit network 1 homolog"
"441","KIF3A",-0.56626503634368,0.0242184268057467,28.5166839869465,0.00149132394250496,0.149913682678326,-3.63870445874685,0.000274013037166343,0.0012848750394428,-0.259915173201367,1,"5",132692628,132737638,"protein_coding","kinesin family member 3A"
"442","COX4I1",-0.566087531773955,0.0157450883853769,18.7016135247478,0.0442204683297412,0.0697684944021865,-4.51139691356211,6.44020807083479e-06,6.08724069228948e-05,-0.225399332048082,1,"16",85798633,85807068,"protein_coding","cytochrome c oxidase subunit 4I1"
"443","GAPDH",-0.565864132225917,0.0251479916293184,29.7657001980578,0.000935572469913851,0.159070250465125,-3.56829304215091,0.000359314507003772,0.00160338859541026,-0.224459250388883,1,"12",6534512,6538374,"protein_coding","glyceraldehyde-3-phosphate dehydrogenase"
"444","MED4",-0.565859376859416,0.0149013048838109,17.8730329792599,0.0571435376208031,0.0631024963267219,-4.63549766553506,3.56079743624171e-06,3.74783281933595e-05,-0.202223090279843,1,"13",48053323,48095131,"protein_coding","mediator complex subunit 4"
"445","CKAP5",-0.565815722807659,0.00932333554328587,12.1880727558746,0.272666710174167,0.0175288584178571,-5.85988852184224,4.63178007059639e-09,1.50389896119364e-07,-0.17932841328067,1,"11",46743048,46846308,"protein_coding","cytoskeleton associated protein 5"
"446","NDUFS5",-0.565240197099755,0.0143622991904932,17.2133811829113,0.0697737403353283,0.0578257167214173,-4.7165132016694,2.39920806444083e-06,2.75692723516303e-05,-0.301275569843327,1,"1",39026318,39034636,"protein_coding","NADH:ubiquinone oxidoreductase subunit S5"
"447","MAPK8",-0.56502955064671,0.0117121751574023,14.5626206838605,0.148840108685286,0.0364408842835441,-5.22098424119555,1.77974687209925e-07,3.24487644618443e-06,-0.24582347306099,1,"10",48306639,48439360,"protein_coding","mitogen-activated protein kinase 8"
"448","MRPS35",-0.564944968739109,0.0365974569403449,44.5707012620534,2.59884130910245e-06,0.282012847017614,-2.95311725397919,0.00314582447839662,0.00945727718474381,-0.150107525984967,1,"12",27710822,27756295,"protein_coding","mitochondrial ribosomal protein S35"
"449","SNX4",-0.564601821293833,0.0140943157454484,16.8953153543255,0.0767127171537142,0.0553762826676074,-4.75576379706454,1.97697515069706e-06,2.36338393015148e-05,-0.274489658944633,1,"3",125446650,125520202,"protein_coding","sorting nexin 4"
"450","ARL8B",-0.564467467953029,0.0233265664067213,27.8685559318639,0.0018948093234964,0.144091225502659,-3.6958429555834,0.000219158417709586,0.00107184870028119,-0.212928542440304,1,"3",5122249,5180911,"protein_coding","ADP ribosylation factor like GTPase 8B"
"451","DDOST",-0.564416915250878,0.0263645868418848,31.1201243595274,0.000560513054768269,0.170916012009198,-3.47607818265975,0.000508803934027968,0.00212997110464553,-0.175607558238793,1,"1",20651767,20661544,"protein_coding","dolichyl-diphosphooligosaccharide--protein glycosyltransferase non-catalytic subunit"
"452","SUCLA2",-0.564413458283478,0.00985509639649256,12.6606370230655,0.243269643556701,0.0213310352007575,-5.68547720343683,1.30447885826612e-08,3.65982608740146e-07,-0.334658891945528,1,"13",47745736,48037968,"protein_coding","succinate-CoA ligase ADP-forming subunit beta"
"453","DLGAP1",-0.563842802310135,0.0318655436557151,37.9623564002586,3.85286075744446e-05,0.227045293269216,-3.15861995444286,0.00158518058426704,0.00540379123347028,-0.383137426988342,1,"18",3496032,4455307,"protein_coding","DLG associated protein 1"
"454","TUBGCP5",-0.563553926100478,0.0260788252518994,30.7780077580672,0.000638349153952949,0.169106090041784,-3.48972711248269,0.000483514011095476,0.00204690840914463,-0.309230881680208,1,"HSCHR15_2_CTG3",1630,4406,"protein_coding","tubulin gamma complex component 5"
"455","ATP5PF",-0.56277360667019,0.025945788815695,30.8791569078422,0.00061430008671626,0.168609457606802,-3.49381803234474,0.000476165455823852,0.00202027045584469,-0.224098895402477,1,"21",25716503,25735673,"protein_coding","ATP synthase peripheral stalk subunit F6"
"456","GPI",-0.56213412092765,0.0130106964277312,15.8823780974539,0.103049331415549,0.046990762612092,-4.92821533069442,8.29841312111057e-07,1.1471656509078e-05,-0.278084765295329,1,"19",34359480,34402413,"protein_coding","glucose-6-phosphate isomerase"
"457","EPB41L3",-0.561555140824684,0.0226733092115247,26.7694472360136,0.00283216518104503,0.13531111722995,-3.72936552655709,0.000191962517590794,0.00096347599477822,-0.259111822334843,1,"18",5392381,5630700,"protein_coding","erythrocyte membrane protein band 4.1 like 3"
"458","PARG",-0.561544840581834,0.00650940983375936,7.39088637995911,0.688098967613917,0,-6.96007041694526,3.4010572136367e-12,2.6503053249969e-10,-0.238264407917055,1,"10",49818279,49970203,"protein_coding","poly(ADP-ribose) glycohydrolase"
"459","TXNL1",-0.561448175006092,0.0249139231975264,29.8507944401371,0.000906119913324237,0.159621600954755,-3.55703889307954,0.000375058644907389,0.00165817060072525,-0.182248779891669,1,"18",56597209,56651600,"protein_coding","thioredoxin like 1"
"460","ACTR1A",-0.561296520112455,0.026078364482971,30.9863607928809,0.000589776251173406,0.169954557414414,-3.47577915437562,0.000509371559646032,0.00213192313804506,-0.118035391432282,1,"10",102461881,102502712,"protein_coding","actin related protein 1A"
"461","LCMT1",-0.560810417237638,0.0263724527614,31.3008538560638,0.000523215719012283,0.172986439391758,-3.45335170126234,0.000553666635060512,0.0022845942344917,-0.214555166645136,1,"16",25111731,25178231,"protein_coding","leucine carboxyl methyltransferase 1"
"462","DOP1A",-0.56036203721471,0.0118318837198802,14.6220642257762,0.146460208900632,0.0369509209001313,-5.15159554622836,2.58279580167553e-07,4.42164553842581e-06,-0.274988666398137,1,"6",83067666,83171350,"protein_coding","DOP1 leucine zipper like protein A"
"463","RUFY3",-0.560352855116688,0.00787527470222541,11.0228547352858,0.355740180565774,0.00813549232482755,-6.31435119844697,2.71297206921872e-10,1.30619982463071e-08,-0.209461129279264,1,"4",70704204,70808619,"protein_coding","RUN and FYVE domain containing 3"
"464","SDHB",-0.560242011324918,0.0307152040225487,36.9062391144041,5.87463371986455e-05,0.21851445934606,-3.19667857497081,0.00139019744889879,0.00486199373750507,-0.159116742008553,1,"1",17018664,17054151,"protein_coding","succinate dehydrogenase complex iron sulfur subunit B"
"465","PGK1",-0.560070732302383,0.0136299589003905,16.4282035136231,0.0880132207407305,0.0514513285638498,-4.79728593976161,1.60829935746953e-06,1.99402583860689e-05,-0.286894953322115,1,"X",77910739,78129295,"protein_coding","phosphoglycerate kinase 1"
"466","BTF3L4",-0.559654364699768,0.0249459142821208,29.8774048090047,0.000897096264196144,0.16057880295144,-3.54340001180127,0.000395003065119637,0.00173432063650191,-0.216290930654252,1,"1",52056199,52090716,"protein_coding","basic transcription factor 3 like 4"
"467","VPS39",-0.55904232550594,0.019641639493631,23.0298856288442,0.010636801462705,0.105192336057248,-3.98892455271019,6.63735261918763e-05,0.000404547795792896,-0.179166035037272,1,"15",42158701,42208307,"protein_coding","VPS39 subunit of HOPS complex"
"468","NALCN",-0.558961659995237,0.00755382919240091,10.745138284868,0.377715819626535,0.00595638145331231,-6.43129513271214,1.26521237930888e-10,6.72223951026737e-09,-0.266716604199786,1,"13",101053776,101416508,"protein_coding","sodium leak channel, non-selective"
"469","SLC39A10",-0.558776625661366,0.0251102556821679,29.818288698376,0.000917262612969471,0.160648979842639,-3.52624646090549,0.000421494524566635,0.00182624480990156,-0.404446055912848,1,"2",195575977,195737702,"protein_coding","solute carrier family 39 member 10"
"470","DSTN",-0.558613365379858,0.0351796534224878,42.8837431586919,5.216758645946e-06,0.267012287570489,-2.97828013035392,0.00289870919765645,0.0088351211819052,-0.211811460365228,1,"20",17570075,17609919,"protein_coding","destrin, actin depolymerizing factor"
"471","EIF2AK1",-0.558550565694743,0.017587259454578,20.9706022976653,0.0212994929710837,0.0883296020302364,-4.21175801241082,2.53390911635343e-05,0.000184637396600721,-0.16161720751397,1,"7",6022247,6059175,"protein_coding","eukaryotic translation initiation factor 2 alpha kinase 1"
"472","RNF34",-0.558233124212408,0.0152839207704082,18.2470382442673,0.0509367158814796,0.0660405496558172,-4.51542064253535,6.31912074910979e-06,5.99302909886014e-05,-0.144914411738034,1,"12",121400083,121430623,"protein_coding","ring finger protein 34"
"473","EIF4H",-0.558131456528517,0.0317761019011825,38.2279435621654,3.46357948671252e-05,0.227076679604037,-3.13102251390559,0.00174198805456705,0.00583439475456188,-0.16148973931945,1,"7",74174231,74197122,"protein_coding","eukaryotic translation initiation factor 4H"
"474","NMNAT2",-0.55754339200633,0.0285923307768111,34.407930411849,0.000157492098447618,0.19706913672717,-3.29726530811622,0.000976312303299975,0.00362727884418371,-0.427496844456029,1,"1",183248237,183418380,"protein_coding","nicotinamide nucleotide adenylyltransferase 2"
"475","MTMR9",-0.556891785219496,0.0144901580460728,17.5113017494455,0.0637884762219515,0.0600459316224445,-4.62630488434005,3.72247215518762e-06,3.88900429276392e-05,-0.224656101983849,1,"8",11284816,11328146,"protein_coding","myotubularin related protein 9"
"476","PCCB",-0.55682833073808,0.0184120116948233,21.9131940485739,0.0155529810146471,0.0953467548202932,-4.10365368279785,4.06676089097502e-05,0.000270945690773003,-0.182074014629817,1,"3",136250340,136337896,"protein_coding","propionyl-CoA carboxylase subunit beta"
"477","NAPB",-0.556459646416201,0.0242921648562742,29.2002769379661,0.00115631692653427,0.154347404024568,-3.57026592991378,0.000356619000457581,0.00159203559720507,-0.463662894434714,1,"20",23374519,23421519,"protein_coding","NSF attachment protein beta"
"478","PFDN2",-0.55595508590908,0.0278532949330778,33.0506236005236,0.000267101008831088,0.185940336172681,-3.33120545197619,0.000864707567503897,0.00327396926764117,-0.251937824841246,1,"1",161100556,161118055,"protein_coding","prefoldin subunit 2"
"479","AGK",-0.555629090040334,0.00649988244429677,6.79340049980826,0.744794643143069,0,-6.89179299233768,5.50937073739988e-12,4.02148195559131e-10,-0.214206144050288,1,"7",141551278,141655244,"protein_coding","acylglycerol kinase"
"480","RABGAP1L",-0.554969090124756,0.00649290549610741,6.46654344854902,0.774662772220815,0,-6.88730402182468,5.68589619831528e-12,4.12521572457081e-10,-0.267658833680243,1,"1",174159410,174995308,"protein_coding","RAB GTPase activating protein 1 like"
"481","SLC39A9",-0.554918108325257,0.0179920387491988,21.4851477678998,0.0179534113240741,0.0920346412403146,-4.13703036217272,3.5182957011104e-05,0.00024080982937984,-0.136666838824322,1,"14",69398015,69462390,"protein_coding","solute carrier family 39 member 9"
"482","SLC8A3",-0.554815020026254,0.0259166163627434,30.5048071693499,0.000707985624096883,0.166034249673696,-3.44634745234227,0.000568219270579817,0.00233457009431739,-0.341817977379749,1,"14",70044215,70189480,"protein_coding","solute carrier family 8 member A3"
"483","DYNC1H1",-0.554484211361772,0.014204314544625,17.0933595221786,0.0723235292976714,0.0567248384912421,-4.65242139154559,3.28059814136417e-06,3.51920494467531e-05,-0.151385140488452,1,"14",101964573,102056443,"protein_coding","dynein cytoplasmic 1 heavy chain 1"
"484","OTUB1",-0.554193335869436,0.0231267478921445,27.3967286981817,0.00225310910466125,0.140492134328379,-3.64421520699685,0.000268208934667058,0.00126357276878524,-0.242519634469219,1,"11",63985853,64001811,"protein_coding","OTU deubiquitinase, ubiquitin aldehyde binding 1"
"485","USP14",-0.5536668924845,0.0113668742129247,14.1640656876668,0.165638748429592,0.03327109567,-5.19311604990407,2.06803184354953e-07,3.65334928533016e-06,-0.219046417579538,1,"18",158383,214629,"protein_coding","ubiquitin specific peptidase 14"
"486","DTNB",-0.553408800199045,0.0139887107149966,16.8818578343767,0.0770193842850292,0.0551002801568903,-4.67904493967417,2.88214272825549e-06,3.18823780244456e-05,-0.212059379460955,1,"2",25377198,25673647,"protein_coding","dystrobrevin beta"
"487","CEP83",-0.553408683639096,0.0122273284222884,15.0423817362729,0.130524317681998,0.0403548393228526,-5.00472456139171,5.59419629952984e-07,8.34765178312822e-06,-0.207376606664663,1,"12",94306449,94459988,"protein_coding","centrosomal protein 83"
"488","LRRC49",-0.552817427476234,0.0295607749226965,35.3439445959892,0.000109062605530526,0.205893965220407,-3.21531715967018,0.00130300472029976,0.00461613391397659,-0.278354615576128,1,"15",70853239,71053658,"protein_coding","leucine rich repeat containing 49"
"489","MED6",-0.552215029445047,0.0258894915540324,31.3655362548505,0.000510464932989202,0.171313153140734,-3.43199354087295,0.000599161828264139,0.00243272189630982,-0.178836922457899,1,"14",70581257,70600690,"protein_coding","mediator complex subunit 6"
"490","GLT8D1",-0.552120562555752,0.0103025514822851,13.2031316646969,0.212535251988104,0.0254774432201078,-5.43953186383163,5.34207547087107e-08,1.17080487403258e-06,-0.165187710148165,1,"3",52694486,52706032,"protein_coding","glycosyltransferase 8 domain containing 1"
"491","RBFOX2",-0.552109773095313,0.0196479723210947,23.3972335784681,0.00937157874383939,0.107336289756029,-3.93882391376576,8.18819950580973e-05,0.000480021503489097,-0.263137364122241,1,"22",35738736,36028824,"protein_coding","RNA binding fox-1 homolog 2"
"492","APMAP",-0.551731440405575,0.0277509717872216,33.1520949218112,0.000256808466149791,0.187862083851673,-3.31198708786054,0.000926358214025313,0.00346684041677207,-0.202979280151172,1,"20",24962925,24992751,"protein_coding","adipocyte plasma membrane associated protein"
"493","ARV1",-0.551448924821037,0.0148842036299835,18.048311091819,0.054154149725352,0.0640931562240385,-4.52004223472707,6.18272956920407e-06,5.90756721780443e-05,-0.215087590029723,1,"1",230978981,231000733,"protein_coding","ARV1 homolog, fatty acid homeostasis modulator"
"494","EXOC6",-0.551343437248772,0.0192597354013734,22.9676960719528,0.0108664476245398,0.104633197308386,-3.97280319333025,7.10317358281198e-05,0.000426271455169322,-0.287993238131955,1,"10",92826831,93059493,"protein_coding","exocyst complex component 6"
"495","SLIRP",-0.551090177938313,0.0185582321948179,21.8607872226037,0.015829723478625,0.0952673758358383,-4.04533385058458,5.2248611404071e-05,0.000331717194912991,-0.2306766594822,1,"14",77708071,77761104,"protein_coding","SRA stem-loop interacting RNA binding protein"
"496","ABHD10",-0.550418348204906,0.0119408053463284,14.718070525015,0.1426835496037,0.0376827494232388,-5.03704804500625,4.72766145787062e-07,7.27119861649108e-06,-0.235017343897871,1,"3",111979010,111993368,"protein_coding","abhydrolase domain containing 10, depalmitoylase"
"497","EIF4A2",-0.550389446329488,0.017307600163659,20.5672307459434,0.0243217914938149,0.0847199997719665,-4.18361460946598,2.86910340672186e-05,0.00020391982536365,-0.248471980580314,1,"3",186783205,186789897,"protein_coding","eukaryotic translation initiation factor 4A2"
"498","REEP1",-0.550346998579911,0.0367608488721845,44.2520379454122,2.96565552535739e-06,0.278561191098302,-2.87040935371352,0.00409940714538104,0.0117556939265118,-0.312017770196287,1,"2",86213993,86338083,"protein_coding","receptor accessory protein 1"
"499","SUCLG1",-0.549494241199725,0.0301731392192128,36.0472035269026,8.26181893429028e-05,0.210374491565162,-3.16339116238738,0.00155942648277008,0.00533761724377459,-0.171725792071454,1,"2",84423528,84460045,"protein_coding","succinate-CoA ligase GDP/ADP-forming subunit alpha"
"500","TRAP1",-0.549445028975331,0.0357428512749774,42.5608508736763,5.95737496648609e-06,0.266841530749013,-2.90622779147959,0.00365815032635952,0.0107122453537376,-0.157631330843395,1,"16",3651639,3717553,"protein_coding","TNF receptor associated protein 1"
"501","RAB1A",-0.549431808783613,0.0191574399875404,22.6593538153206,0.0120762529926637,0.101733100714021,-3.96958459883221,7.1998041170529e-05,0.000431209446691697,-0.192939309772392,1,"2",65070696,65130331,"protein_coding","RAB1A, member RAS oncogene family"
"502","CRMP1",-0.548781283700055,0.0226685604161987,27.1712308909294,0.00244669825266419,0.138307383068803,-3.64491429407256,0.000267480925694841,0.00126070758884844,-0.259655820788543,1,"4",5748084,5893086,"protein_coding","collapsin response mediator protein 1"
"503","IAH1",-0.548653417862188,0.0243931568759956,29.0146450458822,0.00123926052052831,0.153977862220106,-3.51288622876066,0.000443267238507739,0.00190294688802343,-0.137097844740952,1,"2",9473658,9496543,"protein_coding","isoamyl acetate hydrolyzing esterase 1 (putative)"
"504","VPS35",-0.54853802723192,0.0087156845268287,11.7054555257588,0.30525283344428,0.0136007973531794,-5.87565096513967,4.21184931376217e-09,1.39194880969459e-07,-0.268146134921125,1,"16",46656132,46689518,"protein_coding","VPS35 retromer complex component"
"505","ATP8A2",-0.547923728670578,0.0202837814385474,24.2026779844102,0.00708021673736859,0.113801487671313,-3.84720782570109,0.000119471621496503,0.000652735111993359,-0.364664584114197,1,"13",25371974,26025851,"protein_coding","ATPase phospholipid transporting 8A2"
"506","ZC2HC1A",-0.54723331538071,0.0175134730790669,20.7623031698933,0.022813387110145,0.0862703447961418,-4.13510355155971,3.54794616503895e-05,0.000242444908452158,-0.339028160803267,1,"8",78666050,78719765,"protein_coding","zinc finger C2HC-type containing 1A"
"507","CCDC191",-0.546851393438687,0.00701411641118768,10.3362291856927,0.411506371136895,0.00269936242513609,-6.52954378337776,6.59703403016465e-11,3.71127262017819e-09,-0.313792560627872,1,"3",113964137,114056594,"protein_coding","coiled-coil domain containing 191"
"508","ESD",-0.546564773625497,0.00678666973479536,10.1850075696305,0.424414732761108,0.00147748310185097,-6.634577630968,3.25433013870224e-11,1.96192281141247e-09,-0.25390418547123,1,"13",46771256,46797420,"protein_coding","esterase D"
"509","SFXN1",-0.546283055582163,0.0167090187573643,19.9719874745363,0.029518755540283,0.0797082327615638,-4.22612420415373,2.37750796552305e-05,0.00017592303071982,-0.159203598919472,1,"5",175477062,175529742,"protein_coding","sideroflexin 1"
"510","MTMR7",-0.546225823344686,0.01148141024795,14.3341510901731,0.158288248689302,0.0345349930677133,-5.09770395264464,3.43797923019196e-07,5.62918933877344e-06,-0.286573195984379,1,"8",17296794,17413528,"protein_coding","myotubularin related protein 7"
"511","CCDC43",-0.546224024793267,0.0358535250348044,43.1985710386097,4.58249109996609e-06,0.270000014390168,-2.88472798384035,0.00391751991307454,0.0113267306542653,-0.125052805122109,1,"17",44673069,44689779,"protein_coding","coiled-coil domain containing 43"
"512","GUF1",-0.546213865340543,0.0213789223718693,25.535636123604,0.00441757370831333,0.124688794628386,-3.73568127143238,0.000187207665168332,0.000945021419179871,-0.153460155345836,1,"4",44678420,44700928,"protein_coding","GTP binding elongation factor GUF1"
"513","CEBPZOS",-0.546101213324503,0.0336459925131841,41.0636614636626,1.09950603619893e-05,0.251557472032705,-2.97718943712225,0.00290904202121522,0.00886148025573597,-0.179401329053214,1,"2",37196488,37216193,"protein_coding","CEBPZ opposite strand"
"514","PSMC6",-0.545945053182689,0.0130683367114501,15.9534741888461,0.100972023304392,0.0475210856502866,-4.77571913240284,1.79066176642095e-06,2.175261175837e-05,-0.213926883298275,1,"14",52707178,52728590,"protein_coding","proteasome 26S subunit, ATPase 6"
"515","SV2A",-0.545604200280476,0.0241049400021909,28.736941775348,0.00137422896451615,0.150781853146877,-3.51418546076753,0.000441104725480423,0.00189675933458167,-0.33144643559849,1,"1",149903318,149917844,"protein_coding","synaptic vesicle glycoprotein 2A"
"516","CHCHD6",-0.545496814728444,0.029608388331846,35.587874298969,9.9063031782467e-05,0.207804734001028,-3.17018666559415,0.00152341037106618,0.0052364898231061,-0.296695616434493,1,"3",126704240,126960420,"protein_coding","coiled-coil-helix-coiled-coil-helix domain containing 6"
"517","MICU1",-0.545226531470857,0.0191956323330541,22.8969476654017,0.0111334198286589,0.103289593905712,-3.93528118848713,8.30993450979811e-05,0.00048526511819637,-0.165812229872799,1,"10",72367340,72626131,"protein_coding","mitochondrial calcium uptake 1"
"518","ZFAND5",-0.545146321203289,0.00648373552276182,5.92554304852522,0.821479501539709,0,-6.77018350042743,1.28619337402824e-11,8.590955107795e-10,-0.240458625973967,1,"9",72351413,72365235,"protein_coding","zinc finger AN1-type containing 5"
"519","BBS7",-0.545134118063909,0.0115537137164963,14.3841226338491,0.156180449310606,0.0349410741514604,-5.07157161851892,3.94543728576835e-07,6.26978855684034e-06,-0.312086707419479,1,"4",121824329,121870487,"protein_coding","Bardet-Biedl syndrome 7"
"520","CHN1",-0.545050230376252,0.0234085311293867,28.051006889209,0.00177161114632839,0.145247191215788,-3.56245548366407,0.000367402223110158,0.0016301439844449,-0.446298536790252,1,"2",174798809,175005381,"protein_coding","chimerin 1"
"521","PAM",-0.544690808524505,0.0322969365948153,38.9597508214012,2.58038651220782e-05,0.234705340171456,-3.03088446219983,0.00243838534001917,0.00767903420954996,-0.239224305093082,1,"5",102753981,103029730,"protein_coding","peptidylglycine alpha-amidating monooxygenase"
"522","ELMOD1",-0.544649081929141,0.0223130005739734,26.4823930045837,0.00314279999418761,0.132654148441931,-3.64617733909968,0.000266170321712167,0.00125593710895358,-0.416272400760677,1,"11",107591091,107666779,"protein_coding","ELMO domain containing 1"
"523","WASL",-0.544352367125004,0.0134337773070028,16.3853391178557,0.0891202129113362,0.0510060052960376,-4.69657263646844,2.64563180873978e-06,2.98307037812888e-05,-0.227166626032066,1,"7",123681943,123749003,"protein_coding","WASP like actin nucleation promoting factor"
"524","REPS1",-0.54420784283858,0.0255177076626122,30.4784898346978,0.00071507207215929,0.166348362735453,-3.40677904653781,0.000657343176743153,0.00262687567686153,-0.268537493030086,1,"6",138903493,138988261,"protein_coding","RALBP1 associated Eps domain containing 1"
"525","ACAT1",-0.544027089953936,0.0255248062346658,30.2711864828291,0.000773361636354126,0.163922259754165,-3.40517392442271,0.000661219267048541,0.00263785615826722,-0.132662709588814,1,"11",108116695,108148957,"protein_coding","acetyl-CoA acetyltransferase 1"
"526","PAK3",-0.544002537206551,0.026306402649706,31.6438121482842,0.00045898350504533,0.173708127595804,-3.35405510593309,0.000796365014421596,0.00306845980984078,-0.347144142736685,1,"X",110944285,111227361,"protein_coding","p21 (RAC1) activated kinase 3"
"527","IDH3A",-0.543839117432029,0.020498263530287,24.5571193180561,0.00625127462610278,0.116816908175187,-3.79849803728099,0.000145575581766977,0.000769188910190154,-0.175166975400318,1,"15",78131498,78171945,"protein_coding","isocitrate dehydrogenase (NAD(+)) 3 catalytic subunit alpha"
"528","GSR",-0.543432825337715,0.0149924395515237,17.9948992368928,0.0550497450935391,0.0641325347987998,-4.43822907957236,9.07020569873573e-06,8.03863217781802e-05,-0.157085605719814,1,"8",30678066,30727846,"protein_coding","glutathione-disulfide reductase"
"529","RTN1",-0.543173983461643,0.0218923102948867,26.2984746683079,0.00335882838262081,0.130809062474445,-3.67107420120939,0.000241533200627364,0.00115865447815772,-0.416634405471208,1,"14",59595976,59870776,"protein_coding","reticulon 1"
"530","SEZ6L2",-0.543138459599771,0.0433195347993616,52.1797886927266,1.05690921279752e-07,0.34662155635817,-2.60956827638912,0.00906565530882908,0.0226453030627762,-0.29163716889503,1,"16",29871159,29899550,"protein_coding","seizure related 6 homolog like 2"
"531","HACL1",-0.543085098238343,0.0140493369030334,17.0105206122223,0.0741315094023243,0.0561247164653845,-4.58184056396129,4.60901244170309e-06,4.63766722971941e-05,-0.248980502168654,1,"3",15560699,15601852,"protein_coding","2-hydroxyacyl-CoA lyase 1"
"532","VPS11",-0.542590496634358,0.032630765944444,38.9359287322153,2.60528298200133e-05,0.234240300199758,-3.0037137931279,0.00266706089842939,0.00826557096817709,-0.13225794842792,1,"11",119067818,119081972,"protein_coding","VPS11 core subunit of CORVET and HOPS complexes"
"533","SDAD1",-0.542414550590406,0.0118579267775778,14.590736612982,0.147710467686426,0.036790649001826,-4.98111936526822,6.32175288783898e-07,9.17308143173326e-06,-0.185754835452875,1,"4",75940950,75990962,"protein_coding","SDA1 domain containing 1"
"534","GABRA1",-0.542376577015386,0.0246950510550642,29.5718662525885,0.00100618157534434,0.157292035998814,-3.45140530030123,0.000557675423255466,0.00229843112738394,-0.574250194122647,1,"5",161847063,161899981,"protein_coding","gamma-aminobutyric acid type A receptor subunit alpha1"
"535","DCLK1",-0.54216892333335,0.0314828519245101,37.2789555964101,5.06369058914089e-05,0.221491024775844,-3.05560763976152,0.00224604965307473,0.00718080606301358,-0.402659432387328,1,"13",35768652,36131382,"protein_coding","doublecortin like kinase 1"
"536","DNAJC18",-0.54195289622582,0.0252327249209378,29.9512666578075,0.00087250540278282,0.160043343163389,-3.41176779126116,0.000645430696153415,0.00258942463779913,-0.118628572926323,1,"5",139408588,139444491,"protein_coding","DnaJ heat shock protein family (Hsp40) member C18"
"537","ACTN2",-0.541613390188566,0.00908666230664369,11.9957621574214,0.285340223640079,0.0159628244359088,-5.68181643387263,1.33271660374135e-08,3.71172994068698e-07,-0.331415001194768,1,"1",236664141,236764631,"protein_coding","actinin alpha 2"
"538","EIF2S1",-0.541113395802115,0.0213343728778378,25.0905523059025,0.00517648271800797,0.121037098412518,-3.70465990267717,0.000211674545056662,0.00104422800187389,-0.173521927776331,1,"14",67360328,67386516,"protein_coding","eukaryotic translation initiation factor 2 subunit alpha"
"539","TFCP2",-0.541073966296506,0.0165019652770415,19.6365026099223,0.0328843966358084,0.0770301640631574,-4.21200428114993,2.53114745936145e-05,0.00018452994644825,-0.149992664848607,1,"12",51093656,51173135,"protein_coding","transcription factor CP2"
"540","CD47",-0.540787162171256,0.0183888937067607,21.9231480828144,0.0155009353030106,0.0954315013450273,-3.98793960031389,6.6649626055737e-05,0.000405408537789161,-0.242953485178669,1,"3",108043091,108091862,"protein_coding","CD47 molecule"
"541","AASDHPPT",-0.540490403428926,0.0148982255089099,17.9587039246175,0.0556642558300644,0.0635129728132709,-4.42813360074143,9.50520207543271e-06,8.33984368920368e-05,-0.266849748922993,1,"11",106075501,106098699,"protein_coding","aminoadipate-semialdehyde dehydrogenase-phosphopantetheinyl transferase"
"542","SLC9A6",-0.540467378273574,0.0222962243340302,26.8359193401907,0.00276457681136493,0.134999509908493,-3.6195436891392,0.000295122982227003,0.00136560095580738,-0.33616141780562,1,"X",135973841,136047269,"protein_coding","solute carrier family 9 member A6"
"543","CLIP3",-0.539583423321612,0.0193877330210859,23.0470261913893,0.010574321506854,0.10477377296247,-3.87520858706602,0.000106533403787967,0.000592822749457506,-0.270747644791607,1,"19",36014660,36033343,"protein_coding","CAP-Gly domain containing linker protein 3"
"544","SMAP1",-0.539582057062229,0.0233162082671893,27.8054398279924,0.00193932879920815,0.143233215888286,-3.53369072435815,0.000409800301249819,0.00178587372375646,-0.167777835694829,1,"6",70667776,70862011,"protein_coding","small ArfGAP 1"
"545","PSMD12",-0.539384279647323,0.014636389819342,17.4811511611523,0.0643725340240887,0.059842468783206,-4.45842331226883,8.25647253988038e-06,7.43329834142418e-05,-0.215912637979099,1,"17",67337916,67366605,"protein_coding","proteasome 26S subunit, non-ATPase 12"
"546","DDHD2",-0.539184078350382,0.0174037756595184,20.7412020801984,0.0229722336095943,0.0863711605946395,-4.08710053940637,4.36797861784743e-05,0.000287644037932739,-0.279023907958574,1,"8",38225218,38275558,"protein_coding","DDHD domain containing 2"
"547","RBSN",-0.53884492530191,0.0138021857938257,16.6601938092069,0.0822293956333757,0.0532794493949827,-4.5865893947645,4.50545536101465e-06,4.53997992316802e-05,-0.134164326687092,1,"3",15070069,15099163,"protein_coding","rabenosyn, RAB effector"
"548","DLG3",-0.538608024044877,0.030451458409149,36.6747907923162,6.44116383035788e-05,0.216008071412824,-3.08651769119217,0.0020251589525957,0.0065907725232194,-0.273684210863859,1,"X",70444835,70505490,"protein_coding","discs large MAGUK scaffold protein 3"
"549","DOCK3",-0.538124752838544,0.0138635221078422,16.7308080096327,0.0805368066665339,0.0537669430802309,-4.57031548062438,4.86990543846488e-06,4.85375700735676e-05,-0.253049546661477,1,"3",50674927,51384198,"protein_coding","dedicator of cytokinesis 3"
"550","PCNX2",-0.5373511860909,0.010933808809477,13.7576244214384,0.184336925546596,0.0299580455454608,-5.13892730348155,2.76311261204754e-07,4.66954934598234e-06,-0.274726886284826,1,"1",232983435,233295725,"protein_coding","pecanex 2"
"551","ATP6V0A1",-0.537258088357836,0.0165421671015651,19.6169415894466,0.0330911884594733,0.0771073545183166,-4.17721434439768,2.95100914395885e-05,0.000208283235118733,-0.220991582244732,1,"17",42458844,42522582,"protein_coding","ATPase H+ transporting V0 subunit a1"
"552","TCERG1",-0.537043613271688,0.0136165657673814,16.497986289825,0.0862368981641403,0.0521182602091786,-4.60230887504217,4.17832932342321e-06,4.27379917184368e-05,-0.270155631882199,1,"5",146447311,146511961,"protein_coding","transcription elongation regulator 1"
"553","UBE2E3",-0.536965329014901,0.0290846470060965,34.916458941354,0.000129030797046582,0.20175751797615,-3.14857720040178,0.00164067380734578,0.00556142692227409,-0.190199835233201,1,"2",180967248,181076585,"protein_coding","ubiquitin conjugating enzyme E2 E3"
"554","NDUFS4",-0.536707006737282,0.0110761231688653,13.8655147346042,0.179214754753905,0.0308392383988283,-5.0996853004654,3.40218659022895e-07,5.57926779878543e-06,-0.231004575094888,1,"5",53560633,53683338,"protein_coding","NADH:ubiquinone oxidoreductase subunit S4"
"555","NAV3",-0.536613308687789,0.00650337384329358,9.83448197266622,0.455132928495222,0,-6.65414223041991,2.8495650283844e-11,1.74795475793609e-09,-0.288337616362784,1,"12",77324641,78213010,"protein_coding","neuron navigator 3"
"556","PLCB1",-0.536126224314353,0.0277219867420939,33.1413825000487,0.000257876455928071,0.187149975433295,-3.21999261220148,0.00128193900357565,0.00454839740897667,-0.394051107233427,1,"20",8077251,8968360,"protein_coding","phospholipase C beta 1"
"557","SNAP91",-0.535326377432232,0.0177394303172253,21.2664450190514,0.0193103623447117,0.0899128326910404,-4.01928505958297,5.83750088456458e-05,0.000363590937274242,-0.365952941817799,1,"6",83552880,83709691,"protein_coding","synaptosome associated protein 91"
"558","TTC1",-0.535237156973407,0.0160628585592434,19.1724188578933,0.0381265702824784,0.0733776498233381,-4.22313376443504,2.40928728676426e-05,0.000177989482140169,-0.167179224184941,1,"5",160009113,160065543,"protein_coding","tetratricopeptide repeat domain 1"
"559","BCAS3",-0.534970164112451,0.00651252471658629,9.82570920764417,0.455915327086445,0,-6.62910456278441,3.37729844090973e-11,2.01298467979435e-09,-0.188805753788175,1,"17",60677453,61392838,"protein_coding","BCAS3 microtubule associated cell migration factor"
"560","ARHGEF9",-0.534734911308083,0.0196462295397584,23.4463730814535,0.00921360849387226,0.107883161411758,-3.81503856031327,0.00013616166984276,0.000727486422928308,-0.301438235710438,1,"X",63634967,63809274,"protein_coding","Cdc42 guanine nucleotide exchange factor 9"
"561","GNL3",-0.534552255685378,0.0196584306540502,23.2084867761988,0.010002635261434,0.106227143367891,-3.81255172148319,0.000137539435483225,0.000733357760407261,-0.204981038020966,1,"3",52681156,52694497,"protein_coding","G protein nucleolar 3"
"562","AKAP6",-0.534546391700816,0.0169533554004096,20.0505771646087,0.0287779260900557,0.0804603448341717,-4.10541976755611,4.03581344721182e-05,0.000269481164485359,-0.249714915849827,1,"14",32329298,32837684,"protein_coding","A-kinase anchoring protein 6"
"563","CYB5B",-0.534088344510976,0.0234966692044732,27.5123527913896,0.00215967720849839,0.141883579242577,-3.48425513705951,0.000493508801375331,0.00207959647124714,-0.196157945208333,1,"16",69398402,69466264,"protein_coding","cytochrome b5 type B"
"564","SPIN1",-0.533832429520502,0.022454114869474,26.5731421382662,0.00304120557019076,0.133523845442475,-3.56251730786346,0.000367315683335478,0.0016301037708033,-0.222988797914116,1,"9",88388430,88478694,"protein_coding","spindlin 1"
"565","GRB2",-0.5337164502459,0.0315621106941608,37.985394538798,3.81745246073732e-05,0.226699209659233,-3.00419119937029,0.00266287922623376,0.00825504330631477,-0.0739992360704464,1,"17",75318076,75405709,"protein_coding","growth factor receptor bound protein 2"
"566","MNAT1",-0.533558177676933,0.0135906846272086,16.5652015351792,0.0845558516792659,0.0523290235006144,-4.57679134213721,4.72161982201236e-06,4.73512302455386e-05,-0.189748815768874,1,"14",60734742,60969965,"protein_coding","MNAT1 component of CDK activating kinase"
"567","ANKRD13C",-0.533534441562809,0.00905449170595751,12.0386960413539,0.282475068214767,0.0161906472777617,-5.60699827270024,2.05865715585674e-08,5.36066170287447e-07,-0.186965934741532,1,"1",70258999,70354734,"protein_coding","ankyrin repeat domain 13C"
"568","CACNA2D1",-0.531367193645751,0.0151340559474549,18.2236917427214,0.0513054895426321,0.0657265686995792,-4.31933680749373,1.56498784711356e-05,0.000125444025527134,-0.347555200821085,1,"7",81946444,82443956,"protein_coding","calcium voltage-gated channel auxiliary subunit alpha2delta 1"
"569","SNRPB2",-0.531356556652816,0.0231327406094171,27.6417286079099,0.00205957566146706,0.141557327178342,-3.49359453759195,0.000476564215963871,0.00202073984358723,-0.158618317102007,1,"20",16729961,16742564,"protein_coding","small nuclear ribonucleoprotein polypeptide B2"
"570","RBFOX1",-0.531180374855105,0.0267675321136406,32.0927650529423,0.000386429635716298,0.177686798449639,-3.24666780848266,0.00116764589902973,0.00420456438740127,-0.402731496524965,1,"16",5239802,7713340,"protein_coding","RNA binding fox-1 homolog 1"
"571","PPCS",-0.530800405419504,0.0318071206589366,38.0211622336179,3.76311360635751e-05,0.228297878656086,-2.97624766522586,0.00291799105320134,0.00888616757263804,-0.174764190876649,1,"1",42456117,42473385,"protein_coding","phosphopantothenoylcysteine synthetase"
"572","PDE1A",-0.530786400396676,0.00962740597897915,12.5934676744617,0.24729763884596,0.0205450922523815,-5.4095998827332,6.31657137706298e-08,1.35336722783508e-06,-0.513209466231855,1,"2",182139968,182523359,"protein_coding","phosphodiesterase 1A"
"573","EXOSC9",-0.530359214439783,0.0242877009488968,29.0838735046787,0.001207673536284,0.153510668041144,-3.40311727225551,0.000666216786423535,0.00265175958879137,-0.221334701849037,1,"4",121801318,121817021,"protein_coding","exosome component 9"
"574","NDUFA4",-0.530351475540825,0.0137038318982808,16.6911970561144,0.0814824285749987,0.0532752212337026,-4.53046490150866,5.8854032150002e-06,5.66722579604595e-05,-0.294305157855143,1,"7",10931943,10940153,"protein_coding","NDUFA4 mitochondrial complex associated"
"575","UCHL1",-0.529834869756408,0.0239323202329064,28.7259608135896,0.00137984919738601,0.150605280261836,-3.42490188235575,0.000615021489281498,0.00248560356021566,-0.396764361450518,1,"4",41256413,41268455,"protein_coding","ubiquitin C-terminal hydrolase L1"
"576","RAB3C",-0.529324163982137,0.0253684820865234,30.1155582851553,0.000820137662855501,0.16197432342953,-3.32333773791464,0.000889471526386076,0.00335084707523063,-0.519879544037427,1,"5",58582221,58859394,"protein_coding","RAB3C, member RAS oncogene family"
"577","NUDCD3",-0.529292923625346,0.0263350182846971,31.5436518661016,0.000476900735709763,0.173036982721189,-3.26158931445932,0.00110789524931509,0.00402731790697816,-0.150145887273823,1,"7",44379119,44490658,"protein_coding","NudC domain containing 3"
"578","BDH1",-0.52920513113598,0.0206208373935511,24.7553975829906,0.00582893622709557,0.118003863183193,-3.68528345679452,0.000228448245197965,0.00110954549375928,-0.213991106944158,1,"3",197509783,197573323,"protein_coding","3-hydroxybutyrate dehydrogenase 1"
"579","PITRM1",-0.529173726970922,0.0106844476039148,13.4803525477084,0.198040296904323,0.0277816888891378,-5.11943740023287,3.06448467046749e-07,5.10909330163519e-06,-0.19915740590634,1,"10",3137728,3172841,"protein_coding","pitrilysin metallopeptidase 1"
"580","STRIP1",-0.528980165584899,0.0164451079873786,19.7711288620769,0.0314932714575038,0.0778654459278231,-4.12497217536173,3.70779579672575e-05,0.000250923202197201,-0.12988455780474,1,"1",110031577,110074641,"protein_coding","striatin interacting protein 1"
"581","ACOT7",-0.528700800471796,0.0275073876961736,32.8765189428736,0.000285709633139184,0.185231295245057,-3.18775762816649,0.00143380665519244,0.00498715358327804,-0.35177270907387,1,"1",6264269,6393767,"protein_coding","acyl-CoA thioesterase 7"
"582","KLC1",-0.528598000705777,0.0197185875493167,23.6609131128709,0.00855313460212175,0.109751420990922,-3.76432935704726,0.00016699666029818,0.00086012478156027,-0.245285874144241,1,"14",103561896,103714249,"protein_coding","kinesin light chain 1"
"583","RPL7L1",-0.528517691564844,0.0240186968588821,28.729746960931,0.00137790887074633,0.150858356448599,-3.41023893886415,0.000649059889374692,0.00260118477570353,-0.114698926496843,1,"6",42879616,42889925,"protein_coding","ribosomal protein L7 like 1"
"584","YME1L1",-0.528458546768056,0.0111653626496063,13.9337951124277,0.176032894471105,0.0313726233084359,-5.00120330390948,5.69735935762594e-07,8.45362770694286e-06,-0.192141665315329,1,"10",27110088,27155266,"protein_coding","YME1 like 1 ATPase"
"585","SUPT7L",-0.527880705160559,0.00853866328413612,11.564552306345,0.315255481377349,0.012457721316679,-5.71269245479379,1.11202542729671e-08,3.18326734562216e-07,-0.150437064405093,1,"2",27650809,27663840,"protein_coding","SPT7 like, STAGA complex subunit gamma"
"586","PSMC4",-0.526988538539511,0.0160048645348041,19.0404113186993,0.03975238934325,0.0723332593283049,-4.16557701727035,3.10566053280947e-05,0.000217105885147809,-0.220219720120402,1,"HG2021_PATCH",246308,256907,"protein_coding","proteasome 26S subunit, ATPase 4"
"587","REEP5",-0.52648975442721,0.0273694599307929,33.1328441026129,0.000258730816691763,0.186450534804447,-3.18241498165901,0.00146052388179374,0.0050616739372328,-0.269457323139721,1,"5",112876385,112922289,"protein_coding","receptor accessory protein 5"
"588","EPS15",-0.526378930056592,0.00649421941495848,7.70396923742364,0.657727354505249,0,-6.53183218135653,6.49700293564592e-11,3.66479736638044e-09,-0.240618632527014,1,"1",51354263,51519328,"protein_coding","epidermal growth factor receptor pathway substrate 15"
"589","ATP5MG",-0.526276054440828,0.0212906199139276,25.5068580966588,0.00446322369377332,0.124416692322167,-3.6067783708666,0.000310022240676222,0.0014220355734794,-0.182412456859208,1,"11",118401346,118433278,"protein_coding","ATP synthase membrane subunit g"
"590","COX7A2L",-0.526164202423258,0.034044760335338,41.2173988714725,1.03266954799967e-05,0.252943667255313,-2.85164957989927,0.00434930178058002,0.0123461021941991,-0.171550033256652,1,"2",42333546,42425088,"protein_coding","cytochrome c oxidase subunit 7A2 like"
"591","COPS3",-0.52612795607743,0.0306889532600647,37.2409739042324,5.1410099498215e-05,0.219346048941498,-3.00331123677149,0.00267059161233751,0.00827042206705642,-0.189170993613267,1,"17",17246616,17281273,"protein_coding","COP9 signalosome subunit 3"
"592","RAB7A",-0.525567924109563,0.0178561456652926,21.2136065965179,0.0196523419775601,0.0897400881225635,-3.93310003007345,8.38573200332426e-05,0.000488606483937808,-0.134372979954192,1,"3",128693669,128825942,"protein_coding","RAB7A, member RAS oncogene family"
"593","MEF2C",-0.524488166641135,0.0237381455540468,28.5050310003156,0.00149778142755739,0.148520325181346,-3.40417830792274,0.000663634175794625,0.00264400661713075,-0.422067140920826,1,"5",88717117,88904257,"protein_coding","myocyte enhancer factor 2C"
"594","VPS53",-0.52337954714059,0.0216740449828826,26.0540738572792,0.00366813626539595,0.128742560524358,-3.55505858404802,0.000377894879777907,0.00166930679624757,-0.148124401317208,1,"HG2285_HG106_HG2252_PATCH",68145,281194,"protein_coding","VPS53 subunit of GARP complex"
"595","NRSN1",-0.522495081028539,0.0233923352536253,27.8969898788244,0.00187507808466678,0.143762767472689,-3.41621673962963,0.000634976861472403,0.00255545393369919,-0.381259358842075,1,"6",24126186,24154900,"protein_coding","neurensin 1"
"596","ARPC1A",-0.522326153930153,0.0226999268157775,27.002167207552,0.00260228509024842,0.136645208236245,-3.46680603466971,0.000526681800224083,0.00219259696808759,-0.140834514483084,1,"7",99325898,99366262,"protein_coding","actin related protein 2/3 complex subunit 1A"
"597","GABRG2",-0.522318641075724,0.0192276900117452,22.981940432892,0.0108134358850694,0.103914035715714,-3.76679486557775,0.000165356758527802,0.000853558930182764,-0.619161656935162,1,"5",162000057,162162977,"protein_coding","gamma-aminobutyric acid type A receptor subunit gamma2"
"598","GCC2",-0.522078576171207,0.00976389046799751,12.6041338796774,0.246654698413491,0.0208165740351521,-5.28353297952943,1.26716039439145e-07,2.44148852545753e-06,-0.255273742821495,1,"2",108449107,108509415,"protein_coding","GRIP and coiled-coil domain containing 2"
"599","PLRG1",-0.521973350456748,0.0125447713175717,15.3991227349147,0.118173898397695,0.0429930412876452,-4.66033306603887,3.15698113229068e-06,3.4150582531309e-05,-0.264092970188261,1,"4",154535005,154550400,"protein_coding","pleiotropic regulator 1"
"600","ZYG11B",-0.521907852566673,0.00648277159652256,7.51803603288667,0.675799603906068,0,-6.48206633209066,9.04747388119631e-11,4.98321598063797e-09,-0.266756081987929,1,"1",52726453,52827336,"protein_coding","zyg-11 family member B, cell cycle regulator"
"601","NDUFC1",-0.521808978113725,0.0231884273281423,27.6676785621487,0.00204004529915564,0.14192601165465,-3.42669854053882,0.000610966937282464,0.00247404219932208,-0.180253985212426,1,"4",139266880,139302551,"protein_coding","NADH:ubiquinone oxidoreductase subunit C1"
"602","DROSHA",-0.521411805739963,0.0231572840659599,27.5242525913349,0.00215027690625284,0.141591909142958,-3.42639200984736,0.000611656926238879,0.00247505030542514,-0.1193430131263,1,"5",31400494,31532196,"protein_coding","drosha ribonuclease III"
"603","CALM1",-0.520974220982417,0.0168923042281307,20.3272985694355,0.0263046310624973,0.0824085385100321,-4.00840676781272,6.11297628441143e-05,0.00037828535595299,-0.239531766429573,1,"14",90396502,90408268,"protein_coding","calmodulin 1"
"604","CDH8",-0.520839520719497,0.0178654391283837,21.4800139374911,0.0179842107768391,0.0915995086183701,-3.89670099868278,9.75118832278188e-05,0.000553751693147991,-0.414108899791821,1,"16",61647242,62037035,"protein_coding","cadherin 8"
"605","SRSF2",-0.520773731312432,0.00984060259210198,12.7238225885265,0.239525725329509,0.0216693942111227,-5.24974517279898,1.52309760581559e-07,2.85413159149702e-06,-0.209549545406767,1,"17",76734115,76737333,"protein_coding","serine and arginine rich splicing factor 2"
"606","WASF1",-0.520708255531517,0.0168041531477058,20.2415057590919,0.0270494444549139,0.081698672874256,-4.01685493404322,5.89800053019118e-05,0.000366599501197112,-0.35864406496313,1,"6",110099819,110180004,"protein_coding","WASP family member 1"
"607","NUP93",-0.520516978234166,0.03269450414374,39.2750888819984,2.272113075582e-05,0.237325169715321,-2.87870738783554,0.00399308639364659,0.01150884078388,-0.121009928187906,1,"16",56730118,56850286,"protein_coding","nucleoporin 93"
"608","RCN2",-0.520094850958445,0.0170848396431949,20.393222463217,0.0257453281971408,0.0831569838986589,-3.97902896661064,6.91973106830002e-05,0.000416927668032739,-0.209426738972825,1,"15",76931738,76954393,"protein_coding","reticulocalbin 2"
"609","TM2D3",-0.519631374916659,0.0311504535777332,38.072640844106,3.68624120950569e-05,0.226406352901767,-2.94417200038472,0.00323819982009965,0.00968192755647246,-0.199379367170167,1,"15",101621444,101652391,"protein_coding","TM2 domain containing 3"
"610","MRPL3",-0.519495775883222,0.0172508923764303,20.5063170395789,0.0248115528574986,0.0841949890558021,-3.95527093319661,7.64479661521378e-05,0.000453855871286958,-0.221646666397607,1,"3",131462212,131502983,"protein_coding","mitochondrial ribosomal protein L3"
"611","EPM2AIP1",-0.519472971640725,0.0130415496701006,15.9981844368368,0.0996843848563206,0.0476714755844002,-4.5488158551199,5.39486240325182e-06,5.28681439051785e-05,-0.259574360315854,1,"3",36985043,36993131,"protein_coding","EPM2A interacting protein 1"
"612","PSMC5",-0.51931917095192,0.0240505984005184,28.7342863101375,0.00137558603383872,0.149644030084447,-3.34866275558966,0.000812025713448072,0.00311656713078209,-0.171621209516778,1,"17",63827152,63832026,"protein_coding","proteasome 26S subunit, ATPase 5"
"613","HMGN2",-0.519192699709556,0.0179392629947962,21.2888093350052,0.0191673050708642,0.0899355020441994,-3.87637941719509,0.000106022314941834,0.000590916425530115,-0.245572770468627,1,"1",26472440,26478209,"protein_coding","high mobility group nucleosomal binding domain 2"
"614","SYT1",-0.51895628350949,0.0197999737394376,23.739989243607,0.0083212698830051,0.109714906444862,-3.6880641591063,0.000225966679660905,0.00109977768680672,-0.517628721313414,1,"12",78863993,79452008,"protein_coding","synaptotagmin 1"
"615","LYRM1",-0.51847241945018,0.0325908333682362,39.3730512579169,2.1839583265587e-05,0.237741774193452,-2.87195695109028,0.00407938533995966,0.0117142442408559,-0.141048889325871,1,"16",20899868,20925006,"protein_coding","LYR motif containing 1"
"616","GFM1",-0.518318029938276,0.0139328006865539,16.848109723034,0.0777932193444636,0.0546094977045223,-4.39113818368099,1.127588479366e-05,9.605045184559e-05,-0.224637688283483,1,"3",158644527,158695581,"protein_coding","G elongation factor mitochondrial 1"
"617","NEGR1",-0.518209980780055,0.0178627079658664,21.4579462051245,0.0181171683690849,0.0914629758737598,-3.87732427556413,0.000105611554831464,0.000589407722454643,-0.446923349091723,1,"1",71395943,72282539,"protein_coding","neuronal growth regulator 1"
"618","DCAF16",-0.518153727571703,0.010279852077387,13.2011847696435,0.212639904299246,0.0253762984888799,-5.1105211986296,3.21271258485467e-07,5.3016057086543e-06,-0.278143996586152,1,"4",17793446,17810758,"protein_coding","DDB1 and CUL4 associated factor 16"
"619","MTR",-0.518087461945678,0.0195490616111882,22.97930045713,0.0108232422354482,0.104540603498809,-3.70544289362888,0.000211021672163358,0.00104203563467848,-0.225673297504371,1,"1",236795260,236921278,"protein_coding","5-methyltetrahydrofolate-homocysteine methyltransferase"
"620","LDB2",-0.518078414293681,0.033406234458991,40.3317837823956,1.4810100337313e-05,0.245901225172818,-2.83453442228798,0.00458925135476473,0.0129295458629151,-0.401598687959766,1,"4",16501541,16898678,"protein_coding","LIM domain binding 2"
"621","IVD",-0.518051679545954,0.0275856726434195,32.8173467768458,0.000292318447041028,0.183998940816915,-3.11911435156223,0.00181395546914853,0.00603122994166958,-0.105916562458304,1,"15",40405485,40435947,"protein_coding","isovaleryl-CoA dehydrogenase"
"622","PACRGL",-0.517307362996097,0.0083736767957621,11.455408715313,0.323154504103808,0.0115433269258037,-5.65315069906197,1.5753307103239e-08,4.28229433400708e-07,-0.195529747737037,1,"4",20696282,20752907,"protein_coding","parkin coregulated like"
"623","RPAIN",-0.517259594270693,0.0234768590743367,27.9734484312506,0.00182300295700396,0.144414068461739,-3.37589210802608,0.000735767661699693,0.002876891210214,-0.130782229581422,1,"17",5419641,5432877,"protein_coding","RPA interacting protein"
"624","ACSL4",-0.517116731917517,0.00850062306194299,11.5320230674313,0.317595957033112,0.012198788246337,-5.60871291052614,2.03836827417092e-08,5.34088026009417e-07,-0.296074467269706,1,"X",109624244,109733403,"protein_coding","acyl-CoA synthetase long chain family member 4"
"625","CDC40",-0.517057454675549,0.0107241084768965,13.4981183076041,0.197138680590062,0.0279328880336445,-4.99296135629659,5.94604581793945e-07,8.72582719475576e-06,-0.245051331787297,1,"6",110180141,110254275,"protein_coding","cell division cycle 40"
"626","ATRNL1",-0.516777242781829,0.0206864716566146,24.5222414263792,0.00632853255803707,0.116728593851519,-3.59302442271508,0.000326861938693357,0.00148246932315332,-0.429780595828584,1,"10",115093365,115948999,"protein_coding","attractin like 1"
"627","RAB3GAP1",-0.516501827005616,0.0104498182884633,13.3618532962936,0.204137862281898,0.0266522354042875,-5.05262995828582,4.35767655737607e-07,6.80664549125408e-06,-0.143370152269373,1,"2",135052289,135176667,"protein_coding","RAB3 GTPase activating protein catalytic subunit 1"
"628","EBAG9",-0.516067102910672,0.00711644637070789,10.4569373365565,0.401359262839389,0.00362015111288719,-6.11750855108061,9.50496570339965e-10,3.93428428538962e-08,-0.204601109837439,1,"8",109539711,109570072,"protein_coding","estrogen receptor binding site associated antigen 9"
"629","MPC1",-0.516042959082029,0.0157688417471584,18.8422339899547,0.0423129163568385,0.0703686239515694,-4.10947137378914,3.96565867639698e-05,0.000265724390291059,-0.246840417963648,1,"6",166364919,166383013,"protein_coding","mitochondrial pyruvate carrier 1"
"630","CLSTN3",-0.515690505575547,0.029715538085326,35.8768982851078,8.83760634876648e-05,0.2083062843497,-2.9915573726351,0.00277558377770237,0.00852716442329113,-0.391864306738473,1,"12",7129698,7158945,"protein_coding","calsyntenin 3"
"631","POLR2A",-0.515367334268723,0.0333852788313575,40.3781038602714,1.45340193601133e-05,0.243927183987319,-2.82058624800042,0.00479359855914852,0.0133922870381735,-0.171545833156801,1,"17",7484366,7514616,"protein_coding","RNA polymerase II subunit A"
"632","HNRNPK",-0.515121702519755,0.0187972154964704,22.3564033334712,0.0133884055139829,0.0985405277804835,-3.75718939043537,0.000171832449830545,0.00088050529577074,-0.196301766444159,1,"9",83968083,83980631,"protein_coding","heterogeneous nuclear ribonucleoprotein K"
"633","LDHB",-0.514920281907402,0.0187807346407026,22.3404066853217,0.0134613109410241,0.0987042854883444,-3.75736780784526,0.000171710022392357,0.000880092295039025,-0.172154562849349,1,"12",21635342,21757857,"protein_coding","lactate dehydrogenase B"
"634","TRIM37",-0.514722688471512,0.0295976516245599,35.8297101226137,9.00400448495191e-05,0.208312839651499,-2.99188354303274,0.00277262009405321,0.00852116955578142,-0.300607723039305,1,"17",58982638,59106921,"protein_coding","tripartite motif containing 37"
"635","VPS4B",-0.514709369955007,0.0142761753567744,17.2270904130671,0.0694876641346939,0.0574421021962433,-4.30780600634049,1.64881896940194e-05,0.000130872023597703,-0.220649873315882,1,"18",63389190,63422483,"protein_coding","vacuolar protein sorting 4 homolog B"
"636","UBE2E2",-0.514437838317047,0.00964965223869554,12.6031505157724,0.246713921518929,0.0206372927205635,-5.23693367359771,1.63266331565382e-07,3.01856205284326e-06,-0.249626567357256,1,"3",23203020,23591794,"protein_coding","ubiquitin conjugating enzyme E2 E2"
"637","MRPL16",-0.513997657966708,0.0157203088670257,18.7581299883484,0.0434445480875816,0.0700083929472033,-4.09949728201512,4.14048532564326e-05,0.000275073606730452,-0.184055096787035,1,"11",59806140,59810778,"protein_coding","mitochondrial ribosomal protein L16"
"638","OGFOD1",-0.513867026485775,0.0151592850405775,18.3014529784762,0.0500865284112689,0.0661547458080588,-4.17360545631082,2.99816785900298e-05,0.000210904218500243,-0.152669025055132,1,"16",56451521,56479104,"protein_coding","2-oxoglutarate and iron dependent oxygenase domain containing 1"
"639","MPPE1",-0.513799097076105,0.0174104380308564,20.7675030042052,0.0227744013014594,0.0861930988704028,-3.89393311836948,9.86318541860154e-05,0.000559337622185721,-0.154091968889996,1,"18",11882622,11908366,"protein_coding","metallophosphoesterase 1"
"640","ADSS2",-0.513687805730672,0.0106908091571672,13.5354785640778,0.195253256762408,0.0281277566568301,-4.96814162685943,6.75975866837319e-07,9.67519199881442e-06,-0.228697467146387,1,"1",244408494,244451909,"protein_coding","adenylosuccinate synthase 2"
"641","TBC1D9",-0.513355416552782,0.0229187860916483,27.4671320374594,0.0021957634785454,0.140052060750545,-3.39095747250701,0.000696489077655293,0.00275091612424768,-0.323673497939525,1,"4",140620782,140756385,"protein_coding","TBC1 domain family member 9"
"642","NSG2",-0.512596512730519,0.0241953337263771,29.1780333905316,0.00116596377727228,0.153599921207841,-3.29541291140471,0.000982771596460763,0.0036448994164524,-0.361066109608419,1,"5",174045706,174243501,"protein_coding","neuronal vesicle trafficking associated 2"
"643","FAM174B",-0.51249751000799,0.0155388143486627,18.6485996647852,0.0449597948136591,0.069049998156875,-4.11133457677773,3.93378669985012e-05,0.000264009161610356,-0.201680488617639,1,"15",92617448,92809884,"protein_coding","family with sequence similarity 174 member B"
"644","ARPC2",-0.512239024948694,0.0109366779599344,13.7313609635298,0.185601449786807,0.029749433004345,-4.89812596949906,9.67550021657715e-07,1.30746643902879e-05,-0.189583340447062,1,"2",218217141,218254356,"protein_coding","actin related protein 2/3 complex subunit 2"
"645","RAB6A",-0.511911681162087,0.0183033137235041,21.7932358587066,0.0161932886488888,0.0944751486412218,-3.78381746851142,0.000154441107333536,0.000807916682818896,-0.215396725791853,1,"11",73675638,73761137,"protein_coding","RAB6A, member RAS oncogene family"
"646","ANK2",-0.511827034572746,0.0208982098269659,24.8273461256859,0.00568255170618582,0.118987106221655,-3.54053326215718,0.000399319297600842,0.00174852820427091,-0.21592180342414,1,"4",112818032,113384221,"protein_coding","ankyrin 2"
"647","ZC3H15",-0.511800102577779,0.0123726480340325,15.2031282253179,0.124829797035795,0.041436729997411,-4.60117804934973,4.20108118337481e-06,4.28873110617205e-05,-0.20050367409993,1,"2",186486253,186511929,"protein_coding","zinc finger CCCH-type containing 15"
"648","SAMD12",-0.510262627599019,0.0279923091763867,33.5546954155394,0.000219664472352062,0.189789957608372,-3.04982133334533,0.00228977538792763,0.00730329488092574,-0.250896137449533,1,"8",118189455,118622112,"protein_coding","sterile alpha motif domain containing 12"
"649","TRIM23",-0.510224315590623,0.0133585570694696,16.2450710686314,0.0928285882565544,0.0497797335550712,-4.41449853179783,1.01244403141187e-05,8.79150739616419e-05,-0.245779886819715,1,"5",65589690,65625975,"protein_coding","tripartite motif containing 23"
"650","ACAD9",-0.510045431709206,0.0255397319144395,30.529934575312,0.000701283483737694,0.165426354996329,-3.19154296234983,0.00141515063159781,0.00493368173799798,-0.118033059137018,1,"3",128879596,128924003,"protein_coding","acyl-CoA dehydrogenase family member 9"
"651","TXN2",-0.509496300209249,0.0472854883562092,56.7854116511071,1.46250839973682e-08,0.383988500731586,-2.34302593208397,0.019128053553793,0.0424350745225437,-0.0622095570136431,1,"22",36467046,36481640,"protein_coding","thioredoxin 2"
"652","FAM204A",-0.509471232146795,0.0134848740184585,16.3558867503433,0.0898879033155229,0.0507757635412883,-4.38728875913007,1.14772372130645e-05,9.73371653097376e-05,-0.183747382253716,1,"10",118297925,118342328,"protein_coding","family with sequence similarity 204 member A"
"653","ATP6V1C1",-0.509314808026268,0.0241417211368598,29.0691853437327,0.0012143092681295,0.152753862067074,-3.27794897268598,0.00104564295998655,0.00384285203111213,-0.273644144817509,1,"8",103021063,103073051,"protein_coding","ATPase H+ transporting V1 subunit C1"
"654","ASB8",-0.508672289950609,0.0116090487926609,14.4390425538831,0.153890733262876,0.0353615113170973,-4.72106262841653,2.34615677929817e-06,2.71375143685726e-05,-0.186510687972873,1,"12",48147789,48181213,"protein_coding","ankyrin repeat and SOCS box containing 8"
"655","THY1",-0.508556571373371,0.0175510000516169,20.9638604669539,0.0213469832369102,0.0874085305642057,-3.83873680572118,0.000123668906576668,0.000671841708578675,-0.400591027185123,1,"11",119415476,119424985,"protein_coding","Thy-1 cell surface antigen"
"656","GPALPP1",-0.508339523119344,0.00648960727271587,8.52042237462627,0.578138897713683,0,-6.31022244896326,2.7863467089162e-10,1.33238033535447e-08,-0.207017278445526,1,"13",44989529,45037669,"protein_coding","GPALPP motifs containing 1"
"657","BMERB1",-0.508270427270689,0.0219254277987315,26.2776067415021,0.00338422502816825,0.130137816926915,-3.43258107640829,0.000597865096012118,0.00242792542368171,-0.235443957214682,1,"16",15434475,15625028,"protein_coding","bMERB domain containing 1"
"658","PSMB1",-0.508124897891898,0.0243605573720672,29.0615290299709,0.00121778222327558,0.152945500985311,-3.25556870662699,0.00113165512095503,0.00410305423830672,-0.117306274209675,1,"6",170535120,170553307,"protein_coding","proteasome 20S subunit beta 1"
"659","SCN2A",-0.508082454692466,0.0209929706923463,25.2706290622576,0.00485546508464296,0.12211757911763,-3.50668897714976,0.000453719134902109,0.00194029483706105,-0.463814125066301,1,"2",165194993,165392310,"protein_coding","sodium voltage-gated channel alpha subunit 2"
"660","DNAJC10",-0.507885383556678,0.0170242292014566,20.2735660738393,0.0267688451955444,0.0823467270026726,-3.89253015428192,9.92041644611863e-05,0.000561694192751173,-0.262524546934125,1,"2",182716255,182794464,"protein_coding","DnaJ heat shock protein family (Hsp40) member C10"
"661","RBBP7",-0.507614820656048,0.0221872718089014,26.4008012867009,0.00323693034725467,0.132254946835982,-3.40786468194296,0.000654733545966124,0.00261844410177119,-0.134812127951643,1,"X",16839283,16870362,"protein_coding","RB binding protein 7, chromatin remodeling factor"
"662","SLC25A46",-0.506978896186869,0.0126019989011846,15.486309999259,0.11531203408203,0.0436291641455808,-4.5161687656458,6.29684873265646e-06,5.97859645013952e-05,-0.256792747114052,1,"5",110738136,110765161,"protein_coding","solute carrier family 25 member 46"
"663","PPIL3",-0.506782211036107,0.00647314699282723,6.52002300128186,0.769846830954966,0,-6.29888424549053,2.9979574378558e-10,1.42065370478572e-08,-0.306031177329333,1,"2",200870907,200889303,"protein_coding","peptidylprolyl isomerase like 3"
"664","XRCC5",-0.506427020013485,0.0162726474536251,19.4671252079762,0.0347152766875077,0.0754435801574775,-3.96997490293063,7.18802027275256e-05,0.000430626271465586,-0.211481734410446,1,"2",216107464,216206303,"protein_coding","X-ray repair cross complementing 5"
"665","MSMO1",-0.50624074538119,0.0250730227286712,30.0659448130632,0.000835620575675184,0.16070304683227,-3.19708181142025,0.00138825546449639,0.00485681659012372,-0.288365117948871,1,"4",165327667,165343164,"protein_coding","methylsterol monooxygenase 1"
"666","NRXN1",-0.50561414613062,0.0207382183211972,24.7867680381262,0.00576467201292637,0.118515319353519,-3.51102154997066,0.000446388209957682,0.00191436092047096,-0.378746827281813,1,"2",49918503,51225575,"protein_coding","neurexin 1"
"667","ARF4",-0.50538638742149,0.0198678535742113,23.7229924109212,0.00837059630869019,0.109491662851898,-3.58548627777771,0.000336450695037183,0.00151875619471837,-0.170678300941673,1,"3",57571363,57598220,"protein_coding","ADP ribosylation factor 4"
"668","TFRC",-0.504992312543601,0.0168542376026801,20.0041823759382,0.0292131546403056,0.0802451092509857,-3.8898263226726,0.000100315990867017,0.000566748605468267,-0.280503156784547,1,"3",196012511,196082153,"protein_coding","transferrin receptor"
"669","ATRN",-0.504948541281461,0.0217293951004233,25.937625387938,0.00382498808159695,0.127626591109395,-3.42549472909996,0.0006136808413717,0.00248066184485313,-0.157432006845887,1,"20",3471018,3651118,"protein_coding","attractin"
"670","KLHL42",-0.504910729085711,0.0229866901838856,26.9570660668641,0.00264537984766814,0.136191852978741,-3.33024648138272,0.000867691379607072,0.00328349399764978,-0.131501195162775,1,"12",27780048,27803040,"protein_coding","kelch like family member 42"
"671","ADAM23",-0.504862962752489,0.0273442532426114,32.9027394103394,0.000282828093346051,0.184755165688483,-3.05309612361686,0.00226493374780845,0.00723019360550596,-0.385147946266142,1,"2",206443532,206621127,"protein_coding","ADAM metallopeptidase domain 23"
"672","CREG2",-0.504822589415835,0.0133743809451139,16.3256948479348,0.0906808878719367,0.050344644713652,-4.36517777726064,1.27019412829998e-05,0.000106009061719285,-0.510529761287045,1,"2",101345550,101387503,"protein_coding","cellular repressor of E1A stimulated genes 2"
"673","F3",-0.504650653000954,0.025454110389259,30.278360270316,0.000771269319258582,0.163418862186692,-3.16309239463641,0.00156102779898459,0.00533965603009599,-0.430497931775743,1,"1",94529173,94541759,"protein_coding","coagulation factor III, tissue factor"
"674","UNC79",-0.504570521854108,0.0185720362153338,22.1745220538496,0.0142397914789294,0.097350502157455,-3.70247481914265,0.000213506557239951,0.00105203231014721,-0.262465219202811,1,"14",93333219,93707876,"protein_coding","unc-79 homolog, NALCN channel complex subunit"
"675","MICU3",-0.504404162610793,0.0166287279676078,19.9526848652957,0.029703399274198,0.0792265276880211,-3.91155235574941,9.17047704971363e-05,0.000525740700615735,-0.353644911239533,1,"8",17027238,17125880,"protein_coding","mitochondrial calcium uptake family member 3"
"676","C9orf72",-0.503765754707635,0.00646697404672136,9.33594290970436,0.500545636124996,0,-6.26437982797332,3.74312136841581e-10,1.71207116503193e-08,-0.332587639602991,1,"9",27535640,27573866,"protein_coding","C9orf72-SMCR8 complex subunit"
"677","EMC7",-0.503761765291688,0.0296601289859198,35.5773114753514,9.94767528154044e-05,0.206993567000423,-2.92508630477947,0.00344360704181934,0.0101946661263373,-0.136909976008141,1,"15",34084017,34101862,"protein_coding","ER membrane protein complex subunit 7"
"678","ATP2B2",-0.503102117837883,0.024930817401497,29.7229341694012,0.000950724177448452,0.158573061970688,-3.18630897304236,0.0014410061418284,0.00500805570268742,-0.303387872703172,1,"3",10324023,10708007,"protein_coding","ATPase plasma membrane Ca2+ transporting 2"
"679","REPS2",-0.502918953267088,0.0230067224222416,27.5598511337637,0.00212239141136393,0.140495662131076,-3.31566486026781,0.000914253977670532,0.00343069443377706,-0.21907775611548,1,"X",16946658,17153272,"protein_coding","RALBP1 associated Eps domain containing 2"
"680","FRG1",-0.502484667102245,0.0216138534893119,25.9263828659949,0.00384046854522568,0.12727501205501,-3.41787922669101,0.000631111050799937,0.00254135435575707,-0.206356069791122,1,"4",189940855,189963202,"protein_coding","FSHD region gene 1"
"681","NREP",-0.502166867704834,0.0311553239685328,37.1008508755653,5.43643940029788e-05,0.21985059950914,-2.84499769811388,0.00444117440069269,0.012569586950575,-0.282901460486699,1,"5",111662621,111997464,"protein_coding","neuronal regeneration related protein"
"682","VPS50",-0.502095632270461,0.0142257296287662,17.2423576224494,0.0691703106640828,0.0576373197264123,-4.20968081639635,2.55731709755125e-05,0.000185986698003727,-0.215420188704244,1,"7",93232340,93361123,"protein_coding","VPS50 subunit of EARP/GARPII complex"
"683","USP33",-0.501996763745173,0.00645675105167037,5.96572073252794,0.818134966470207,0,-6.24732207797267,4.17549550491003e-10,1.89097127920303e-08,-0.241288900337482,1,"1",77695987,77759852,"protein_coding","ubiquitin specific peptidase 33"
"684","SSBP1",-0.50190789169408,0.022430999668277,26.866103050686,0.00273440280820928,0.13562878158525,-3.35119508072755,0.000804635972449619,0.00309328354839028,-0.18688690337979,1,"7",141738334,141787922,"protein_coding","single stranded DNA binding protein 1"
"685","DNAJB14",-0.501771453052226,0.0100134626415485,12.9429534522773,0.2268788703557,0.0233066745740483,-5.01434035243569,5.32157161670099e-07,8.03198470698629e-06,-0.258183767922665,1,"4",99896248,99946618,"protein_coding","DnaJ heat shock protein family (Hsp40) member B14"
"686","COQ7",-0.50151069152243,0.0283968350334946,33.8619268926095,0.000194911461234943,0.192278889750948,-2.97608428616571,0.00291954609079603,0.00888961646170022,-0.114735464985773,1,"16",19067614,19080095,"protein_coding","coenzyme Q7, hydroxylase"
"687","MAPRE3",-0.5009103516257,0.025376931618404,30.5694763002963,0.000690861701737911,0.164997430066315,-3.14441929125266,0.00166416808933034,0.00561933824418398,-0.237431551250485,1,"2",26970637,27027219,"protein_coding","microtubule associated protein RP/EB family member 3"
"688","PSMD11",-0.500587942212345,0.00944530749985628,12.3847415563146,0.260131916336519,0.0189476258796683,-5.15077209030802,2.59416278014513e-07,4.43388991829841e-06,-0.143368239578618,1,"17",32444379,32483319,"protein_coding","proteasome 26S subunit, non-ATPase 11"
"689","MAPK9",-0.500441580203318,0.0299665955205179,36.2252299274109,7.69934899068379e-05,0.211330523952819,-2.89091074820449,0.00384127194624218,0.0111599505314741,-0.248524784822001,1,"5",180233143,180292099,"protein_coding","mitogen-activated protein kinase 9"
"690","PIK3CB",-0.500360927936957,0.009807577201986,12.7845993194536,0.235965729746412,0.0219997857808636,-5.0524557842339,4.36165348505213e-07,6.80780336242558e-06,-0.207633944690063,1,"3",138652336,138834928,"protein_coding","phosphatidylinositol-4,5-bisphosphate 3-kinase catalytic subunit beta"
"691","AUH",-0.50033187946909,0.0167025439230433,20.1045228906,0.0282794339250194,0.0805641857384695,-3.87138946856013,0.000108216726079302,0.000600284713078966,-0.171052821041009,1,"9",91213815,91361918,"protein_coding","AU RNA binding methylglutaconyl-CoA hydratase"
"692","FOCAD",-0.500218938609374,0.0229661215021696,27.225337736786,0.00239883183238964,0.138364866407107,-3.30077788815636,0.000964171789877621,0.00358729875491161,-0.232043515789943,1,"9",20658309,20995955,"protein_coding","focadhesin"
"693","SEC61A2",-0.500141192964536,0.0186577004635612,22.3233381828214,0.0135395152656417,0.0982352338084659,-3.66153818340913,0.000250705486170233,0.00119448447215165,-0.183678956891821,1,"10",12129637,12169961,"protein_coding","SEC61 translocon subunit alpha 2"
"694","PARK7",-0.499985119730997,0.0309179788263246,36.8646480723345,5.97269352464404e-05,0.218021878446583,-2.84348886292868,0.00446225688634816,0.0126241609370398,-0.146828894448675,1,"1",7954291,7985505,"protein_coding","Parkinsonism associated deglycase"
"695","SIRT5",-0.499777008908223,0.0244937017141142,29.5679477514022,0.00100766114328422,0.156599378893673,-3.19336867781819,0.00140623282455632,0.00490665648899916,-0.123152597569246,1,"6",13574227,13615158,"protein_coding","sirtuin 5"
"696","SNX10",-0.499689465636405,0.031142510984966,37.6505659960648,4.36509108998588e-05,0.222988024410032,-2.83154443064384,0.00463237972145203,0.0130336011419298,-0.430861440986138,1,"7",26291862,26374383,"protein_coding","sorting nexin 10"
"697","GLYR1",-0.4992632055055,0.0191320309178941,22.703974671564,0.0118936032637038,0.101946032750517,-3.6095164363339,0.00030676833677834,0.00141018260996641,-0.117202317142797,1,"16",4803203,4847288,"protein_coding","glyoxylate reductase 1 homolog"
"698","SYNJ1",-0.499089436105841,0.0217804918556937,25.7090502431188,0.00415184497537046,0.125989033292477,-3.38177365139452,0.000720194604309166,0.00282703255124344,-0.307639741160994,1,"21",32628759,32728040,"protein_coding","synaptojanin 1"
"699","STX1B",-0.498813795536255,0.0259707566914335,31.10961082642,0.000562760824986759,0.169189634074588,-3.09525300818446,0.00196645076308677,0.00644055480313599,-0.288796263439606,1,"16",30989256,31010638,"protein_coding","syntaxin 1B"
"700","MTF2",-0.498810777244734,0.0156432639972627,18.7208113277809,0.0439554900076792,0.0697244070899476,-3.98815602923034,6.65888641262491e-05,0.000405201913303771,-0.242357957928092,1,"1",93079235,93139079,"protein_coding","metal response element binding transcription factor 2"
"701","RELCH",-0.498743433685686,0.00648595623371092,9.25894667797966,0.507717693534085,0,-6.19284462639909,5.90879789541532e-10,2.59139542417112e-08,-0.242532367270518,1,"18",62187255,62310249,"protein_coding","RAB11 binding and LisH domain, coiled-coil and HEAT repeat containing"
"702","NNT",-0.498741430705172,0.0165353545801164,19.6461095159013,0.0327832739765248,0.077065300421046,-3.87854371428862,0.000105083645403292,0.000587144470747603,-0.2387907504585,1,"5",43602692,43707405,"protein_coding","nicotinamide nucleotide transhydrogenase"
"703","SERPINE2",-0.497763974006347,0.0275250353792714,32.7734824923381,0.000297313882778569,0.184486843730969,-3.00026432592137,0.00269745408714805,0.00833188878478317,-0.216235578768855,1,"2",223975045,224039318,"protein_coding","serpin family E member 2"
"704","GRIK1",-0.497550114303756,0.014475704474444,17.5356268589831,0.0633207387294505,0.0598110657902642,-4.13539478941445,3.54344931867701e-05,0.000242216288710085,-0.256133436771238,1,"21",29536933,29940033,"protein_coding","glutamate ionotropic receptor kainate type subunit 1"
"705","BRAF",-0.497388330207466,0.0072133779014788,10.5478711988748,0.393809245814626,0.0043224431329753,-5.85633954906231,4.73180294946474e-09,1.52929545402055e-07,-0.189180832296531,1,"7",140719327,140924929,"protein_coding","B-Raf proto-oncogene, serine/threonine kinase"
"706","PRKAR1B",-0.497259347221436,0.0213875728599817,25.6474337666273,0.00424445225137965,0.124995400052028,-3.40018231743704,0.000673409360505195,0.00267583247309335,-0.335825657555922,1,"7",549197,727650,"protein_coding","protein kinase cAMP-dependent type I regulatory subunit beta"
"707","VAMP4",-0.497086520670376,0.0238269947721866,28.7096965640678,0.00138821451710298,0.149496454565949,-3.22030756246234,0.00128053132757522,0.00454493575104295,-0.183953283222372,1,"1",171700160,171742074,"protein_coding","vesicle associated membrane protein 4"
"708","DPH6",-0.49646081834716,0.00646779278333092,8.03937570126328,0.624990644478561,0,-6.17315142404389,6.69420519017194e-10,2.89211657497367e-08,-0.367001126775106,1,"15",35217345,35546193,"protein_coding","diphthamine biosynthesis 6"
"709","CLASP2",-0.496402511537153,0.0153316667673277,18.3203497412102,0.0497943125347763,0.0662664152148365,-4.00902980003267,6.09687230883615e-05,0.000377510869269902,-0.254295723145868,1,"3",33496245,33718356,"protein_coding","cytoplasmic linker associated protein 2"
"710","GTF2H1",-0.496210806378857,0.0305234120379007,37.0022509731098,5.65427321741876e-05,0.217531388415187,-2.84020493938674,0.00450845593058791,0.012736024809287,-0.168549576037287,1,"HG2111_PATCH",71121,115871,"protein_coding","general transcription factor IIH subunit 1"
"711","PRNP",-0.495948153877987,0.0182682724979591,21.9029027615173,0.015606963285608,0.095038776086002,-3.6693364699858,0.000243180837825596,0.00116522997673663,-0.241761026651504,1,"20",4686350,4701590,"protein_coding","prion protein (Kanno blood group)"
"712","CINP",-0.495919351130024,0.0273266399770911,32.4911456613496,0.000331526072654453,0.180589157778343,-2.99997708595625,0.00269999917337804,0.00833817446174578,-0.147119884561044,1,"14",102341102,102362916,"protein_coding","cyclin dependent kinase 2 interacting protein"
"713","ABI2",-0.495640712268329,0.0269928126724496,32.7065019923077,0.000305103457649077,0.182180717890083,-3.01677487238296,0.00255479473468911,0.00797165671331143,-0.158792062298055,1,"2",203328280,203447728,"protein_coding","abl interactor 2"
"714","PPP3CB",-0.495296491441991,0.0273945077586091,33.0345872586165,0.000268764158267541,0.185443435526308,-2.99249546534047,0.00276706777835733,0.00850907717869604,-0.331912496053768,1,"10",73436433,73496024,"protein_coding","protein phosphatase 3 catalytic subunit beta"
"715","TRIM9",-0.495096327232858,0.0239821233835789,28.7334035295029,0.00137603746486784,0.150441885124883,-3.19702393809253,0.00138853402826444,0.00485698353361328,-0.217153403310534,1,"14",50975262,51096061,"protein_coding","tripartite motif containing 9"
"716","DENR",-0.494928918323022,0.0311496986555503,37.9882900237688,3.81302499816213e-05,0.225514772990677,-2.80424468390937,0.00504346142670453,0.0139900367063762,-0.169461942366729,1,"12",122752824,122771064,"protein_coding","density regulated re-initiation and release factor"
"717","MPPED2",-0.494720535148608,0.0210992131135928,25.3661114480895,0.00469309386587588,0.122793401943996,-3.40586012748161,0.000659559612734117,0.00263405073227589,-0.250840941458805,1,"11",30384493,30586872,"protein_coding","metallophosphoesterase domain containing 2"
"718","CUL2",-0.494665018531112,0.0171991505680038,20.6117675415814,0.0239694279572881,0.0847072427010111,-3.77187854533429,0.00016202312149427,0.000839026944681134,-0.184131247425249,1,"10",35008504,35127006,"protein_coding","cullin 2"
"719","CSTF3",-0.494659333532256,0.0135528122887938,16.4732294318515,0.0868634405764096,0.0516627982117141,-4.24904662258014,2.14682238610653e-05,0.000162070839625696,-0.184206912196644,1,"11",33077188,33162371,"protein_coding","cleavage stimulation factor subunit 3"
"720","INPP5F",-0.494539597627415,0.0280367539051424,33.5140893965136,0.000223158243003338,0.190138965620223,-2.95350157199841,0.0031419100831942,0.00944908349777101,-0.337471089555463,1,"10",119726042,119829147,"protein_coding","inositol polyphosphate-5-phosphatase F"
"721","PDCD5",-0.494022353379678,0.0135342772331533,16.47365909617,0.0868525326363727,0.0515111603041168,-4.24647983465874,2.17155314699014e-05,0.000163351727610556,-0.185210355173385,1,"19",32581190,32587453,"protein_coding","programmed cell death 5"
"722","IBTK",-0.493769349796357,0.00646286077005102,9.60213479736131,0.476064473573123,0,-6.1420270966232,8.14749601119047e-10,3.42162307535823e-08,-0.234149816287402,1,"6",82169986,82247754,"protein_coding","inhibitor of Bruton tyrosine kinase"
"723","CHMP4B",-0.492084479960539,0.041090959358371,49.41951018578,3.41197686208867e-07,0.323879389988554,-2.42754074140601,0.0152015793544336,0.0350222743011826,-0.158838164598778,1,"20",33811348,33854366,"protein_coding","charged multivesicular body protein 4B"
"724","PLPPR4",-0.491738962508789,0.0152797079702459,18.5161548947603,0.0468564517734578,0.0676199585526572,-3.97811280150325,6.94644173024894e-05,0.000418177779697962,-0.571273291999634,1,"1",99264292,99309590,"protein_coding","phospholipid phosphatase related 4"
"725","UBR3",-0.491176331611291,0.00979178131734782,12.6718870007745,0.24259985074317,0.0212710912656445,-4.96371203500498,6.91584612244611e-07,9.87173693461779e-06,-0.240158916013342,1,"2",169827454,170084131,"protein_coding","ubiquitin protein ligase E3 component n-recognin 3"
"726","NIPSNAP2",-0.490985742468635,0.0150380875734523,18.2033708629957,0.0516284432974381,0.0652867265422344,-4.00380185286366,6.23325789355089e-05,0.000384146883656446,-0.230063588858646,1,"7",55951793,56000181,"protein_coding","nipsnap homolog 2"
"727","SLC22A17",-0.490949962394279,0.0141171987048173,17.1574005525407,0.0709528583971364,0.0568442418418713,-4.13202525520259,3.59580900588519e-05,0.000244761635340745,-0.219046443968878,1,"14",23346314,23352912,"protein_coding","solute carrier family 22 member 17"
"728","HLTF",-0.490734581252685,0.00646850208070722,8.21376013555608,0.607965920651738,0,-6.10161501325529,1.05002051498104e-09,4.26494819212377e-08,-0.260334618387704,1,"3",149030127,149086554,"protein_coding","helicase like transcription factor"
"729","IPCEF1",-0.490490938493013,0.023960573645033,28.501453305239,0.00149976943858983,0.148607843633934,-3.16870918548265,0.00153117518645862,0.00525545284226581,-0.439810873286786,1,"6",154154496,154356803,"protein_coding","interaction protein for cytohesin exchange factors 1"
"730","NAE1",-0.490088171281143,0.0122234567355372,15.1780916396959,0.125702599839922,0.041017053166665,-4.43279044178536,9.30212684413512e-06,8.20271369658855e-05,-0.214801866792593,1,"16",66802875,66873256,"protein_coding","NEDD8 activating enzyme E1 subunit 1"
"731","PNMA2",-0.490057124301133,0.0294866025179709,35.7822631852583,9.17441812357057e-05,0.207486428152247,-2.85387100737571,0.00431900641516458,0.0122733515633526,-0.349138180286983,1,"8",26504701,26514092,"protein_coding","PNMA family member 2"
"732","PTPRA",-0.489827184383343,0.0175489790139868,20.92316522949,0.0216357565360113,0.0874885030547981,-3.6975747001701,0.000217669176459712,0.00106729421410215,-0.119390409252631,1,"20",2873420,3039076,"protein_coding","protein tyrosine phosphatase receptor type A"
"733","SERINC1",-0.489768914373533,0.00696977216176002,10.3518424938112,0.410185942831483,0.00279180890109323,-5.86653851522682,4.44986936187775e-09,1.45363632242379e-07,-0.276032265310972,1,"6",122443351,122471807,"protein_coding","serine incorporator 1"
"734","PPP3CA",-0.489652603335012,0.0169070450329542,20.4057136367134,0.0256406082484583,0.0828234746653307,-3.76577365774771,0.000166034155372419,0.000856845383624157,-0.392649500397778,1,"4",101023409,101348278,"protein_coding","protein phosphatase 3 catalytic subunit alpha"
"735","BRINP2",-0.489246931300158,0.0258287923543205,30.6597868582328,0.000667622019907088,0.166838358126565,-3.04422017533558,0.00233284339304474,0.00740428797551083,-0.264930785799841,1,"1",177170958,177282422,"protein_coding","BMP/retinoic acid inducible neural specific 2"
"736","RUNDC3B",-0.488793910026708,0.0163150793840719,19.7603720707068,0.0316023895445017,0.0775846673225288,-3.82675969086656,0.000129841159527633,0.000699070223976894,-0.277342677893297,1,"7",87627548,87832296,"protein_coding","RUN domain containing 3B"
"737","VBP1",-0.488776473859616,0.0164292298768554,19.7732020346234,0.0314722810918565,0.0777743275672323,-3.81330629895477,0.000137120000561319,0.000731492092243955,-0.169034659407055,1,"X",155197007,155239841,"protein_coding","VHL binding protein 1"
"738","COX11",-0.488740731025247,0.0126361243095012,15.5885899985246,0.112030763277376,0.044274442502512,-4.34782033307755,1.37497165004774e-05,0.000113252226527918,-0.139421304587586,1,"17",54951902,54968703,"protein_coding","cytochrome c oxidase copper chaperone COX11"
"739","CCDC47",-0.488591566649269,0.0248425835314916,29.6562506689461,0.000974827194270755,0.157113322410143,-3.09989930798498,0.00193586441431104,0.00635965063234735,-0.139234267126353,1,"17",63745255,63776351,"protein_coding","coiled-coil domain containing 47"
"740","DNM3",-0.488489076049171,0.00743340641767778,10.6772924045347,0.383206230368937,0.00539279698075386,-5.66579578539234,1.46343737128518e-08,4.01443576164801e-07,-0.267981944626553,1,"1",171817887,172418466,"protein_coding","dynamin 3"
"741","TMX4",-0.488381284634214,0.0240921968126581,28.702629612936,0.00139186463977111,0.150255078814806,-3.14644983290768,0.00165265610343135,0.00559033511514398,-0.224132275102079,1,"20",7977346,8019805,"protein_coding","thioredoxin related transmembrane protein 4"
"742","SNAPC5",-0.488352376609508,0.0286446434849945,34.5061285657808,0.000151554242094562,0.197086982541632,-2.88543698982135,0.00390870696259404,0.0113105755044669,-0.191274344736842,1,"15",66490135,66497780,"protein_coding","small nuclear RNA activating complex polypeptide 5"
"743","MCCC2",-0.488303772164668,0.018881351322763,22.4128698555095,0.0131340310969199,0.0996170776913956,-3.55364092440942,0.000379937577164702,0.00167692188452807,-0.196750198775119,1,"HSCHR5_1_CTG1_1",1117263,1134443,"protein_coding","methylcrotonyl-CoA carboxylase subunit 2"
"744","SUPT16H",-0.487661613028629,0.0290266264066353,34.922643987292,0.000128717776978964,0.200150188263707,-2.86233386728167,0.00420533661966616,0.0119973264376645,-0.117497249211345,1,"14",21351476,21384019,"protein_coding","SPT16 homolog, facilitates chromatin remodeling subunit"
"745","NLN",-0.487248451602672,0.0182215662902966,21.6977552058647,0.0167206060705303,0.0933282295303565,-3.60958784069578,0.000306683909583105,0.00141010259126498,-0.186044236263871,1,"5",65722205,65871725,"protein_coding","neurolysin"
"746","CCT8",-0.486954195129639,0.00974141802596447,12.7240840619829,0.239510323110355,0.0215219066327127,-4.93374866062716,8.06662304730921e-07,1.12101551463267e-05,-0.206284460284669,1,"21",29055805,29073797,"protein_coding","chaperonin containing TCP1 subunit 8"
"747","MRPS30",-0.486852572137621,0.019006979585061,22.8294451184186,0.0113939360631365,0.10228850810954,-3.53135122856172,0.000413442362336536,0.00180028539642224,-0.232184891034339,1,"5",44808947,44820428,"protein_coding","mitochondrial ribosomal protein S30"
"748","MAN1B1",-0.486314547119295,0.0187533765308725,22.288469351629,0.013700613986638,0.0982649395485381,-3.5512195596634,0.000383450392404283,0.00169029881755418,-0.171162050213975,1,"9",137086857,137109189,"protein_coding","mannosidase alpha class 1B member 1"
"749","AP2A1",-0.485495570657596,0.0131673046036034,16.0704825980598,0.0976324533282072,0.0481966874648769,-4.23093965247371,2.32717106396496e-05,0.000172711390426183,-0.184973641213376,1,"19",49767001,49807114,"protein_coding","adaptor related protein complex 2 subunit alpha 1"
"750","MCTS1",-0.485332291564741,0.0300922228583134,36.8356103228214,6.04210898418477e-05,0.214769679706146,-2.7977702854205,0.00514566944421802,0.0142304002505714,-0.165690810233988,1,"X",120594010,120621159,"protein_coding","MCTS1 re-initiation and release factor"
"751","GRIA2",-0.48521319091623,0.00827018558383675,11.3932955784861,0.327708382698702,0.0110154735549111,-5.33549812186614,9.52826153532982e-08,1.92394071692264e-06,-0.389085196371935,1,"4",157204182,157387146,"protein_coding","glutamate ionotropic receptor AMPA type subunit 2"
"752","STMN4",-0.484937447149918,0.016748624335747,20.1062972405541,0.0282631748632325,0.0802954659457543,-3.74710748619888,0.000178885446045385,0.000910658065520178,-0.342317754745136,1,"8",27235308,27258420,"protein_coding","stathmin 4"
"753","TMEM33",-0.484916167160255,0.0164955214013062,19.9269584734964,0.0299511565582082,0.0789840482680566,-3.77557967940507,0.000159635983741246,0.00082972853209383,-0.16776902709614,1,"4",41935129,41960803,"protein_coding","transmembrane protein 33"
"754","SCRN3",-0.484603498314466,0.00646845215944828,9.35161705075468,0.499090389096934,0,-6.02540661235727,1.68684999302116e-09,6.40637614678071e-08,-0.248741951124458,1,"2",174395730,174429575,"protein_coding","secernin 3"
"755","PTPRO",-0.484534504333888,0.0186337749977097,22.5265238500615,0.0126358330262842,0.0996076944885434,-3.54955807071018,0.000385878346706336,0.00169886595829699,-0.396869747484329,1,"12",15322257,15602175,"protein_coding","protein tyrosine phosphatase receptor type O"
"756","HMGN1",-0.483984073606819,0.0176207291683137,20.8989262606551,0.021809488990599,0.087072768285655,-3.64602072149797,0.000266332509045508,0.00125613898012049,-0.210254602098002,1,"21",39342315,39349647,"protein_coding","high mobility group nucleosome binding domain 1"
"757","HABP4",-0.48382145456075,0.0248242638721295,29.3957487247356,0.00107481253892566,0.156354737355479,-3.07076748425594,0.0021350934782185,0.00688465391290685,-0.17312611506746,1,"9",96450169,96491336,"protein_coding","hyaluronan binding protein 4"
"758","PSPC1",-0.483570301648619,0.0224991101134406,27.0634025993635,0.00254485786712451,0.136788698888927,-3.2238657643948,0.00126472669679645,0.00449490704401981,-0.124197711845264,1,"13",19674752,19783019,"protein_coding","paraspeckle component 1"
"759","HMCES",-0.483429874526368,0.0221064740109103,26.3539453828416,0.00329220932895071,0.131032656638264,-3.25142503992105,0.0011482805086318,0.00415062225839536,-0.126148169008454,1,"3",129278828,129306186,"protein_coding","5-hydroxymethylcytosine binding, ES cell specific"
"760","PDP1",-0.483181227216071,0.0275678190771722,33.1995782533059,0.000252126461518095,0.186481932043271,-2.91010626274717,0.00361305890816599,0.0106008589356871,-0.392535747005218,1,"8",93857807,93926068,"protein_coding","pyruvate dehydrogenase phosphatase catalytic subunit 1"
"761","PITPNB",-0.483085804688445,0.0202141050394215,23.8803179585185,0.00792447896927842,0.111650316076105,-3.39779378023787,0.0006793160627796,0.00269370711663829,-0.163349075497996,1,"22",27851669,27920134,"protein_coding","phosphatidylinositol transfer protein beta"
"762","STXBP1",-0.482728723857028,0.0242400016285972,28.9929740926581,0.00124931225073628,0.152231915082053,-3.10053629171167,0.00193170540167853,0.00634849760251738,-0.344944246842555,1,"9",127579370,127696027,"protein_coding","syntaxin binding protein 1"
"763","PRKCE",-0.482590143205553,0.0323617045978455,38.8498795553772,2.69720106222496e-05,0.233568168059694,-2.68264220355597,0.00730430906031687,0.0190201315134984,-0.349337160565758,1,"2",45651345,46187990,"protein_coding","protein kinase C epsilon"
"764","CASD1",-0.482541063643197,0.00644778636882953,6.2808337920165,0.791142743468017,0,-6.00937017587209,1.86245441291533e-09,7.00227505185629e-08,-0.298414712289581,1,"7",94509219,94557019,"protein_coding","CAS1 domain containing 1"
"765","GNB5",-0.482437652708732,0.0266567085355539,31.988692746205,0.00040217868900491,0.176681975869644,-2.95486697398671,0.00312803893450164,0.00941409514832135,-0.221802839164088,1,"15",52115100,52191392,"protein_coding","G protein subunit beta 5"
"766","SMAP2",-0.482082203810947,0.0174456443795881,21.0166315650151,0.0209778905975353,0.0876866822100284,-3.64987164592059,0.000262371380064907,0.00124163154218751,-0.216003413795848,1,"1",40344850,40423326,"protein_coding","small ArfGAP2"
"767","ENOPH1",-0.481707309367435,0.0148922930086894,18.0228059931319,0.0545801532223544,0.0637284707807921,-3.94732104529928,7.90305496063404e-05,0.000466686153162336,-0.18119739779369,1,"4",82430590,82461177,"protein_coding","enolase-phosphatase 1"
"768","PAIP2",-0.481400259147764,0.013969642161711,17.0423203282209,0.0734327683770444,0.0557324108710485,-4.07299314280657,4.64127913528678e-05,0.00030222597728131,-0.177493409306269,1,"5",139341587,139369720,"protein_coding","poly(A) binding protein interacting protein 2"
"769","TLK1",-0.481207808429089,0.0111142195729627,14.0212976642267,0.17202237035713,0.0319302281252905,-4.56449966634258,5.00686997462196e-06,4.97377451681049e-05,-0.230907228747333,1,"2",170990823,171231314,"protein_coding","tousled like kinase 1"
"770","TSPYL1",-0.480438615645714,0.0262314535059179,31.5307535695892,0.00047925712838953,0.172652725446225,-2.96637962168143,0.0030132829632592,0.00912747963532588,-0.29164462761984,1,"6",116267760,116279930,"protein_coding","TSPY like 1"
"771","SUSD4",-0.479763226573798,0.0248968001784761,29.9332447275687,0.000878444230056806,0.159524355071423,-3.04057128535135,0.00236129787323214,0.00747880584868345,-0.2847115546922,1,"1",223220819,223364233,"protein_coding","sushi domain containing 4"
"772","BASP1",-0.479626650545038,0.0281449141736937,33.7843036018243,0.000200894262860104,0.191105987513497,-2.85892881840492,0.00425074155698302,0.0121120804928118,-0.303880924778722,1,"5",17065598,17276843,"protein_coding","brain abundant membrane attached signal protein 1"
"773","USP10",-0.47959836088579,0.0177289002370113,21.1155052841024,0.020302382755771,0.0885146218488492,-3.60194263621828,0.00031584806993612,0.00144340647077671,-0.120314711042605,1,"16",84699986,84779922,"protein_coding","ubiquitin specific peptidase 10"
"774","RAB18",-0.479513460298738,0.0211700925989247,25.4222852620103,0.00460001802768504,0.122812266522582,-3.29563740826794,0.000981986675800961,0.00364263040529835,-0.195728796149267,1,"10",27504174,27545117,"protein_coding","RAB18, member RAS oncogene family"
"775","SLC25A36",-0.478457258529392,0.00643769531557663,6.26179902865003,0.792809305626581,0,-5.96318026717937,2.47375253614734e-09,8.86673822155709e-08,-0.263915977940767,1,"3",140941830,140980995,"protein_coding","solute carrier family 25 member 36"
"776","PSIP1",-0.47804107133104,0.0168726726833556,20.3353081252753,0.0262360788047302,0.0820719929939002,-3.68021567022278,0.000233036773514605,0.00112733556446475,-0.128117032431401,1,"9",15464066,15510995,"protein_coding","PC4 and SRSF1 interacting protein 1"
"777","PLD3",-0.47761125262778,0.0178934966925897,21.4633053602168,0.0180847949178285,0.091218330684116,-3.57048276986732,0.000356323893756283,0.00159139348856553,-0.23649759610626,1,"19",40348456,40389472,"protein_coding","phospholipase D family member 3"
"778","PPA2",-0.477436929712,0.0175963364536574,21.1665030662709,0.0199619856062901,0.0887599727490059,-3.59919088187381,0.000319208825636741,0.00145400182936527,-0.141681148580408,1,"4",105369077,105474067,"protein_coding","inorganic pyrophosphatase 2"
"779","KARS1",-0.476730893846989,0.0155088107695105,18.6332046792338,0.0451765979692922,0.0686415653695288,-3.82810682251585,0.000129132712564761,0.00069611895269346,-0.150661727253151,1,"16",75627474,75648643,"protein_coding","lysyl-tRNA synthetase 1"
"780","STRAP",-0.476718662714543,0.0167323017150554,20.0628441497223,0.028663860068942,0.0800785349263318,-3.68539727659284,0.000228346169609095,0.0011093057974083,-0.159883427770853,1,"12",15882387,15903478,"protein_coding","serine/threonine kinase receptor associated protein"
"781","COP1",-0.476516029918562,0.00645608772302136,9.79368504557963,0.45877680020869,0,-5.93052039004617,3.01976088579181e-09,1.058929483951e-07,-0.162344959910183,1,"1",175944831,176207286,"protein_coding","COP1 E3 ubiquitin ligase"
"782","CUL1",-0.476008243873715,0.00645165521136951,8.94297227168971,0.537524161879019,0,-5.92623541265304,3.09958148037026e-09,1.08330887619585e-07,-0.128043420849718,1,"7",148697914,148801110,"protein_coding","cullin 1"
"783","SOD1",-0.475906035015061,0.0214570022960229,25.6805742359594,0.00419439930306837,0.125248370999159,-3.24890257500211,0.00115851149137347,0.00418025755076279,-0.157501097387251,1,"21",31659666,31668931,"protein_coding","superoxide dismutase 1"
"784","SH3BGRL2",-0.475557121634768,0.0224057987326165,27.0961058813221,0.00251469189185819,0.1363435585948,-3.17703847668098,0.00148787294822839,0.00513952500914878,-0.207539206012778,1,"6",79537185,79703655,"protein_coding","SH3 domain binding glutamate rich protein like 2"
"785","ERICH3",-0.475364687760523,0.0228012866414565,27.5911637321505,0.00209815274480244,0.140092308647524,-3.14809072701204,0.00164340677361419,0.00556710328720697,-0.407700315652903,1,"1",74568117,74673792,"protein_coding","glutamate rich 3"
"786","OGA",-0.475323144591324,0.00645319581349522,8.75624916960138,0.555382217864076,0,-5.91699960012421,3.27867488714162e-09,1.13087409222065e-07,-0.149588304412629,1,"10",101784443,101818465,"protein_coding","O-GlcNAcase"
"787","TMEM130",-0.475191330987393,0.0213149418982801,25.7078264560439,0.00415366522509411,0.125268835008154,-3.25481592741107,0.0011346588133867,0.00411111097531535,-0.355426935987965,1,"7",98846488,98870771,"protein_coding","transmembrane protein 130"
"788","HARS1",-0.475179407486657,0.0213486371419165,25.4512949313415,0.00455264799438563,0.123518700370407,-3.25216471716426,0.00114529629034288,0.0041418071414256,-0.163568407903567,1,"5",140673035,140691537,"protein_coding","histidyl-tRNA synthetase 1"
"789","PAAF1",-0.474780861305504,0.0182997615326474,21.7570252348376,0.0163914005250612,0.0935540615889455,-3.50970398474747,0.000448605812932712,0.00192155258634044,-0.258110725947306,1,"11",73876699,73931114,"protein_coding","proteasomal ATPase associated factor 1"
"790","NEFM",-0.474779257882044,0.0255050630916045,30.9778804185623,0.000591680907081619,0.167521804924366,-2.9728879192091,0.00295012156889163,0.00897080594003285,-0.474170902415201,1,"8",24913758,24919098,"protein_coding","neurofilament medium chain"
"791","BPHL",-0.474593167114091,0.0285972013008927,34.2592778258277,0.00016691747854787,0.197100774100447,-2.80646554662752,0.00500882685349135,0.0139178178813336,-0.178268571832297,1,"6",3118374,3153599,"protein_coding","biphenyl hydrolase like"
"792","GRM8",-0.474479745468925,0.0288279071443779,34.5114071363406,0.000151241353834608,0.19780200839617,-2.79454508641306,0.00519727929884417,0.0143523764861112,-0.34772168144171,1,"7",126438598,127253093,"protein_coding","glutamate metabotropic receptor 8"
"793","PCDH7",-0.47443495138974,0.0216479279511048,25.9178871488343,0.00385220675725518,0.127344328944542,-3.22454549587345,0.00126172806627567,0.00448804032365851,-0.295839265581363,1,"4",30720369,31146805,"protein_coding","protocadherin 7"
"794","AK5",-0.474306290444401,0.0172553795328525,20.8658605762072,0.0220485919637293,0.0862337301570986,-3.61074340306672,0.000305320615605398,0.00140444813125002,-0.252399229954974,1,"1",77282019,77559966,"protein_coding","adenylate kinase 5"
"795","CDC42SE2",-0.473798473480257,0.0120616411891626,15.0375849597486,0.130697573096069,0.039817969237606,-4.31410245314146,1.60252621537182e-05,0.000127910286689769,-0.166460856065348,1,"5",131245493,131398447,"protein_coding","CDC42 small effector 2"
"796","NDUFA12",-0.473622568278662,0.0112223310882586,14.0787390281735,0.169430281246128,0.0324174598633621,-4.47085772659795,7.79065143441393e-06,7.09283021116699e-05,-0.251741152461945,1,"12",94895297,95003748,"protein_coding","NADH:ubiquinone oxidoreductase subunit A12"
"797","CSRNP3",-0.47354780389228,0.0145975401326557,17.8049059965703,0.0583451359370638,0.0617881326131161,-3.91943970583491,8.87550609376397e-05,0.000511198051499573,-0.36015947094036,1,"2",165469647,165689407,"protein_coding","cysteine and serine rich nuclear protein 3"
"798","ATMIN",-0.473314006742365,0.0184942881104227,22.2539873700654,0.0138617059680906,0.0976501487284833,-3.48041111730396,0.000500644908470793,0.00210376849894657,-0.132568844868399,1,"HG405_PATCH",84081,95589,"protein_coding","ATM interactor"
"799","FAM217B",-0.473257004930463,0.00644994554668018,9.73574369257611,0.463975356515871,0,-5.89276370833962,3.79789311111267e-09,1.28237771370493e-07,-0.242395102263594,1,"20",59933764,59948680,"protein_coding","family with sequence similarity 217 member B"
"800","ZNF540",-0.47309255890166,0.0101526621857075,13.148358092465,0.215494863782366,0.0248074578253602,-4.69522219273648,2.66317082275869e-06,2.99482170555012e-05,-0.23974687283064,1,"19",37551406,37614179,"protein_coding","zinc finger protein 540"
"801","UNC80",-0.472703181686809,0.0221467288221333,26.56800920753,0.00304686641041172,0.132626097839346,-3.17638935215507,0.00149120663133817,0.00514765997101807,-0.345193257604162,1,"2",209771569,209999300,"protein_coding","unc-80 homolog, NALCN channel complex subunit"
"802","SELENOT",-0.472366705326657,0.0175337464273462,21.0552315581759,0.0207117072699895,0.0877543436773481,-3.56731876311556,0.000360652656087534,0.00160833655872864,-0.152644968071528,1,"3",150602875,150630436,"protein_coding","selenoprotein T"
"803","CS",-0.472322235005438,0.0276142664849755,33.1903326003743,0.00025303151023833,0.186456935888909,-2.84231125686932,0.00447877417409703,0.0126623768641496,-0.104278133986769,1,"12",56271699,56300391,"protein_coding","citrate synthase"
"804","ARL6IP5",-0.472037795888121,0.00644332026186503,5.93260113323928,0.820893645584007,0,-5.88060372516821,4.0877274898321e-09,1.36300770817857e-07,-0.249061874616408,1,"3",69084937,69106092,"protein_coding","ADP ribosylation factor like GTPase 6 interacting protein 5"
"805","AKAP11",-0.471412804682619,0.00645764402700175,7.57905109817995,0.669878830418818,0,-5.8663007481141,4.45625203404632e-09,1.45363632242379e-07,-0.289474308056198,1,"13",42272152,42323261,"protein_coding","A-kinase anchoring protein 11"
"806","PLXNC1",-0.471090819909031,0.0214802019606533,25.7445986655957,0.0040993040796086,0.125475682157169,-3.21429298962878,0.00130766167189145,0.00462795653096653,-0.1941285358382,1,"12",94148577,94307675,"protein_coding","plexin C1"
"807","GLUD1",-0.470491558588534,0.013205803852722,16.0851958861099,0.0972194048751587,0.0484879020124895,-4.09420340064436,4.23622309446703e-05,0.000280283439960963,-0.21164102784742,1,"10",87050202,87094843,"protein_coding","glutamate dehydrogenase 1"
"808","NUP133",-0.470488238327671,0.00644490187449881,6.94105728598305,0.730997546778703,0,-5.86058023777704,4.61252591676953e-09,1.49996206010558e-07,-0.195975209478663,1,"1",229440259,229508341,"protein_coding","nucleoporin 133"
"809","ACTR6",-0.470255962756162,0.010218580104367,13.1484244054087,0.215491261392778,0.0249271150717656,-4.65199280280496,3.28742555866235e-06,3.52355750149036e-05,-0.227775323256537,1,"12",100199122,100241865,"protein_coding","actin related protein 6"
"810","TUBB4A",-0.470137478554668,0.0163240670288442,19.596710020788,0.0333063328084117,0.0761897673987494,-3.67968539545197,0.000233521866899622,0.00112923467698645,-0.288293962396106,1,"19",6494319,6502848,"protein_coding","tubulin beta 4A class IVa"
"811","DNAJC8",-0.469511392549414,0.0247725907246437,29.6583699581079,0.000974052102824092,0.157099480984999,-2.98304923178667,0.00285392083533975,0.00873276532512338,-0.105137891121615,1,"1",28199456,28233029,"protein_coding","DnaJ heat shock protein family (Hsp40) member C8"
"812","EXOSC7",-0.469325978112351,0.0108994751590317,13.746668734248,0.184863572694724,0.0297418059006638,-4.49543581188212,6.94276001511618e-06,6.47104922470832e-05,-0.162276404026494,1,"3",44975241,45036066,"protein_coding","exosome component 7"
"813","TAX1BP1",-0.469263968948811,0.0119047403413296,14.7057075094497,0.143165265457503,0.0374280892103483,-4.30087921240057,1.70121776332799e-05,0.000134259872269618,-0.163494806882709,1,"7",27739331,27844564,"protein_coding","Tax1 binding protein 1"
"814","CAMLG",-0.469227991846652,0.0189935348733271,22.8990760969566,0.0111252980812387,0.102702490287989,-3.40471695022049,0.000662326660445745,0.00264177306839402,-0.169088424229603,1,"5",134738495,134752157,"protein_coding","calcium modulating ligand"
"815","PHF14",-0.46903042881739,0.00786813615063489,11.0583189609846,0.352992510339277,0.00836548252617535,-5.28767903948222,1.23878090674268e-07,2.39999542153461e-06,-0.1823113197427,1,"7",10973336,11169623,"protein_coding","PHD finger protein 14"
"816","SND1",-0.468905277959055,0.0200274432686368,23.9622843043749,0.00770113119949961,0.111404528957819,-3.31338854177874,0.000921728363081353,0.00345319885313954,-0.139189098759963,1,"7",127652194,128092609,"protein_coding","staphylococcal nuclease and tudor domain containing 1"
"817","DDX42",-0.468690238421181,0.0207581714862891,24.6788615761004,0.00598861664218744,0.117153298254982,-3.25305466043858,0.00114171532721774,0.00413098718566832,-0.139190677545255,1,"17",63773603,63819317,"protein_coding","DEAD-box helicase 42"
"818","NMRAL1",-0.468647596864982,0.0132334175043857,16.1193350128383,0.0962668771859971,0.0486498039615261,-4.07390021402204,4.62322966365836e-05,0.000301154031341708,-0.276511769586016,1,"16",4461691,4495763,"protein_coding","NmrA like redox sensor 1"
"819","RSL24D1",-0.467854904567285,0.011519491359493,14.5041054433588,0.151214184217646,0.0355235458861743,-4.35907694308234,1.30612188018464e-05,0.000108448320280524,-0.205007577401817,1,"15",55180806,55197049,"protein_coding","ribosomal L24 domain containing 1"
"820","ENSA",-0.467757803128483,0.0318071787604054,38.3393934198787,3.31200920891134e-05,0.228686590284942,-2.62275948496077,0.00872208211758019,0.0219302829533804,-0.117228468589338,1,"1",150600851,150629612,"protein_coding","endosulfine alpha"
"821","OXR1",-0.467681807732968,0.00970969597482874,12.6461955490083,0.244131484430724,0.0209561277610309,-4.74621776820879,2.07255572903797e-06,2.45947240707613e-05,-0.356960884867663,1,"8",106270144,106752694,"protein_coding","oxidation resistance 1"
"822","DPP10",-0.466407640203586,0.0141701728617123,17.3327889086423,0.067316977563515,0.0580875058277322,-3.91812314754999,8.92411137467519e-05,0.000513294979013576,-0.309032743446004,1,"2",114442299,115845780,"protein_coding","dipeptidyl peptidase like 10"
"823","FBXL17",-0.466338763917486,0.0130495394468904,16.0941925208505,0.0969675923112855,0.0482099948608463,-4.08229067517974,4.4593972203133e-05,0.000292656636043019,-0.206401015638072,1,"5",107859035,108382098,"protein_coding","F-box and leucine rich repeat protein 17"
"824","CDK14",-0.465848297072679,0.0219371239808916,26.3571166648403,0.00328843942833054,0.130678191622955,-3.14524635251523,0.00165947025823887,0.00560707471227651,-0.341428733608753,1,"7",90466424,91210590,"protein_coding","cyclin dependent kinase 14"
"825","BTRC",-0.465576240733399,0.0122093790839526,15.1402645490967,0.127031130663892,0.0407032250795685,-4.21350991506807,2.51432544298158e-05,0.000183685442084488,-0.1635355711307,1,"10",101354033,101557321,"protein_coding","beta-transducin repeat containing E3 ubiquitin protein ligase"
"826","SYAP1",-0.465046092470814,0.0371041101763242,44.7610348001343,2.4015552835125e-06,0.282225851019459,-2.4142652821584,0.0157669780198222,0.0361172800802459,-0.120760131061387,1,"X",16719612,16765340,"protein_coding","synapse associated protein 1"
"827","ST3GAL5",-0.46498986031212,0.0133989725042535,16.4037956135724,0.088642075076179,0.0507411293230667,-4.01705459978086,5.89300741142829e-05,0.000366397387519064,-0.126558692894494,1,"2",85837120,85905199,"protein_coding","ST3 beta-galactoside alpha-2,3-sialyltransferase 5"
"828","SLC4A8",-0.464860521302626,0.0204445005417526,24.4148698238433,0.00657214778932786,0.114977724520381,-3.25113057419909,0.0011494705256343,0.00415262016815688,-0.266997503292334,1,"12",51391317,51515763,"protein_coding","solute carrier family 4 member 8"
"829","APBB3",-0.464343513617616,0.00644413986302523,6.79232571651302,0.744894440641366,0,-5.78438117996249,7.27797444532996e-09,2.24528713093464e-07,-0.228592170208576,1,"5",140558268,140564781,"protein_coding","amyloid beta precursor protein binding family B member 3"
"830","ADK",-0.464070747709585,0.011628506463818,14.4822351065382,0.152109541069782,0.0355740252027838,-4.30350413511858,1.68117708758686e-05,0.000133150699175655,-0.143406542519951,1,"10",74151202,74709963,"protein_coding","adenosine kinase"
"831","ELMO2",-0.463778671850806,0.0334190552682079,40.2358555765443,1.53984204597996e-05,0.243242204002206,-2.5369603998694,0.0111819602053445,0.0270485677995456,-0.134892097287763,1,"20",46366050,46432985,"protein_coding","engulfment and cell motility 2"
"832","ATP13A2",-0.463769530028545,0.0191385375430309,22.9487142819238,0.0109374736327933,0.103024202198441,-3.35233829033502,0.000801320386788262,0.00308448242554428,-0.133330886081305,1,"1",16985958,17011928,"protein_coding","ATPase cation transporting 13A2"
"833","LSM14B",-0.46334912386244,0.0272696581362442,33.2418998807036,0.000248023938547735,0.185990129192749,-2.80587616195084,0.00501799734043717,0.0139359377036428,-0.0963260998465038,1,"20",62122461,62135374,"protein_coding","LSM family member 14B"
"834","CUEDC2",-0.463340156796066,0.0317743685060209,38.0009547857006,3.79371877332475e-05,0.226535741438072,-2.59933034770566,0.0093405836250704,0.023202583172548,-0.0963081516372318,1,"10",102423245,102432584,"protein_coding","CUE domain containing 2"
"835","SCPEP1",-0.463232046426429,0.0133876007593442,16.3650813388251,0.089647621017321,0.050562515326753,-4.00356809868176,6.23942298045854e-05,0.000384414229894137,-0.220757512979475,1,"17",56978129,57006768,"protein_coding","serine carboxypeptidase 1"
"836","TBP",-0.463215558181239,0.00643957379393635,9.45302255312205,0.489715952248621,0,-5.77237551161368,7.81616882328251e-09,2.38661810958119e-07,-0.175230564030635,1,"6",170554302,170572870,"protein_coding","TATA-box binding protein"
"837","TMEM30A",-0.463201249462206,0.020010254976774,24.201470356571,0.00708321292231508,0.11283778094447,-3.27448805809845,0.00105853613096496,0.00388277548736101,-0.191444865621129,1,"6",75252924,75284948,"protein_coding","transmembrane protein 30A"
"838","MYSM1",-0.461768645805475,0.0176279266850452,21.0891280803219,0.0204805711172866,0.088013900488695,-3.47795391539895,0.000505256783451147,0.00211891622958185,-0.205969500366654,1,"1",58643440,58700090,"protein_coding","Myb like, SWIRM and MPN domains 1"
"839","BAG4",-0.461740045205097,0.0152971757745218,18.6832997573444,0.0444746048286127,0.0686775055236399,-3.73329159546847,0.000188993579157248,0.000951070295495935,-0.266558583934677,1,"8",38176533,38213301,"protein_coding","BAG cochaperone 4"
"840","TSN",-0.46150594622568,0.026645567090537,32.3085807077182,0.000355667959525261,0.177997517762421,-2.82725393498972,0.00469490817407658,0.0131778105633099,-0.112339675624299,1,"2",121737103,121767853,"protein_coding","translin"
"841","MAPK6",-0.46136347902894,0.00864713695196722,11.7314014867002,0.303434968677719,0.0136582823758186,-4.96143201429999,6.9975362682051e-07,9.97480779695361e-06,-0.223225326571203,1,"15",51952106,52067375,"protein_coding","mitogen-activated protein kinase 6"
"842","EFR3B",-0.461354795788023,0.0329607519019025,39.6407028449782,1.95993521162641e-05,0.240631791933102,-2.54118617722735,0.0110477073998496,0.0267792354484834,-0.175930485692259,1,"2",25042076,25159135,"protein_coding","EFR3 homolog B"
"843","HMOX2",-0.461263706946775,0.0277045751499903,33.3975804377033,0.000233487712527209,0.187671283981607,-2.77123616240565,0.00558439080270534,0.0152275249467237,-0.158056145575349,1,"HSCHR16_3_CTG1",177013,212670,"protein_coding","heme oxygenase 2"
"844","EIF1B",-0.461012074357507,0.01664001210992,20.2184262665733,0.0272531323076605,0.0809339552668108,-3.57384309238551,0.000351779781373907,0.00157410604000574,-0.200413135965326,1,"3",40309707,40312424,"protein_coding","eukaryotic translation initiation factor 1B"
"845","ZRANB2",-0.460388706573986,0.00642783394975785,5.76559229548003,0.834557596224834,0,-5.74238540539138,9.3352052754625e-09,2.76248549923672e-07,-0.256742931689855,1,"1",71063291,71081289,"protein_coding","zinc finger RANBP2-type containing 2"
"846","PPM1E",-0.460373171576321,0.0219862672913665,26.3174841408977,0.00333585344019987,0.130262614203019,-3.10480447210724,0.00190404847181536,0.0062703364919385,-0.338517960058238,1,"17",58755854,58985179,"protein_coding","protein phosphatase, Mg2+/Mn2+ dependent 1E"
"847","SSB",-0.460289142175946,0.012307794998513,15.2537587778644,0.123080510977268,0.0415748744334149,-4.14897295042698,3.33970266701566e-05,0.000230344293009583,-0.156277831993832,1,"2",169791933,169812064,"protein_coding","small RNA binding exonuclease protection factor La"
"848","EPHA5",-0.460254545976471,0.0199923638329369,24.0722424618693,0.00741092903451882,0.111946184827633,-3.25511257923223,0.00113347425306509,0.00410752640104883,-0.455812154421406,1,"4",65319563,65670495,"protein_coding","EPH receptor A5"
"849","ZNF711",-0.460178782857961,0.0064556165042653,8.14029368103798,0.615135355215129,0,-5.72740282603534,1.01979815703146e-08,2.94732358719985e-07,-0.36676807645886,1,"X",85243991,85273362,"protein_coding","zinc finger protein 711"
"850","PPP1R7",-0.459857788091944,0.0157125088438206,18.9953843547528,0.0403213472190537,0.0714691001322192,-3.66860352035009,0.000243878943705811,0.00116777719061681,-0.16306174412554,1,"2",241149576,241183652,"protein_coding","protein phosphatase 1 regulatory subunit 7"
"851","MTHFD1L",-0.459797125432403,0.00983019071563627,12.7760834092249,0.236462120655021,0.021984755994955,-4.63751449419369,3.52623889710024e-06,3.72263253361711e-05,-0.189496971655133,1,"6",150865679,151101887,"protein_coding","methylenetetrahydrofolate dehydrogenase (NADP+ dependent) 1 like"
"852","COMMD1",-0.459438004144962,0.00642537184687026,6.01874411014168,0.813685993244035,0,-5.73162520212142,9.94728832637293e-09,2.89203174042203e-07,-0.207640502473404,1,"2",61888724,62147247,"protein_coding","copper metabolism domain containing 1"
"853","SRP54",-0.459338239924566,0.0101285157969363,13.0037716468321,0.22346101634815,0.0238338506605052,-4.56414777275481,5.01527447527295e-06,4.97597071173994e-05,-0.255945261983,1,"14",34981957,35029686,"protein_coding","signal recognition particle 54"
"854","TMEM18",-0.459227620413703,0.0205442928055664,24.7053164677128,0.00593295468639504,0.117104113570062,-3.203925454928,0.00135567572922746,0.00476661386078638,-0.170548462092361,1,"2",663877,677406,"protein_coding","transmembrane protein 18"
"855","PTPRN2",-0.45911500679379,0.0245921263070023,29.5308670046771,0.00102176744807005,0.156316296710645,-2.92767893636556,0.00341502490774226,0.0101242953443564,-0.208744821134876,1,"7",157539056,158587823,"protein_coding","protein tyrosine phosphatase receptor type N2"
"856","FAT3",-0.459083168578234,0.0180136224459825,21.7677462176291,0.0163325083537225,0.0936717550621265,-3.42050982706342,0.00062503877475395,0.00251979609519508,-0.337539270657304,1,"11",92224818,92896473,"protein_coding","FAT atypical cadherin 3"
"857","FBXO21",-0.458275817054685,0.0222549588275962,26.6734803162532,0.00293256402179643,0.133215280628508,-3.07194575664093,0.00212668367601632,0.00686279517536554,-0.137281065881778,1,"12",117141991,117190470,"protein_coding","F-box protein 21"
"858","B4GALT6",-0.458264203125212,0.0236074569652878,28.3440896109121,0.00158978927729811,0.146634525813865,-2.98257470783832,0.00285834878738678,0.00874122943119445,-0.334963647640672,1,"18",31622246,31685836,"protein_coding","beta-1,4-galactosyltransferase 6"
"859","FAIM2",-0.458102355631842,0.00740667847704515,10.7152701393541,0.380127081885963,0.00563139519479112,-5.32293029217669,1.02108881572249e-07,2.0330361838545e-06,-0.219329509025548,1,"12",49866896,49904217,"protein_coding","Fas apoptotic inhibitory molecule 2"
"860","ELOC",-0.458057448719425,0.0304696707235889,36.9234056279222,5.83462331131904e-05,0.21624859368686,-2.62413436897968,0.00868695066275538,0.0218628519072217,-0.138758771763364,1,"8",73939169,73972307,"protein_coding","elongin C"
"861","STRIP2",-0.457901006641082,0.027323170951731,33.1662982389894,0.000255399122101998,0.185842925573299,-2.77016762012396,0.00560274512556447,0.0152676800209657,-0.283161842711336,1,"7",129434432,129488399,"protein_coding","striatin interacting protein 2"
"862","NMD3",-0.45786307098721,0.0155282940550223,18.655673777717,0.044860491174116,0.0687769872504106,-3.67429264612367,0.000238509244808061,0.00114650091632662,-0.1839798813097,1,"3",161104696,161253532,"protein_coding","NMD3 ribosome export adaptor"
"863","NDUFA8",-0.457744942157019,0.0154896144724275,18.6677828609106,0.044690973547428,0.0689199066036972,-3.67792822749555,0.000235136098667654,0.0011357354260715,-0.190400549702436,1,"9",122144058,122159779,"protein_coding","NADH:ubiquinone oxidoreductase subunit A8"
"864","EPRS1",-0.457712061946849,0.0147858484988593,17.8883778122484,0.0568759943907557,0.0624636998082318,-3.76417002023985,0.000167103165766402,0.000860462703799586,-0.181553954401181,1,"1",219968600,220046530,"protein_coding","glutamyl-prolyl-tRNA synthetase 1"
"865","VAPA",-0.457696721446469,0.0221943193000193,26.8462733239411,0.00275419011400716,0.133988580803834,-3.0722523609667,0.00212450030407907,0.00685785308343412,-0.118058565431292,1,"18",9914016,9960021,"protein_coding","VAMP associated protein A"
"866","EXOC3",-0.457519125165363,0.0223319319871067,26.5432344986541,0.00307433235366153,0.132311132706181,-3.0615834732444,0.00220169593446906,0.00706369052473758,-0.155712614119783,1,"5",443175,471937,"protein_coding","exocyst complex component 3"
"867","SPATA7",-0.457416268677729,0.0326339642822784,39.715080943252,1.90181205998075e-05,0.239499090531041,-2.53207572647113,0.0113389500057055,0.027352844315529,-0.184608844909017,1,"14",88384924,88470350,"protein_coding","spermatogenesis associated 7"
"868","UBQLN1",-0.457196396672068,0.0127174782837216,15.7126351640241,0.108159357157813,0.0452350642066527,-4.05417318252153,5.03119344545944e-05,0.000321947415123073,-0.175770878018037,1,"9",83659968,83707958,"protein_coding","ubiquilin 1"
"869","ZNHIT3",-0.45688874622152,0.0250910697193137,30.198471567612,0.000794884257668616,0.161820896862837,-2.88436935229181,0.00392198457596749,0.0113380812693537,-0.0998808354232908,1,"17",36486629,36499310,"protein_coding","zinc finger HIT-type containing 3"
"870","CDC27",-0.456810260901571,0.0166564578840043,20.2079302979972,0.0273462353763189,0.0810070205498423,-3.53952125784407,0.000400853484833208,0.00175415085709041,-0.200500654700062,1,"17",47117703,47189422,"protein_coding","cell division cycle 27"
"871","PRKCI",-0.456643412881132,0.0231189594483479,27.8910894690681,0.00187915613829046,0.142817737897117,-3.00326085656682,0.00267103378423794,0.00827057407216575,-0.169259890405969,1,"3",170222424,170305977,"protein_coding","protein kinase C iota"
"872","VXN",-0.456491634932574,0.0155334901762064,18.6720498374537,0.0446313788357685,0.068896244800068,-3.66267429110472,0.000249595817289006,0.00119000589072302,-0.165018940491899,1,"8",66492326,66518524,"protein_coding","vexin"
"873","DHRS7",-0.456423918845587,0.0240907570201583,28.8576750752254,0.00131388268619988,0.150093275478913,-2.9406488796498,0.00327525564131759,0.00977743738554512,-0.146224078887401,1,"14",60144119,60169856,"protein_coding","dehydrogenase/reductase 7"
"874","AVL9",-0.456315403967083,0.0224022748216562,26.9008336593415,0.00270007674812044,0.13556925630245,-3.04873073690935,0.00229810358424287,0.00732274714712555,-0.20072976426799,1,"7",32495426,32588726,"protein_coding","AVL9 cell migration associated"
"875","ARPP19",-0.455843015573601,0.0166163842546352,20.2165931789244,0.0272693711925564,0.0807416593696359,-3.53628323058405,0.000405799375615468,0.00177210852282056,-0.176093988927274,1,"15",52547045,52569883,"protein_coding","cAMP regulated phosphoprotein 19"
"876","KIAA1191",-0.45559532259575,0.0115288213029826,14.4566429781248,0.153162844658856,0.0352503580375949,-4.24313454411988,2.20419194023602e-05,0.000165393004360078,-0.127608914722642,1,"5",176346062,176361807,"protein_coding","KIAA1191"
"877","ATP2B1",-0.45514538597084,0.0189893020853368,22.9140503172866,0.0110683175969811,0.102625635756443,-3.30290165593117,0.000956899402605682,0.00356591630018129,-0.384872115963524,1,"12",89588049,89709366,"protein_coding","ATPase plasma membrane Ca2+ transporting 1"
"878","NEK10",-0.455128418584005,0.0190531508265074,23.0932806157872,0.0104074517360866,0.103863697266717,-3.29723993599686,0.00097640050951342,0.00362727884418371,-0.368089145821177,1,"3",27106484,27369460,"protein_coding","NIMA related kinase 10"
"879","ARMCX3",-0.454772880352282,0.021223208990119,25.2510199288867,0.00488947219193496,0.121520002457436,-3.12168467959106,0.00179819423655814,0.00598544640676842,-0.138377625129808,1,"X",101622797,101627843,"protein_coding","armadillo repeat containing X-linked 3"
"880","SAR1A",-0.45451087653288,0.0201242197150575,24.2116423654281,0.00705801348616621,0.112729254386217,-3.20394280938034,0.00135559401598639,0.00476661386078638,-0.115847022565732,1,"10",70147289,70170523,"protein_coding","secretion associated Ras related GTPase 1A"
"881","SUMO1",-0.454277959453331,0.0268351293876291,32.4548660560327,0.00033619235444006,0.179644911432696,-2.77312738471353,0.00555203826789907,0.015156985228571,-0.125204196151384,1,"2",202206182,202238599,"protein_coding","small ubiquitin like modifier 1"
"882","GTF2B",-0.454049871417024,0.012222459889438,15.2563770584757,0.12299062009401,0.0414438707747295,-4.10699568599212,4.00838712979468e-05,0.000267925963527067,-0.156895396377511,1,"1",88852633,88891944,"protein_coding","general transcription factor IIB"
"883","COPZ1",-0.453955394531548,0.0216665324310439,26.0732854490876,0.00364286135154846,0.127736955240587,-3.08402916007587,0.00204217577983856,0.00663281543806782,-0.0985056541437083,1,"12",54301202,54351846,"protein_coding","COPI coat complex subunit zeta 1"
"884","STRBP",-0.453675932333927,0.0240726886032558,28.7072655426971,0.0013894691046628,0.149373425342322,-2.92404088920653,0.00345519356511281,0.0102260898311962,-0.216779700020552,1,"9",123109500,123268586,"protein_coding","spermatid perinuclear RNA binding protein"
"885","KLHL12",-0.453545034564068,0.0132054498358129,16.2773638500523,0.091963064705128,0.0496530381939469,-3.94678816043115,7.92065787329488e-05,0.000467201126027822,-0.142823839650564,1,"1",202891116,202928636,"protein_coding","kelch like family member 12"
"886","TUSC3",-0.453482995457885,0.0253675951452651,30.804220469537,0.000632030151630017,0.16623711927305,-2.84722217690842,0.00441025706226772,0.0124972911940735,-0.274295132309126,1,"8",15417215,15766649,"protein_coding","tumor suppressor candidate 3"
"887","ICA1L",-0.453271372737687,0.0201868715362501,24.4974446053661,0.00638401471117596,0.115325979691391,-3.19024312575142,0.00142153149824642,0.0049518249541564,-0.219247087768042,1,"2",202773150,202871766,"protein_coding","islet cell autoantigen 1 like"
"888","APBA2",-0.453073482815126,0.0132834466201703,16.3081585648515,0.0911442861772734,0.0499189573264589,-3.93109244878744,8.4560745463591e-05,0.000492159912739683,-0.208405176854516,1,"15",28884483,29118315,"protein_coding","amyloid beta precursor protein binding family A member 2"
"889","ELP3",-0.452951907037401,0.0189351130510387,22.5729061579367,0.0124377028107382,0.100544785374635,-3.29168403633921,0.000995894321377477,0.00368577247524751,-0.131452636068397,1,"8",28089673,28191156,"protein_coding","elongator acetyltransferase complex subunit 3"
"890","CYB5D2",-0.452043482430533,0.0273081062721234,32.9946569552662,0.000272949555138858,0.184541801115211,-2.73548551742631,0.0062288327204596,0.0166503164068695,-0.160992840728233,1,"17",4143168,4187310,"protein_coding","cytochrome b5 domain containing 2"
"891","STMN3",-0.451763606556388,0.0291255336190702,35.1993649070031,0.000115450565813336,0.201959250606844,-2.64712406578903,0.00811795640718249,0.0206643330188167,-0.153351779554413,1,"20",63639705,63657682,"protein_coding","stathmin 3"
"892","NDRG3",-0.451745203061344,0.0220221882667496,26.6581643741908,0.00294890180641738,0.132702125169045,-3.0441308339728,0.0023335363211483,0.00740537016545403,-0.204326431100821,1,"20",36651766,36746090,"protein_coding","NDRG family member 3"
"893","SRP72",-0.451691657519531,0.00644548748740167,8.62223304051478,0.56829030245024,0,-5.62618728171075,1.84236317313236e-08,4.86365384726534e-07,-0.183749359517294,1,"4",56467617,56503681,"protein_coding","signal recognition particle 72"
"894","FSTL5",-0.451328771846694,0.0220038182415144,26.5467019744529,0.00307047388950501,0.131854307102626,-3.04259393962771,0.00234548596114337,0.0074365618780073,-0.405460244594194,1,"4",161383897,162164004,"protein_coding","follistatin like 5"
"895","NTPCR",-0.45127352873787,0.015319018851158,18.6422642254834,0.0450488996459576,0.0685003775970103,-3.64606480635141,0.000266286847053321,0.00125613898012049,-0.130877167190713,1,"1",232950605,232983882,"protein_coding","nucleoside-triphosphatase, cancer-related"
"896","AP3S1",-0.451002670025237,0.0145584371354666,17.7930645946676,0.0585563012061258,0.0616713711582896,-3.73784884763992,0.000185601467808105,0.000938940822958051,-0.181493368718479,1,"5",115841592,115914081,"protein_coding","adaptor related protein complex 3 subunit sigma 1"
"897","PTK2B",-0.450671527654925,0.0248847849647163,30.0952015733085,0.000826456303355126,0.160510281683012,-2.8568877386683,0.00427817119907314,0.0121796806892002,-0.326235256762722,1,"8",27311482,27459391,"protein_coding","protein tyrosine kinase 2 beta"
"898","ECPAS",-0.450646338724637,0.0102231781615309,13.1364411315196,0.216143001347181,0.0248099491677651,-4.45700254722318,8.31136159695767e-06,7.47936393621914e-05,-0.124880125055544,1,"9",111360685,111484745,"protein_coding","Ecm29 proteasome adaptor and scaffold"
"899","MAP2",-0.450537169716639,0.0194472487543942,23.4201069913244,0.00929772891096073,0.106619027586279,-3.23073652619887,0.00123471698386646,0.00440686095683635,-0.300338047487056,1,"2",209424047,209734147,"protein_coding","microtubule associated protein 2"
"900","RHBDD2",-0.450516605487735,0.0156121972007973,18.8938557291902,0.041631772902288,0.0705367832598905,-3.6056103275796,0.0003114201471075,0.0014272010226839,-0.213895955941541,1,"7",75842602,75888926,"protein_coding","rhomboid domain containing 2"
"901","IFT57",-0.449991961162432,0.0116285975130585,14.5941109027959,0.147575376709829,0.0362725112678211,-4.17292986863657,3.00707524298893e-05,0.000211456922939369,-0.162133735545245,1,"3",108160812,108222435,"protein_coding","intraflagellar transport 57"
"902","RAD23B",-0.449856966044279,0.00644154091535479,9.43963419797683,0.490949550906014,0,-5.60505095503612,2.08193706718873e-08,5.40789578933962e-07,-0.152229290155975,1,"9",107283137,107332192,"protein_coding","RAD23 homolog B, nucleotide excision repair protein"
"903","CFAP20",-0.449109532389912,0.0150672095161327,18.2593513397836,0.0507431936433399,0.0655443738532427,-3.65877631827649,0.000253422405231074,0.00120573123810338,-0.201527910200663,1,"16",58113592,58129381,"protein_coding","cilia and flagella associated protein 20"
"904","DBNL",-0.449031058270482,0.0181574947456696,21.7272850293381,0.0165558170895882,0.0933111554268809,-3.33233318029634,0.000861210844145255,0.00326543091742948,-0.111945847176611,1,"7",44044640,44069456,"protein_coding","drebrin like"
"905","MAPK8IP3",-0.448943893209192,0.0138100186413089,16.7327977783549,0.0804895625743489,0.0534406418635174,-3.82027772313548,0.000133301490509607,0.00071419998989614,-0.153655645514741,1,"16",1706166,1770351,"protein_coding","mitogen-activated protein kinase 8 interacting protein 3"
"906","MTCH1",-0.448900751742467,0.0064387897800243,7.98753499404394,0.630054557462741,0,-5.594331656263,2.21473239747638e-08,5.69657330597837e-07,-0.174893316748901,1,"6",36965807,36986298,"protein_coding","mitochondrial carrier 1"
"907","TECPR1",-0.448555366688494,0.019357070819575,23.0062976753129,0.0107233564714664,0.103854632431512,-3.22400894160001,0.0012640945251392,0.00449438600163385,-0.129079769538451,1,"7",98214624,98252232,"protein_coding","tectonin beta-propeller repeat containing 1"
"908","SEC23A",-0.448258035351631,0.00845979394340883,11.5307405615044,0.317688472815144,0.0121326925085833,-4.87358102608356,1.09593288399878e-06,1.45662841941468e-05,-0.205005991837481,1,"14",39031919,39109646,"protein_coding","SEC23 homolog A, COPII coat complex component"
"909","PEX3",-0.448210862582726,0.00661004408753202,10.1220358320297,0.429852743514743,0.000959841035387827,-5.51290107649205,3.52966642580554e-08,8.37632099840896e-07,-0.22218263718053,1,"6",143450805,143490616,"protein_coding","peroxisomal biogenesis factor 3"
"910","ADGRB3",-0.448056236252557,0.00642705473367089,8.9195112027345,0.539758963508817,0,-5.58890242153566,2.28509304811553e-08,5.84184176577773e-07,-0.292704522651063,1,"6",68635282,69390571,"protein_coding","adhesion G protein-coupled receptor B3"
"911","ARL3",-0.447959663390493,0.023522798655047,28.4060803418904,0.00155371883858467,0.147008475357193,-2.92075019273087,0.00349189694025975,0.0103071705419564,-0.122330979750444,1,"10",102673731,102714397,"protein_coding","ADP ribosylation factor like GTPase 3"
"912","PYROXD1",-0.447363573267569,0.0150948969693899,18.294802773309,0.0501897362130865,0.0654540883527231,-3.64120845145222,0.000271361307400353,0.00127542110827248,-0.259504376602494,1,"12",21437615,21471250,"protein_coding","pyridine nucleotide-disulphide oxidoreductase domain 1"
"913","GFM2",-0.447186278496444,0.00967356232177672,12.6523940403899,0.243761289404712,0.0209221465530116,-4.54668903479169,5.4496423846917e-06,5.32561429511906e-05,-0.170897198860125,1,"5",74721206,74767147,"protein_coding","GTP dependent ribosome recycling factor mitochondrial 2"
"914","LONRF2",-0.447147902365161,0.0195705327784809,23.6806257170308,0.00849476446264629,0.108510681581922,-3.19631721114579,0.0013919399031066,0.00486646985067511,-0.269778999711298,1,"2",100271875,100322501,"protein_coding","LON peptidase N-terminal domain and ring finger 2"
"915","ACSL3",-0.446937528062871,0.0086735681710574,11.7062991416441,0.305193609075841,0.0135283114898613,-4.7989687791963,1.59484650397168e-06,1.98084831425999e-05,-0.225167658931131,1,"2",222860942,222944639,"protein_coding","acyl-CoA synthetase long chain family member 3"
"916","PPP5C",-0.446367048797006,0.0191037928182178,22.9506669149691,0.0109301469942403,0.103104576114709,-3.22947797759087,0.00124016432311502,0.00442330180680456,-0.149995061755135,1,"19",46347087,46392981,"protein_coding","protein phosphatase 5 catalytic subunit"
"917","TCAF1",-0.446167679567799,0.00642581811621059,6.78573820245972,0.745505906378153,0,-5.56588068826144,2.60831671816675e-08,6.51769403209363e-07,-0.255023464757233,1,"7",143851375,143902198,"protein_coding","TRPM8 channel associated factor 1"
"918","WBP4",-0.445738814939925,0.0101575611569099,13.0740555476428,0.219560721955006,0.0243322193181997,-4.42268217691161,9.74830904576507e-06,8.51762551174822e-05,-0.183697138153437,1,"13",41061509,41084006,"protein_coding","WW domain binding protein 4"
"919","PAFAH1B2",-0.445317548952781,0.0193877446195381,23.2239860469594,0.00994932926476532,0.105021772135133,-3.19820401980115,0.00138286407676902,0.00484439896357312,-0.148048395695759,1,"11",117144284,117176894,"protein_coding","platelet activating factor acetylhydrolase 1b catalytic subunit 2"
"920","DCTN1",-0.445247456157891,0.028575260706355,34.3860921972054,0.000158843311670158,0.195578192632626,-2.63394284134849,0.00843996947515935,0.0213485162006916,-0.140214797753783,1,"2",74361154,74392087,"protein_coding","dynactin subunit 1"
"921","RAC1",-0.444187818511397,0.00774519387067561,10.9913230238285,0.358194420268805,0.00779426371748271,-5.04719980542276,4.48332420299735e-07,6.95642634447377e-06,-0.171604954994086,1,"7",6374527,6403967,"protein_coding","Rac family small GTPase 1"
"922","HAX1",-0.443850276332811,0.00720446644605732,10.5323273267435,0.395094009434619,0.00422099842514897,-5.22920398040845,1.7024145049227e-07,3.13168447092365e-06,-0.182830399551676,1,"1",154272355,154275875,"protein_coding","HCLS1 associated protein X-1"
"923","KLHDC3",-0.443717377523845,0.0127003915545611,15.6924697746224,0.108780742185175,0.0450248850514945,-3.93729433784178,8.2405505147598e-05,0.00048228423596814,-0.175191373985807,1,"6",43014103,43021298,"protein_coding","kelch domain containing 3"
"924","METTL6",-0.443630041065273,0.0289723430780723,35.1224273610853,0.000118998216883927,0.20200560075949,-2.60632840814324,0.00915186665971568,0.0228064994102118,-0.091169998690467,1,"3",15381275,15440566,"protein_coding","methyltransferase 6, tRNA N3-cytidine"
"925","SMIM14",-0.443624904577428,0.0110600471477706,13.9314763760995,0.176140192036966,0.0311522443059459,-4.21829967771571,2.4615152416585e-05,0.000180700079417095,-0.221573906233839,1,"4",39546336,39638902,"protein_coding","small integral membrane protein 14"
"926","ELP6",-0.443144922583824,0.0180637827645787,21.5882031215813,0.017345539990937,0.0923960443033817,-3.29717066126463,0.000976641380812771,0.00362727884418371,-0.130226115664775,1,"3",47495640,47513712,"protein_coding","elongator acetyltransferase complex subunit 6"
"927","MAP1LC3B",-0.442659250171921,0.0176317006952075,21.2799810131493,0.0192236577579939,0.0893832994462004,-3.33366873158321,0.000857086689158626,0.0032544854610896,-0.0940260501429094,1,"16",87383953,87404779,"protein_coding","microtubule associated protein 1 light chain 3 beta"
"928","SBDS",-0.442610469939812,0.0180886439715186,21.6705259113098,0.0168739243552668,0.0924840544153341,-3.29093024858225,0.000998566698451109,0.00369436316782334,-0.198045662223866,1,"7",66987680,66995693,"protein_coding","SBDS ribosome maturation factor"
"929","MAP9",-0.442037930098702,0.0101280634072626,13.1208133240816,0.216995255225389,0.0245592085159808,-4.39234384738946,1.12135165672989e-05,9.55965918054975e-05,-0.277298803427017,1,"4",155342658,155376970,"protein_coding","microtubule associated protein 9"
"930","BRK1",-0.441520175374403,0.0299942606800321,36.2232982632234,7.70524515665709e-05,0.210462825310537,-2.54936179276571,0.0107920277319713,0.0262836281375942,-0.116528525752643,1,"3",10115675,10127190,"protein_coding","BRICK1 subunit of SCAR/WAVE actin nucleating complex"
"931","NTM",-0.441488192908672,0.00988024417750581,12.8892892832522,0.229927833515672,0.0227228985526107,-4.44155714892871,8.93102198085138e-06,7.93198406404023e-05,-0.178778341960381,1,"11",131370478,132336822,"protein_coding","neurotrimin"
"932","WDR47",-0.440988411281942,0.0170415750865527,20.5913451192333,0.024130409346954,0.0839532720411789,-3.37809851425164,0.000729889274605044,0.00285496752885111,-0.232090953445737,1,"1",108970214,109042113,"protein_coding","WD repeat domain 47"
"933","AZIN1",-0.440835141012733,0.0115247778007528,14.4409770569087,0.153810589476018,0.035116879239738,-4.10638747315457,4.01895106749706e-05,0.000268440414159168,-0.211059752265631,1,"8",102826111,102893864,"protein_coding","antizyme inhibitor 1"
"934","ECHDC1",-0.439975221816459,0.018468735242214,22.2405410215776,0.0139250080308074,0.097093857462808,-3.23749898662163,0.00120582367874955,0.00431765319960697,-0.148932893259912,1,"6",127288712,127343609,"protein_coding","ethylmalonyl-CoA decarboxylase 1"
"935","UBA5",-0.439946940107886,0.0160865329970023,19.4812271453165,0.0345593248174567,0.075182906681999,-3.46871864228968,0.000522946809460079,0.00217963567175912,-0.149620983354038,1,"3",132654446,132679794,"protein_coding","ubiquitin like modifier activating enzyme 5"
"936","PPIP5K2",-0.439914814706838,0.00642279582599967,6.3426816489487,0.785697989890438,0,-5.48916808267294,4.03831204032201e-08,9.43019814965318e-07,-0.276822064668476,1,"5",103120149,103212799,"protein_coding","diphosphoinositol pentakisphosphate kinase 2"
"937","CACNB4",-0.439861310168828,0.0209895178517502,25.4297245136168,0.00458782549766509,0.122561740385876,-3.03608923677093,0.00239668420520034,0.00756809780540524,-0.358093745198019,1,"2",151832771,152099167,"protein_coding","calcium voltage-gated channel auxiliary subunit beta 4"
"938","COQ4",-0.439824953682677,0.0138437393580755,16.9207127111616,0.0761369196884411,0.054557690355514,-3.73811930924998,0.000185401964334808,0.000938157125926975,-0.139673291995442,1,"9",128322544,128334072,"protein_coding","coenzyme Q4"
"939","VPS36",-0.439654463227076,0.00642556426375546,8.46388805881343,0.583621306060702,0,-5.48473754513265,4.1408372286611e-08,9.60379454532819e-07,-0.161919528204014,1,"13",52412602,52450634,"protein_coding","vacuolar protein sorting 36 homolog"
"940","RASGRF2",-0.439510839696706,0.021014181326823,25.2304361752354,0.00492541543470978,0.121534547050665,-3.03188938770672,0.00243028242121612,0.007659248373635,-0.256266516349481,1,"5",80960363,81230162,"protein_coding","Ras protein specific guanine nucleotide releasing factor 2"
"941","DUT",-0.439469012005262,0.009264132385835,12.2637091558095,0.267795088727073,0.0178812321286914,-4.56589459107485,4.97368660412612e-06,4.9454804419099e-05,-0.140683250021536,1,"15",48331011,48343373,"protein_coding","deoxyuridine triphosphatase"
"942","KIAA0753",-0.439353509494805,0.00788486490953423,11.0973976355431,0.349980370744191,0.0086478905586873,-4.94785508496958,7.50357377121702e-07,1.05743598222643e-05,-0.183667171530516,1,"17",6578147,6640711,"protein_coding","KIAA0753"
"943","SCAMP1",-0.439017657267439,0.0167378605448524,20.3106524415337,0.0264476357181489,0.0816973439023245,-3.39337624543876,0.000690367444927231,0.0027298122610917,-0.237931183518175,1,"5",78360611,78480739,"protein_coding","secretory carrier membrane protein 1"
"944","HERC1",-0.439015948739584,0.00780414359213553,10.9986129641087,0.357626075783676,0.00791042300651016,-4.9695569507925,6.71060590429207e-07,9.6179256284949e-06,-0.176083516797897,1,"15",63608618,63833948,"protein_coding","HECT and RLD domain containing E3 ubiquitin protein ligase family member 1"
"945","NOLC1",-0.438622172351923,0.021378297798546,25.5572508642248,0.0043835820915036,0.123623244486473,-2.99988095083367,0.00270085146743138,0.00833958245887234,-0.110888499054729,1,"10",102152176,102163871,"protein_coding","nucleolar and coiled-body phosphoprotein 1"
"946","CCNDBP1",-0.438296558976855,0.00642177726823823,6.33867641456594,0.78605194551053,0,-5.46940951476495,4.5153737193715e-08,1.02706446546569e-06,-0.16232140216668,1,"15",43185118,43197177,"protein_coding","cyclin D1 binding protein 1"
"947","STXBP5",-0.437996144769519,0.00863906549247365,11.7586676912931,0.301532669739498,0.0138196322188689,-4.71234311401445,2.44884599220896e-06,2.79873061107391e-05,-0.28433859798822,1,"6",147204180,147391010,"protein_coding","syntaxin binding protein 5"
"948","PTDSS1",-0.437908134827081,0.0281415812293714,34.2159171566612,0.000169769500936648,0.194040502859877,-2.61041024307014,0.00904337000827127,0.0225923183298537,-0.173131944561789,1,"8",96261902,96336995,"protein_coding","phosphatidylserine synthase 1"
"949","GNL2",-0.437358100794117,0.0144032859165713,17.4695119724635,0.0645992819381906,0.0590780188197678,-3.64423507712502,0.000268188216872023,0.00126357276878524,-0.130192175183781,1,"1",37566816,37595937,"protein_coding","G protein nucleolar 2"
"950","OPCML",-0.437152525461659,0.0283755490799322,33.7134230114574,0.000206514350195553,0.190312027814504,-2.59514037612372,0.00945522930386611,0.0234348008662202,-0.323720694214262,1,"11",132414977,133532501,"protein_coding","opioid binding protein/cell adhesion molecule like"
"951","ACOX1",-0.437134946903359,0.0272417576170812,32.7114142882254,0.000304525454518001,0.182206200306012,-2.6484877311727,0.00808527839101059,0.020602429132477,-0.0693054735201319,1,"17",75941507,75979177,"protein_coding","acyl-CoA oxidase 1"
"952","FAM131A",-0.436894088878748,0.0305322818145646,37.0099094571291,5.63705033341163e-05,0.217275256914944,-2.50032542816805,0.0124079268858284,0.0295086223214456,-0.204077952420859,1,"3",184335926,184348421,"protein_coding","family with sequence similarity 131 member A"
"953","CNRIP1",-0.436823941382246,0.0279946432232642,34.3186769474121,0.000163086680426835,0.19459651004899,-2.61077210977313,0.00903380710419999,0.0225711081192694,-0.171254839638606,1,"2",68284171,68320051,"protein_coding","cannabinoid receptor interacting protein 1"
"954","MFN1",-0.436100358895256,0.00644435945222504,8.37316540788334,0.592436476753336,0,-5.43246035830487,5.55823038705938e-08,1.21312414256981e-06,-0.224884035689356,1,"3",179347709,179394936,"protein_coding","mitofusin 1"
"955","CBX3",-0.43565433521467,0.012916648445817,15.9790824807926,0.100232756101195,0.0471559367907611,-3.83324978802762,0.000126461424658553,0.000683821222003585,-0.140523215608769,1,"7",26201162,26213607,"protein_coding","chromobox 3"
"956","FKTN",-0.435356823090619,0.0100382835881125,12.9987324365184,0.223742696321433,0.023635062621323,-4.34525857192745,1.39111698855832e-05,0.000114109557268097,-0.210189235580674,1,"9",105558122,105653820,"protein_coding","fukutin"
"957","CDC37L1",-0.435302227303229,0.0202196193645832,24.4606165828606,0.00646727591818236,0.115117014691932,-3.06128949687088,0.00220385896746911,0.00706847449322409,-0.162620388570769,1,"9",4679559,4708399,"protein_coding","cell division cycle 37 like 1, HSP90 cochaperone"
"958","RAB5A",-0.435293820102061,0.0164105775909214,19.716824526426,0.032047725956324,0.0770479095182147,-3.39797804170572,0.000678858686976591,0.00269240089990339,-0.170300141364026,1,"3",19947097,19985175,"protein_coding","RAB5A, member RAS oncogene family"
"959","FBXO4",-0.435038330167674,0.0144194062126198,17.467610202004,0.0646363991691555,0.0592933485447927,-3.62287904688787,0.00029134207646786,0.00135048188783516,-0.237047211250989,1,"5",41925254,41941743,"protein_coding","F-box protein 4"
"960","GLRB",-0.435030411328945,0.0226707499682986,27.4941239143659,0.00217415433682355,0.13908564954773,-2.88926032738135,0.00386149246467093,0.0112049429238278,-0.370030922646925,1,"4",157076125,157172090,"protein_coding","glycine receptor beta"
"961","MRPS25",-0.434960829472537,0.0337278264654867,41.0989523047327,1.08379557450108e-05,0.250693789911154,-2.36840500865936,0.0178649673137479,0.0400729115488678,-0.12238591108675,1,"3",15009611,15065339,"protein_coding","mitochondrial ribosomal protein S25"
"962","NUTF2",-0.434270442685013,0.0181927553322963,21.8657031767615,0.0158035680541113,0.0940706511905677,-3.21966756093191,0.00128339332398353,0.00455278967064802,-0.138532249406461,1,"16",67846882,67872567,"protein_coding","nuclear transport factor 2"
"963","ABCA5",-0.434174277217343,0.018042332869546,21.9081117657256,0.0155796177566937,0.094358685255138,-3.23234526834574,0.00122778608675844,0.00438658843019148,-0.253257429389908,1,"17",69244311,69327244,"protein_coding","ATP binding cassette subfamily A member 5"
"964","IMPA1",-0.43373006343977,0.0118857197930065,14.8554263556234,0.137422326427501,0.0383931498569934,-3.97838475472558,6.93850280995001e-05,0.000417819402179016,-0.257047541847188,1,"8",81656914,81686331,"protein_coding","inositol monophosphatase 1"
"965","PPP2R5C",-0.433396317566915,0.0227213060751362,26.910188644547,0.00269090209723371,0.136072507204317,-2.87520338400181,0.00403767319002934,0.0116166612769339,-0.132330226922397,1,"14",101761709,101927989,"protein_coding","protein phosphatase 2 regulatory subunit B'gamma"
"966","LMBRD2",-0.433241111634887,0.0164263259819754,19.6713276155609,0.0325191934643234,0.0767430548402378,-3.38033267102851,0.000723981430611476,0.00283660508381107,-0.239317682723813,1,"5",36098407,36151887,"protein_coding","LMBR1 domain containing 2"
"967","PSMA7",-0.432853259915989,0.0181263052632243,21.6957459388195,0.0167318745601461,0.0931488851864528,-3.2150375366328,0.00130427465869132,0.0046190773975535,-0.115574176446719,1,"20",62136733,62143440,"protein_coding","proteasome 20S subunit alpha 7"
"968","TSPYL4",-0.432801847794583,0.0219690065041525,26.3833638462943,0.00325739709728459,0.13023465314377,-2.92000703354139,0.00350023485765738,0.0103274353393789,-0.220306223993026,1,"6",116249964,116254075,"protein_coding","TSPY like 4"
"969","OTUD3",-0.432705913942521,0.0199703574868092,24.2882467250504,0.00687097201374525,0.113047827737973,-3.06196280830517,0.00219890772061637,0.00705582102207846,-0.163210714180952,1,"1",19882395,19912945,"protein_coding","OTU deubiquitinase 3"
"970","CDH13",-0.432703210331639,0.0293814780336572,35.4665042990222,0.000103920405945549,0.204577017803416,-2.52437167085529,0.0115905314116578,0.0278607084315411,-0.288900516215354,1,"16",82626965,83800640,"protein_coding","cadherin 13"
"971","TM9SF4",-0.432646610464983,0.0158187650017337,19.142353570606,0.0384913887422829,0.0724205328540771,-3.43990951184049,0.000581908707280032,0.00237735130119842,-0.0883145334073716,1,"20",32109714,32167258,"protein_coding","transmembrane 9 superfamily member 4"
"972","FAM216A",-0.431977099631823,0.0187681938800498,22.7234938714369,0.0118145297759745,0.100913795573001,-3.15318523021828,0.00161499294643419,0.00548498007957633,-0.232675935158847,1,"12",110468415,110490385,"protein_coding","family with sequence similarity 216 member A"
"973","KBTBD11",-0.431876649685403,0.0168724296907861,20.3743606612024,0.0259042115057268,0.0823280094804292,-3.32484121997405,0.000884689027297769,0.00333462148590918,-0.110600743403986,1,"HSCHR8_8_CTG1",157254,190312,"protein_coding","kelch repeat and BTB domain containing 11"
"974","SLC4A10",-0.431697182390664,0.0150159345322461,18.3904498080554,0.048723793965202,0.0662010780667945,-3.52292202704194,0.000426816909682826,0.001847023401836,-0.500055711093258,1,"2",161424332,161985282,"protein_coding","solute carrier family 4 member 10"
"975","RPGRIP1L",-0.431518220099311,0.0243978304858413,29.3887127972007,0.00107764685729722,0.155459571564937,-2.76263514869761,0.00573368189665668,0.0155539797712296,-0.298061554049546,1,"16",53598153,53703938,"protein_coding","RPGRIP1 like"
"976","TBCB",-0.431454841247438,0.0144822172274259,17.5354064166786,0.0633249636537221,0.0596349447276513,-3.58523657079742,0.000336772789168993,0.00151890664182543,-0.21240282665015,1,"19",36114289,36125947,"protein_coding","tubulin folding cofactor B"
"977","NDUFA10",-0.431202892711029,0.0205400999358343,24.7420152206092,0.00585655908554272,0.117453780435713,-3.00871041570927,0.00262359055787131,0.00815607939385527,-0.1551068566199,1,"2",239892450,240025743,"protein_coding","NADH:ubiquinone oxidoreductase subunit A10"
"978","RAB11FIP2",-0.430688000716614,0.00643355835841968,9.76563541518443,0.461290042014587,0,-5.36954083840371,7.89373608700572e-08,1.63780851610123e-06,-0.209939193180025,1,"10",118004916,118046941,"protein_coding","RAB11 family interacting protein 2"
"979","LSM5",-0.43031336355437,0.0135521622219953,16.6900553799113,0.0815098284651937,0.0528006517182222,-3.6964134146983,0.000218666788978972,0.0010704395626146,-0.205803608633373,1,"7",32485338,32495283,"protein_coding","LSM5 homolog, U6 small nuclear RNA and mRNA degradation associated"
"980","CPNE4",-0.430186659272825,0.0182142113744817,21.8976060724524,0.015634815525268,0.0943465140358076,-3.18751143927859,0.00143502781465732,0.00499057606948595,-0.424842803607543,1,"3",131533555,132285410,"protein_coding","copine 4"
"981","NHLRC3",-0.430094889139392,0.0142652676334643,17.3147570679145,0.0676829426198112,0.0579608591028444,-3.60100993727681,0.000316983459511144,0.00144737333862921,-0.205788123339032,1,"13",39038306,39050109,"protein_coding","NHL repeat containing 3"
"982","MGAT4C",-0.430069212877453,0.0158236628249892,19.16668107907,0.0381959472656418,0.0725028034835909,-3.41888776411457,0.00062877656254523,0.00253340844043501,-0.2805225224379,1,"12",85955666,86838904,"protein_coding","MGAT4 family member C"
"983","YPEL5",-0.430053300385247,0.0172873712639231,21.0001550913507,0.0210924841508644,0.0871692451004767,-3.27082874227487,0.00107232827336134,0.00392341492844236,-0.193804738795913,1,"2",30146941,30160537,"protein_coding","yippee like 5"
"984","CCT6A",-0.429752454687516,0.0117778301465393,14.7340302402175,0.142063697627919,0.0373547504548225,-3.95991371175032,7.49768496861591e-05,0.000447267626140286,-0.139851931785506,1,"7",56051685,56063989,"protein_coding","chaperonin containing TCP1 subunit 6A"
"985","SRP68",-0.42921180846985,0.0127889032517165,15.688297900712,0.108909680111047,0.0450794882038563,-3.79537778089266,0.000147418805007904,0.000777171550329817,-0.103265138809303,1,"17",76038775,76072517,"protein_coding","signal recognition particle 68"
"986","MKKS",-0.428879608008106,0.0251833690065711,30.6412287213411,0.000672334521104245,0.164738177597584,-2.70257952820869,0.00688037226034277,0.0180818176814404,-0.164175852340521,1,"20",10401009,10434222,"protein_coding","MKKS centrosomal shuttling protein"
"987","DNAJC5",-0.428676921366638,0.020615415131469,24.8953262740583,0.00554748221391298,0.118363758393692,-2.9856167652227,0.00283007069597874,0.00866861077935546,-0.139787506143297,1,"20",63895126,63936031,"protein_coding","DnaJ heat shock protein family (Hsp40) member C5"
"988","EIF4E",-0.428609572727355,0.022588025559662,27.3722342015927,0.00227339817253187,0.13792378650185,-2.85182407677478,0.00434691507493623,0.012340992197633,-0.174001503445667,1,"4",98879276,98929133,"protein_coding","eukaryotic translation initiation factor 4E"
"989","PHACTR1",-0.428253914461655,0.0329539752920192,40.0117990842521,1.68638691836508e-05,0.241422484140415,-2.35910589296481,0.0183190275408662,0.0409424622328262,-0.240213081605661,1,"6",12716312,13290446,"protein_coding","phosphatase and actin regulator 1"
"990","CCSER2",-0.427984805667023,0.00641120818601396,5.36543459747668,0.865469058396221,0,-5.34513170959034,9.03513301953041e-08,1.84204649933062e-06,-0.199396730895553,1,"10",84328586,84518521,"protein_coding","coiled-coil serine rich protein 2"
"991","ABCE1",-0.427722569327976,0.0119972546844193,14.9090148497383,0.135414389894994,0.0388038840120958,-3.90500170438494,9.42247210169445e-05,0.000537696807756038,-0.221461897199024,1,"4",145098288,145129524,"protein_coding","ATP binding cassette subfamily E member 1"
"992","PSMD3",-0.427203460585434,0.0150832371909522,18.1506352762448,0.0524751811089732,0.0647764810378943,-3.47846374960426,0.000504296641354873,0.00211531127075489,-0.141096063634818,1,"17",39980807,39997959,"protein_coding","proteasome 26S subunit, non-ATPase 3"
"993","CACNA2D3",-0.426394281845469,0.0180644263873434,21.933954748688,0.0154446174570956,0.0945702261000059,-3.17248285796288,0.00151141481696304,0.00520375842724634,-0.295138700941757,1,"3",54122552,55074557,"protein_coding","calcium voltage-gated channel auxiliary subunit alpha2delta 3"
"994","SUSD1",-0.426347991191078,0.021124842618404,24.9112021371604,0.00551638463254336,0.118848553609515,-2.93337428185967,0.00335299415092827,0.0099727165585992,-0.26676984471133,1,"9",112040783,112175297,"protein_coding","sushi domain containing 1"
"995","MFSD6",-0.426210464503823,0.0176597090543938,21.3286124549322,0.0189151548412926,0.0896164455413293,-3.20724647413875,0.0013401212410149,0.00471981099949005,-0.175452834125959,1,"2",190408355,190509205,"protein_coding","major facilitator superfamily domain containing 6"
"996","ATG5",-0.425804246207348,0.0146862705684853,17.9776472483524,0.0553418732560843,0.0629315372630793,-3.51361542866467,0.000442052302852103,0.001899669209969,-0.167885209389364,1,"6",106045423,106325791,"protein_coding","autophagy related 5"
"997","HOMER1",-0.424855042311565,0.00765616631239964,10.9276007542521,0.363186355242588,0.00728449601273278,-4.85551273481427,1.20075636789174e-06,1.56724032136739e-05,-0.346244445291588,1,"5",79372636,79514134,"protein_coding","homer scaffold protein 1"
"998","CHM",-0.424616032315153,0.00642009770024615,8.1757272264954,0.611676761128533,0,-5.29938618579825,1.16192638621726e-07,2.26991004326937e-06,-0.221164862508708,1,"X",85861180,86047561,"protein_coding","CHM Rab escort protein"
"999","MMADHC",-0.424174527412883,0.0179526663556273,21.5695509819535,0.0174541049704351,0.0914934862659185,-3.16577543456212,0.001546701512259,0.00530441724823623,-0.143139393658954,1,"2",149569637,149587778,"protein_coding","metabolism of cobalamin associated D"
"1000","CWC15",-0.423974106745173,0.024204964751752,28.8434372453684,0.0013208630993556,0.15044197642546,-2.72512925850152,0.00642763179083894,0.0170809192515941,-0.107171346886018,1,"11",94962620,94973586,"protein_coding","CWC15 spliceosome associated protein homolog"
"1001","XPNPEP1",-0.423790380284529,0.0120191022277767,14.9578063473069,0.133607750014338,0.0391345372712922,-3.86558368653627,0.000110823839554408,0.000612324995857339,-0.123601541052291,1,"10",109864766,109923553,"protein_coding","X-prolyl aminopeptidase 1"
"1002","RAB3GAP2",-0.422864710680455,0.0116898695724366,14.6045600383959,0.147157694340074,0.0363489616584379,-3.91107920090757,9.188463273202e-05,0.000526419732304508,-0.123831238314612,1,"1",220148293,220272529,"protein_coding","RAB3 GTPase activating non-catalytic protein subunit 2"
"1003","EHD3",-0.422862411141388,0.0113512897119183,14.2885854722079,0.160230599325172,0.0338247061942312,-3.96895776782036,7.21876729692372e-05,0.000432222151187465,-0.179732002459975,1,"2",31234152,31269451,"protein_coding","EH domain containing 3"
"1004","ERCC3",-0.422662814470961,0.0064130797445955,6.49429366912108,0.772167538092475,0,-5.27789469030697,1.30676523379947e-07,2.50632092243763e-06,-0.142513163629837,1,"2",127257290,127294166,"protein_coding","ERCC excision repair 3, TFIIH core complex helicase subunit"
"1005","HACE1",-0.422550655529926,0.00643329789316446,9.81214062863102,0.457126695763783,0,-5.26819629875219,1.37770740149534e-07,2.61615196096228e-06,-0.219285919110561,1,"6",104728094,104859919,"protein_coding","HECT domain and ankyrin repeat containing E3 ubiquitin protein ligase 1"
"1006","SLU7",-0.422281750528256,0.0158197770431799,19.0916789222333,0.0391135544175926,0.0720542021949124,-3.35739263955318,0.000786812929655545,0.00303808846392965,-0.147833235986571,1,"5",160401641,160421711,"protein_coding","SLU7 homolog, splicing factor"
"1007","PPIP5K1",-0.421991630366254,0.0102872785105158,13.3264948745427,0.205985633769682,0.0260982731311852,-4.16057723553114,3.17444237591946e-05,0.000221013459925035,-0.163862588271377,1,"15",43533462,43590208,"protein_coding","diphosphoinositol pentakisphosphate kinase 1"
"1008","ZNF385D",-0.421953905800858,0.0306439899694813,36.7132592538226,6.34341248806453e-05,0.213801946694617,-2.41041796506716,0.0159342543121015,0.0364330265949376,-0.226568332078939,1,"3",21412218,22373321,"protein_coding","zinc finger protein 385D"
"1009","NAF1",-0.42174101475439,0.0105866866838334,13.5020136828705,0.196941424886084,0.0276875048546099,-4.09888570615849,4.1514396316833e-05,0.000275540346531913,-0.195525449182389,1,"4",163110073,163166890,"protein_coding","nuclear assembly factor 1 ribonucleoprotein"
"1010","SUPV3L1",-0.421523789818141,0.019640227441452,23.4324334762325,0.00925816119746229,0.107080512834972,-3.00779916082931,0.00263146981107942,0.0081745348922355,-0.193368088035645,1,"10",69180234,69209099,"protein_coding","Suv3 like RNA helicase"
"1011","KRAS",-0.42137846320897,0.01830593862763,22.1963070385758,0.0141351833384208,0.0967145604281402,-3.11441393496755,0.00184310718366287,0.00611270100004206,-0.182372730305118,1,"12",25205246,25250936,"protein_coding","KRAS proto-oncogene, GTPase"
"1012","RIMS1",-0.421205796318202,0.0126134249227047,15.5768849608217,0.112402160173213,0.0440745290963248,-3.75040203553497,0.000176551272030423,0.000900300233524018,-0.218863820311667,1,"6",71886550,72403150,"protein_coding","regulating synaptic membrane exocytosis 1"
"1013","CADPS",-0.421044336650932,0.0280671634694784,33.963038636964,0.000187379587685847,0.19216712197742,-2.5132087791044,0.0119638509097399,0.0286120371845881,-0.350442885987822,1,"3",62398346,62875416,"protein_coding","calcium dependent secretion activator"
"1014","NXPH1",-0.421038289361166,0.016272788005894,19.5662777350317,0.0336323875794441,0.0757265852886529,-3.3005826253875,0.000964842988462777,0.00358852686534503,-0.209721661373517,1,"7",8433609,8752961,"protein_coding","neurexophilin 1"
"1015","BCLAF1",-0.420990328063678,0.00641710126089325,7.46810559220166,0.680636209914493,0,-5.25536243149059,1.47733248079263e-07,2.78522180966638e-06,-0.211521758280415,1,"6",136256627,136289851,"protein_coding","BCL2 associated transcription factor 1"
"1016","GPM6A",-0.42076905153682,0.0210372000185131,25.4932373577147,0.00448498769736655,0.12320078693931,-2.90101397512983,0.00371957289398472,0.0108648915298401,-0.27388585949839,1,"4",175632934,176002664,"protein_coding","glycoprotein M6A"
"1017","MINDY3",-0.420414110563658,0.0154794196553312,18.8192264996479,0.0426197735033612,0.0697764010859042,-3.37909146091317,0.000727258090491123,0.00284732233418929,-0.159630360159806,1,"10",15778170,15860507,"protein_coding","MINDY lysine 48 deubiquitinase 3"
"1018","ERH",-0.419987464431134,0.0231645521789041,28.0724331837039,0.00175766292157484,0.14365263379268,-2.75946171885065,0.00578966698929384,0.0156735194872288,-0.173030274065963,1,"14",69380128,69398299,"protein_coding","ERH mRNA splicing and mitosis factor"
"1019","YWHAH",-0.419898524357071,0.0262041425829491,31.8669251792566,0.000421402870944321,0.17458243555653,-2.59393668633166,0.00948839582087646,0.023500394122571,-0.344089620387218,1,"22",31944522,31957603,"protein_coding","tyrosine 3-monooxygenase/tryptophan 5-monooxygenase activation protein eta"
"1020","DCTN4",-0.419855882621852,0.0064081674277352,5.16420494131895,0.879942353640612,0,-5.24485296249524,1.56407010898363e-07,2.91221549495713e-06,-0.17188497214959,1,"5",150706840,150759095,"protein_coding","dynactin subunit 4"
"1021","CIR1",-0.419702141686022,0.0220552990908361,26.3485097433782,0.00329868070339654,0.130512454446288,-2.82608167871395,0.00471212469108129,0.0132155563183618,-0.146801738397337,1,"2",174348022,174395712,"protein_coding","corepressor interacting with RBPJ, CIR1"
"1022","ANO10",-0.419464624721702,0.020609281285102,24.7155966561375,0.00591145878433471,0.116613303832871,-2.92189037216494,0.00347913976490233,0.0102824976335925,-0.0885056195135703,1,"3",43354859,43691594,"protein_coding","anoctamin 10"
"1023","HSPA13",-0.419276521445625,0.0159590024665629,19.2990286262172,0.0366248903185372,0.0735297372171118,-3.31892678947261,0.000903641171854375,0.00339856021146228,-0.214715865278284,1,"21",14371115,14383484,"protein_coding","heat shock protein family A (Hsp70) member 13"
"1024","FAXC",-0.418977984130129,0.0235657423071099,28.7927676027188,0.00134599831122224,0.149088088380679,-2.72929601250382,0.00634697028003717,0.0169229963855478,-0.301383920492439,1,"6",99271168,99350062,"protein_coding","failed axon connections homolog, metaxin like GST domain containing"
"1025","SLC7A14",-0.418577448876978,0.0117877179017247,14.8104836510049,0.139125562011713,0.037843796875168,-3.85532469148386,0.000115576129085859,0.000634748565900934,-0.324663630875512,1,"3",170459548,170586075,"protein_coding","solute carrier family 7 member 14"
"1026","SHOC2",-0.418413800108004,0.00640801367713954,7.63846202851127,0.664104055985601,0,-5.22690112679526,1.72374616580484e-07,3.15370602856816e-06,-0.220031181184206,1,"10",110919367,111017307,"protein_coding","SHOC2 leucine rich repeat scaffold protein"
"1027","CHCHD3",-0.417788116766612,0.021031713367157,25.1123623481465,0.00513654531934756,0.120670987068455,-2.88083746221908,0.00396620114937329,0.0114438936070782,-0.105111346204968,1,"7",132784870,133082090,"protein_coding","coiled-coil-helix-coiled-coil-helix domain containing 3"
"1028","GRK3",-0.417532818397547,0.0182454269969271,21.9291089388249,0.0154698470025474,0.0945361384541634,-3.09110388698407,0.00199413851567387,0.00651383071396685,-0.184726962927866,1,"22",25564675,25729294,"protein_coding","G protein-coupled receptor kinase 3"
"1029","MOXD1",-0.417458857056838,0.0180751511534592,21.6775250223823,0.0168343890375643,0.0930858638417755,-3.1050794061015,0.0019022794840482,0.0062654916005595,-0.298885006860532,1,"6",132296055,132401475,"protein_coding","monooxygenase DBH like 1"
"1030","GDI2",-0.417365152029415,0.0136200501049215,16.6553923077549,0.0823456185884714,0.0525708698180641,-3.57624144686944,0.000348569733003901,0.00156306632191007,-0.176406692001644,1,"10",5765222,5842132,"protein_coding","GDP dissociation inhibitor 2"
"1031","CHL1",-0.41684972153389,0.0214674834608825,25.724669034952,0.00412868098715858,0.12550769771207,-2.84504373707067,0.00444053253414656,0.012569461121814,-0.299506621738846,1,"3",196763,409417,"protein_coding","cell adhesion molecule L1 like"
"1032","HSPA9",-0.416511322900776,0.0251353901888741,30.2491964627294,0.000779809786622278,0.161150117207276,-2.62714471623101,0.00861047060025144,0.0217000927095055,-0.102028456294263,1,"5",138553756,138575675,"protein_coding","heat shock protein family A (Hsp70) member 9"
"1033","LAMTOR3",-0.416378478528587,0.0222758268691495,27.0753813984017,0.0025337680959446,0.135396941157692,-2.78978899654783,0.00527424022279344,0.0145191697353884,-0.118006299756516,1,"4",99878336,99894428,"protein_coding","late endosomal/lysosomal adaptor, MAPK and MTOR activator 3"
"1034","WASHC3",-0.415971872297021,0.0157855729831621,19.0238053712542,0.0399613577309907,0.0716051717425914,-3.31080642792353,0.000930275361922916,0.00347840654253744,-0.165362041472495,1,"12",102012840,102062149,"protein_coding","WASH complex subunit 3"
"1035","VMP1",-0.415552392096023,0.00793844803851617,11.1599151896655,0.345195681097166,0.00910804405138032,-4.66399400394673,3.10130420966281e-06,3.36757408715497e-05,-0.143467372584971,1,"17",59707192,59842255,"protein_coding","vacuole membrane protein 1"
"1036","MACROD2",-0.415512578095997,0.025899501159801,31.6558797406061,0.000456869678021954,0.172615129478474,-2.58189439829241,0.00982596463467345,0.0242337704739807,-0.298801827120317,1,"20",13995369,16053197,"protein_coding","mono-ADP ribosylhydrolase 2"
"1037","HACD3",-0.415324330935852,0.00898208360985885,12.0526275287767,0.281549780688885,0.0161364442270416,-4.3822669291316,1.17450784471451e-05,9.92834272912548e-05,-0.158680219074899,1,"15",65530418,65578349,"protein_coding","3-hydroxyacyl-CoA dehydratase 3"
"1038","COPS6",-0.415095520142072,0.0278250520807816,33.6918071043085,0.000208258717641607,0.188904049738436,-2.48845650018667,0.0128298931327724,0.030351231822289,-0.0978965867092285,1,"7",100088969,100092187,"protein_coding","COP9 signalosome subunit 6"
"1039","MYCBP2",-0.41406286714243,0.00742859004400957,10.7329874468566,0.378695653905694,0.00577423905889929,-4.80411161678591,1.55440104565585e-06,1.94253890792656e-05,-0.241542208667007,1,"13",77042474,77327094,"protein_coding","MYC binding protein 2"
"1040","MRPS22",-0.413498324249085,0.012668575415908,15.7080223531799,0.108301227296002,0.0448692978286867,-3.67375223508788,0.000239014505065915,0.00114788066345283,-0.163989030871568,1,"3",139005806,139360497,"protein_coding","mitochondrial ribosomal protein S22"
"1041","RSPRY1",-0.412806160794261,0.0169251814774058,20.4612330692025,0.0251799436396003,0.0825671914149187,-3.17306890490197,0.00150836721430614,0.00519549973191432,-0.0930389857957754,1,"16",57186137,57240469,"protein_coding","ring finger and SPRY domain containing 1"
"1042","GRIPAP1",-0.412731070331247,0.0162138937149822,19.578693631345,0.0334990078772843,0.0759249948368243,-3.24133189566705,0.00118972579861909,0.00427164348173134,-0.146346364126981,1,"X",48973720,49002265,"protein_coding","GRIP1 associated protein 1"
"1043","SPAG16",-0.412508814745087,0.00641304789730159,7.90094379872858,0.638512087372209,0,-5.1511119844223,2.58946504017032e-07,4.42945889798241e-06,-0.180373064364456,1,"2",213284389,214410501,"protein_coding","sperm associated antigen 16"
"1044","RBP1",-0.412269763510545,0.0183237415151997,21.8831723316911,0.0157109522767861,0.0944618704045721,-3.04561081349104,0.00232208192312311,0.00738015161065109,-0.304397643284889,1,"3",139517434,139539829,"protein_coding","retinol binding protein 1"
"1045","API5",-0.411836215948189,0.0132037937985738,16.2976229980929,0.0914236868882468,0.0495721785794373,-3.58405914710112,0.000338295425434731,0.00152414041780444,-0.176409167891526,1,"11",43311963,43344529,"protein_coding","apoptosis inhibitor 5"
"1046","PSMD4",-0.411654259605697,0.0292987777638265,35.2503725983486,0.000113156024939061,0.202486220554588,-2.40496002436805,0.0161742349608831,0.0368571259696536,-0.0949917714662029,1,"1",151254709,151267479,"protein_coding","proteasome 26S subunit ubiquitin receptor, non-ATPase 4"
"1047","YTHDC2",-0.411295267043126,0.0168394316374107,20.2479674984841,0.0269926706367468,0.0812730381371432,-3.16949446250116,0.0015270436794248,0.00524412419321338,-0.173635332401153,1,"5",113513694,113595285,"protein_coding","YTH N6-methyladenosine RNA binding protein C2"
"1048","ARFGAP2",-0.411286137026993,0.0204418358767686,24.3643277150375,0.0066899033944797,0.114535171141831,-2.87663077735881,0.0040194560124911,0.011572161262016,-0.10806644727774,1,"11",47164299,47177125,"protein_coding","ADP ribosylation factor GTPase activating protein 2"
"1049","RBIS",-0.411182619497407,0.00640643665371733,7.73183633382417,0.65501213164913,0,-5.13720008213594,2.78862010372194e-07,4.70132748255686e-06,-0.192946878275434,1,"8",85214048,85220421,"protein_coding","ribosomal biogenesis factor"
"1050","MTX3",-0.410572607262297,0.017450211409175,21.2107909903504,0.0196707235648963,0.088620758636393,-3.10806164648801,0.00188318782118868,0.00621888927207249,-0.149742671308037,1,"5",79976716,79991262,"protein_coding","metaxin 3"
"1051","AMY2B",-0.409671112917488,0.00934739395515066,12.3681931546766,0.261170080233994,0.0186556213102984,-4.23730834407924,2.26215374026228e-05,0.000169139000338019,-0.209144055517576,1,"1",103553815,103579534,"protein_coding","amylase alpha 2B"
"1052","BAG5",-0.409552271882715,0.0170662643754311,20.5862336652417,0.0241708583394994,0.083776481789438,-3.13501847762646,0.00171843287206297,0.00576739952595388,-0.125626296995307,1,"14",103556545,103562657,"protein_coding","BAG cochaperone 5"
"1053","LARP1B",-0.409550304871951,0.0064105576255403,7.65076178556192,0.66290745181096,0,-5.11516149009336,3.13472647617274e-07,5.19327913847831e-06,-0.164868429039423,1,"4",128061286,128222931,"protein_coding","La ribonucleoprotein 1B"
"1054","HK1",-0.409112815056348,0.0297255399770119,36.1352552970251,7.97874915675119e-05,0.209809680458665,-2.37289328482775,0.0176493623596743,0.0396945573540938,-0.215344016271953,1,"10",69269984,69401884,"protein_coding","hexokinase 1"
"1055","SULT1A1",-0.408724228375817,0.0104970654146999,13.5160689582989,0.196230988362615,0.0276428440678423,-3.98929755488043,6.62692498247797e-05,0.000404146381540106,-0.26007936607239,1,"16",28605196,28610044,"protein_coding","sulfotransferase family 1A member 1"
"1056","NRCAM",-0.407773933112342,0.0237794459400302,28.6654449524897,0.00141122472607309,0.149112482117405,-2.64434791528439,0.00818484788986029,0.0208158104197583,-0.230402562895498,1,"7",108147623,108456717,"protein_coding","neuronal cell adhesion molecule"
"1057","SF3A3",-0.407716640206039,0.0193536652936989,23.0841736057214,0.0104401076106711,0.104010736225983,-2.93073684143273,0.00338159110272263,0.0100421562175419,-0.086103455594575,1,"1",37956975,37990075,"protein_coding","splicing factor 3a subunit 3"
"1058","RASA1",-0.407546708998656,0.00873272688026861,11.837270964648,0.296095014630146,0.014442453568122,-4.3611643335196,1.29372151302931e-05,0.000107673657571743,-0.191142586005906,1,"5",87267883,87391931,"protein_coding","RAS p21 protein activator 1"
"1059","RIOK3",-0.406992861107398,0.015856239164745,19.2129184056962,0.0376401657917325,0.072554140633311,-3.23211420264004,0.00122877936569377,0.00438939182583987,-0.158245749834847,1,"18",23453287,23486603,"protein_coding","RIO kinase 3"
"1060","MYO5A",-0.406647722367387,0.00968246127625284,12.6196301424684,0.245722839844506,0.0207158257246867,-4.13261987277441,3.58651608749483e-05,0.000244603884865125,-0.222232026196016,1,"15",52307281,52529132,"protein_coding","myosin VA"
"1061","CDC37",-0.40649927722095,0.0145533313076539,17.6906156958887,0.0604122286218293,0.0607365417390729,-3.36960170788774,0.000752769047586144,0.00293246820240927,-0.166838855968461,1,"19",10391090,10420121,"protein_coding","cell division cycle 37, HSP90 cochaperone"
"1062","NGEF",-0.406205166367058,0.0233612722487898,28.2627904861016,0.00163832733775592,0.14542223436437,-2.65764639913258,0.00786884055930681,0.0201804492159697,-0.264202265466464,1,"2",232878701,233013256,"protein_coding","neuronal guanine nucleotide exchange factor"
"1063","FOXRED1",-0.406132991027535,0.0262987854666294,31.3790341878828,0.000507842611499424,0.171359258142585,-2.50438113347621,0.0122665815382488,0.0292319487557769,-0.0924209507293068,1,"11",126269024,126278131,"protein_coding","FAD dependent oxidoreductase domain containing 1"
"1064","MOCS2",-0.405413636907285,0.0218954347808469,26.7686309193397,0.0028330050385297,0.132595863579982,-2.73981706429681,0.00614733896219333,0.0164638507846929,-0.107602895866612,1,"5",53095679,53110063,"protein_coding","molybdenum cofactor synthesis 2"
"1065","USP7",-0.405044296409085,0.00935671615505697,12.3996926540456,0.259196570576163,0.0188655082227089,-4.18736475822329,2.8221208052015e-05,0.000201829337566027,-0.109839428170435,1,"16",8892097,8975328,"protein_coding","ubiquitin specific peptidase 7"
"1066","NDUFB9",-0.40492439452444,0.0226391230814765,27.2246958584033,0.0023993943380197,0.136543730650092,-2.69118864178274,0.00711979231408177,0.0186180002843998,-0.147694383687146,1,"8",124539101,124580648,"protein_coding","NADH:ubiquinone oxidoreductase subunit B9"
"1067","CCT2",-0.404599123499749,0.00987411602656788,12.8559304507443,0.231838850602933,0.0224975398003789,-4.07170049266324,4.66711659539154e-05,0.000303595235226967,-0.160940214480264,1,"12",69585426,69601570,"protein_coding","chaperonin containing TCP1 subunit 2"
"1068","SRI",-0.404383076638808,0.014304020424954,17.4803559197962,0.0643880036900459,0.0588312605160056,-3.38114589940089,0.00072184203824377,0.00283297080482166,-0.196476834859612,1,"7",88205115,88226993,"protein_coding","sorcin"
"1069","ISCA1",-0.404317206845647,0.0150972362936783,18.5026687772539,0.0470536162676141,0.0669788577199257,-3.29058791298272,0.000999782559578444,0.00369691125721098,-0.142342295318456,1,"9",86264546,86283102,"protein_coding","iron-sulfur cluster assembly 1"
"1070","CHMP2B",-0.40407406218358,0.0119260737119406,14.876000105809,0.136648494040801,0.0384129932444756,-3.7000894986281,0.000215523445039834,0.00105946418760545,-0.166919621515352,1,"3",87227271,87255556,"protein_coding","charged multivesicular body protein 2B"
"1071","RRM1",-0.404074055957027,0.0216834494639786,26.272280417702,0.00339073684337941,0.128930667508144,-2.74408007826683,0.00606807335788662,0.0162951197766349,-0.130615490734378,1,"11",4094707,4138932,"protein_coding","ribonucleotide reductase catalytic subunit M1"
"1072","ZSCAN18",-0.403467657971481,0.00642050993815819,8.69555673361885,0.561219433347104,0,-5.03528394689292,4.77141020915894e-07,7.3193452399982e-06,-0.145391736452465,1,"19",58083838,58118427,"protein_coding","zinc finger and SCAN domain containing 18"
"1073","TMEM126B",-0.403383614042251,0.00641531765819597,9.96780565169917,0.443322345854818,0,-5.03627191083075,4.74686132179158e-07,7.2953953404306e-06,-0.241986849930616,1,"11",85628573,85636539,"protein_coding","transmembrane protein 126B"
"1074","FAM98A",-0.403014742792618,0.0177108833768782,21.3869524021629,0.0185511967325182,0.0899925627843154,-3.02831342478524,0.00245922881149219,0.00772963462709824,-0.157819451743813,1,"2",33532744,33599347,"protein_coding","family with sequence similarity 98 member A"
"1075","CCDC25",-0.402741734202989,0.0115751251280879,14.5655663779414,0.148721420487017,0.0359259671120465,-3.74337890428084,0.000181562123193313,0.000921830857139793,-0.14914568188995,1,"8",27733316,27772653,"protein_coding","coiled-coil domain containing 25"
"1076","STXBP5L",-0.40272361870475,0.0221320407214657,26.9346151666742,0.00266708813781292,0.13431290304379,-2.70705057913698,0.00678839140715803,0.0178847677443783,-0.417644871413335,1,"3",120908072,121424761,"protein_coding","syntaxin binding protein 5L"
"1077","UBAP2L",-0.402682300962141,0.0168500675982403,20.3965965498716,0.0257170022897465,0.0819307518943059,-3.10214231509133,0.00192125570148627,0.00632007816749079,-0.140173717135917,1,"1",154220179,154271510,"protein_coding","ubiquitin associated protein 2 like"
"1078","PSMD6",-0.402439519630423,0.0217439977460665,26.0939263493077,0.00361589291563186,0.128326653119769,-2.72917211168862,0.00634935559395333,0.0169229963855478,-0.106671142667084,1,"3",64010550,64024010,"protein_coding","proteasome 26S subunit, non-ATPase 6"
"1079","TRIM33",-0.402220425801471,0.00641935332538035,7.43118547732601,0.684207067591582,0,-5.02017066177774,5.16255921789721e-07,7.8256661343341e-06,-0.204525404703476,1,"1",114392790,114511203,"protein_coding","tripartite motif containing 33"
"1080","SMS",-0.402166011696964,0.0158683188784731,19.2908945424772,0.0367197049823433,0.0734711165726454,-3.19256615025987,0.00141014641269432,0.00491868045807171,-0.171024561547682,1,"X",21940709,21994837,"protein_coding","spermine synthase"
"1081","SDHA",-0.401563700555177,0.0168032075074075,20.326280103939,0.0263133598520941,0.0815343901276908,-3.09783550093914,0.00194939602141098,0.00639396139840791,-0.153009616851142,1,"5",218303,257082,"protein_coding","succinate dehydrogenase complex flavoprotein subunit A"
"1082","MAPRE2",-0.401511287325647,0.0101478059871604,13.1154339496809,0.217289218505369,0.0245156368771123,-3.98576492456999,6.72630806370922e-05,0.000407843001903291,-0.154834864567335,1,"18",34976928,35143470,"protein_coding","microtubule associated protein RP/EB family member 2"
"1083","SLC37A3",-0.401416030778333,0.00751106615722905,10.8013697272581,0.37320118930349,0.00630851373368301,-4.63173729251591,3.62610082671466e-06,3.80704398174034e-05,-0.154302344852356,1,"7",140293693,140404433,"protein_coding","solute carrier family 37 member 3"
"1084","TERF2",-0.401293360497898,0.01555710547886,18.8149754650243,0.0426766932222727,0.0698612430530895,-3.21734457615722,0.00129383106596315,0.00458595108286129,-0.108701265754358,1,"16",69355567,69408571,"protein_coding","telomeric repeat binding factor 2"
"1085","TIMM10B",-0.401084752770598,0.0192982270451423,23.3387235205661,0.00956303433993072,0.105195708112019,-2.88720384086519,0.0038868232859377,0.0112580894735861,-0.1184742442088,1,"11",6481501,6484681,"protein_coding","translocase of inner mitochondrial membrane 10B"
"1086","TAFA2",-0.401048359641445,0.0248823936021415,30.260719420495,0.000776424397171077,0.160915280167359,-2.54243972987351,0.0110081584407398,0.0267063521880447,-0.330998817997858,1,"12",61708273,62279150,"protein_coding","TAFA chemokine like family member 2"
"1087","ORC4",-0.400897921555616,0.0205290370948335,24.9415536163583,0.00545739672768895,0.11814852615716,-2.79801162756738,0.00514182615954351,0.0142253809857719,-0.128680145729573,1,"2",147930396,148021604,"protein_coding","origin recognition complex subunit 4"
"1088","LMO7",-0.400743808233473,0.0144331921638388,17.7690158284044,0.058987281163483,0.0611752897605917,-3.3356895468975,0.000850881262241643,0.00323500935264983,-0.321970476372337,1,"13",75620434,75859870,"protein_coding","LIM domain 7"
"1089","MARCHF6",-0.400415912358925,0.00641848657419278,8.60046904314211,0.570392778455555,0,-4.99798570074937,5.79322798177628e-07,8.57169597303608e-06,-0.171497865424168,1,"5",10353695,10440388,"protein_coding","membrane associated ring-CH-type finger 6"
"1090","APBB1",-0.400257244140535,0.0194614823542901,23.3387268920842,0.00956302320126904,0.105552443893139,-2.86913671145668,0.0041159385361067,0.0117886396405779,-0.135694630764047,1,"11",6395125,6419414,"protein_coding","amyloid beta precursor protein binding family B member 1"
"1091","TXNL4A",-0.400227001491405,0.0227396009842742,27.0569891005553,0.00255081463614445,0.136000550808455,-2.65408584187241,0.00795235936007432,0.0203475180513151,-0.0720373778602387,1,"18",79970813,80033949,"protein_coding","thioredoxin like 4A"
"1092","GRSF1",-0.400046081433649,0.0104148466907013,13.399903851968,0.202163995165059,0.0267580994405793,-3.91997755212502,8.85572168973781e-05,0.000510337946732631,-0.133995097054491,1,"4",70815783,70839897,"protein_coding","G-rich RNA sequence binding factor 1"
"1093","ARPP21",-0.399583316564029,0.0207214498000547,25.2644785446602,0.00486610709613431,0.120901778839776,-2.77585820674248,0.00550562137128474,0.0150556633288057,-0.29131567311493,1,"3",35638945,35794496,"protein_coding","cAMP regulated phosphoprotein 21"
"1094","ADAM22",-0.399407402106334,0.0163025502604983,19.8056954776285,0.0311449806422053,0.077386161382353,-3.12815551258706,0.00175907081663995,0.00587753691950208,-0.172347279923265,1,"7",87934143,88202889,"protein_coding","ADAM metallopeptidase domain 22"
"1095","TARS2",-0.399096226692893,0.00925297384276133,12.2685588762974,0.267484897755496,0.0178756560735206,-4.14893809092041,3.34021120709238e-05,0.000230344293009583,-0.116522980098111,1,"1",150487414,150507602,"protein_coding","threonyl-tRNA synthetase 2, mitochondrial"
"1096","HDHD2",-0.398928027883089,0.0173401890748681,21.0957961899373,0.0204353875271275,0.08740771716694,-3.02947683304024,0.00244977691522652,0.00770848010035288,-0.116436331672664,1,"18",47107408,47150500,"protein_coding","haloacid dehalogenase like hydrolase domain containing 2"
"1097","OTUD5",-0.398875970247774,0.0113603106778895,14.2638532672101,0.161293060671308,0.033645878369283,-3.74233593086599,0.00018231756643905,0.000925219874065993,-0.125051031390911,1,"X",48922024,48958386,"protein_coding","OTU deubiquitinase 5"
"1098","EIF4G3",-0.39858333755688,0.00643354922427982,9.98039529745355,0.442214960542408,0,-4.96928408559461,6.72005535662379e-07,9.62491250533455e-06,-0.161072755215369,1,"1",20806292,21177285,"protein_coding","eukaryotic translation initiation factor 4 gamma 3"
"1099","LYRM7",-0.398391965601178,0.0121523947958299,15.126453514362,0.127519152563827,0.0404074405259485,-3.61392916893725,0.000301591485384112,0.00139063880177114,-0.148052261753005,1,"5",131170944,131205428,"protein_coding","LYR motif containing 7"
"1100","ORMDL1",-0.398208009593733,0.0130952383194226,16.2422497440262,0.0929045441382015,0.0490417317049548,-3.47979202094775,0.000501803165465109,0.00210653204337308,-0.162578905022883,1,"2",189766012,189784364,"protein_coding","ORMDL sphingolipid biosynthesis regulator 1"
"1101","C16orf87",-0.397855988258332,0.00641434023083569,9.80517544292208,0.457749120431847,0,-4.96763757122983,6.77734764531479e-07,9.69377256678608e-06,-0.222550223897021,1,"16",46796603,46831180,"protein_coding","chromosome 16 open reading frame 87"
"1102","VAPB",-0.397560736935878,0.0216747042662838,26.2375335146706,0.00343351467056114,0.12867012232426,-2.70039252201404,0.00692577104721059,0.0181791061099156,-0.132959395899429,1,"20",58389229,58451101,"protein_coding","VAMP associated protein B and C"
"1103","ZDHHC17",-0.397424798754202,0.00993838940209413,12.9274132542668,0.227758594198932,0.023033855960001,-3.98654764072308,6.70416712384991e-05,0.000407439850623345,-0.181243985801799,1,"12",76764103,76853696,"protein_coding","zinc finger DHHC-type palmitoyltransferase 17"
"1104","PDCD6IP",-0.397382956210987,0.00860947082759017,11.707378100152,0.305117874474526,0.0134444781985837,-4.28273306887522,1.84611592775052e-05,0.000143065484787739,-0.212784314005474,1,"3",33798571,33869707,"protein_coding","programmed cell death 6 interacting protein"
"1105","MAP1A",-0.397334682202708,0.0176671008462909,21.3278296514159,0.0189200836927033,0.0896325678731502,-2.98932979626803,0.00279590169893984,0.00858018841098224,-0.178577773549725,1,"15",43510958,43531620,"protein_coding","microtubule associated protein 1A"
"1106","SH3GL2",-0.396768465538191,0.0206489140874089,25.0482500935074,0.0052547950124156,0.119167023629264,-2.76114071009406,0.00575998541470013,0.0156052141546859,-0.383999322463282,1,"9",17579066,17797124,"protein_coding","SH3 domain containing GRB2 like 2, endophilin A1"
"1107","CLSTN1",-0.396631013978336,0.0172244742472706,20.9318506172914,0.0215738199066982,0.0863562473520023,-3.02213376405376,0.00250999605691726,0.00785517135765867,-0.184295513744563,1,"1",9728926,9823984,"protein_coding","calsyntenin 1"
"1108","GBF1",-0.396584487504369,0.0197037940930271,23.5985648572198,0.00874027749997825,0.108076478026743,-2.82527542874468,0.00472399895096065,0.0132435626819736,-0.177351774031831,1,"10",102245371,102382899,"protein_coding","golgi brefeldin A resistant guanine nucleotide exchange factor 1"
"1109","ETFA",-0.396439685407606,0.00641889876206507,7.03922288104417,0.721736957947789,0,-4.94819561153455,7.49046128456499e-07,1.0565976881202e-05,-0.190327013131823,1,"15",76188555,76311730,"protein_coding","electron transfer flavoprotein subunit alpha"
"1110","ENO1",-0.396403406671626,0.0283281807400686,34.1278745176545,0.000175708254680436,0.193213554651217,-2.35520131861789,0.0185126730151748,0.0412962934944102,-0.0722208456874303,1,"1",8861000,8879190,"protein_coding","enolase 1"
"1111","EIF3D",-0.395733948761743,0.0167009251075665,20.0670911611981,0.0286244666449388,0.0796472712804783,-3.06219641951775,0.00219719222653314,0.007051391770326,-0.111625519778259,1,"22",36510855,36529184,"protein_coding","eukaryotic translation initiation factor 3 subunit D"
"1112","ENOSF1",-0.395561743510323,0.00641978048730633,7.41474292316435,0.68579576424842,0,-4.93689844088751,7.93747784388898e-07,1.10599029030082e-05,-0.415831049114922,1,"18",670318,712662,"protein_coding","enolase superfamily member 1"
"1113","TBRG1",-0.395512965750803,0.0232550469195817,28.1354004362909,0.00171728520556587,0.144094127412112,-2.59359473039255,0.00949783699449158,0.0235208715148354,-0.0898189496668093,1,"11",124622836,124635926,"protein_coding","transforming growth factor beta regulator 1"
"1114","MORF4L1",-0.39546281062831,0.00956780874441188,12.5663582691952,0.248937382760852,0.0202063543781617,-4.04295964052983,5.27807085808352e-05,0.000334389072129109,-0.15057407932008,1,"15",78810487,78903078,"protein_coding","mortality factor 4 like 1"
"1115","FGF13",-0.395340212272671,0.0248069339240049,30.0152071454072,0.000851748562970832,0.159288851267748,-2.51006198409834,0.0120709971302009,0.0288148150237607,-0.26099573011925,1,"X",138614727,139222777,"protein_coding","fibroblast growth factor 13"
"1116","HIVEP2",-0.394956256775727,0.00838781362165273,11.5061197526946,0.31946805834274,0.0118750674035506,-4.31245535724946,1.61451488873698e-05,0.000128611330301267,-0.175964586692305,1,"6",142751469,142956698,"protein_coding","HIVEP zinc finger 2"
"1117","TRPC4AP",-0.394870762066559,0.0220059074897595,26.6395659263882,0.00296885918731484,0.13129817789724,-2.66186077431065,0.00777100137119091,0.0199904473468464,-0.158070053721022,1,"20",35002404,35092807,"protein_coding","transient receptor potential cation channel subfamily C member 4 associated protein"
"1118","CIAO1",-0.394705180811779,0.01175063185392,14.7425497939647,0.14173373477429,0.0373107371445148,-3.64118057213002,0.000271390698751706,0.00127542110827248,-0.0760987023338489,1,"2",96266159,96274173,"protein_coding","cytosolic iron-sulfur assembly component 1"
"1119","SYN2",-0.394225259538483,0.0192826054143395,23.4344817209287,0.00925160192824429,0.106135210512453,-2.83897514703497,0.00452586817917089,0.0127783503072672,-0.346283899497639,1,"3",12004388,12192032,"protein_coding","synapsin II"
"1120","POLR2B",-0.394196121346694,0.0116457230610998,14.622197911412,0.146454892584506,0.0363343351093482,-3.65282711260157,0.000259368869367949,0.00122908130889677,-0.198043072109496,1,"4",56977722,57031158,"protein_coding","RNA polymerase II subunit B"
"1121","CDH10",-0.394112236825317,0.013250189997246,16.4747340154675,0.0868252488095125,0.0508324907939619,-3.42380377662041,0.000617511918198366,0.00249375254489321,-0.251319605314847,1,"5",24487100,24644978,"protein_coding","cadherin 10"
"1122","MAPK10",-0.394065033346697,0.0283017787296718,34.388630000334,0.000158685706109746,0.194481763507357,-2.34239986648436,0.019160174617775,0.0425018528158129,-0.160005998261821,1,"4",85990007,86594625,"protein_coding","mitogen-activated protein kinase 10"
"1123","RIDA",-0.393845870895256,0.0110982668261423,14.0205070878539,0.172058269675805,0.0317052578366709,-3.73851145487085,0.00018511305979696,0.000937146000512038,-0.214468801461764,1,"8",98102344,98117171,"protein_coding","reactive intermediate imine deaminase A homolog"
"1124","IDS",-0.393819631140751,0.0155032418736175,18.8977903290956,0.0415802705823474,0.0701722039822645,-3.16290464991423,0.00156203483564021,0.00534219976298279,-0.201630260542356,1,"X",149476988,149521096,"protein_coding","iduronate 2-sulfatase"
"1125","STAM",-0.393801005073682,0.00641213345245778,9.03333971591306,0.528942467597182,0,-4.91785301022994,8.74985730092703e-07,1.20246242724693e-05,-0.198100546860868,1,"10",17644151,17716824,"protein_coding","signal transducing adaptor molecule"
"1126","RTCB",-0.393511961568715,0.021540892039075,25.8970469401851,0.00388114729279269,0.125878240312095,-2.68118077126372,0.00733628733772185,0.0190796614478437,-0.130833670803653,1,"22",32387582,32412248,"protein_coding","RNA 2',3'-cyclic phosphate and 5'-OH ligase"
"1127","NEPRO",-0.393069866561815,0.0225044546067089,27.3059459635521,0.00232919545134501,0.136864130764883,-2.62020641238081,0.00878765594625497,0.0220705800819271,-0.093612160697756,1,"3",113002444,113019861,"protein_coding","nucleolus and neural progenitor protein"
"1128","SEZ6L",-0.392685490339143,0.00640241174676426,8.47058945162083,0.582970976492697,0,-4.90764402925786,9.2176959975987e-07,1.25935275187972e-05,-0.245087121122691,1,"22",26169462,26383597,"protein_coding","seizure related 6 homolog like"
"1129","NUCB1",-0.392683216154062,0.0195155376795812,23.4385818654881,0.00923848496990865,0.106344309834871,-2.81094325620004,0.00493964966697669,0.0137601256445372,-0.114206214722897,1,"19",48900050,48923473,"protein_coding","nucleobindin 1"
"1130","FUS",-0.392649215988456,0.00840696650448299,11.5469721719704,0.316518917932597,0.0121601123473616,-4.28237875746566,1.84905887801179e-05,0.000143188070641767,-0.12982381251185,1,"16",31180138,31196963,"protein_coding","FUS RNA binding protein"
"1131","TMEM59",-0.3925558669481,0.0122573628277269,15.2068436811795,0.124700712493058,0.041019120474628,-3.54570787243457,0.00039156002054419,0.00172135871965102,-0.149701474571229,1,"1",54026681,54053504,"protein_coding","transmembrane protein 59"
"1132","SERINC3",-0.392492015931875,0.00642637186368282,9.88935413628296,0.450253753759793,0,-4.89607318069346,9.77706689164748e-07,1.3169621472488e-05,-0.166711509291028,1,"20",44496221,44522085,"protein_coding","serine incorporator 3"
"1133","LRP11",-0.392267055353682,0.0171965206245182,20.7597873434149,0.0228322719209055,0.085416780904028,-2.99131082684836,0.00277782588774222,0.00853218345665641,-0.176770974199229,1,"6",149818757,149864359,"protein_coding","LDL receptor related protein 11"
"1134","ATP2A2",-0.392264721464692,0.0116072422174614,14.5842741469218,0.147969482528548,0.0361262006143174,-3.64095010717328,0.000271633777235492,0.00127627839951647,-0.167614347185878,1,"12",110280756,110351093,"protein_coding","ATPase sarcoplasmic/endoplasmic reticulum Ca2+ transporting 2"
"1135","AP4S1",-0.392188477205424,0.0294788012312779,36.3406788033471,7.35489475472319e-05,0.209505601420514,-2.28423046906006,0.0223579897827892,0.0483316659847823,-0.130160556949064,1,"14",31025106,31130996,"protein_coding","adaptor related protein complex 4 subunit sigma 1"
"1136","GLS",-0.392084020429082,0.0198028905626584,24.0787735659595,0.0073940247355162,0.111378058178221,-2.78621643122402,0.00533272531441686,0.014664820365355,-0.264303568159933,1,"2",190880821,190965552,"protein_coding","glutaminase"
"1137","NDUFAF7",-0.391981693038236,0.0063938358193778,7.28128791031004,0.698649500696301,0,-4.9021324840423,9.4801862915439e-07,1.28685883596183e-05,-0.173548952521188,1,"2",37231631,37253403,"protein_coding","NADH:ubiquinone oxidoreductase complex assembly factor 7"
"1138","AAMP",-0.391957049715339,0.0173040933652527,20.8064046272769,0.0224847052510258,0.0855318205178305,-2.97964177968321,0.00288585645717054,0.00880535323550453,-0.121371666244105,1,"2",218264129,218270178,"protein_coding","angio associated migratory cell protein"
"1139","UBR7",-0.391913825662992,0.0221805588108419,26.7026764753238,0.00290166157024669,0.132680992893169,-2.63150586785055,0.00850073991780631,0.0214764130488286,-0.0922339713056282,1,"HSCHR14_7_CTG1",321618,343777,"protein_coding","ubiquitin protein ligase E3 component n-recognin 7"
"1140","SSX2IP",-0.391874069496703,0.0176717091197938,21.4884046148456,0.0179338981903566,0.0907279679223475,-2.94786268553232,0.00319979160737693,0.00958889266759873,-0.251946931282188,1,"1",84643706,84690803,"protein_coding","SSX family member 2 interacting protein"
"1141","TMCO1",-0.391706298932831,0.00938805640243271,12.4449939810076,0.256377626560947,0.0191836785160561,-4.04271113172888,5.2836699148795e-05,0.000334643031333729,-0.130620518655525,1,"1",165724293,165827755,"protein_coding","transmembrane and coiled-coil domains 1"
"1142","MCRS1",-0.39146938069499,0.0160806661721146,19.4661000132888,0.0347266394899251,0.0745674219336496,-3.08706504802888,0.00202143357126916,0.00658475961286625,-0.136822291771718,1,"12",49556544,49568145,"protein_coding","microspherule protein 1"
"1143","HEATR5B",-0.391147698781979,0.0131314018802874,16.0902958050447,0.0970765900677931,0.0481138747085698,-3.41338466525006,0.000641613097967397,0.00257772380775903,-0.194475546230943,1,"2",36968383,37084372,"protein_coding","HEAT repeat containing 5B"
"1144","PRKCB",-0.391122614802955,0.0179745478836749,21.8427159183956,0.0159262232479374,0.0934957041975635,-2.91731913114069,0.00353054341848935,0.0104042236561352,-0.280037141476489,1,"16",23835983,24220611,"protein_coding","protein kinase C beta"
"1145","FAR2",-0.39102081958782,0.0291208607484677,35.1905457498516,0.000115851894584443,0.201672265316436,-2.29138348100461,0.021941244128326,0.0476019567395317,-0.153739001392121,1,"12",29149016,29341121,"protein_coding","fatty acyl-CoA reductase 2"
"1146","GNB1",-0.390858873164656,0.0228515058712324,27.189170354026,0.00243072644863307,0.137179333500755,-2.58560728877307,0.00972076144138145,0.0240080784982587,-0.10069637801199,1,"1",1785285,1892292,"protein_coding","G protein subunit beta 1"
"1147","DOK6",-0.390559430195577,0.0118010665767923,14.8423178330432,0.137917291888003,0.0380439582980506,-3.59522850334818,0.000324106974906258,0.00147156036944921,-0.303037821169916,1,"18",69400888,69849087,"protein_coding","docking protein 6"
"1148","GABBR1",-0.390043326199321,0.023378126301577,28.1767740402192,0.00169124535464333,0.145088189597411,-2.55098556455571,0.0107418774897798,0.0261796713060313,-0.154699256430619,1,"HSCHR6_MHC_COX_CTG1",1042093,1119641,"protein_coding","gamma-aminobutyric acid type B receptor subunit 1"
"1149","NOP58",-0.389687709380201,0.0165708937200112,19.9480701889228,0.0297477004341486,0.0787175647709707,-3.02721831704853,0.00246815629004438,0.00775015444071661,-0.116777032189151,1,"2",202265736,202303661,"protein_coding","NOP58 ribonucleoprotein"
"1150","TM2D1",-0.389504369839658,0.0163891006810699,19.9715658202882,0.0295227775754771,0.0787968720491696,-3.04252932479486,0.00234598957875853,0.00743691114308509,-0.171890771525733,1,"1",61681046,61725423,"protein_coding","TM2 domain containing 1"
"1151","TPD52",-0.389418057186779,0.0208249109445939,25.2630434782053,0.00486859335769011,0.120985242929196,-2.6985129670756,0.00696500244168474,0.0182631669208683,-0.184699783147284,1,"8",80034745,80231232,"protein_coding","tumor protein D52"
"1152","MAP2K4",-0.389264340402389,0.0133962238083123,16.4915656277034,0.086399007949083,0.0511826559480974,-3.36320564684622,0.000770429485964508,0.00298909024242914,-0.23328178394941,1,"17",12020829,12143830,"protein_coding","mitogen-activated protein kinase kinase 4"
"1153","PSAP",-0.388993481962154,0.0150582289570385,18.2277498958703,0.0512412146890225,0.0650039175377615,-3.16997163514238,0.00152453819201726,0.00523779940562427,-0.140665591361324,1,"10",71816298,71851251,"protein_coding","prosaposin"
"1154","METTL15",-0.388976204768405,0.0102294072915786,13.2320195674865,0.210987140712271,0.0253706775719782,-3.84589833163067,0.000120111562349035,0.000655210596791207,-0.138948383641339,1,"11",28108248,28527041,"protein_coding","methyltransferase 15, mitochondrial 12S rRNA N4-cytidine"
"1155","SH3GLB2",-0.38893374114362,0.0133264675220621,16.293846457716,0.0915240224473406,0.0497018313989971,-3.36913255745194,0.000754051552052548,0.00293692052113766,-0.168532233864617,1,"9",129007036,129028331,"protein_coding","SH3 domain containing GRB2 like, endophilin B2"
"1156","DDX50",-0.38889766987725,0.0184105553035642,22.1730352825881,0.0142469573157651,0.0967368440266441,-2.86616967710727,0.00415471494614295,0.0118851396963763,-0.137762714085432,1,"10",68901286,68946847,"protein_coding","DExD-box helicase 50"
"1157","TOP2B",-0.388611194247736,0.00662604655431242,10.1466838116087,0.427719910745315,0.00115256842203018,-4.77406211395912,1.80546656469716e-06,2.18945340179989e-05,-0.173289300291843,1,"3",25597978,25664909,"protein_coding","DNA topoisomerase II beta"
"1158","MARK1",-0.388047010738157,0.0234213369516716,28.2467572523686,0.00164806784631082,0.145025608143686,-2.53558691086921,0.0112259068617422,0.027142390297754,-0.175785898913131,1,"1",220528136,220664461,"protein_coding","microtubule affinity regulating kinase 1"
"1159","EIF1AX",-0.387997747085818,0.0160668946668532,19.5905613129239,0.0333719743663642,0.0755763800306358,-3.06099930235795,0.0022059960841847,0.00707209471449736,-0.128573829316742,1,"X",20124525,20141838,"protein_coding","eukaryotic translation initiation factor 1A X-linked"
"1160","MEF2A",-0.387570864844957,0.00637287543339067,1.43491319729744,0.999124110902559,0,-4.85493485985303,1.20426323380052e-06,1.57084305264494e-05,-0.166051473318921,1,"15",99565417,99716488,"protein_coding","myocyte enhancer factor 2A"
"1161","AKT3",-0.387467072663704,0.017253105002822,20.7894398553369,0.0226106139159483,0.0854768255473877,-2.94985839704908,0.00317919602522321,0.00953940165012782,-0.134615013440462,1,"1",243488233,243851079,"protein_coding","AKT serine/threonine kinase 3"
"1162","NCOA7",-0.387329296338483,0.0180730191518201,21.6367266705375,0.0170660763718118,0.0921471037833873,-2.88114418264569,0.00396234337169488,0.0114358991139177,-0.174236972936098,1,"6",125781161,125932034,"protein_coding","nuclear receptor coactivator 7"
"1163","CUL4B",-0.387274265766178,0.00639260792603229,6.53357697212114,0.768621566982763,0,-4.84372641025921,1.27426364948668e-06,1.64280068536764e-05,-0.180861139315409,1,"X",120505920,120604074,"protein_coding","cullin 4B"
"1164","H3-3B",-0.38688353061728,0.0222818181893104,26.5917098025049,0.00302081286804645,0.132005276833329,-2.5918205523048,0.00954695548175444,0.0236315227454251,-0.263645565344431,1,"17",75776434,75785893,"protein_coding","H3.3 histone B"
"1165","TSG101",-0.386566747615839,0.0120141063950283,14.9997009265705,0.132072760346554,0.0393966215303451,-3.52678314484089,0.000420641131639643,0.00182329818906017,-0.108114740160432,1,"11",18468336,18526951,"protein_coding","tumor susceptibility 101"
"1166","MYO16",-0.386481843431743,0.0177305807023493,21.5237036501142,0.0177236819502101,0.09105158963031,-2.90246917536024,0.00370233593248037,0.0108250622595035,-0.249124926071565,1,"13",108596152,109208005,"protein_coding","myosin XVI"
"1167","KDM1A",-0.38633515712886,0.0200704268982203,24.2556692481456,0.00694992867771737,0.112612592526889,-2.72700495105019,0.00639120800968285,0.0170108812806739,-0.0903453319784033,1,"1",23019443,23083689,"protein_coding","lysine demethylase 1A"
"1168","DMAC2L",-0.386072268291718,0.0264089066136619,32.0000366238107,0.000400432036238485,0.175418061992425,-2.37570984161547,0.0175152300572663,0.0394308196452903,-0.129911064341263,1,"14",50312324,50335558,"protein_coding","distal membrane arm assembly component 2 like"
"1169","NDUFAF4",-0.38588097887075,0.0173976201537794,21.1411855602539,0.02013029912765,0.0879187714983174,-2.92555622642005,0.00343841034902548,0.010183211209309,-0.193251026760272,1,"6",96889315,96897891,"protein_coding","NADH:ubiquinone oxidoreductase complex assembly factor 4"
"1170","NOL4",-0.385870799771347,0.0170877250861228,20.8030722087924,0.0225093858573379,0.0853961503406609,-2.95188742563609,0.0031583805454658,0.00948641351557465,-0.29015139690962,1,"18",33851100,34224952,"protein_coding","nucleolar protein 4"
"1171","CCSAP",-0.385820162020335,0.00937543542678358,12.452177825115,0.255932688370011,0.0192057048275863,-3.98464096573527,6.75822289286643e-05,0.000409070798808716,-0.147322428634536,1,"1",229321011,229343294,"protein_coding","centriole, cilia and spindle associated protein"
"1172","SH3BP5",-0.385658202507304,0.0140800247659494,17.2690876621065,0.0686178018848851,0.0572356294093425,-3.25013098020307,0.00115351866764613,0.00416438448306014,-0.173968513719481,1,"3",15254353,15341368,"protein_coding","SH3 domain binding protein 5"
"1173","CAPZA2",-0.385336813664916,0.0139586805858875,17.1511597074301,0.0710854046990599,0.0562897931820846,-3.2615070164706,0.00110821689879481,0.00402779125075882,-0.141463460451045,1,"7",116811070,116922049,"protein_coding","capping actin protein of muscle Z-line subunit alpha 2"
"1174","DNAJC24",-0.385181573618227,0.00639969809745333,9.68068096758346,0.46894059507776,0,-4.81488323606018,1.47285985652168e-06,1.85291491748411e-05,-0.131503306632489,1,"11",31369840,31432835,"protein_coding","DnaJ heat shock protein family (Hsp40) member C24"
"1175","ZFAND1",-0.385096214446944,0.00638882332810448,6.34906620081759,0.785133383378216,0,-4.81791141067539,1.45068750478927e-06,1.83208073834131e-05,-0.197925953201415,1,"8",81701334,81732903,"protein_coding","zinc finger AN1-type containing 1"
"1176","TMEM9B",-0.384996709778178,0.0161646515093923,19.4716919648671,0.0346647024456189,0.0750621893427949,-3.02812532198442,0.00246076014816898,0.00773329253435032,-0.122460530898662,1,"11",8947202,8965011,"protein_coding","TMEM9 domain family member B"
"1177","ATP2B3",-0.38492013063709,0.0150198091114996,18.3899083209169,0.0487319822721332,0.0660557837346745,-3.14078651718515,0.00168494804521191,0.00567947883230672,-0.296880281840379,1,"X",153517642,153582939,"protein_coding","ATPase plasma membrane Ca2+ transporting 3"
"1178","NPM1",-0.384693604647685,0.00993601466129642,12.8785087791023,0.230544093543622,0.0227113952130081,-3.85930280033821,0.000113710972602599,0.000625484670211419,-0.15562977500679,1,"5",171387116,171411810,"protein_coding","nucleophosmin 1"
"1179","RNF157",-0.384645516152664,0.0199794682628179,23.8041212547879,0.00813763633819285,0.109763955945181,-2.72125168752526,0.00650352245614405,0.0172378574549346,-0.0966742040426906,1,"17",76142465,76240493,"protein_coding","ring finger protein 157"
"1180","UBP1",-0.384478197082397,0.00639591600466453,9.18928872499659,0.514238681239993,0,-4.80751160323093,1.52820551835298e-06,1.91389548250873e-05,-0.16146317789274,1,"3",33388336,33441371,"protein_coding","upstream binding protein 1"
"1181","WDR37",-0.384042198082653,0.0225531294731113,27.2852258202391,0.00234690636558733,0.137159388885218,-2.55726385454495,0.0105499161242164,0.0257715354990727,-0.12657002477047,1,"10",1049538,1160991,"protein_coding","WD repeat domain 37"
"1182","EPDR1",-0.383868919257366,0.0228050561056192,27.7834564721671,0.00195507146683019,0.141020579303186,-2.54195218735291,0.0110235251904252,0.0267267769078757,-0.254580671323205,1,"7",37920640,37951936,"protein_coding","ependymin related 1"
"1183","MKRN1",-0.383721386585432,0.00909723802923582,12.2032939146924,0.271681220500581,0.0172382863865189,-4.02310368984722,5.74361941556578e-05,0.000358380048942776,-0.075345816686401,1,"7",140453033,140479536,"protein_coding","makorin ring finger protein 1"
"1184","NF1",-0.383232581619304,0.0124762146904368,15.3808843446956,0.11878019285879,0.0425035457312286,-3.43100226714138,0.00060135557488894,0.00244068697833011,-0.140989527915076,1,"17",31094927,31382116,"protein_coding","neurofibromin 1"
"1185","MMUT",-0.383184698222797,0.0115619946982678,14.5280083019375,0.150240626079768,0.0355893933312428,-3.56362317886663,0.000365770931913811,0.00162461904316373,-0.21039760735509,1,"6",49430360,49463253,"protein_coding","methylmalonyl-CoA mutase"
"1186","PDIA3",-0.383107333083528,0.0172490505794392,20.8297785982953,0.0223123023248227,0.0854262764245974,-2.91700965830914,0.00353404829375004,0.0104125999300519,-0.107240365634152,1,"15",43746394,43773279,"protein_coding","protein disulfide isomerase family A member 3"
"1187","ATP13A3",-0.382791305940254,0.0106297565676345,13.5979631388693,0.192131949005418,0.0282900179469005,-3.71279017348159,0.00020498682790282,0.00101767882469923,-0.206052461476376,1,"3",194402672,194498364,"protein_coding","ATPase 13A3"
"1188","CAPS2",-0.382771587145461,0.0102492896203267,13.3041498307748,0.20716010227095,0.0258861875596347,-3.78087927362164,0.000156275446927312,0.000815687274460592,-0.226080293665634,1,"12",75275979,75390928,"protein_coding","calcyphosine 2"
"1189","N4BP2L1",-0.382543157870759,0.0166110675236968,20.213118318299,0.0273001788461303,0.0807408370268166,-2.96812144529906,0.00299625920915125,0.00908375990785913,-0.148657410258783,1,"13",32400723,32428311,"protein_coding","NEDD4 binding protein 2 like 1"
"1190","ATG16L1",-0.382495155726477,0.015124058910199,18.4634973245589,0.0476305919862451,0.0666475850027287,-3.11022465010887,0.0018694510278443,0.00618252902009496,-0.0814460083124386,1,"2",233210051,233295674,"protein_coding","autophagy related 16 like 1"
"1191","STXBP6",-0.382355253929305,0.0159190853364518,19.2831640143516,0.0368100250367594,0.0731525917853693,-3.03045616757262,0.00244184627497579,0.00768763214506817,-0.168644721908631,1,"14",24809454,25050147,"protein_coding","syntaxin binding protein 6"
"1192","GNG4",-0.381580198808168,0.0152004579680911,18.5326747426055,0.0466159614612071,0.0670691347344587,-3.09497748162162,0.00196827839944702,0.00644553735787787,-0.186927185397972,1,"1",235547685,235650754,"protein_coding","G protein subunit gamma 4"
"1193","CFAP221",-0.381460258412714,0.028265867578212,34.2694952056994,0.000166252307346362,0.194304602479047,-2.26891454209379,0.0232735232199484,0.049971928620034,-0.333618008248161,1,"2",119544432,119662251,"protein_coding","cilia and flagella associated protein 221"
"1194","LRPAP1",-0.381238300489796,0.0130653652411564,16.0697864943321,0.0976520330002415,0.0478440529032294,-3.33530648128462,0.000852054352479481,0.00323733959737504,-0.124238258006222,1,"4",3503612,3532446,"protein_coding","LDL receptor related protein associated protein 1"
"1195","DCUN1D4",-0.380832592997924,0.0194768648385706,23.5473332026307,0.0088969658935412,0.107291748635329,-2.72881808424166,0.00635617570669389,0.016936922095851,-0.138986635991224,1,"4",51843000,51916837,"protein_coding","defective in cullin neddylation 1 domain containing 4"
"1196","VPS41",-0.380816846026385,0.00665002826835999,10.164359769379,0.426193796620742,0.00129177353466047,-4.66986586323535,3.01396470447912e-06,3.2949238663349e-05,-0.157137408868927,1,"7",38722974,38932394,"protein_coding","VPS41 subunit of HOPS complex"
"1197","NRGN",-0.380561423103256,0.0156366110766845,19.0613915499109,0.0394898096912486,0.0714557235513038,-3.04336082055242,0.0023395163324913,0.00742064101097437,-0.300167875517389,1,"11",124739942,124747210,"protein_coding","neurogranin"
"1198","CMTR1",-0.380219675057219,0.0156174853470121,18.8925097365899,0.0416494048159913,0.0702238742182666,-3.0424891124421,0.00234630304980032,0.00743691114308509,-0.100062960114173,1,"6",37433219,37482827,"protein_coding","cap methyltransferase 1"
"1199","COA1",-0.380078512819342,0.0270520412153681,33.0576629235753,0.000266374137716083,0.183359674649699,-2.31085820518473,0.0208406882658203,0.0456235647812776,-0.103593219585092,1,"7",43608456,43729717,"protein_coding","cytochrome c oxidase assembly factor 1"
"1200","TBC1D30",-0.37954592499085,0.0216678720973306,26.5054888917122,0.0031166377721987,0.130438370084552,-2.57843508066456,0.00992489468697055,0.0244338998681872,-0.253370089662625,1,"12",64759484,64881033,"protein_coding","TBC1 domain family member 30"
"1201","TMEM209",-0.37944779409488,0.0064043609560524,8.78312005349018,0.552802672557795,0,-4.74148227972869,2.12160217172297e-06,2.50687376905421e-05,-0.234185816278247,1,"7",130164713,130207770,"protein_coding","transmembrane protein 209"
"1202","NOVA1",-0.379239265764424,0.00968319577327053,12.7100633803417,0.240337273062916,0.0212673472293273,-3.85393105316718,0.000116236340515385,0.000637970989141742,-0.195811146937322,1,"14",26443090,26598033,"protein_coding","NOVA alternative splicing regulator 1"
"1203","STEAP2",-0.379231923204731,0.0238741354989558,29.2399806055127,0.00113929019877734,0.15239200580489,-2.45437580636303,0.0141129404666793,0.0329270644731574,-0.290433515122032,1,"7",90167590,90238137,"protein_coding","STEAP2 metalloreductase"
"1204","TBL1XR1",-0.37850320100821,0.00639515495133564,6.32211265498802,0.787513761448506,0,-4.73308191525587,2.21136190847737e-06,2.58542174895737e-05,-0.223122818170785,1,"3",177019340,177228000,"protein_coding","TBL1X/Y related 1"
"1205","MAGOH",-0.378456170318553,0.0172630263322073,21.0177452827341,0.0209701657858049,0.086720181801526,-2.88042866250959,0.00397134813180022,0.0114556025079623,-0.11747763470003,1,"1",53226900,53238518,"protein_coding","mago homolog, exon junction complex subunit"
"1206","MRPS18C",-0.37808929597208,0.0174261090677559,20.7796813123392,0.0226833378410953,0.0857686947582857,-2.86413951030546,0.00418143802849547,0.0119469657957013,-0.13263643319455,1,"4",83455932,83469735,"protein_coding","mitochondrial ribosomal protein S18C"
"1207","TMEM183A",-0.377991812024194,0.014333063099557,17.6110566597994,0.0618898601278402,0.0599663333726313,-3.15727845444569,0.00159249195959199,0.00542344299608538,-0.203108782475189,1,"1",203007374,203024848,"protein_coding","transmembrane protein 183A"
"1208","ITM2B",-0.377940451720126,0.0103132444392251,13.2602785488334,0.209481264232681,0.0257091084193852,-3.72156597242679,0.000197991122434571,0.000987842830453728,-0.188925379963336,1,"13",48232612,48270357,"protein_coding","integral membrane protein 2B"
"1209","SLC6A1",-0.377706323247358,0.0139858611753751,16.8543014025379,0.0776507313094561,0.0543681124742485,-3.1938142108005,0.00140406447382824,0.00490097288035329,-0.175214409743705,1,"3",10992186,11039247,"protein_coding","solute carrier family 6 member 1"
"1210","AHI1",-0.377687858492303,0.0199253981891557,23.9064974181599,0.00785248011915657,0.110683850207157,-2.67565133216535,0.00745841927335644,0.019342430853127,-0.259457791939781,1,"6",135283407,135498434,"protein_coding","Abelson helper integration site 1"
"1211","TATDN1",-0.377409095692303,0.00970002280305784,12.7668603920512,0.237000620690091,0.021648319636731,-3.83200427578326,0.00012710352975609,0.00068666988407338,-0.149808246130242,1,"HG2408_PATCH",23435,74408,"protein_coding","TatD DNase domain containing 1"
"1212","CZIB",-0.37706207543831,0.00638290337121741,3.01656508126073,0.981031538334508,0,-4.71958398474291,2.36327460445551e-06,2.72307216197941e-05,-0.191591122662506,1,"1",53214099,53220634,"protein_coding","CXXC motif containing zinc binding protein"
"1213","TMEM232",-0.37696175582418,0.00756967393392313,10.8907493563832,0.366092804439027,0.00695385243578362,-4.33270086037211,1.47291179062314e-05,0.000119376209840951,-0.263004242974488,1,"5",110289233,110738956,"protein_coding","transmembrane protein 232"
"1214","EXOC4",-0.376936464811225,0.00640910792497751,9.32789410763598,0.501293553070864,0,-4.70835673874807,2.49721781075962e-06,2.84315274558347e-05,-0.0702231405200527,1,"7",133253072,134067137,"protein_coding","exocyst complex component 4"
"1215","FBXO3",-0.376873559097165,0.014226877472,17.3570646780832,0.0668270867414028,0.0581104885240343,-3.15966379216627,0.00157951290526848,0.00538883598619243,-0.169179074016057,1,"11",33740939,33774543,"protein_coding","F-box protein 3"
"1216","CSNK2A1",-0.376165934746337,0.0223339175079798,27.0957025931251,0.00251506177798344,0.135290716362579,-2.51707994743671,0.0118331975086075,0.0283533168865848,-0.0856199860930929,1,"20",472498,543835,"protein_coding","casein kinase 2 alpha 1"
"1217","SLC25A27",-0.376043221924,0.00639542853593657,8.61370966486832,0.569113495742089,0,-4.702219951355,2.57348055576756e-06,2.91892349829377e-05,-0.176683635418308,1,"6",46652915,46678190,"protein_coding","solute carrier family 25 member 27"
"1218","FAM76A",-0.375902671467054,0.0119224131886826,14.8655222377116,0.137042134575366,0.0383279477033518,-3.44265361245114,0.000576036613228803,0.0023598578400315,-0.166617744749098,1,"1",27725961,27763116,"protein_coding","family with sequence similarity 76 member A"
"1219","KCNJ3",-0.375865876638284,0.02666593735859,31.9906319278501,0.000401879580343345,0.175455603068425,-2.30173049900898,0.0213503751185522,0.0464926404982755,-0.204910304962901,1,"2",154697855,154858354,"protein_coding","potassium inwardly rectifying channel subfamily J member 3"
"1220","ETNPPL",-0.375796434297636,0.00638261224100167,2.8954925937041,0.983777516297106,0,-4.70384957172318,2.55301382590112e-06,2.89727135366556e-05,-0.377175250777992,1,"4",108742048,108763054,"protein_coding","ethanolamine-phosphate phospho-lyase"
"1221","TBC1D32",-0.375617868994313,0.0156845099872019,19.0184733974278,0.0400286685696078,0.0715166491828841,-2.99923687435257,0.00270656792569568,0.00835600721300618,-0.259134754887439,1,"6",121079494,121334745,"protein_coding","TBC1 domain family member 32"
"1222","EXTL3",-0.375545799532322,0.014089051483753,17.1534485156899,0.0710367681719791,0.0564299899053333,-3.16389477093097,0.00155673069734608,0.00533012430791887,-0.0926916312874819,1,"8",28600469,28756561,"protein_coding","exostosin like glycosyltransferase 3"
"1223","SHANK2",-0.375394669437752,0.0176288984147423,21.3893537071533,0.018536357862832,0.0899745874703249,-2.82732357069201,0.00469388725303421,0.0131767028424069,-0.227644816094076,1,"11",70467854,71252577,"protein_coding","SH3 and multiple ankyrin repeat domains 2"
"1224","TFG",-0.375144383689832,0.00643541566201448,10.0173966918639,0.438968339094001,0.000136512649816065,-4.67638380073286,2.91977920507946e-06,3.22140296145107e-05,-0.149836366189664,1,"3",100709295,100748964,"protein_coding","trafficking from ER to golgi regulator"
"1225","MAGI1",-0.374715137031337,0.0136214880513955,16.8177205026077,0.0784959283399504,0.0535334189298277,-3.21062039652611,0.00132448771955218,0.00467743509073837,-0.126629526599382,1,"3",65353525,66038918,"protein_coding","membrane associated guanylate kinase, WW and PDZ domain containing 1"
"1226","PGM2L1",-0.373980264285558,0.0257477128710193,31.4519354794155,0.00049390539068852,0.170327717580618,-2.33066232287912,0.019771172385715,0.0436409428236932,-0.335385000405608,1,"11",74330316,74398433,"protein_coding","phosphoglucomutase 2 like 1"
"1227","NRDC",-0.373792343759888,0.0126619876376663,15.6173034685851,0.111124165247958,0.044299681514378,-3.32184572675381,0.000894241219326908,0.00336760967507395,-0.0682745673099803,1,"1",51789191,51878805,"protein_coding","nardilysin convertase"
"1228","GET1",-0.373786220390938,0.0205501903895583,25.0186994500796,0.00531017361793913,0.118243709295045,-2.60744623539439,0.00912203947188983,0.0227564276130617,-0.117989339700736,1,"21",39377698,39428528,"protein_coding","guided entry of tail-anchored proteins factor 1"
"1229","FAM199X",-0.373595280193947,0.0118368131611872,14.8181022572061,0.138835590578515,0.0379479106128433,-3.4338710685065,0.000595027151193195,0.00241873478769413,-0.151553556332108,1,"X",104166453,104195902,"protein_coding","family with sequence similarity 199, X-linked"
"1230","MLF1",-0.373385917106782,0.0139793900164299,17.1459833764728,0.0711955098522784,0.0561507840180694,-3.15801234192424,0.00158848832604219,0.00541183184238278,-0.132044062120178,1,"3",158571163,158607252,"protein_coding","myeloid leukemia factor 1"
"1231","PDE4D",-0.37337608634804,0.0106822498493194,13.7350121537342,0.185425238001474,0.0292365196692556,-3.61256053676296,0.000303188294781931,0.00139677725469933,-0.197403170170795,1,"5",58969038,60522120,"protein_coding","phosphodiesterase 4D"
"1232","SEC31A",-0.37315650791162,0.0177110466352936,21.5056624036485,0.0178308318079165,0.0904453991800306,-2.80394123139496,0.0050482105743288,0.013999518977709,-0.126804227078456,1,"4",82818509,82901166,"protein_coding","SEC31 homolog A, COPII coat complex component"
"1233","NBAS",-0.372849226324682,0.00640430654623974,9.44912861938347,0.490074607574901,0,-4.65904806095548,3.17675033345566e-06,3.43115128418414e-05,-0.151259432755833,1,"2",15166916,15561340,"protein_coding","NBAS subunit of NRZ tethering complex"
"1234","NBEA",-0.372529755126413,0.0120178270210289,15.0570327773409,0.129996337998769,0.0397306647239738,-3.39819262170323,0.000678326414994324,0.00269130450150492,-0.261976925568376,1,"13",34942270,35673022,"protein_coding","neurobeachin"
"1235","GTF2A1",-0.372098570070931,0.00845996482472239,11.6230014355121,0.311079490300714,0.0127051800361192,-4.0455141303025,5.22084162697389e-05,0.000331651450923598,-0.164896136087015,1,"14",81175452,81221377,"protein_coding","general transcription factor IIA subunit 1"
"1236","MAPK1IP1L",-0.371859492122927,0.00639451358030931,9.00669690193082,0.531468133314627,0,-4.65023729400599,3.31553329879775e-06,3.55006720644807e-05,-0.116167929244983,1,"14",55051647,55070194,"protein_coding","mitogen-activated protein kinase 1 interacting protein 1 like"
"1237","IQCB1",-0.371747684527983,0.00639866792232147,7.07818136307138,0.718044118269845,0,-4.64732972272053,3.36259457656141e-06,3.58949720400061e-05,-0.142926554754787,1,"3",121769761,121835079,"protein_coding","IQ motif containing B1"
"1238","YARS1",-0.371039641073913,0.00919738664075662,12.2497004687445,0.268692561951002,0.0176770470751893,-3.86890520868209,0.000109325131127935,0.000605315989192568,-0.169885557969543,1,"1",32775237,32818031,"protein_coding","tyrosyl-tRNA synthetase 1"
"1239","IPO5",-0.371026516832216,0.00639805442865158,6.73747730168446,0.749974453016002,0,-4.63853656116802,3.50884869892987e-06,3.71545931683364e-05,-0.128199244747425,1,"13",97953658,98024296,"protein_coding","importin 5"
"1240","FOXJ3",-0.370889387503353,0.0108078930955935,13.8198286924657,0.181369544586447,0.030033268136287,-3.56758136387227,0.000360291522179645,0.00160706670058506,-0.144059269469265,1,"1",42176539,42335877,"protein_coding","forkhead box J3"
"1241","OLFM1",-0.370731232535665,0.0224992589005474,27.4163585121285,0.00223697601516763,0.137907860211056,-2.47158225475642,0.0134516601767456,0.0316403499294273,-0.206253213099036,1,"9",135075422,135121180,"protein_coding","olfactomedin 1"
"1242","KIF21A",-0.370272538817576,0.0169938598378972,20.6089833880599,0.0239913151175424,0.0838198154423308,-2.84037373399553,0.00450607076263854,0.0127309962194058,-0.170190732799747,1,"12",39293228,39443390,"protein_coding","kinesin family member 21A"
"1243","KPNA1",-0.370170748444383,0.0189064949327985,22.7488322931488,0.0117126253399477,0.101163936613276,-2.69213345937346,0.00709965285241854,0.0185722610984565,-0.112576206443212,1,"3",122421902,122514945,"protein_coding","karyopherin subunit alpha 1"
"1244","PPARGC1A",-0.368918150197255,0.018822179764071,22.7854842906394,0.0115666940242367,0.100943679556032,-2.68902638703877,0.00716607544084602,0.0187227402552341,-0.194129109503453,1,"4",23755041,23904089,"protein_coding","PPARG coactivator 1 alpha"
"1245","FN3K",-0.36888372992362,0.0164976682008013,19.9105861191188,0.0301098263025914,0.0782118123842109,-2.87195888409485,0.00407936038760104,0.0117142442408559,-0.154372835299878,1,"17",82735615,82751196,"protein_coding","fructosamine 3 kinase"
"1246","PRPF6",-0.368366653475103,0.00970552636491041,12.7246363165793,0.239477794745842,0.021378897213844,-3.73913169670838,0.000184656974334896,0.000935287130478143,-0.121071711352285,1,"20",63981132,64033100,"protein_coding","pre-mRNA processing factor 6"
"1247","CCDC112",-0.367842807632771,0.0194188802304343,23.1173008006096,0.0103217850865185,0.104277254039985,-2.63967328539623,0.00829859860633619,0.0210579527226269,-0.15261857015675,1,"5",115267190,115296693,"protein_coding","coiled-coil domain containing 112"
"1248","ZNF268",-0.367767564109536,0.012025370678544,14.9353385528558,0.134437140461604,0.0390217950454998,-3.35369981656914,0.000797388172762536,0.00307121457922887,-0.21447017742103,1,"12",133181409,133214832,"protein_coding","zinc finger protein 268"
"1249","HNRNPDL",-0.36744439232032,0.00809726440011406,11.2921098454462,0.335217448739262,0.0101468287928802,-4.08340506934647,4.43805638350447e-05,0.000291711047513071,-0.191541794725704,1,"4",82422565,82430462,"protein_coding","heterogeneous nuclear ribonucleoprotein D like"
"1250","CCNC",-0.367038698987014,0.0154477541808715,18.8890482719905,0.0416947799185239,0.0699031580659952,-2.95310699183148,0.0031459290623852,0.00945727718474381,-0.1363536220477,1,"6",99542387,99568825,"protein_coding","cyclin C"
"1251","SCP2",-0.36654095195382,0.0128728944354847,15.8630697326689,0.103619853194566,0.0462236106197103,-3.23060900673305,0.00123526791493389,0.00440807953361755,-0.124328816543093,1,"1",52927276,53051698,"protein_coding","sterol carrier protein 2"
"1252","CDH18",-0.366397096606281,0.0221565435552465,27.1306522568897,0.00248320114494392,0.13534412992726,-2.46150667675292,0.0138354822543671,0.032358664587804,-0.407444934349702,1,"5",19471296,20575873,"protein_coding","cadherin 18"
"1253","CUL5",-0.366204826455275,0.00638731846027002,6.48041922300067,0.773416110234444,0,-4.58210227801975,4.60324640205734e-06,4.6340815454204e-05,-0.185790860767602,1,"11",108008898,108107761,"protein_coding","cullin 5"
"1254","ID2",-0.36614028558357,0.00663690033856653,10.1698028324655,0.425724428417184,0.00132834085518566,-4.49432907012293,6.97896353862859e-06,6.49435616332355e-05,-0.254642550316458,1,"2",8678845,8684461,"protein_coding","inhibitor of DNA binding 2"
"1255","NKAPD1",-0.366067106159034,0.0105440186030533,13.5013342730643,0.196975817866024,0.0275247305078612,-3.56498432243523,0.000363877938444723,0.00161972528109163,-0.120042844732817,1,"11",112074086,112085150,"protein_coding","NKAP domain containing 1"
"1256","INTS14",-0.365957530243477,0.00905136173589949,12.0902520462469,0.279061690092588,0.0164623081471247,-3.84657077029093,0.000119782543522851,0.000654094138520835,-0.158522693382426,1,"15",65578753,65611289,"protein_coding","integrator complex subunit 14"
"1257","CHIC1",-0.365878369858546,0.0227881456107659,27.6018765197699,0.00208992178259415,0.139705559323966,-2.42371886134897,0.0153624932473047,0.0353446536821531,-0.207763858657737,1,"X",73563197,73687111,"protein_coding","cysteine rich hydrophobic domain 1"
"1258","LRP12",-0.365155335847035,0.0169102925855866,20.5639615676217,0.0243478458386087,0.0833114610988883,-2.80803224281729,0.00498452359304768,0.0138597977363877,-0.176576136768042,1,"8",104489231,104589258,"protein_coding","LDL receptor related protein 12"
"1259","RETREG2",-0.3650753172774,0.0157318331702293,19.1821496917264,0.0380091770616027,0.0723092340761988,-2.91066889762457,0.00360655982120295,0.0105847424519612,-0.107539191178463,1,"2",219176225,219185475,"protein_coding","reticulophagy regulator family member 2"
"1260","VPS13B",-0.364920878386413,0.012884464470457,16.0363641461539,0.0985961561706116,0.0475345399324825,-3.214885615107,0.00130496510559763,0.00462074483705389,-0.143739171537219,1,"8",99013266,99877580,"protein_coding","vacuolar protein sorting 13 homolog B"
"1261","SMARCA4",-0.364878855723675,0.0175738461855232,21.3213739420759,0.0189607774782079,0.0894945476289681,-2.7524236878157,0.00591559317338142,0.0159548878820594,-0.110480784434674,1,"19",10960932,11079426,"protein_coding","SWI/SNF related, matrix associated, actin dependent regulator of chromatin, subfamily a, member 4"
"1262","FMN1",-0.364763123470909,0.0165544043412331,19.7907724160854,0.0312949045717336,0.0774952357760302,-2.835007072101,0.00458246712423338,0.0129121612821575,-0.229876023818991,1,"15",32765544,33194714,"protein_coding","formin 1"
"1263","LRRC7",-0.364108297175445,0.0097646865067843,12.8040367114165,0.234835687827825,0.0219878124183106,-3.68469396586831,0.00022897759662488,0.00111160328403033,-0.277291323524325,1,"1",69567922,70151945,"protein_coding","leucine rich repeat containing 7"
"1264","RASAL2",-0.363913876083684,0.0146957957613088,17.8765010506691,0.0570829711812226,0.0621419602009206,-3.00194037381888,0.00268264715015931,0.00829554615510757,-0.210970227020683,1,"1",178094104,178484147,"protein_coding","RAS protein activator like 2"
"1265","ATPAF1",-0.363281730233248,0.0135515835329597,16.5223298230098,0.0856246991861813,0.0515095446850294,-3.12067494483032,0.00180437085084217,0.0060041060733385,-0.105678221318108,1,"1",46632737,46673867,"protein_coding","ATP synthase mitochondrial F1 complex assembly factor 1"
"1266","HAGH",-0.363130612054598,0.0250128430522333,30.0983566632975,0.00082547388132892,0.160258256258629,-2.29604995438164,0.0216730252860462,0.0470955537280084,-0.104157140765548,1,"16",1795620,1827157,"protein_coding","hydroxyacylglutathione hydrolase"
"1267","COQ6",-0.363080391047219,0.0224107552147746,26.9394610536203,0.00266238802842231,0.134768257301749,-2.42535071729697,0.0152936041462313,0.0352092604482663,-0.114467975637756,1,"14",73949926,73963670,"protein_coding","coenzyme Q6, monooxygenase"
"1268","TOM1",-0.363064372988129,0.0178202135123244,21.4807254013324,0.0179799395207603,0.0908067893789101,-2.71973871033192,0.00653335192623494,0.0173093066105691,-0.0847497274026278,1,"22",35299275,35347992,"protein_coding","target of myb1 membrane trafficking protein"
"1269","VPS45",-0.362801809951227,0.0150413380267048,18.4148957651637,0.0483554271017191,0.0662226565079016,-2.95819098569641,0.00309450331691452,0.00933319234344632,-0.146320999253067,1,"1",150067279,150145329,"protein_coding","vacuolar protein sorting 45 homolog"
"1270","ANAPC7",-0.362691913547985,0.0143578332665243,17.5847273954793,0.0623859806245669,0.0597008432680519,-3.02686756742437,0.00247102191611348,0.00775743078409842,-0.113614289174235,1,"12",110372900,110403730,"protein_coding","anaphase promoting complex subunit 7"
"1271","ULK4",-0.362644571697574,0.0100918080721833,13.1097089260235,0.217602409188359,0.0244143638411458,-3.60991262114423,0.000306300169665485,0.00140864602617745,-0.176860169710042,1,"3",41246599,41962130,"protein_coding","unc-51 like kinase 4"
"1272","GNPDA2",-0.362568439004355,0.0133890120387764,16.6191844548916,0.0832267318066812,0.0519326339215029,-3.13339921829606,0.00172794246602925,0.00579469389309141,-0.153908445488046,1,"4",44682200,44726588,"protein_coding","glucosamine-6-phosphate deaminase 2"
"1273","MTMR1",-0.362493982964019,0.0219227180871677,26.7232825670615,0.00288004061724707,0.132034596909132,-2.44823781990694,0.0143556865549441,0.033396344101236,-0.114342605685971,1,"X",150692971,150765108,"protein_coding","myotubularin related protein 1"
"1274","LUC7L2",-0.362158498700529,0.00638082179582507,5.46865136446733,0.857757770820369,0,-4.53377927912836,5.79375727371989e-06,5.59842941712469e-05,-0.149416455771924,1,"7",139340359,139423457,"protein_coding","LUC7 like 2, pre-mRNA splicing factor"
"1275","GOLGA8A",-0.362119116691391,0.0149028731101581,18.3059437373382,0.0500169432973202,0.0653957760373867,-2.96630941695842,0.00301397095691192,0.00912824945061562,-0.236839210278617,1,"15",34378935,34437808,"protein_coding","golgin A8 family member A"
"1276","UNC13A",-0.361952649164554,0.0220312921200352,26.7216450751169,0.00288175305446724,0.132467109183334,-2.43855061958467,0.0147462932517093,0.0341307180971664,-0.259354309707652,1,"19",17601336,17688365,"protein_coding","unc-13 homolog A"
"1277","DNM1",-0.361486693286196,0.0203346131273696,24.7832583996713,0.0057718278520139,0.116677246782888,-2.53497895340103,0.0112454082154452,0.0271770490297457,-0.282752159338524,1,"9",128191655,128255248,"protein_coding","dynamin 1"
"1278","PPP2R5D",-0.361458853185889,0.0175357126024912,21.2483354467213,0.0194269368659711,0.0888287879001561,-2.72958835569611,0.00634134534285558,0.0169102542476149,-0.100284270619087,1,"6",42984553,43012342,"protein_coding","protein phosphatase 2 regulatory subunit B'delta"
"1279","LRFN5",-0.36138527454139,0.0224981133334169,27.4524299283217,0.00220762093370798,0.138356027549687,-2.40933617937261,0.0159815691292675,0.0365134340840252,-0.345686705548644,1,"14",41606876,41904549,"protein_coding","leucine rich repeat and fibronectin type III domain containing 5"
"1280","LZTFL1",-0.361017989280013,0.0211990148575943,25.9216912697449,0.00384694648441945,0.125765470035874,-2.47953934165928,0.0131552216732689,0.0310472085255835,-0.197062107706497,1,"3",45823316,45916042,"protein_coding","leucine zipper transcription factor like 1"
"1281","XPA",-0.360593750432737,0.00638395546082393,6.78380595980389,0.745685192616173,0,-4.51308248729853,6.38921580642382e-06,6.04991451697377e-05,-0.145152196652462,1,"9",97674909,97697340,"protein_coding","XPA, DNA damage recognition and repair factor"
"1282","SLBP",-0.359972971922206,0.0197698221375755,24.0608265319989,0.00744056526642085,0.111148100915103,-2.56016828041113,0.010462148941869,0.0255719811497356,-0.13078395657941,1,"4",1692731,1712344,"protein_coding","stem-loop histone mRNA binding protein"
"1283","CAND1",-0.359896091246012,0.00973216514206242,12.7214979461459,0.239662692372262,0.0214185801677464,-3.6481475491893,0.000264137938398523,0.00124845221178622,-0.160998994931782,1,"12",67269358,67319953,"protein_coding","cullin associated and neddylation dissociated 1"
"1284","RAD23A",-0.359892004951659,0.0180211583197525,21.6869644554316,0.0167812073415254,0.0923219825608801,-2.6809014390293,0.00734241381454592,0.0190862844895041,-0.104631771382914,1,"19",12945855,12953642,"protein_coding","RAD23 homolog A, nucleotide excision repair protein"
"1285","SRPK2",-0.359524558879491,0.00637293866519268,4.76271977960012,0.906454479831936,0,-4.50358840918973,6.68155529948145e-06,6.27869242970476e-05,-0.157918220557269,1,"7",105110704,105399308,"protein_coding","SRSF protein kinase 2"
"1286","HSDL1",-0.35951091419914,0.0154905538331219,18.8697635545204,0.041948406597518,0.06990006884448,-2.88854146859341,0.00387032992501624,0.0112226766293194,-0.118331555744515,1,"16",84122141,84145192,"protein_coding","hydroxysteroid dehydrogenase like 1"
"1287","PRCC",-0.35947600591809,0.0104283338192985,13.3735019530778,0.203531985634671,0.0265838568961993,-3.52016033688923,0.000431285997266828,0.00186215008875314,-0.139006733584864,1,"1",156750610,156800815,"protein_coding","proline rich mitotic checkpoint control factor"
"1288","IFT81",-0.358922083531492,0.00640067945076202,9.9795050945691,0.442293217439272,0,-4.48628790892178,7.24747918035007e-06,6.69168786068282e-05,-0.214287612440776,1,"12",110124335,110218793,"protein_coding","intraflagellar transport 81"
"1289","PCLO",-0.358769089426133,0.0225307776769239,27.1508103172143,0.00246500247454785,0.13616354139069,-2.39015974229209,0.0168410460665307,0.0381498287295226,-0.260325342299839,1,"7",82754012,83162930,"protein_coding","piccolo presynaptic cytomatrix protein"
"1290","TTC14",-0.358424021180743,0.00638729235420702,8.18054307455446,0.611206792162474,0,-4.4847548736861,7.29978039459844e-06,6.72458307237739e-05,-0.19782523465655,1,"3",180602163,180617828,"protein_coding","tetratricopeptide repeat domain 14"
"1291","ADHFE1",-0.358169743313463,0.0104069419380309,13.3161181085489,0.206530391207201,0.0261624927344216,-3.51097170822934,0.000446471912393109,0.00191436092047096,-0.227795110868776,1,"8",66432492,66468907,"protein_coding","alcohol dehydrogenase iron containing 1"
"1292","NDUFS2",-0.358103154127195,0.0120880812244116,15.0907344569636,0.128788692438909,0.0399423551895204,-3.25708776738157,0.00112561623062191,0.00408291695162765,-0.132281642143522,1,"1",161197104,161214723,"protein_coding","NADH:ubiquinone oxidoreductase core subunit S2"
"1293","CSE1L",-0.357461719144637,0.00637544827214931,5.4485468314828,0.859274601996811,0,-4.47686683562539,7.5746462413484e-06,6.92012839418022e-05,-0.180143113976546,1,"20",49046246,49096960,"protein_coding","chromosome segregation 1 like"
"1294","APP",-0.357457111556722,0.0140176698678422,17.1814658850937,0.0704438088729699,0.0564754782521841,-3.01915929703457,0.00253477214653541,0.00791724543743008,-0.146460567205583,1,"21",25880535,26171128,"protein_coding","amyloid beta precursor protein"
"1295","MED14",-0.357415333128479,0.0115575885094703,14.5738950548664,0.148386266716487,0.035861800343783,-3.32460126516792,0.000885450709093849,0.00333629708440806,-0.213162992589232,1,"X",40648305,40735858,"protein_coding","mediator complex subunit 14"
"1296","QRICH1",-0.357274791165047,0.0160097078304136,19.3029971508264,0.0365787132259051,0.0737418298786656,-2.82364874702717,0.00474803882419184,0.0132914764317451,-0.106008478591479,1,"3",49029707,49094363,"protein_coding","glutamine rich 1"
"1297","ZNF667",-0.356502460542707,0.0148882103136829,18.250225556611,0.0508865573754629,0.0649598429845683,-2.92173810159678,0.00348084102367108,0.0102846363064232,-0.178472203955649,1,"19",56439325,56478065,"protein_coding","zinc finger protein 667"
"1298","ZDHHC21",-0.355977284148891,0.0143934911697145,17.7122743932367,0.0600155063576671,0.0605910445306369,-2.96714802227352,0.00300576213514825,0.00910732075511509,-0.172009489951302,1,"9",14586766,14693432,"protein_coding","zinc finger DHHC-type palmitoyltransferase 21"
"1299","NDUFS8",-0.355644955889425,0.0164646677802433,19.8769663403725,0.0304380920324916,0.0780076121488536,-2.77166136078871,0.00557710228332686,0.0152115934717653,-0.0982313159609178,1,"11",68030617,68036644,"protein_coding","NADH:ubiquinone oxidoreductase core subunit S8"
"1300","TENM3",-0.355459338156158,0.0194094062789132,23.6282944318839,0.00865056059375327,0.107584901368579,-2.55143085077258,0.0107281610610352,0.026158362350699,-0.232835661842572,1,"4",182143987,182803024,"protein_coding","teneurin transmembrane protein 3"
"1301","ARCN1",-0.355214833298566,0.023136963587003,28.0265783411187,0.00178764465375056,0.142209602742853,-2.33527436246943,0.019529092589923,0.0431881551494618,-0.103449298679092,1,"11",118572390,118603033,"protein_coding","archain 1"
"1302","AGGF1",-0.355072915046398,0.00639680644203067,9.67491829142233,0.46946162419025,0,-4.43951922175944,9.01600623159915e-06,7.99733436394798e-05,-0.123360021436271,1,"5",77029251,77065234,"protein_coding","angiogenic factor with G-patch and FHA domains 1"
"1303","DHX29",-0.354824354190184,0.00636793783680919,2.75159023833531,0.986680776278561,0,-4.44645614621791,8.72984782862574e-06,7.79609500485083e-05,-0.175937110250301,1,"5",55256055,55307694,"protein_coding","DExH-box helicase 29"
"1304","BZW1",-0.354489835113675,0.0198644603814043,24.0318050834545,0.00751641647590349,0.110479335330655,-2.51515874261859,0.0118978798973448,0.0284856374445624,-0.148797908049622,1,"2",200810594,200827338,"protein_coding","basic leucine zipper and W2 domains 1"
"1305","NUP50",-0.354321439619658,0.0171439913026785,20.7741996109644,0.0227242851423493,0.0850670040559309,-2.70608518077023,0.00680815803157753,0.0179301095236439,-0.0664027458555028,1,"22",45163925,45188017,"protein_coding","nucleoporin 50"
"1306","PIGL",-0.354306086170394,0.0102850160610534,13.2557651734858,0.209721209558401,0.0256341288278593,-3.4936237031292,0.000476512161041276,0.00202073984358723,-0.257695780105182,1,"17",16217191,16351797,"protein_coding","phosphatidylinositol glycan anchor biosynthesis class L"
"1307","KIAA0319L",-0.354283544730095,0.0144977857487103,17.5426664693397,0.0631859529767406,0.0597046334569528,-2.94238936792225,0.00325690135370338,0.00972678559005239,-0.0998702606199332,1,"1",35393883,35557950,"protein_coding","KIAA0319 like"
"1308","OPALIN",-0.353969014678508,0.0109090630410418,13.8918885593,0.177980269840788,0.0305175544984367,-3.38899962831319,0.000701481055948472,0.00276751573545019,-0.419851417251904,1,"10",96343221,96359365,"protein_coding","oligodendrocytic myelin paranodal and inner loop protein"
"1309","NSMCE1",-0.353770746610397,0.0206138915875388,24.7082709932908,0.00592676911224253,0.116644869819268,-2.46400692636359,0.0137393456362691,0.0321767154517952,-0.121486794728176,1,"16",27224994,27268772,"protein_coding","NSE1 homolog, SMC5-SMC6 complex component"
"1310","MED19",-0.353557807631981,0.0211568695473778,25.562948413854,0.00437466399808528,0.123484660847265,-2.43071884555026,0.015068902693169,0.0347718482851804,-0.141638605261385,1,"11",57703710,57712221,"protein_coding","mediator complex subunit 19"
"1311","LNPK",-0.353358810289944,0.00940736810985662,12.4519019748486,0.255949762873891,0.0192317720143411,-3.64319028272776,0.000269279619359297,0.00126776531468329,-0.166016308826052,1,"2",175923882,176002839,"protein_coding","lunapark, ER junction formation factor"
"1312","FAM20B",-0.353342975133513,0.0204667743000437,24.8914344567198,0.00555513109473825,0.117476607005012,-2.46985672768787,0.0135167175605533,0.0317607258229555,-0.100098102663251,1,"1",179025804,179076567,"protein_coding","FAM20B glycosaminoglycan xylosylkinase"
"1313","SAE1",-0.353001258126952,0.0164770105785346,20.0153707742094,0.0291076411325645,0.0789578984625644,-2.7500275394897,0.00595902562493311,0.016041184640301,-0.0951388405216944,1,"19",47113274,47210636,"protein_coding","SUMO1 activating enzyme subunit 1"
"1314","CBX1",-0.352923477190708,0.0215292187572422,26.0453245145705,0.00367970284391837,0.126818012603663,-2.4052842869577,0.0161598891779624,0.0368288635511622,-0.066307256924027,1,"17",48070052,48101478,"protein_coding","chromobox 1"
"1315","AP3B2",-0.352440673095035,0.0137584461356924,17.0085193111393,0.0741756816108593,0.0550319888399047,-3.00470146015129,0.00265841640205067,0.00824485275635997,-0.2316996900618,1,"15",82659281,82710112,"protein_coding","adaptor related protein complex 3 subunit beta 2"
"1316","SPOCK2",-0.352150706992942,0.0154391691498215,18.9685544084983,0.0406639116939582,0.070446296093206,-2.83410934427006,0.00459536052619347,0.0129450241626872,-0.149205413025127,1,"10",72059034,72089032,"protein_coding","SPARC (osteonectin), cwcv and kazal like domains proteoglycan 2"
"1317","SEC23IP",-0.351912571945482,0.00639388846462254,8.1765732241372,0.611594200133536,0,-4.4010089732448,1.07748668116692e-05,9.26453607345808e-05,-0.161487155523406,1,"10",119892707,119944657,"protein_coding","SEC23 interacting protein"
"1318","FAM98B",-0.351331625912425,0.0106412999659758,13.7267705552337,0.185823180214453,0.0291161065315916,-3.4058059725395,0.000659690451239703,0.00263405073227589,-0.125746226677623,1,"15",38454127,38487710,"protein_coding","family with sequence similarity 98 member B"
"1319","PSMG2",-0.350948995783098,0.0117794181996447,14.8469836021498,0.137740945314889,0.0379510066792449,-3.23356863584924,0.00122253955891982,0.00437025404698766,-0.0784052301658135,1,"18",12658043,12728945,"protein_coding","proteasome assembly chaperone 2"
"1320","SKAP2",-0.350941895852039,0.00870160424001245,11.8498776451532,0.295229307103724,0.0144634219568525,-3.76214521027306,0.000168462186523222,0.000865977132775124,-0.195896226170719,1,"7",26667068,26995239,"protein_coding","src kinase associated phosphoprotein 2"
"1321","DYNLL1",-0.35084486811976,0.00823378685867776,11.4482124336567,0.323679933635083,0.0113118900687307,-3.86647599410382,0.000110419327350897,0.000610571768009734,-0.168642050402531,1,"12",120469850,120498493,"protein_coding","dynein light chain LC8-type 1"
"1322","RALB",-0.350562921066495,0.0176552288537321,21.0498677911891,0.0207485052902733,0.0875134849153587,-2.63833113905349,0.00833151820277145,0.021127533203123,-0.098100892171859,1,"2",120240064,120294710,"protein_coding","RAS like proto-oncogene B"
"1323","CLPX",-0.349858712460773,0.0233563509922041,28.2387987722931,0.00165292360820396,0.144172371753173,-2.28923405013332,0.0220657572018799,0.0478178526653159,-0.127572615735793,1,"15",65148219,65185342,"protein_coding","caseinolytic mitochondrial matrix peptidase chaperone subunit X"
"1324","LDB1",-0.349548511920188,0.0188962749330512,22.7234986816672,0.0118145103509874,0.100613296326029,-2.54284189468465,0.0109954970214754,0.0266894726960814,-0.0804911684190923,1,"10",102106489,102120368,"protein_coding","LIM domain binding 1"
"1325","HEXB",-0.349432675414471,0.00821056259999561,11.4398087252927,0.324294243404733,0.0112260801814107,-3.85635543192433,0.000115090110946792,0.000632572757477376,-0.133991068965821,1,"5",74640023,74722647,"protein_coding","hexosaminidase subunit beta"
"1326","SELENOF",-0.349002100175224,0.0128267272295328,15.9190048141129,0.101974573516106,0.0463417229841161,-3.08155632906967,0.00205921510965501,0.00667784924586027,-0.148742666281912,1,"1",86862445,86914424,"protein_coding","selenoprotein F"
"1327","MAP2K5",-0.348846921310595,0.0145916914963456,17.841048507155,0.0577048569199105,0.0617618492371642,-2.88789949647145,0.00387823768753681,0.0112394105985915,-0.12627692524642,1,"15",67542703,67807117,"protein_coding","mitogen-activated protein kinase kinase 5"
"1328","LANCL1",-0.348778393609466,0.00640283727227761,9.9520995742018,0.444705782380988,0,-4.35876385531295,1.30799156328187e-05,0.000108560719887379,-0.218994956654173,1,"2",210427131,210477652,"protein_coding","LanC like glutathione S-transferase 1"
"1329","ACYP2",-0.348703600433378,0.00637914260351404,9.11318895778676,0.52139633708746,0,-4.36591500018715,1.2659170423257e-05,0.000105694026073543,-0.094841686498864,1,"2",53970838,54305300,"protein_coding","acylphosphatase 2"
"1330","PIGX",-0.348206725150385,0.0155108073063159,19.0690543747642,0.0393943027916748,0.0711213884612173,-2.79588918011945,0.00517571444204101,0.0143040893025802,-0.0989571738849978,1,"3",196639775,196736007,"protein_coding","phosphatidylinositol glycan anchor biosynthesis class X"
"1331","DNAJC6",-0.348178435064747,0.00639499485192738,7.4477081574067,0.682609621735269,0,-4.3539332776115,1.33716420209762e-05,0.000110894500639077,-0.264564717075638,1,"1",65248219,65415871,"protein_coding","DnaJ heat shock protein family (Hsp40) member C6"
"1332","KIAA0513",-0.348123932253669,0.0217471539679146,26.5074960124041,0.00311437412040423,0.130473248991081,-2.36065578535888,0.0182426543979795,0.0407977730158894,-0.169865224148527,1,"16",85027782,85094230,"protein_coding","KIAA0513"
"1333","PAPSS1",-0.348005375404665,0.0106907215880105,13.6403201221275,0.19003877950136,0.0286279099367662,-3.36575455677107,0.000763345977508934,0.00296817582088116,-0.15046753216237,1,"4",107590276,107720234,"protein_coding","3'-phosphoadenosine 5'-phosphosulfate synthase 1"
"1334","DCAF8",-0.34786749559953,0.015809640778082,19.1558093649248,0.0383277184184593,0.0721403182834234,-2.76664126042917,0.00566370414937523,0.0154018786742736,-0.116389109061685,1,"1",160215715,160262549,"protein_coding","DDB1 and CUL4 associated factor 8"
"1335","UGP2",-0.347766740458284,0.0110771732106981,14.0816186103066,0.169301180440289,0.0320190113662057,-3.30425511880156,0.00095229130087704,0.00355000158937862,-0.142056067565285,1,"2",63840952,63891562,"protein_coding","UDP-glucose pyrophosphorylase 2"
"1336","SGSM1",-0.34752382847835,0.01289162508855,16.1025306830252,0.0967347182670758,0.0477576460376105,-3.06077041237951,0.00220768306773933,0.00707642470219919,-0.240916257167603,1,"22",24806169,24927578,"protein_coding","small G protein signaling modulator 1"
"1337","CTSO",-0.347348167981007,0.0189253814726477,22.663632956032,0.0120586223265644,0.100575469200163,-2.52489133273941,0.0115734070009021,0.0278254962826542,-0.219854472271258,1,"4",155921580,155953912,"protein_coding","cathepsin O"
"1338","CYFIP2",-0.347283597183611,0.0167445740378041,20.4494411938525,0.0252771351686359,0.0823418955269611,-2.68378189796953,0.00727945773769423,0.0189718556671729,-0.192507001495257,1,"5",157266079,157395595,"protein_coding","cytoplasmic FMR1 interacting protein 2"
"1339","DGKI",-0.347257822594696,0.0193657055661767,23.1595269684515,0.0101728094440627,0.104396167282307,-2.49537244707301,0.0125824983615659,0.0298495620168391,-0.255188112091553,1,"7",137381037,137847092,"protein_coding","diacylglycerol kinase iota"
"1340","PRKAA1",-0.347180560550228,0.00639151234704855,7.75495879547147,0.652758198564471,0,-4.34263755602441,1.40782283639673e-05,0.000115120841343907,-0.19503180878151,1,"5",40759389,40798374,"protein_coding","protein kinase AMP-activated catalytic subunit alpha 1"
"1341","PRKDC",-0.347084518533371,0.0223017440602028,26.8480965910365,0.00275236499175694,0.133576338579297,-2.32415896442327,0.0201169757446471,0.0442417863141398,-0.105817696938101,1,"8",47773111,47960178,"protein_coding","protein kinase, DNA-activated, catalytic subunit"
"1342","RIC3",-0.34703334657274,0.0116752305144923,14.7874339047193,0.140005955527668,0.0374949480885211,-3.21172591749326,0.00131940185738721,0.00466558236629025,-0.17640175778231,1,"11",8106056,8169055,"protein_coding","RIC3 acetylcholine receptor chaperone"
"1343","CPLX2",-0.346931284525807,0.0199321980162525,24.194393777989,0.00710079462924342,0.112195179586056,-2.45734349423884,0.0139968783404965,0.0326889022404313,-0.210538197532186,1,"5",175796310,175884021,"protein_coding","complexin 2"
"1344","ADD2",-0.346694404938599,0.0209004818538576,25.4734380595865,0.00451680608224481,0.122035307198783,-2.39810770009753,0.0164800188818472,0.0374287130045408,-0.222765851063036,1,"2",70607618,70768225,"protein_coding","adducin 2"
"1345","SRP14",-0.346617862171617,0.00639327345094589,7.41488194538984,0.685782336053635,0,-4.33500197005818,1.45758816998409e-05,0.000118369613719597,-0.158926046564588,1,"15",40035690,40039181,"protein_coding","signal recognition particle 14"
"1346","IFIT1",-0.346519336935164,0.00794047265027768,11.2023893922797,0.341969018826818,0.00938739451678852,-3.88869872401043,0.000100783130755344,0.000568644964090223,-0.195879254735027,1,"10",89392546,89406487,"protein_coding","interferon induced protein with tetratricopeptide repeats 1"
"1347","UTP18",-0.345975833184531,0.0161132527199768,19.4303792412095,0.0351247017317641,0.0744791037754782,-2.72555000648564,0.00641944514164416,0.0170666067450333,-0.0962112913992389,1,"17",51260546,51297936,"protein_coding","UTP18 small subunit processome component"
"1348","TTYH1",-0.345926750586363,0.0189679515188524,22.6386573306218,0.0121618707013457,0.100145040339257,-2.51173566266681,0.0120139041006719,0.0287143635440347,-0.170616023451935,1,"HSCHR19LRC_PGF1_CTG3_1",319913,341588,"protein_coding","tweety family member 1"
"1349","ASTN1",-0.345752946151095,0.017996200765432,21.7771045617283,0.0162812643473344,0.0931188278001495,-2.57736231784787,0.00995575344921984,0.0245050365666338,-0.199720815600182,1,"1",176857302,177164973,"protein_coding","astrotactin 1"
"1350","WDR82",-0.345493583008953,0.0106947627321432,13.7413550577242,0.185119439372902,0.0292788150069053,-3.34083024287507,0.000835282773912649,0.00319069527289799,-0.093482360925955,1,"3",52254434,52288020,"protein_coding","WD repeat domain 82"
"1351","NIT1",-0.34526870734105,0.020860796407191,25.0692363230034,0.00521580312448085,0.119687031481271,-2.39051666996781,0.0168246853443257,0.038120975624016,-0.0700851489386865,1,"1",161118086,161125445,"protein_coding","nitrilase 1"
"1352","FEM1B",-0.345178076054963,0.00956597848243446,12.6341142411477,0.244854233560018,0.0206051266530573,-3.52921814912928,0.000416789407065243,0.00181070599311433,-0.119128863026354,1,"15",68277745,68295862,"protein_coding","fem-1 homolog B"
"1353","ARFGEF2",-0.34516884901271,0.0100979817495117,13.0924151098573,0.21855060107827,0.0242814705025794,-3.43490162651029,0.000592768969296831,0.0024123518595755,-0.162330562076204,1,"20",48921711,49036693,"protein_coding","ADP ribosylation factor guanine nucleotide exchange factor 2"
"1354","ERI2",-0.344686709366754,0.00639010064670639,8.94738830910718,0.537103816109575,0,-4.31191994034516,1.61843039090392e-05,0.000128837591466586,-0.234381506037629,1,"16",20780193,20900349,"protein_coding","ERI1 exoribonuclease family member 2"
"1355","EIF2S3",-0.34430443801364,0.0103366300060542,13.3690094107182,0.203765486482225,0.0263833345699894,-3.38651602552583,0.000707861421006983,0.00278850483017917,-0.11140022560961,1,"X",24054946,24078810,"protein_coding","eukaryotic translation initiation factor 2 subunit gamma"
"1356","PDCD10",-0.344196279951457,0.0140275603944075,17.123331550694,0.0716791258300929,0.0561396092105153,-2.90613040745996,0.00365928907764546,0.0107140888106959,-0.146225728892413,1,"3",167683298,167734939,"protein_coding","programmed cell death 10"
"1357","LMO4",-0.343979723845406,0.0219325681699738,26.6800794074787,0.00292555160890256,0.131854459501685,-2.32267315007365,0.020196717730752,0.0443846815390665,-0.224562061243097,1,"1",87328880,87348923,"protein_coding","LIM domain only 4"
"1358","FAF2",-0.343582861593454,0.0156272451271464,18.9343460204328,0.0411045554208645,0.0706801333067333,-2.74846543890055,0.00598749468571436,0.0161136976448491,-0.0828969732049495,1,"5",176447628,176510074,"protein_coding","Fas associated factor family member 2"
"1359","MYBBP1A",-0.343296166139054,0.0140743874314675,17.1834727147624,0.0704015063955409,0.0565842651509934,-2.89370465159016,0.00380726094332462,0.0110733716128767,-0.115210704527844,1,"17",4538897,4555386,"protein_coding","MYB binding protein 1a"
"1360","NCKAP1",-0.343275452409227,0.00638334224865137,9.47230297506021,0.487941691711336,0,-4.29653825645924,1.73486039394266e-05,0.000136352120614694,-0.189381532154105,1,"2",182909115,183038858,"protein_coding","NCK associated protein 1"
"1361","ENTPD4",-0.343192656297594,0.00990672281452618,12.8989580504059,0.229376195931634,0.0227531686155682,-3.4480454378131,0.000564659037197712,0.00232220995751366,-0.121577871524423,1,"8",23385783,23457695,"protein_coding","ectonucleoside triphosphate diphosphohydrolase 4"
"1362","BRMS1L",-0.342596536549751,0.0216327982833568,26.2963129212874,0.00336145071653326,0.128834566270231,-2.32930638868479,0.0198428401729809,0.0437715828517003,-0.117860138105749,1,"14",35826338,35932325,"protein_coding","BRMS1 like transcriptional repressor"
"1363","ERBB4",-0.342500215401426,0.00639258403802657,9.50167592095874,0.485243792172322,0,-4.283735288306,1.83781552287599e-05,0.000142543110009544,-0.169861864101319,1,"2",211375717,212538841,"protein_coding","erb-b2 receptor tyrosine kinase 4"
"1364","MFN2",-0.342126265489807,0.0201126226499993,24.1041713394857,0.00732863760901298,0.111844143647182,-2.41241524383522,0.0158472214872496,0.03628056585826,-0.073450589861802,1,"1",11980181,12015211,"protein_coding","mitofusin 2"
"1365","TAF7",-0.342053186897717,0.0162095260976442,19.5980206955526,0.0332923559147807,0.0756233244562811,-2.6866338487151,0.00721760238725699,0.018828323293587,-0.0940084799915962,1,"5",141259884,141320784,"protein_coding","TATA-box binding protein associated factor 7"
"1366","RNF14",-0.341910808210716,0.0141160505111326,17.4154219317347,0.0656624632456499,0.0581608510906593,-2.87777097309584,0.00400495785126775,0.0115398949863974,-0.101264850006664,1,"5",141958328,141990292,"protein_coding","ring finger protein 14"
"1367","CNTN4",-0.341867167741568,0.0115376952144622,14.5488109178769,0.149397584399419,0.0356891291996196,-3.18271582033839,0.00145900735671067,0.00505808449253461,-0.227843105151299,1,"3",2098813,3057959,"protein_coding","contactin 4"
"1368","GNL1",-0.341671782757805,0.0197787446198498,23.8893796630646,0.00789948646366042,0.1097314356966,-2.42945999580705,0.0151213335535105,0.0348737101793118,-0.049174587968367,1,"HSCHR6_MHC_COX_CTG1",2021096,2036894,"protein_coding","G protein nucleolar 1 (putative)"
"1369","NME7",-0.340854062917199,0.0217679790831802,26.6188670228337,0.00299122371301607,0.131156768461382,-2.31025234288538,0.0208741877019916,0.0456731394810631,-0.210268030487471,1,"1",169132531,169367948,"protein_coding","NME/NM23 family member 7"
"1370","NBN",-0.340318259542021,0.00638256407742777,6.57617816970543,0.764758407046335,0,-4.25978480160667,2.04623817816607e-05,0.000155650221506197,-0.205709816222283,1,"8",89924515,90003228,"protein_coding","nibrin"
"1371","FBXO11",-0.340292578471137,0.00636786639409179,4.95517655628721,0.894152065753798,0,-4.26437615419614,2.00461493038429e-05,0.000152878585226796,-0.144362921482743,1,"2",47789316,47906498,"protein_coding","F-box protein 11"
"1372","EIF4E3",-0.340067977351338,0.0138495547758328,17.0861816567945,0.0724786188497738,0.0555528067628366,-2.88966722529513,0.00385649829798496,0.0111964570428596,-0.129680110643488,1,"3",71675414,71754773,"protein_coding","eukaryotic translation initiation factor 4E family member 3"
"1373","RNPS1",-0.340052067572026,0.0122168690354308,15.2376576747348,0.123634525990684,0.0411589980626907,-3.07656050569937,0.00209403798868335,0.00677198882291695,-0.0897141499134107,1,"16",2253116,2268397,"protein_coding","RNA binding protein with serine rich domain 1"
"1374","ZMAT4",-0.340030967857245,0.0192840676128852,23.4358665212439,0.00924716976983453,0.105890733920898,-2.44860735045291,0.0143409687864737,0.0333739612064381,-0.280753638408664,1,"8",40530590,40897833,"protein_coding","zinc finger matrin-type 4"
"1375","DYNLRB1",-0.339920438763805,0.0202466298063837,24.498578718819,0.00638146704224118,0.114473040410953,-2.38891615608295,0.0168981582653951,0.038266844247542,-0.110982713855676,1,"20",34516395,34540958,"protein_coding","dynein light chain roadblock-type 1"
"1376","ETNK1",-0.339148010625963,0.00637475297205186,6.78843645476942,0.74525549284922,0,-4.24773675014042,2.15940919217061e-05,0.000162729116773889,-0.223677294924338,1,"12",22625075,22690665,"protein_coding","ethanolamine kinase 1"
"1377","NDUFB4",-0.339005775006583,0.00884750722658851,11.9454370625999,0.288724799905968,0.0152623349554814,-3.6040983487357,0.00031323843793607,0.00143397230943753,-0.144906099005368,1,"3",120596328,120602507,"protein_coding","NADH:ubiquinone oxidoreductase subunit B4"
"1378","WDR17",-0.338915976344228,0.0102252930593308,13.3032008631553,0.207210096552362,0.0258155671943816,-3.35161526566889,0.000803415857157486,0.00308972210465975,-0.279220853019897,1,"4",176065841,176182818,"protein_coding","WD repeat domain 17"
"1379","GRIP1",-0.338710433429641,0.0151973512810227,18.5370560201392,0.0465523694685252,0.0671102186438114,-2.74754379407466,0.00600434895712887,0.0161487283724903,-0.217992664431032,1,"12",66347431,67069162,"protein_coding","glutamate receptor interacting protein 1"
"1380","TEX10",-0.338311345822725,0.00637355260999602,7.75142375359853,0.653102842965027,0,-4.23765674350485,2.25864730698522e-05,0.00016899693932777,-0.105319287199202,1,"9",100302077,100352942,"protein_coding","testis expressed 10"
"1381","DPY19L1",-0.338161036982935,0.0152228209271193,18.6456262907477,0.0450015937865092,0.0678759879314363,-2.74079149084803,0.0061291389132474,0.0164297468129348,-0.178201632436116,1,"7",34927292,35038271,"protein_coding","dpy-19 like C-mannosyltransferase 1"
"1382","KCTD1",-0.337999460158319,0.0151523159328478,18.6220999875942,0.0453335744629831,0.0676872918181574,-2.74584803484411,0.00603547130217352,0.0162220638985349,-0.186523056234678,1,"18",26454910,26657401,"protein_coding","potassium channel tetramerization domain containing 1"
"1383","ERP29",-0.337452642303049,0.0113641068083261,14.3558430112323,0.157370418436742,0.0342035633510103,-3.16552085907367,0.00154805561897109,0.00530646631201559,-0.110909278057969,1,"12",112013348,112023449,"protein_coding","endoplasmic reticulum protein 29"
"1384","FAM169A",-0.337067504544361,0.0116512628549155,14.7266441165896,0.142350283027627,0.0369943952771339,-3.12270088049194,0.00179199769395688,0.0059702099662226,-0.11509661756113,1,"5",74777574,74866966,"protein_coding","family with sequence similarity 169 member A"
"1385","SRP9",-0.336657344106389,0.0151448636855957,18.6158894850923,0.045421583475897,0.0675418418148688,-2.73561772228351,0.00622633109679316,0.0166457441266236,-0.133975257809624,1,"1",225777813,225790468,"protein_coding","signal recognition particle 9"
"1386","INTU",-0.336546756763313,0.0142382346228783,17.3632807095037,0.0667021602381577,0.0581535987807952,-2.82044306430477,0.004795738301834,0.0133962883652298,-0.252647493103283,1,"4",127623271,127726737,"protein_coding","inturned planar cell polarity protein"
"1387","ROGDI",-0.33615600706827,0.00708034255266538,10.4814038488758,0.399319835683476,0.00378764251641772,-3.99497201675161,6.47018946027256e-05,0.000396008288599876,-0.182163749174428,1,"16",4796968,4802880,"protein_coding","rogdi atypical leucine zipper"
"1388","CARNS1",-0.336091680951437,0.00638745069204563,8.94138160399598,0.537675595471101,0,-4.20527094434111,2.60769570759045e-05,0.000189176914311258,-0.434898098154608,1,"11",67414968,67425607,"protein_coding","carnosine synthase 1"
"1389","ENDOV",-0.335974286805932,0.0159690014882035,19.4022419703087,0.0354412138948876,0.0741921565429859,-2.65868668161814,0.00784458776551467,0.0201428028540918,-0.106911956854318,1,"17",80415165,80438086,"protein_coding","endonuclease V"
"1390","SEC13",-0.33580189620528,0.0211411700615096,25.4017531546671,0.00463383073893975,0.121884560661254,-2.30950355087909,0.0209156548680034,0.0457495975073076,-0.0655342348108152,1,"3",10293131,10321112,"protein_coding","SEC13 homolog, nuclear pore and COPII coat complex component"
"1391","UTP4",-0.335707640782995,0.0140758614100238,17.3196443639902,0.0675835770650748,0.0574236241335141,-2.82959145260229,0.00466074775730063,0.013093715729722,-0.0762451025283106,1,"HSCHR16_2_CTG3_1",60798,87707,"protein_coding","UTP4 small subunit processome component"
"1392","CLUAP1",-0.335599790283744,0.0183673912145249,22.4802366625877,0.0128365330358231,0.0980056660715528,-2.47626969439295,0.0132763248551635,0.0312767680934844,-0.0647209905675322,1,"16",3500976,3539048,"protein_coding","clusterin associated protein 1"
"1393","AKR1A1",-0.335290212871058,0.0134834431862984,16.6074993870313,0.0835128574628475,0.0519777560074122,-2.88748988648349,0.0038832908983264,0.0112509557285579,-0.088883447834146,1,"1",45550543,45570049,"protein_coding","aldo-keto reductase family 1 member A1"
"1394","ODF2L",-0.33519697357165,0.0161023272909948,19.8056468763726,0.0311454678314347,0.0769485437989934,-2.64153131738686,0.00825321765756182,0.0209643486074008,-0.154100122047379,1,"1",86346824,86396342,"protein_coding","outer dense fiber of sperm tails 2 like"
"1395","ADH5",-0.33519049107112,0.0156116462089884,19.0230845884928,0.0399704508159291,0.0709227139086555,-2.68267053590026,0.0073036903449204,0.0190201315134984,-0.0746524511751839,1,"4",99070978,99088801,"protein_coding","alcohol dehydrogenase 5 (class III), chi polypeptide"
"1396","DHCR24",-0.334583395460384,0.0127880932768201,15.8431358611718,0.104211728650676,0.045837253566435,-2.95870377968622,0.00308935907785446,0.00931901290294736,-0.220132972663433,1,"1",54849627,54887195,"protein_coding","24-dehydrocholesterol reductase"
"1397","TRIM3",-0.334134322825758,0.00860039062685276,11.7283725454641,0.303646801055282,0.0135567345082855,-3.60298123938936,0.00031458824198638,0.00143921213554978,-0.135189630348999,1,"11",6448613,6474459,"protein_coding","tripartite motif containing 3"
"1398","CCDC82",-0.333891419959099,0.00846697282281895,11.6063039426518,0.312268608822388,0.0126153644424278,-3.62861737848346,0.000284943189619913,0.00132754754419906,-0.216898653791052,1,"11",96349241,96389956,"protein_coding","coiled-coil domain containing 82"
"1399","FBXO38",-0.333663527158837,0.0127661712738725,15.8359879260388,0.104424677316035,0.0457573754671828,-2.9531016961592,0.00314598303308089,0.00945727718474381,-0.147161846943145,1,"5",148383935,148442836,"protein_coding","F-box protein 38"
"1400","SLC9B2",-0.333561131195132,0.0104164721701717,13.5009552436921,0.196995007102164,0.0273281731772472,-3.26824878977779,0.00108215195269001,0.00395148856032591,-0.203759827641666,1,"4",103019868,103085829,"protein_coding","solute carrier family 9 member B2"
"1401","ERC2",-0.333315529712275,0.0214296978544733,26.1529430257311,0.00353984101291608,0.127620952093834,-2.27691870424261,0.0227910807238425,0.049086328020232,-0.24764695041638,1,"3",55508311,56469095,"protein_coding","ELKS/RAB6-interacting/CAST family member 2"
"1402","COG6",-0.333141704506731,0.0107870082963431,13.8330369975319,0.180744436963336,0.029940133798539,-3.20758738720426,0.00133853387743588,0.00471500967374031,-0.130678425930323,1,"13",39655627,39791666,"protein_coding","component of oligomeric golgi complex 6"
"1403","SCAMP5",-0.333135994508104,0.0169140300277245,20.6486009805042,0.02368161658307,0.0836858706768153,-2.56152153283076,0.0104214780793577,0.0254814525031593,-0.125259788862943,1,"15",74957219,75021495,"protein_coding","secretory carrier membrane protein 5"
"1404","LYPLAL1",-0.333125328791423,0.00754000720778375,10.8774025380274,0.367148978919171,0.00683825691983426,-3.8363813803409,0.000124860460821496,0.000677252924899275,-0.187053148273949,1,"1",219173869,219212865,"protein_coding","lysophospholipase like 1"
"1405","GABRB3",-0.333068621256714,0.0211926457925372,25.757516246403,0.00408037064078491,0.124555264388568,-2.28792155297219,0.0221420899162488,0.0479536358042073,-0.311555686045046,1,"15",26543552,26939539,"protein_coding","gamma-aminobutyric acid type A receptor subunit beta3"
"1406","SLIT1",-0.332841587508205,0.0115138663245768,14.6271251549486,0.146259061686255,0.0361606020728185,-3.10189428928302,0.00192286610165882,0.00632408448379816,-0.210791925405022,1,"10",96998038,97185959,"protein_coding","slit guidance ligand 1"
"1407","HYOU1",-0.332325700426909,0.00931969322328127,12.3716067654958,0.260955678699386,0.018594651121707,-3.44241416645216,0.000576546797552702,0.00236048737507469,-0.126179990321562,1,"HG2217_PATCH",65787,78826,"protein_coding","hypoxia up-regulated 1"
"1408","SYTL2",-0.332025716436626,0.0204032781637662,24.6863254434965,0.00597286198754607,0.115575146855718,-2.32445823446199,0.0201009475435969,0.0442204032117607,-0.219676725032331,1,"11",85694224,85811159,"protein_coding","synaptotagmin like 2"
"1409","R3HDM1",-0.331814404175092,0.0207668327115827,25.3640893985737,0.00469647774892938,0.121316691299512,-2.30255547705573,0.0213038666518053,0.0464249978616244,-0.268454246553436,1,"2",135531455,135725270,"protein_coding","R3H domain containing 1"
"1410","TMEM237",-0.331768928012867,0.0186082579218466,22.7558053198991,0.0116847282051701,0.100210245573728,-2.43210797054431,0.0150112317888125,0.034661579986459,-0.0585932089203117,1,"2",201620184,201643570,"protein_coding","transmembrane protein 237"
"1411","GK5",-0.331651504109049,0.00637414372536931,8.47811752893581,0.582240566648016,0,-4.15404355088632,3.26650962430008e-05,0.0002263001728524,-0.185830529095227,1,"3",142157527,142225592,"protein_coding","glycerol kinase 5"
"1412","GCA",-0.331550223710973,0.00638449000168684,9.71176072284328,0.466135044189567,0,-4.14940876214521,3.33335112960853e-05,0.000230021999891648,-0.189929164566319,1,"2",162318840,162371595,"protein_coding","grancalcin"
"1413","GRIN2B",-0.331253238172865,0.0195426124394936,23.7892934945005,0.00817974707856856,0.108629168687623,-2.36956607113593,0.017808972814664,0.0399680840555232,-0.372687011995656,1,"12",13437942,13982002,"protein_coding","glutamate ionotropic receptor NMDA type subunit 2B"
"1414","PPP6C",-0.331154494101081,0.00730093553879388,10.6822628535482,0.382802399988061,0.00532406849052678,-3.87562185473501,0.000106352739968951,0.000592130629517527,-0.138735590265222,1,"9",125146573,125189939,"protein_coding","protein phosphatase 6 catalytic subunit"
"1415","WSB1",-0.330332522215041,0.0156512159830265,19.1425029325244,0.0384895684492997,0.0716538598811117,-2.64044600567289,0.00827969848303733,0.0210239990445457,-0.230937607038987,1,"17",27294076,27315926,"protein_coding","WD repeat and SOCS box containing 1"
"1416","PARVB",-0.330055286658941,0.0173737504252981,20.8308729556829,0.0223042608735637,0.0856409961946218,-2.50403217054989,0.0122786869049627,0.0292418601983424,-0.10250007463881,1,"22",43999211,44172939,"protein_coding","parvin beta"
"1417","RPRD1B",-0.328759088386709,0.0139937726210472,17.1066025752112,0.0720381674615669,0.0560241166340055,-2.77913959046364,0.00545030980330563,0.0149296339358873,-0.104130544815406,1,"20",38033725,38127780,"protein_coding","regulation of nuclear pre-mRNA domain containing 1B"
"1418","PPP2R5B",-0.328618884197181,0.0171917264987419,20.6548643529371,0.0236329975536104,0.0840724448745924,-2.50629836042807,0.0122002622381876,0.0290903804954065,-0.0729690226086703,1,"11",64917553,64934475,"protein_coding","protein phosphatase 2 regulatory subunit B'beta"
"1419","CADM2",-0.328287381417373,0.00695623853467253,10.4219507279478,0.404285793837127,0.0032904996897022,-3.93610755281393,8.28138699440206e-05,0.000484135544212891,-0.193797968942647,1,"3",84958989,86074429,"protein_coding","cell adhesion molecule 2"
"1420","URGCP",-0.327948521897574,0.00636449604456118,6.41695198971214,0.779101404126984,0,-4.11077462801956,3.94333954800707e-05,0.000264481555913512,-0.128513200418409,1,"7",43875894,43926411,"protein_coding","upregulator of cell proliferation"
"1421","RRM2B",-0.327896903419883,0.0153338791827636,18.6828200710221,0.0444812792439539,0.0683061396645178,-2.64795924636586,0.00809792866597547,0.0206271693864557,-0.120681314795885,1,"8",102204502,102238961,"protein_coding","ribonucleotide reductase regulatory TP53 inducible subunit M2B"
"1422","FAF1",-0.327883973206977,0.00638583795534158,9.87132575311935,0.451854027808039,0,-4.10309188007015,4.07665258799206e-05,0.000271518741536413,-0.122811473629872,1,"1",50437028,50960267,"protein_coding","Fas associated factor 1"
"1423","UROS",-0.327868893577962,0.0167902752935868,20.3295477236894,0.0262853641644695,0.0814642309737517,-2.53029587025224,0.0113966378483694,0.02748060298564,-0.120370708965697,1,"10",125784980,125823288,"protein_coding","uroporphyrinogen III synthase"
"1424","BNIP3L",-0.327838782460323,0.00636796759967869,6.7465979241449,0.749131481388124,0,-4.10827877354854,3.98618778616466e-05,0.000266675329160269,-0.164566896414996,1,"8",26383054,26505636,"protein_coding","BCL2 interacting protein 3 like"
"1425","IGSF8",-0.327408693972475,0.0118117378038217,14.82049698238,0.138744549969756,0.0377890309263075,-3.01254337359077,0.00259068411366337,0.00806569898660509,-0.158763342524313,1,"1",160091340,160098943,"protein_coding","immunoglobulin superfamily member 8"
"1426","ECD",-0.32690877184597,0.0137018518048195,16.8677223975217,0.07734267082144,0.0538103620628143,-2.79278138472634,0.00522569956542984,0.0144138330960467,-0.113624838130766,1,"10",73130155,73169055,"protein_coding","ecdysoneless cell cycle regulator"
"1427","CEP57",-0.32648699603946,0.00760496952588095,10.9004759580243,0.365324286026379,0.00705894497232309,-3.74383886979571,0.000181229898405855,0.000920810688833418,-0.108675590892548,1,"11",95789965,95832693,"protein_coding","centrosomal protein 57"
"1428","TMEM135",-0.326210579510969,0.0152645389915754,18.7745827161569,0.0432210188324089,0.0687428192609247,-2.64031775081453,0.00828283282667197,0.0210268825619182,-0.12213250197412,1,"11",87037844,87328824,"protein_coding","transmembrane protein 135"
"1429","ATP8A1",-0.326169909587571,0.00637128261424692,6.64921359187386,0.758094175314194,0,-4.08630198267351,4.38303228560422e-05,0.000288545054096097,-0.244059069418896,1,"4",42408373,42657121,"protein_coding","ATPase phospholipid transporting 8A1"
"1430","SCCPDH",-0.326119184374617,0.00838389335602123,11.5571012697314,0.315790549906999,0.0121884278732686,-3.5616683314648,0.000368505724331891,0.00163400641516185,-0.119368720557706,1,"1",246724409,246768137,"protein_coding","saccharopine dehydrogenase (putative)"
"1431","TMEM62",-0.326059107926637,0.0166653981862287,20.3456202753334,0.0261480639611321,0.0813753203441426,-2.52573910710656,0.0115455184887754,0.0277745071578073,-0.108387242079056,1,"15",43123279,43185144,"protein_coding","transmembrane protein 62"
"1432","SLITRK4",-0.325908911687489,0.0171660872335117,20.972346876692,0.0212872200635961,0.0861012530826407,-2.48748561795967,0.0128649655162867,0.0304304524409974,-0.240261234435574,1,"X",143622790,143636101,"protein_coding","SLIT and NTRK like family member 4"
"1433","ARMH4",-0.325631834034637,0.00639591239340737,9.36284165038503,0.498049265935706,0,-4.07169840665191,4.66715840055087e-05,0.000303595235226967,-0.211525158657988,1,"14",57999735,58298139,"protein_coding","armadillo like helical domain containing 4"
"1434","BCKDHB",-0.325290176645457,0.00635241803086459,2.39283656530323,0.992347030446175,0,-4.08132719886526,4.47792637174871e-05,0.000293328921352669,-0.216705536588716,1,"6",80106647,80346270,"protein_coding","branched chain keto acid dehydrogenase E1 subunit beta"
"1435","MADD",-0.325156525464441,0.0115372889631901,14.5167167709218,0.150699876777315,0.0354792745668563,-3.02719633617142,0.00246833578456473,0.00775015444071661,-0.121899521793523,1,"11",47269161,47330031,"protein_coding","MAP kinase activating death domain"
"1436","CHAMP1",-0.325140997155472,0.0166337865312207,20.1497151085416,0.0278680157023978,0.0800101756548646,-2.52101930567013,0.0117015431889032,0.0280794330171672,-0.142272410926593,1,"13",114314482,114337626,"protein_coding","chromosome alignment maintaining phosphoprotein 1"
"1437","DGKE",-0.3250815025722,0.0178425594277738,21.7300653116134,0.01654038094595,0.0921624161139921,-2.43368117347253,0.0149461535605993,0.0345233070455113,-0.0980347194253261,1,"17",56834107,56869567,"protein_coding","diacylglycerol kinase epsilon"
"1438","MCTP1",-0.324587511503271,0.0130803104700673,16.3443229734802,0.090190901909919,0.0495706712718118,-2.83806789037002,0.00453875276984173,0.0128078538462272,-0.184011692264714,1,"5",94703690,95285094,"protein_coding","multiple C2 and transmembrane domain containing 1"
"1439","PTBP2",-0.324333519699298,0.0063781826833304,9.38028714155246,0.49643282149139,0,-4.0610969554256,4.8842680912653e-05,0.000314362192230718,-0.190635376796862,1,"1",96721665,96823738,"protein_coding","polypyrimidine tract binding protein 2"
"1440","SLC38A1",-0.324184868701495,0.0145158688485622,17.8016007297883,0.0584040088403668,0.0611845599016487,-2.69073682519013,0.00712944122270431,0.0186409150398532,-0.130597720679794,1,"12",46183063,46270017,"protein_coding","solute carrier family 38 member 1"
"1441","BRINP1",-0.324095714263318,0.0196706864387281,24.0562914399167,0.00745236993145773,0.110707320643929,-2.31080623309642,0.0208435600763763,0.0456251044534913,-0.163405575023078,1,"9",119153458,119369435,"protein_coding","BMP/retinoic acid inducible neural specific 1"
"1442","UBC",-0.323971760989604,0.01541403824915,18.6761214379058,0.0445745805581841,0.0684074628350267,-2.60944976384581,0.00906879604993605,0.0226481660378421,-0.185304451910805,1,"12",124911604,124917368,"protein_coding","ubiquitin C"
"1443","RALYL",-0.323957953110356,0.0165581106632465,20.3153194747762,0.026407469039333,0.0809436721941912,-2.51757986111513,0.0118164178187199,0.0283195615566541,-0.241534228807142,1,"8",84182787,84921844,"protein_coding","RALY RNA binding protein like"
"1444","CDC5L",-0.323949469679647,0.00639481123328029,8.55465453081976,0.574823774581979,0,-4.05101087197488,5.09968376503078e-05,0.000325439327923105,-0.131945764949994,1,"6",44387706,44450425,"protein_coding","cell division cycle 5 like"
"1445","DUSP11",-0.323542790380588,0.00962814548698273,12.7165105511659,0.239956747202372,0.0212119211324211,-3.29731474499538,0.000976140457106034,0.00362727884418371,-0.114612291668966,1,"2",73761782,73780173,"protein_coding","dual specificity phosphatase 11"
"1446","SLC8A1",-0.323511256440589,0.0102229242646331,13.2617826238858,0.209401350541416,0.0255138922085506,-3.19964521048035,0.0013759685354906,0.00482345517939391,-0.200927439219504,1,"2",40097270,40611053,"protein_coding","solute carrier family 8 member A1"
"1447","CANX",-0.323444053159822,0.0176586789415845,21.3919443625463,0.0185203614034882,0.0894805752673081,-2.43399714973989,0.0149331126779368,0.0345039194754877,-0.125519045360103,1,"HG30_PATCH",444319,497221,"protein_coding","calnexin"
"1448","ZDBF2",-0.322903976209603,0.0138579353279232,17.1006876713934,0.0721654977908508,0.0557137683255757,-2.74298939033732,0.00608826525631079,0.0163368321633438,-0.243178126597736,1,"HSCHR2_6_CTG7_2",388301,428065,"protein_coding","zinc finger DBF-type containing 2"
"1449","TSPYL2",-0.322484413398573,0.0170190387682708,20.7788543965003,0.0226895103307892,0.0847700897682482,-2.4719587252593,0.0134375029715093,0.0316105839132999,-0.10761281840767,1,"X",53082367,53088540,"protein_coding","TSPY like 2"
"1450","UBB",-0.322478818159865,0.0122662251866829,15.2892711635735,0.121866058069669,0.0414738699195004,-2.91169396868892,0.00359474638521795,0.0105559614717356,-0.144052032922121,1,"17",16380798,16382745,"protein_coding","ubiquitin B"
"1451","LYRM2",-0.3223188593741,0.0160346462182023,19.6347477269679,0.0329028997164917,0.0756666220044884,-2.54539992137034,0.0109152647391677,0.0265407569758568,-0.078155234468229,1,"6",89568144,89638749,"protein_coding","LYR motif containing 2"
"1452","DNAJC7",-0.322232573114549,0.0189535621373839,22.8694311647897,0.0112389260580871,0.101467759877302,-2.34058284488411,0.0192536662872516,0.0426777432241649,-0.126492182058438,1,"17",41976421,42021376,"protein_coding","DnaJ heat shock protein family (Hsp40) member C7"
"1453","KCTD13",-0.32215798464173,0.00636873655283468,7.61035065051695,0.66683759498374,0,-4.03684670233658,5.41744426187929e-05,0.000340947839216277,-0.149236963539045,1,"16",29905012,29926236,"protein_coding","potassium channel tetramerization domain containing 13"
"1454","SMU1",-0.322084834712619,0.0160357188218758,19.5907696228982,0.0333697485637653,0.0751691552864759,-2.54346672536287,0.0109758510458968,0.0266480390036544,-0.0527776863616478,1,"9",33041765,33076674,"protein_coding","SMU1 DNA replication regulator and spliceosomal factor"
"1455","ROCK2",-0.321917462476451,0.0115722938923789,14.5787763015348,0.148190133153747,0.0359636379309114,-2.99250447442189,0.00276698610980519,0.00850907717869604,-0.153040636586848,1,"2",11179759,11348330,"protein_coding","Rho associated coiled-coil containing protein kinase 2"
"1456","CCDC148",-0.321783113653292,0.00980535834910895,12.891357438982,0.229809752762764,0.0225501836339243,-3.24961203621,0.00115562547207104,0.00417127464957535,-0.145257044063579,1,"2",158171073,158456753,"protein_coding","coiled-coil domain containing 148"
"1457","NT5DC1",-0.321254035401821,0.0126660683902795,15.7269223419393,0.107720963231702,0.0448802988134967,-2.85448442298221,0.00431067455918144,0.0122529846967276,-0.180137247309269,1,"6",116100851,116249497,"protein_coding","5'-nucleotidase domain containing 1"
"1458","RUFY2",-0.321239185211603,0.00638163269428891,9.11935477992077,0.520815137186842,0,-4.02126425721781,5.78866213967189e-05,0.000360869485685027,-0.136919227184407,1,"10",68341107,68407294,"protein_coding","RUN and FYVE domain containing 2"
"1459","WDR70",-0.321178143721688,0.0117895657465954,14.8714197116419,0.136820456562305,0.0381485237828534,-2.95799257400594,0.00309649583515825,0.00933652513209081,-0.127952307914788,1,"5",37379285,37753435,"protein_coding","WD repeat domain 70"
"1460","ATF2",-0.320972365190838,0.00636468444381267,5.74159539703788,0.836485888258699,0,-4.02327023485324,5.73955760931888e-05,0.000358232845150013,-0.193316440157225,1,"2",175072250,175168382,"protein_coding","activating transcription factor 2"
"1461","SCN1A",-0.320903990255667,0.0132089515706608,16.3157147948511,0.0909443579739158,0.0495623859020528,-2.79216412891798,0.00523567913783984,0.0144337904953027,-0.25111270525449,1,"2",165984641,166182806,"protein_coding","sodium voltage-gated channel alpha subunit 1"
"1462","BRIX1",-0.320866458820462,0.018386607360669,22.0347445474429,0.0149285742661167,0.095239878770585,-2.36632025032481,0.0179658960607085,0.0402644283252351,-0.119111217204998,1,"5",34915677,34925996,"protein_coding","biogenesis of ribosomes BRX1"
"1463","AP1M1",-0.320397370150529,0.0193828879974394,23.5212375420427,0.00897780234733422,0.106778120060077,-2.30133424263367,0.0213727456484401,0.0465365381810182,-0.0915884316916325,1,"19",16197854,16245906,"protein_coding","adaptor related protein complex 1 subunit mu 1"
"1464","PRKRA",-0.320145676489676,0.0171948789604956,20.9804504397888,0.0212302991948201,0.086353554024462,-2.44145137778503,0.0146283580450564,0.0339040155615759,-0.0870686458698657,1,"2",178431292,178451512,"protein_coding","protein activator of interferon induced protein kinase EIF2AK2"
"1465","TXNDC16",-0.319992556146588,0.006364180213902,6.35880124556641,0.784271580112102,0,-4.01114758068282,6.04243226649537e-05,0.000374912341159135,-0.179788787975922,1,"14",52429472,52552547,"protein_coding","thioredoxin domain containing 16"
"1466","MICU2",-0.319380625273757,0.0131601514222052,16.3652142930749,0.089644150661249,0.0497992262082298,-2.78405700627559,0.00536835980219785,0.0147396959726273,-0.0857554618444313,1,"13",21492691,21604181,"protein_coding","mitochondrial calcium uptake 2"
"1467","NUCKS1",-0.319254094364492,0.0101387922724845,13.1682129089548,0.214418357433667,0.0248016430173488,-3.17061392836216,0.00152117168548305,0.00523038676026581,-0.127113232132779,1,"1",205712822,205750182,"protein_coding","nuclear casein kinase and cyclin dependent kinase substrate 1"
"1468","PTPRM",-0.31814260207964,0.0189799969983123,22.6248160872582,0.0122194500255888,0.10033202734391,-2.309264924682,0.0209288847648001,0.0457737770739496,-0.130795634238103,1,"18",7566782,8406861,"protein_coding","protein tyrosine phosphatase receptor type M"
"1469","DTWD2",-0.31802947909558,0.0078303912720424,11.1236808561103,0.347963700883076,0.00875240723610281,-3.59397991811108,0.000325664948634508,0.00147767748959889,-0.199846359322885,1,"5",118836074,118988547,"protein_coding","DTW domain containing 2"
"1470","METAP1",-0.317909615116512,0.0133475721765428,16.5415683424307,0.0851435941764926,0.0512842761286151,-2.75170912673694,0.00592851531843652,0.0159815454580275,-0.0827146253313702,1,"4",98995659,99062809,"protein_coding","methionyl aminopeptidase 1"
"1471","ASNSD1",-0.317750874902258,0.00814226091970328,11.3824484052356,0.328507997200075,0.0107765557324316,-3.5213909793768,0.00042928914832574,0.00185619475560493,-0.158407155703848,1,"2",189661385,189670831,"protein_coding","asparagine synthetase domain containing 1"
"1472","IFTAP",-0.317526160890646,0.0143321021675306,17.768930390877,0.0589888173830284,0.0606758528473019,-2.65231172274546,0.00799426987978102,0.020414868007692,-0.143306822121263,1,"11",36594369,36675695,"protein_coding","intraflagellar transport associated protein"
"1473","CLASP1",-0.316988423541157,0.00934798374723197,12.41173743145,0.25844484732329,0.018902916079124,-3.27856975142164,0.00104334575928222,0.00383641991878678,-0.127481450196018,1,"2",121337776,121649476,"protein_coding","cytoplasmic linker associated protein 1"
"1474","PMPCB",-0.316938532830358,0.0167589232225607,20.5692598383128,0.0243056333354862,0.0828528218493191,-2.44822871539747,0.0143560493400618,0.033396344101236,-0.0839512313510562,1,"7",103297407,103331818,"protein_coding","peptidase, mitochondrial processing subunit beta"
"1475","TMED2",-0.316786336487365,0.0178617214249552,21.6510729920511,0.0169842659546414,0.0915244227768302,-2.37030801812185,0.0177732715630081,0.0399135055700385,-0.120805650456867,1,"12",123584533,123598582,"protein_coding","transmembrane p24 trafficking protein 2"
"1476","PI4KA",-0.316703881550356,0.0063741554662713,9.14643202861936,0.51826541020961,0,-3.96681603657911,7.28391702886633e-05,0.000435627101442148,-0.187498956533724,1,"22",20707691,20859417,"protein_coding","phosphatidylinositol 4-kinase alpha"
"1477","SPG7",-0.316678921600593,0.0167834963700142,20.3733518650901,0.0259127348191318,0.0816368787585003,-2.44443187301795,0.0145080478525812,0.0336696808756131,-0.0896985561258576,1,"16",89490719,89557766,"protein_coding","SPG7 matrix AAA peptidase subunit, paraplegin"
"1478","ETV1",-0.316521276913041,0.00763851894669416,10.9225160101381,0.363586536418339,0.00723783067407674,-3.62158205033359,0.000292806906110776,0.00135667414767028,-0.233783683657811,1,"7",13891229,13991425,"protein_coding","ETS variant transcription factor 1"
"1479","PTPDC1",-0.316252696063196,0.0126813216733284,15.7450555929956,0.107166766067016,0.0450133476033347,-2.80835481660455,0.00497953294817299,0.0138510541022686,-0.197844103913455,1,"9",94030794,94109856,"protein_coding","protein tyrosine phosphatase domain containing 1"
"1480","LTN1",-0.31581293605864,0.0132204368681383,16.3672941179748,0.089589878666814,0.0498315051622461,-2.74667333865511,0.00602030635697393,0.0161875074441829,-0.144729464532963,1,"HG2219_PATCH",18878,83690,"protein_coding","listerin E3 ubiquitin protein ligase 1"
"1481","SCHIP1",-0.315712207628945,0.0135991916690427,16.8108319516244,0.0786559967841066,0.05344810432664,-2.70729030261294,0.00678349104633336,0.0178740953806955,-0.164560072525089,1,"3",159273244,159897629,"protein_coding","schwannomin interacting protein 1"
"1482","LEPROTL1",-0.315340028681411,0.0127706892818956,15.943351309704,0.101265557673502,0.0463824885683079,-2.79043514787051,0.00526372441320722,0.0144978088301976,-0.0886795584939058,1,"8",30095408,30177208,"protein_coding","leptin receptor overlapping transcript like 1"
"1483","CKB",-0.315164307632968,0.00987946244398445,12.8872380194563,0.23004499558947,0.0226548961810637,-3.17081110418303,0.00152013958549091,0.00522913659465179,-0.159766002847222,1,"14",103519667,103522833,"protein_coding","creatine kinase B"
"1484","UFM1",-0.315140530681168,0.00636150686179535,7.38835995086549,0.688342748006355,0,-3.95115677461693,7.77743531359398e-05,0.0004609499690085,-0.128304835746149,1,"13",38349849,38363619,"protein_coding","ubiquitin fold modifier 1"
"1485","FN3KRP",-0.314838619827889,0.015940418014038,19.3674465630497,0.0358362585375579,0.0736567320331792,-2.49366521337758,0.0126431730612511,0.0299732237981659,-0.0585235350443808,1,"17",82716706,82730328,"protein_coding","fructosamine 3 kinase related protein"
"1486","THUMPD1",-0.314171186015593,0.00636980625323353,8.57944254602429,0.57242552765419,0,-3.93643640952254,8.27005213972498e-05,0.000483607273540338,-0.116615563020492,1,"16",20702816,20742084,"protein_coding","THUMP domain containing 1"
"1487","CRBN",-0.314038208697396,0.00635842791335647,4.32270675272712,0.931617135865064,0,-3.93828929951519,8.2064612865862e-05,0.000480824131077064,-0.115424975343299,1,"3",3144628,3179727,"protein_coding","cereblon"
"1488","TMEFF2",-0.314015749572496,0.00637097477316866,7.60979108684604,0.666891987256025,0,-3.93412801963833,8.34992726939099e-05,0.000487066220039952,-0.142078322666044,1,"2",191949043,192194933,"protein_coding","transmembrane protein with EGF like and two follistatin like domains 2"
"1489","NQO2",-0.314015062146766,0.0128022519727252,15.9807229793638,0.100185558559812,0.0467540207744774,-2.7752831234903,0.00551536708235423,0.0150764354180503,-0.154078960094452,1,"6",2987987,3019755,"protein_coding","N-ribosyldihydronicotinamide:quinone dehydrogenase 2"
"1490","NCKIPSD",-0.313982666853378,0.00636964268610528,8.52161090517208,0.578023738278403,0,-3.93412485311228,8.35003733690165e-05,0.000487066220039952,-0.132805393230626,1,"3",48673844,48686364,"protein_coding","NCK interacting protein with SH3 domain"
"1491","SEC63",-0.313755859311805,0.00637825407901559,7.9618563153523,0.632562883663105,0,-3.92862826743991,8.54317797012172e-05,0.000496268538076645,-0.15211221659586,1,"6",107867756,107958208,"protein_coding","SEC63 homolog, protein translocation regulator"
"1492","PRDX3",-0.313015097907343,0.0064099055473017,10.0245825733273,0.438339222700558,0.000191893215392155,-3.90966431826104,9.24244676259178e-05,0.000528714192183064,-0.145887596408873,1,"10",119167720,119178812,"protein_coding","peroxiredoxin 3"
"1493","ATL2",-0.312986710705078,0.00635325515654986,5.86994101132725,0.826069256579947,0,-3.92670024162687,8.61191992318489e-05,0.000499021743827623,-0.146081162693621,1,"2",38293954,38377285,"protein_coding","atlastin GTPase 2"
"1494","POLB",-0.312797926269879,0.0165693614839944,20.3430615496828,0.0261698771677692,0.0811502871707219,-2.43002632704391,0.0150977261132224,0.0348307190155919,-0.0938913766462013,1,"8",42338454,42371808,"protein_coding","DNA polymerase beta"
"1495","TBK1",-0.312356531335302,0.00634801259290733,3.63471365392914,0.962325083379547,0,-3.92041192554528,8.83977390182533e-05,0.000509698117003028,-0.129878183744783,1,"12",64452090,64502114,"protein_coding","TANK binding kinase 1"
"1496","C14orf132",-0.311781708374487,0.00864575541397337,11.8290838527408,0.296658176420182,0.0142515652590928,-3.3531204917373,0.000799059122720935,0.0030769040889547,-0.122817392716365,1,"14",96039362,96093971,"protein_coding","chromosome 14 open reading frame 132"
"1497","PIH1D1",-0.311308635585725,0.0160459597779491,19.3068422042388,0.036534023969515,0.0735346660540704,-2.45758370289633,0.013987521076477,0.0326743025923256,-0.105930180011386,1,"19",49446298,49453497,"protein_coding","PIH1 domain containing 1"
"1498","TCF25",-0.310833492674002,0.0145104174191446,17.7410608728201,0.0594918580380187,0.0608743329871526,-2.5804048852746,0.00986845370805578,0.0243328566761389,-0.0821404301967736,1,"16",89873570,89913627,"protein_coding","transcription factor 25"
"1499","NDUFB2",-0.310798456266823,0.0184088030247961,22.1839726772425,0.0141943215541673,0.0961761397957164,-2.29068872194469,0.021981423375897,0.0476743787062028,-0.10837375440117,1,"7",140690777,140722790,"protein_coding","NADH:ubiquinone oxidoreductase subunit B2"
"1500","LEMD3",-0.310681430007494,0.00636136355595007,5.56903261291155,0.850079433832185,0,-3.89529350934498,9.80798884313572e-05,0.0005563766116462,-0.146381484273217,1,"12",65169583,65248355,"protein_coding","LEM domain containing 3"
"1501","ABLIM2",-0.310213081886677,0.0182543201724194,22.2358401378861,0.0139472029918354,0.0961750364311182,-2.29602851060979,0.0216742512713073,0.0470955537280084,-0.123701914111076,1,"4",7965310,8158832,"protein_coding","actin binding LIM protein family member 2"
"1502","MAN1A2",-0.310200163696346,0.00637768544115353,7.82452036573237,0.645972825987482,0,-3.88427952027714,0.000102633779192951,0.000577229274049636,-0.121860820412847,1,"1",117367449,117528872,"protein_coding","mannosidase alpha class 1A member 2"
"1503","PBX1",-0.310152510554889,0.00638027792011922,9.30508911638218,0.503414976903521,0,-3.88289371215622,0.000103220694940953,0.000579549025711131,-0.138664296746468,1,"1",164555584,164899296,"protein_coding","PBX homeobox 1"
"1504","CMC2",-0.310141017848628,0.00637942748642585,9.05484048741791,0.526907053624654,0,-3.88300862516371,0.000103171906938426,0.00057948129257461,-0.170532776084888,1,"16",80966448,81020270,"protein_coding","C-X9-C motif containing 2"
"1505","FAM184A",-0.309903494759667,0.00813939314966238,11.362101706007,0.330011360511532,0.0106421333422569,-3.4350294168558,0.000592489508824068,0.00241214769072337,-0.177795402962596,1,"6",118959763,119149387,"protein_coding","family with sequence similarity 184 member A"
"1506","PSMD2",-0.309873064826029,0.018421294963616,22.2316633924398,0.0139669513036538,0.0962838258176287,-2.28309377177465,0.0224248453615994,0.0484264339944628,-0.0756862294420226,1,"3",184299198,184309050,"protein_coding","proteasome 26S subunit ubiquitin receptor, non-ATPase 2"
"1507","TOM1L2",-0.309783516139396,0.01262632310541,15.6266618281575,0.110830053243993,0.0442211253202061,-2.75689264978524,0.00583535055658335,0.0157748651818725,-0.0910109481461229,1,"17",17843507,17972422,"protein_coding","target of myb1 like 2 membrane trafficking protein"
"1508","BTAF1",-0.309251625118566,0.0154012371417168,18.8060491989763,0.0427964390397776,0.0691491828443469,-2.49192052101801,0.012705446481291,0.0301005060203089,-0.20335039690809,1,"10",91923770,92031437,"protein_coding","B-TFIID TATA-box binding protein associated factor 1"
"1509","LSAMP",-0.308698133753261,0.00939446721742321,12.5207202831399,0.251716142256744,0.0196375193193665,-3.18491558722923,0.00144796237758738,0.00502724891492382,-0.150218783065517,1,"3",115802374,117997592,"protein_coding","limbic system associated membrane protein"
"1510","SYNPR",-0.308442655923604,0.0116697029148134,14.8210048603172,0.138725248348482,0.0375628265823867,-2.85525258946672,0.00430026131770078,0.0122333015311553,-0.241258384034754,1,"3",63228315,63616924,"protein_coding","synaptoporin"
"1511","CCT7",-0.308226156530485,0.0182748527827357,22.1708850867796,0.0142573267050346,0.0957073503956477,-2.28004042600924,0.0226052909545573,0.0487510579831782,-0.091240229478217,1,"2",73233420,73253021,"protein_coding","chaperonin containing TCP1 subunit 7"
"1512","SNRPD3",-0.308086423013662,0.0126923854648657,15.8160044897511,0.105022017998755,0.045443411413071,-2.73464485725076,0.00624476115033601,0.016684415822612,-0.0692855885936137,1,"22",24555958,24582052,"protein_coding","small nuclear ribonucleoprotein D3 polypeptide"
"1513","UBE3A",-0.308049923613697,0.0079352896498981,11.2284160557143,0.340001481990624,0.00954379462526929,-3.45811724434931,0.000543964602440772,0.00225118316981783,-0.103313785555974,1,"15",25333728,25439051,"protein_coding","ubiquitin protein ligase E3A"
"1514","TMOD2",-0.308046109572708,0.0162520397727593,19.8875112385172,0.0303347756543436,0.0775786069623668,-2.4163608466926,0.0156765169857118,0.0359377156295388,-0.131227843703531,1,"15",51751597,51816363,"protein_coding","tropomodulin 2"
"1515","TMTC3",-0.307751591599762,0.00635738205118542,6.64446497090772,0.758529009973538,0,-3.85976756202073,0.00011349492842605,0.000624459543432033,-0.153587101839571,1,"12",88142296,88199887,"protein_coding","transmembrane O-mannosyltransferase targeting cadherins 3"
"1516","GALNTL6",-0.30732337279753,0.0178363268540694,21.7121454677238,0.0166401103256163,0.0920272454307718,-2.30113914154687,0.0213837675166211,0.0465509020744653,-0.274871695412955,1,"4",171812254,173041559,"protein_coding","polypeptide N-acetylgalactosaminyltransferase like 6"
"1517","LONRF1",-0.306915001400002,0.00637326013064344,8.08440668092294,0.620592411630727,0,-3.84447723797951,0.000120809697400359,0.00065850674437916,-0.163741174485738,1,"8",12721906,12756073,"protein_coding","LON peptidase N-terminal domain and ring finger 1"
"1518","TAF1D",-0.306868631074868,0.0106566266196456,13.6792323851371,0.188131925359469,0.0288490750822491,-2.97264207965707,0.00295248525400948,0.0089756234278803,-0.190452283432191,1,"11",93729948,93784391,"protein_coding","TATA-box binding protein associated factor, RNA polymerase I subunit D"
"1519","GFPT1",-0.306246539862656,0.00873585893817361,11.8970560658516,0.292005257489924,0.0147954893470603,-3.27656195447086,0.00105079256128726,0.00385706132056594,-0.107965653952995,1,"2",69319780,69387250,"protein_coding","glutamine--fructose-6-phosphate transaminase 1"
"1520","MSANTD3",-0.305974523550525,0.0130255618727742,16.1662512942314,0.0949711426993275,0.048278175856671,-2.6809396272507,0.00734157597751972,0.0190862844895041,-0.0740341468371036,1,"9",100427143,100451734,"protein_coding","Myb/SANT DNA binding domain containing 3"
"1521","ZNF721",-0.305845962237234,0.00635777225634793,6.7889301099632,0.745209672242394,0,-3.83574977206548,0.000125181811822417,0.00067867471254232,-0.149697571831836,1,"4",425815,499156,"protein_coding","zinc finger protein 721"
"1522","TENT2",-0.305578474380283,0.00636552596763144,6.73930892533557,0.749805223185186,0,-3.83006029776732,0.000128111862568447,0.000691758301076393,-0.161737855271836,1,"5",79612120,79688246,"protein_coding","terminal nucleotidyltransferase 2"
"1523","RANBP9",-0.305293315892466,0.0109774462442693,14.053711920688,0.17055570993785,0.0316784233963762,-2.91384627713499,0.00357005655471188,0.0105010471006763,-0.116653534052646,1,"6",13621498,13711835,"protein_coding","RAN binding protein 9"
"1524","UBXN6",-0.305203224394849,0.00969426830219637,12.732758762818,0.23899975946213,0.0214072352589618,-3.09978519647881,0.00193661034227421,0.00635965063234735,-0.111770395432842,1,"19",4444999,4457794,"protein_coding","UBX domain protein 6"
"1525","NAPEPLD",-0.305182015679464,0.00637318161430664,8.61634650889219,0.568858800738611,0,-3.82279306825834,0.000131948508378388,0.000708574940347442,-0.121207896735705,1,"7",103099776,103149560,"protein_coding","N-acyl phosphatidylethanolamine phospholipase D"
"1526","PARP11",-0.30477571444062,0.00636727458686282,9.78398754360857,0.45964496879721,0,-3.81947409157469,0.000133736504948967,0.000716040221003484,-0.122545983141019,1,"12",3791047,3873448,"protein_coding","poly(ADP-ribose) polymerase family member 11"
"1527","SNRNP40",-0.304764609108578,0.00637374354201637,8.1193915947245,0.617176076049296,0,-3.81739623235123,0.000134867480942047,0.000721487871604543,-0.163256860280573,1,"1",31259568,31296788,"protein_coding","small nuclear ribonucleoprotein U5 subunit 40"
"1528","MAEA",-0.304511426643503,0.0128997434370337,16.1103681602142,0.0965162726566547,0.0478011027739717,-2.68110027754861,0.00733805230208895,0.0190796614478437,-0.0829725339966039,1,"4",1289887,1340147,"protein_coding","macrophage erythroblast attacher, E3 ubiquitin ligase"
"1529","RAD51C",-0.30403063127075,0.0178595705462469,21.877090170663,0.0157431397077111,0.0934357905732099,-2.27500227590448,0.0229057933046859,0.0493081533794343,-0.132490428952712,1,"17",58692573,58735611,"protein_coding","RAD51 paralog C"
"1530","KAT7",-0.303646544083273,0.0140126295570836,17.1334280182482,0.0714632057347551,0.0561664502601896,-2.56512493348515,0.0103138661007227,0.0252535485580363,-0.100642669236888,1,"17",49788624,49835026,"protein_coding","lysine acetyltransferase 7"
"1531","DLG2",-0.302944757516423,0.0127698633968755,15.8543866566811,0.103877311433426,0.0458849982071291,-2.68083642462387,0.00734384040657132,0.0190876346083089,-0.138404472613954,1,"11",83455012,85628335,"protein_coding","discs large MAGUK scaffold protein 2"
"1532","KAT14",-0.302885306005239,0.0145951396256453,18.0272516681866,0.0545056808630573,0.062739245080726,-2.50711397501832,0.0121721455632167,0.0290332096871192,-0.23221408325903,1,"20",18137228,18188387,"protein_coding","lysine acetyltransferase 14"
"1533","MPP2",-0.30260288966034,0.0063705825087759,7.80595846436204,0.647784050572285,0,-3.79125938605027,0.000149885314369103,0.000787019469509837,-0.11749912915142,1,"17",43875357,43909711,"protein_coding","MAGUK p55 scaffold protein 2"
"1534","GABRA2",-0.301983221787867,0.0165926957897311,20.3526087618875,0.0260885731381815,0.0812374404256636,-2.34436019429124,0.0190597546198683,0.0422969346273631,-0.207796365203993,1,"4",46243548,46475230,"protein_coding","gamma-aminobutyric acid type A receptor subunit alpha2"
"1535","FAM131B",-0.301749878744111,0.0149497640324544,18.2362605201144,0.0511066570368873,0.0646794920547228,-2.46791350955776,0.0135903152250054,0.0319022907881417,-0.0710518009494627,1,"7",143353400,143362770,"protein_coding","family with sequence similarity 131 member B"
"1536","LRRC4C",-0.301726606985188,0.0129053570864894,15.9966999449184,0.0997269073165147,0.0469686306292309,-2.65600321318919,0.00790728609523006,0.0202592912133025,-0.119100288293122,1,"11",40114203,41459773,"protein_coding","leucine rich repeat containing 4C"
"1537","RRN3",-0.301298385276859,0.006377565315586,9.70589570546319,0.466663891219443,0,-3.77284832915689,0.000161394408617621,0.0008365948157957,-0.133353076438999,1,"HSCHR16_1_CTG1",575359,609658,"protein_coding","RRN3 homolog, RNA polymerase I transcription factor"
"1538","ZNF714",-0.300729692004517,0.00675982145705815,10.2802268579647,0.416261652588262,0.00218305984055586,-3.65770517559653,0.000254483528294491,0.00121001885543867,-0.213540379242861,1,"19",21082159,21125270,"protein_coding","zinc finger protein 714"
"1539","SSR3",-0.3005018958829,0.00637396374233327,9.6479420531131,0.471904112391526,0,-3.76393766126453,0.000167258595970221,0.000861052326697688,-0.103160467071567,1,"3",156539553,156555149,"protein_coding","signal sequence receptor subunit 3"
"1540","CDIPT",-0.298850144196628,0.0124230534240983,15.5093484510439,0.114565817149447,0.0431421546912007,-2.68126224736008,0.00733450122081258,0.0190791115280048,-0.0912820865346653,1,"16",29858357,29863414,"protein_coding","CDP-diacylglycerol--inositol 3-phosphatidyltransferase"
"1541","LONP2",-0.298825881875388,0.00635334077955879,6.59166391909748,0.763349673607758,0,-3.74901462439067,0.000177530734085218,0.000904856260938225,-0.123288590016607,1,"16",48244300,48363122,"protein_coding","lon peptidase 2, peroxisomal"
"1542","PANK3",-0.298604258271884,0.0160358821880099,19.5759102034617,0.0335288667234695,0.0749809872094014,-2.35803131484908,0.0183721430707462,0.0410437343606392,-0.0776249696716683,1,"5",168548495,168579368,"protein_coding","pantothenate kinase 3"
"1543","MFF",-0.297995767104474,0.00729887876417179,10.6950953832094,0.38176097024394,0.00540928841388943,-3.48804452570312,0.000486567043946229,0.00205557988346077,-0.109598726799121,1,"2",227325151,227357833,"protein_coding","mitochondrial fission factor"
"1544","NRIP1",-0.297615558631756,0.00636494926335444,7.76317083058583,0.651957502859459,0,-3.73042367149928,0.000191158050331763,0.000960354675019174,-0.140515117577484,1,"21",14961235,15065936,"protein_coding","nuclear receptor interacting protein 1"
"1545","ZFYVE16",-0.296700157485588,0.0147860927330189,18.0125708717643,0.0547519586418704,0.0630212100164656,-2.44000695375347,0.0146869791963467,0.0340099100034265,-0.174008599441336,1,"5",80408013,80483379,"protein_coding","zinc finger FYVE-type containing 16"
"1546","UFL1",-0.295984185177823,0.0141384910054395,17.3651924875523,0.06666378041539,0.0577227072740447,-2.4892411789889,0.0128016090564442,0.0303044390805115,-0.225025832262225,1,"6",96521595,96555276,"protein_coding","UFM1 specific ligase 1"
"1547","STX7",-0.295823565619651,0.00636585331679707,8.18631286077885,0.610643763223164,0,-3.70769886274603,0.000209151159706433,0.0010351776994174,-0.121451183357943,1,"6",132445867,132513198,"protein_coding","syntaxin 7"
"1548","BRSK1",-0.294849607490847,0.0157962918315274,19.0504621748494,0.0396263977193178,0.0713227297899978,-2.345972839029,0.0189774903437825,0.0421365973863638,-0.0609629590291612,1,"19",55282072,55312562,"protein_coding","BR serine/threonine kinase 1"
"1549","VPS8",-0.293789458029003,0.00986969011920717,12.8935387445593,0.229685261943624,0.0226416538938604,-2.95722554762632,0.00310420958440494,0.00935576130294799,-0.109966348740612,1,"3",184812143,185052614,"protein_coding","VPS8 subunit of CORVET complex"
"1550","PPIG",-0.293425026227768,0.00637826351957975,9.66030382610655,0.470784147043837,0,-3.67405728082244,0.000238729177577168,0.0011472960018784,-0.117478549884522,1,"2",169584342,169641406,"protein_coding","peptidylprolyl isomerase G"
"1551","NUBPL",-0.293190071664882,0.00636622187513103,9.84510123599695,0.454186706349834,0,-3.67458564724709,0.000238235720938285,0.00114544779902685,-0.122654340506672,1,"14",31489956,31861224,"protein_coding","NUBP iron-sulfur cluster assembly factor, mitochondrial"
"1552","HDAC9",-0.293080959266667,0.0136779621427506,16.7229930139163,0.0807225995962915,0.0528539886334704,-2.50597598991136,0.012211391173004,0.0291103184092458,-0.116776759136743,1,"7",18086949,19002416,"protein_coding","histone deacetylase 9"
"1553","RAB14",-0.29301010554083,0.0116756051472019,14.7762981357725,0.140432962230474,0.0372721863535238,-2.71170785544591,0.00669375591571875,0.0176619794916883,-0.0761186619487847,1,"9",121178133,121223014,"protein_coding","RAB14, member RAS oncogene family"
"1554","SNX24",-0.292966578426554,0.0113206574904274,14.3416632495081,0.157969895155614,0.0339931106940537,-2.75348207437447,0.00589649991926966,0.015912012754583,-0.136654133047819,1,"5",122843439,123029354,"protein_coding","sorting nexin 24"
"1555","STARD3NL",-0.291867446772897,0.0133422643688755,16.4677315135817,0.0870031233241843,0.0507417891138544,-2.52680011578344,0.0115106994216878,0.0277131383261599,-0.0643084999791754,1,"7",38178245,38230670,"protein_coding","STARD3 N-terminal like"
"1556","EIF2B1",-0.291607959356163,0.0122602994936267,15.301138275166,0.121462511574502,0.0415289306464408,-2.63359406088768,0.00844864306902737,0.0213678867859521,-0.0771789612002833,1,"12",123620406,123633766,"protein_coding","eukaryotic translation initiation factor 2B subunit alpha"
"1557","CAB39",-0.290779055830628,0.00820933874788192,11.4406064154482,0.324235899012559,0.0112269199850705,-3.20929052355379,0.00133062966175812,0.00469266645715569,-0.107241296960772,1,"2",230712842,230821075,"protein_coding","calcium binding protein 39"
"1558","ANKRA2",-0.290211039293304,0.00637447576361673,8.89520956519154,0.542076684594735,0,-3.63489350438955,0.000278095488210006,0.0013014077117301,-0.17048765990538,1,"5",73552190,73565667,"protein_coding","ankyrin repeat family A member 2"
"1559","RCOR3",-0.289985517170561,0.0162253445451302,19.8298866251974,0.0309033575621233,0.0769456644408368,-2.27656127681193,0.0228124374883407,0.0491272962901421,-0.176472281783062,1,"1",211258377,211316385,"protein_coding","REST corepressor 3"
"1560","EEA1",-0.289926115929965,0.0105249861077829,13.5236996719073,0.195846139435614,0.0276095524770771,-2.82602872443171,0.00471290375949773,0.0132159796214624,-0.128862793300094,1,"12",92770637,92929331,"protein_coding","early endosome antigen 1"
"1561","U2SURP",-0.289189945729791,0.00636263041310548,6.4360766342577,0.777392830593706,0,-3.62547438647448,0.000288431485142571,0.00134083041259383,-0.123577766269127,1,"3",142964497,143060725,"protein_coding","U2 snRNP associated SURP domain containing"
"1562","ZMYM2",-0.288653948292062,0.00635828453517222,6.01090683674405,0.814346067886941,0,-3.61999126735078,0.000294612958613438,0.00136354083792933,-0.166904647420101,1,"13",19958677,20091829,"protein_coding","zinc finger MYM-type containing 2"
"1563","STX8",-0.288534827777759,0.00974769833114228,12.804772087298,0.234793015670212,0.0219284160041701,-2.92245075844347,0.00347288530578149,0.0102683399147896,-0.106493250685137,1,"17",9250471,9576591,"protein_coding","syntaxin 8"
"1564","TIMM9",-0.288276261805704,0.00633929677338391,3.99956142677835,0.947366765297407,0,-3.62066496736513,0.000293846821428856,0.00136059355696812,-0.132181961486247,1,"14",58408495,58427531,"protein_coding","translocase of inner mitochondrial membrane 9"
"1565","IQSEC1",-0.288127681423896,0.00729432002119833,10.6792128139495,0.383050174439422,0.00530204747361924,-3.37359215377081,0.000741942071041723,0.00289726450904192,-0.0931719230830087,1,"3",12897043,13283281,"protein_coding","IQ motif and Sec7 domain ArfGEF 1"
"1566","MTMR4",-0.287324184085209,0.00637516874561273,10.0128893875693,0.439363181322847,0.000100275198646235,-3.59854004362513,0.000320008583469811,0.00145703973083852,-0.114255598842065,1,"17",58489529,58517905,"protein_coding","myotubularin related protein 4"
"1567","UNC50",-0.287240564958707,0.0115911835631793,14.6599181690611,0.144961277244239,0.0364001286660636,-2.66797576615398,0.00763097620360487,0.0197000907145824,-0.132632453104775,1,"2",98608579,98618515,"protein_coding","unc-50 inner nuclear membrane RNA binding protein"
"1568","CLPTM1",-0.286854193592312,0.0157462189361035,19.0887893779143,0.0391493081591978,0.0715159201328667,-2.28598333760595,0.0222552333659896,0.0481540631448396,-0.0978118958503744,1,"19",44954585,44993341,"protein_coding","CLPTM1 regulator of GABA type A receptor forward trafficking"
"1569","CNBP",-0.286660700536213,0.0154845569454045,18.8974670736005,0.0415844996634174,0.0697573346198998,-2.30366204037403,0.0212416222704741,0.0463125281465937,-0.0664904495931308,1,"3",129167827,129183922,"protein_coding","CCHC-type zinc finger nucleic acid binding protein"
"1570","RAD17",-0.286519038329271,0.00636455285629174,9.39622626533775,0.494957764421517,0,-3.59144761388866,0.000328846282787731,0.00148954268888135,-0.100083001638946,1,"HSCHR5_2_CTG1_1",152489,198224,"protein_coding","RAD17 checkpoint clamp loader component"
"1571","DIO2",-0.286516365741602,0.00635937439943273,8.83761360008752,0.547580991826669,0,-3.59287606550383,0.000327048161001153,0.00148299424729833,-0.275381440371804,1,"14",80197526,80387757,"protein_coding","iodothyronine deiodinase 2"
"1572","SIKE1",-0.285868935411257,0.0121168260438267,15.1834468592372,0.125515476035932,0.0405097037487748,-2.59700345773118,0.00940409774215789,0.0233300573629291,-0.110080368228722,1,"1",114769479,114780685,"protein_coding","suppressor of IKBKE 1"
"1573","PSMF1",-0.285559567946147,0.0119237899164991,14.9521131674463,0.133817502178567,0.0387837323693474,-2.61510757301102,0.00891993571491589,0.0223369968390657,-0.0253999611319226,1,"20",1113240,1189415,"protein_coding","proteasome inhibitor subunit 1"
"1574","MTIF3",-0.285357668808181,0.00636784208352735,7.2576069875903,0.700921989785272,0,-3.57596620701996,0.000348936727764038,0.00156437859624022,-0.123874862200341,1,"13",27435643,27450591,"protein_coding","mitochondrial translational initiation factor 3"
"1575","CSPG5",-0.285166495156741,0.00677980362733561,10.2882659073173,0.41557720908077,0.00225207117204776,-3.46329862497059,0.000533595836107459,0.00221611851395597,-0.171605342038447,1,"3",47562238,47580792,"protein_coding","chondroitin sulfate proteoglycan 5"
"1576","CERT1",-0.285010115436083,0.00635743907928422,6.34172327723347,0.785782701202374,0,-3.57453184462898,0.00035085511060684,0.001571406657476,-0.133312987224356,1,"5",75356345,75512138,"protein_coding","ceramide transporter 1"
"1577","BTBD1",-0.28469203777426,0.0076371278433248,10.9666655972372,0.360120961390346,0.00752581866909768,-3.25769402062861,0.00112321445363506,0.00407525989040897,-0.0880237196850359,1,"15",83016423,83067252,"protein_coding","BTB domain containing 1"
"1578","P4HTM",-0.284659376224511,0.013303779177596,16.5405110724085,0.0851699717463118,0.0511297942464132,-2.46795922164073,0.013588579862452,0.0319017764233419,-0.0927631221530134,1,"3",48989889,49007153,"protein_coding","prolyl 4-hydroxylase, transmembrane"
"1579","CCDC122",-0.284325485682528,0.0107729371174612,13.769977191849,0.183744566047373,0.029528833291781,-2.73935758628523,0.00615593782906809,0.0164784900666148,-0.239355578107648,1,"13",43823909,43879740,"protein_coding","coiled-coil domain containing 122"
"1580","BTBD3",-0.283812948951774,0.00940012504787108,12.5076352416692,0.252517089683198,0.0195508438646366,-2.92728758438482,0.00341932543200696,0.010132761561891,-0.126175157852992,1,"20",11890723,11926609,"protein_coding","BTB domain containing 3"
"1581","CAPZA1",-0.283605446753726,0.00635153946423478,7.72791839340151,0.655393957617524,0,-3.55856634375773,0.000372884608693891,0.00165133491200157,-0.143675605896907,1,"1",112619805,112671616,"protein_coding","capping actin protein of muscle Z-line subunit alpha 1"
"1582","AP1S2",-0.283059118522711,0.0125453455170828,15.785570308544,0.10593743439066,0.0450085575022018,-2.52717802451623,0.0114983201366043,0.0276865021371201,-0.109286485451037,1,"X",15825806,15854931,"protein_coding","adaptor related protein complex 1 subunit sigma 2"
"1583","TSC22D1",-0.282568391072724,0.00635768101522455,8.04421844289284,0.624517614739082,0,-3.54384086393414,0.000394343189979329,0.00173286982396932,-0.109614452183416,1,"13",44432143,44577147,"protein_coding","TSC22 domain family member 1"
"1584","CCDC14",-0.282090648580569,0.00807818052352776,11.3233279230078,0.332888795532505,0.0103221458758805,-3.138570672482,0.00169773989951327,0.00571252958352139,-0.174880968420897,1,"3",123897305,123961408,"protein_coding","coiled-coil domain containing 14"
"1585","ATCAY",-0.281874553019244,0.0147103967038983,18.1306000480476,0.0528001612017205,0.0636431550465529,-2.32404042575543,0.0201233274807138,0.044251129827991,-0.13320669422771,1,"19",3879864,3928082,"protein_coding","ATCAY kinesin light chain interacting caytaxin"
"1586","EIF2A",-0.281760892406334,0.00635174298198603,5.50376333946638,0.85509173287652,0,-3.5353649823649,0.000407212284673442,0.00177680349845069,-0.132314568947252,1,"3",150546678,150586016,"protein_coding","eukaryotic translation initiation factor 2A"
"1587","RETREG1",-0.281161985305265,0.00925533659252137,12.3760854064223,0.260674580976535,0.0185187034392995,-2.922540191979,0.00347188808742738,0.0102668342037206,-0.151261708334522,1,"5",16473038,16617101,"protein_coding","reticulophagy regulator 1"
"1588","GLRX3",-0.28096853360175,0.0131733315118386,16.4090437959961,0.0885065267296051,0.0501266509905485,-2.44799132402754,0.014365511469471,0.0334052123472225,-0.0665068069060851,1,"10",130136391,130184521,"protein_coding","glutaredoxin 3"
"1589","PPA1",-0.280895325006269,0.00635903133046972,8.47533936725793,0.582510099171193,0,-3.52248399790949,0.000427522850341422,0.00184905614788869,-0.120879343781335,1,"10",70202835,70233911,"protein_coding","inorganic pyrophosphatase 1"
"1590","MTPAP",-0.279082707681918,0.00832912587425417,11.54071335361,0.316969546923176,0.012014717012856,-3.05796996261557,0.00222841911750749,0.00713528203201301,-0.149174827550406,1,"10",30309801,30374448,"protein_coding","mitochondrial poly(A) polymerase"
"1591","NUP54",-0.278894529811269,0.0063367330177219,4.03207964014973,0.945888207677102,0,-3.50354170348098,0.000459114759610024,0.00195819471765557,-0.177639027198997,1,"4",76107562,76148485,"protein_coding","nucleoporin 54"
"1592","MRPL39",-0.278047341740802,0.00635016899281542,8.62494641516189,0.568028295890091,0,-3.48920194474029,0.000484464998128376,0.00204969707633642,-0.098021128449419,1,"21",25585656,25607517,"protein_coding","mitochondrial ribosomal protein L39"
"1593","RPS6KC1",-0.277713738659677,0.00635816455202392,9.28059820081414,0.505697013015435,0,-3.48282363793724,0.000496155104919849,0.00208949227532298,-0.0895326192689416,1,"1",213051233,213274774,"protein_coding","ribosomal protein S6 kinase C1"
"1594","KIAA1143",-0.277445172092029,0.0072162087874332,10.6310034362143,0.386979098097169,0.00491552159209015,-3.26604847900203,0.00109059576912252,0.00397507968786263,-0.129569131193805,1,"HG2066_PATCH",263011,286969,"protein_coding","KIAA1143"
"1595","RIOK1",-0.277282789825263,0.0120248557497137,15.1125457376145,0.12801219995977,0.040001475111718,-2.528616557084,0.0114513056594643,0.0275954038569612,-0.118318498533782,1,"6",7389793,7418037,"protein_coding","RIO kinase 1"
"1596","PLPBP",-0.277275236741346,0.012683275697186,15.7955346266248,0.105636964581054,0.045285719293281,-2.46204149577952,0.0138148682369119,0.0323176370585531,-0.0829760199648518,1,"8",37762595,37779768,"protein_coding","pyridoxal phosphate binding protein"
"1597","RSRC1",-0.277050706450359,0.00668217768822122,10.2257476296269,0.420916035493744,0.0017604978515147,-3.38922383481139,0.000700907708283571,0.00276577235226676,-0.137715786970671,1,"3",158105855,158545730,"protein_coding","arginine and serine rich coiled-coil 1"
"1598","OMG",-0.276911146853856,0.0063435739191521,5.75313042014831,0.835560108811506,0,-3.4767497800834,0.000507531233733038,0.00212548908394569,-0.232004060237218,1,"HG2407_PATCH",351187,376701,"protein_coding","oligodendrocyte myelin glycoprotein"
"1599","ALG13",-0.276225143281006,0.00907280397362951,12.2072791964098,0.271423620756032,0.0172049104318815,-2.89996291208362,0.00373206815856264,0.0108923171114105,-0.17170232193098,1,"X",111665811,111760649,"protein_coding","ALG13 UDP-N-acetylglucosaminyltransferase subunit"
"1600","ERGIC3",-0.276157760604684,0.00987837451376883,12.9318748607149,0.227505757688846,0.0228985460699764,-2.77852627895437,0.00546060961375172,0.0149500619744094,-0.094954475554175,1,"20",35542038,35557634,"protein_coding","ERGIC and golgi 3"
"1601","RPA1",-0.275905364133307,0.00888226936014748,12.015396869782,0.284027366802639,0.0157426398556623,-2.92750856558039,0.00341689648816956,0.0101284167527596,-0.143046338349256,1,"17",1829702,1900082,"protein_coding","replication protein A1"
"1602","CDH3",-0.275710099695384,0.0122918360622056,15.4532546204579,0.116389982558701,0.0426203459118039,-2.48681968001083,0.0128890710418277,0.030480617592453,-0.15793351014577,1,"16",68636189,68727468,"protein_coding","cadherin 3"
"1603","MARCKS",-0.275554440533366,0.00855426170547787,11.7447916243713,0.302499736933026,0.0135962108751147,-2.97931310999492,0.00288895403053768,0.0088117704845626,-0.128952398992422,1,"6",113857345,113863475,"protein_coding","myristoylated alanine rich protein kinase C substrate"
"1604","ANK3",-0.274983095404389,0.0116946324678687,14.7228598305258,0.142497302694744,0.0369098205959319,-2.54280295573823,0.0109967223765366,0.0266894726960814,-0.123094080719222,1,"10",60026298,60733490,"protein_coding","ankyrin 3"
"1605","ARMC1",-0.274795828627982,0.0084610791477439,11.6404440266139,0.309840609799343,0.0128106092416337,-2.98742669260844,0.00281336757286521,0.00862875418849622,-0.133393482814469,1,"8",65602458,65634217,"protein_coding","armadillo repeat containing 1"
"1606","GNPTAB",-0.274590267333612,0.00636444397663156,6.92431730880645,0.732570029118688,0,-3.44195276387059,0.000577531088429062,0.00236359737415823,-0.114042623839947,1,"12",101745499,101830959,"protein_coding","N-acetylglucosamine-1-phosphate transferase subunits alpha and beta"
"1607","THEM4",-0.274253350861138,0.00635424117907336,7.29102028524889,0.697714778328412,0,-3.4404883784051,0.00058066537338064,0.00237273246376552,-0.12533288765852,1,"1",151870866,151909637,"protein_coding","thioesterase superfamily member 4"
"1608","CDK17",-0.274183630058431,0.00688352327850192,10.3720520832448,0.408480279388143,0.00290218143812287,-3.30473111338632,0.000950675585459804,0.00354460647139363,-0.144184321509808,1,"12",96278261,96400480,"protein_coding","cyclin dependent kinase 17"
"1609","ABHD12",-0.274074024964372,0.0135973282929451,16.7396845854857,0.0803262348718088,0.0528548696641454,-2.35039625317798,0.0187534347729883,0.0417227733555751,-0.0592046634232169,1,"20",25294742,25390835,"protein_coding","abhydrolase domain containing 12, lysophospholipase"
"1610","CSNK1G3",-0.274049334650483,0.00634415285322333,5.74215966911155,0.836440649552722,0,-3.44066138183677,0.000580294263713421,0.00237167663335866,-0.126357147769422,1,"5",123512177,123617049,"protein_coding","casein kinase 1 gamma 3"
"1611","STOX2",-0.273931558283309,0.00636018554137067,8.09999027606865,0.619070555140777,0,-3.4348452487821,0.00059289229888515,0.0024123871530736,-0.127430377782678,1,"4",183797692,184023526,"protein_coding","storkhead box 2"
"1612","RAPGEF2",-0.273893825918386,0.00806828720857723,11.3160000248797,0.333434451027401,0.0102649077679493,-3.04923971623768,0.00229421338379865,0.00731367418107933,-0.157198839974333,1,"4",159103013,159360174,"protein_coding","Rap guanine nucleotide exchange factor 2"
"1613","LRRN3",-0.273824095611673,0.0115040611406639,14.6436411341776,0.145604234675498,0.0361862721964737,-2.5529721157998,0.0106808046696667,0.0260579928397249,-0.179097411099795,1,"7",111091006,111125454,"protein_coding","leucine rich repeat neuronal 3"
"1614","PIK3R1",-0.273163925207801,0.00635591295517308,8.00669584435429,0.628182862593222,0,-3.4263709098893,0.000611704448108874,0.00247505030542514,-0.122902559414841,1,"5",68215740,68301821,"protein_coding","phosphoinositide-3-kinase regulatory subunit 1"
"1615","UBE2D1",-0.273151059511456,0.0114096541354018,14.5336341553145,0.150012245007536,0.035342657219957,-2.5572115043407,0.0105515040556949,0.0257724222581636,-0.109991228293615,1,"10",58334979,58370751,"protein_coding","ubiquitin conjugating enzyme E2 D1"
"1616","KCNB1",-0.272515133654009,0.013934994010895,17.2298847012594,0.0694294832850408,0.0565246613816295,-2.30853908526191,0.0209691715423275,0.0458428272288622,-0.184361417379365,1,"20",49293394,49484297,"protein_coding","potassium voltage-gated channel subfamily B member 1"
"1617","KLHL7",-0.272213747029346,0.00791864177426895,11.2117042552656,0.341264000052727,0.00941972386215221,-3.05903682663726,0.00222049852242701,0.00711533489367411,-0.118755872379277,1,"7",23105758,23177914,"protein_coding","kelch like family member 7"
"1618","MAGOHB",-0.272133715729119,0.00821404552843778,11.4549987023784,0.323184425491021,0.0113235935788699,-3.00264368456085,0.00267645595024502,0.00828155185397624,-0.122037011960986,1,"12",10604190,10613609,"protein_coding","mago homolog B, exon junction complex subunit"
"1619","CAMSAP1",-0.270911745153225,0.0124388868599551,15.5838959882957,0.112179575614258,0.04367017913851,-2.42905347111101,0.0151382995175631,0.0349090116012195,-0.0735964242810634,1,"9",135808487,135907546,"protein_coding","calmodulin regulated spectrin associated protein 1"
"1620","PPIE",-0.270843136542902,0.00851197230165083,11.6896330535902,0.3063650834728,0.0131872981774663,-2.93563957476057,0.00332860827366011,0.00991139514262788,-0.0487300354224973,1,"1",39692182,39763914,"protein_coding","peptidylprolyl isomerase E"
"1621","CSMD3",-0.270239032913811,0.00939331417886623,12.5258398708186,0.251403281979349,0.0196522822132564,-2.7882945753489,0.00529863396150554,0.0145786921080262,-0.224507430831969,1,"8",112222928,113436939,"protein_coding","CUB and Sushi multiple domains 3"
"1622","ILF2",-0.270148165107695,0.0117347124116898,14.7601028897611,0.141055926040145,0.0372790297853997,-2.49382398052939,0.0126375196096002,0.0299631972713533,-0.071035558047986,1,"1",153661788,153671028,"protein_coding","interleukin enhancer binding factor 2"
"1623","YWHAQ",-0.269415766661938,0.0133072148223944,16.4972472839433,0.0862555430424665,0.0506926539940015,-2.33549759190322,0.0195174415560679,0.0431790339351551,-0.088038188620863,1,"2",9583967,9630997,"protein_coding","tyrosine 3-monooxygenase/tryptophan 5-monooxygenase activation protein theta"
"1624","PCYOX1",-0.268803971609776,0.010956343478998,14.0544175958229,0.170523893613155,0.0315792449760188,-2.56804637263616,0.0102273473371053,0.0250777669306086,-0.104875247235661,1,"2",70257386,70281185,"protein_coding","prenylcysteine oxidase 1"
"1625","RNF2",-0.268065280479117,0.00863929835550292,11.8395144471093,0.295940823953357,0.0143044100259088,-2.88404034882771,0.00392608445779308,0.0113452571064368,-0.144366764312266,1,"1",185045497,185102603,"protein_coding","ring finger protein 2"
"1626","AP5M1",-0.268043298103955,0.00636089112661674,8.90050657082275,0.541571249078286,0,-3.36082556333104,0.000777098869760628,0.003006096749359,-0.183426634170065,1,"14",57268924,57298742,"protein_coding","adaptor related protein complex 5 subunit mu 1"
"1627","CCDC91",-0.267375559215925,0.00634340507625127,6.01275575478372,0.814190424384452,0,-3.35707066607023,0.000787729767823153,0.00304051262428896,-0.141776247642541,1,"12",28133249,28581511,"protein_coding","coiled-coil domain containing 91"
"1628","RPAP3",-0.267093993899089,0.00635773502208205,9.53273368218022,0.482397947694933,0,-3.34975397008406,0.000808833682435006,0.00310658281826078,-0.125609916655101,1,"12",47661249,47706030,"protein_coding","RNA polymerase II associated protein 3"
"1629","TTC13",-0.265328358504709,0.00635046704096793,7.1942390039948,0.706989176835867,0,-3.32951393600915,0.000869977104132724,0.00329036819538963,-0.126499937219767,1,"1",230906243,230978875,"protein_coding","tetratricopeptide repeat domain 13"
"1630","KIAA1586",-0.264370227005673,0.0119558689628812,15.0812071045333,0.129129121940633,0.0395897221251521,-2.4178088933469,0.0156142749723176,0.0358142750918524,-0.13070613768527,1,"6",57046532,57059041,"protein_coding","KIAA1586"
"1631","TRAPPC12",-0.264266064578859,0.00635020750643394,7.9658823590083,0.632169622108885,0,-3.31625134233629,0.000912337360350568,0.00342594646828055,-0.0790084661908995,1,"HSCHR2_1_CTG1",9880,94564,"protein_coding","trafficking protein particle complex subunit 12"
"1632","RNF8",-0.264085881995622,0.0063513196725933,6.04181892977066,0.811737640231465,0,-3.31370008150764,0.000920702075905666,0.00345013743298492,-0.101297429365392,1,"6",37353979,37394734,"protein_coding","ring finger protein 8"
"1633","RGS7BP",-0.263499722862313,0.00635680404551205,9.14187492534713,0.51869422915318,0,-3.30491847388595,0.000950040305966349,0.003543493713443,-0.279214119769087,1,"5",64506015,64612319,"protein_coding","regulator of G protein signaling 7 binding protein"
"1634","BDP1",-0.26344806312456,0.00996964221936571,13.0274699837949,0.222139993924818,0.0236480751536424,-2.63848860830876,0.00832764982376744,0.0211202690805288,-0.0822288043766734,1,"HSCHR5_2_CTG1_1",1454100,1566305,"protein_coding","B double prime 1, subunit of RNA polymerase III transcription initiation factor IIIB"
"1635","MON2",-0.261686757316903,0.0132249003493982,16.3932597517832,0.08891474254963,0.0499908294800183,-2.27554559330067,0.0228732208614135,0.0492430744831823,-0.15196827550366,1,"12",62466817,62600476,"protein_coding","MON2 homolog, regulator of endosome-to-Golgi trafficking"
"1636","SLC1A2",-0.261546699082376,0.0110196675244418,14.1383963119123,0.166772010949935,0.0322435227605783,-2.49152355567635,0.0127196532468596,0.0301273786236549,-0.251196481072883,1,"11",35251205,35420063,"protein_coding","solute carrier family 1 member 2"
"1637","PRPSAP2",-0.261354749233646,0.00633751718322772,4.1904209976921,0.938348122070842,0,-3.28299953636419,0.00102708834600196,0.00378391504112786,-0.122802064258961,1,"17",18840085,18931287,"protein_coding","phosphoribosyl pyrophosphate synthetase associated protein 2"
"1638","FAM8A1",-0.260419576233644,0.0119836358050058,15.0621337056138,0.129812940724387,0.0395527550810751,-2.37891720305871,0.0173635755815351,0.0391480529613694,-0.115424770033535,1,"6",17600302,17611719,"protein_coding","family with sequence similarity 8 member A1"
"1639","XIAP",-0.260114469270592,0.00634713128626003,8.79876566937435,0.5513021446929,0,-3.26494425350818,0.00109485622145922,0.00398542818330483,-0.0974890446576794,1,"X",123859712,123913972,"protein_coding","X-linked inhibitor of apoptosis"
"1640","FADS1",-0.260050521429279,0.013007542670734,16.1137894018393,0.0964210510749806,0.0478974514353564,-2.28013257570152,0.0225998267106078,0.0487492673765827,-0.177626658544323,1,"11",61799627,61829318,"protein_coding","fatty acid desaturase 1"
"1641","SCN1B",-0.259662443227529,0.00642022075712602,10.0368642734098,0.437265029759234,0.000287461373729624,-3.24066514775734,0.001192511738072,0.00427799607315173,-0.183426268091373,1,"19",35030470,35040449,"protein_coding","sodium voltage-gated channel beta subunit 1"
"1642","CES4A",-0.259396002875677,0.00882656089417089,11.9855168110694,0.28602697657655,0.015466187116324,-2.76100707007387,0.00576234289624589,0.0156095911596515,-0.190298746415021,1,"16",66988589,67010417,"protein_coding","carboxylesterase 4A"
"1643","C12orf76",-0.259032411093164,0.00950265765273176,12.6415819194143,0.244407299897079,0.020539131801805,-2.65724480269631,0.00787822119771886,0.0201995825006099,-0.049611890657236,1,"12",110027028,110073636,"protein_coding","chromosome 12 open reading frame 76"
"1644","DOCK4",-0.258100527542933,0.00779224965492272,11.0895676115419,0.350582589592927,0.00849366303888569,-2.9238659857032,0.00345713551238269,0.0102303981969806,-0.149289445114355,1,"7",111726110,112206407,"protein_coding","dedicator of cytokinesis 4"
"1645","NT5C3A",-0.257800781327748,0.01089510840882,14.0446067960013,0.170966660783972,0.0314488017281326,-2.46983790362486,0.0135174288127282,0.0317607258229555,-0.121514642139563,1,"7",33014113,33062796,"protein_coding","5'-nucleotidase, cytosolic IIIA"
"1646","ATE1",-0.257540268223476,0.00659735341705641,10.1689791646358,0.425795437755974,0.00131577916212016,-3.17073735277082,0.00152052555542204,0.00522913659465179,-0.116803477827988,1,"10",121709393,121928801,"protein_coding","arginyltransferase 1"
"1647","ZNF33B",-0.257134732354587,0.0110944318820854,14.2656909116484,0.161213919274111,0.033129462385003,-2.44122724795881,0.0146374406887213,0.0339213296718467,-0.118665837959312,1,"10",42574185,42638570,"protein_coding","zinc finger protein 33B"
"1648","PCBP3",-0.256971293419329,0.00635647423824125,8.87697451219169,0.543817683025712,0,-3.22311992453477,0.0012680245335297,0.00450510573884918,-0.156085132616624,1,"21",45643694,45942454,"protein_coding","poly(rC) binding protein 3"
"1649","TNPO2",-0.256853490622192,0.00634595290375375,6.59313747296855,0.763215502947073,0,-3.22431192722828,0.00126275771163131,0.00449094358565294,-0.101532979885824,1,"19",12699201,12724011,"protein_coding","transportin 2"
"1650","PLA2G4C",-0.256508939573616,0.011690357817134,14.7988987791503,0.139567467771519,0.0374164443058307,-2.37240375729119,0.0176727666395473,0.0397259626171021,-0.182224490802139,1,"19",48047843,48110817,"protein_coding","phospholipase A2 group IVC"
"1651","PIGK",-0.255666073024473,0.00635193420069616,9.56751156629939,0.479219653214687,0,-3.20789471110519,0.00133710439905643,0.00471155192700508,-0.118802151800929,1,"1",77088989,77219430,"protein_coding","phosphatidylinositol glycan anchor biosynthesis class K"
"1652","PHKB",-0.255188531605581,0.00633630994280662,6.35456276084519,0.784646929196762,0,-3.20584814308542,0.00134665035520753,0.00474201229683122,-0.0948765249398851,1,"16",47461123,47701523,"protein_coding","phosphorylase kinase regulatory subunit beta"
"1653","CCNT2",-0.255053902077078,0.0063629677134741,9.12552172144854,0.520234051721514,0,-3.19743785554932,0.00138654283799844,0.00485464652965309,-0.160794381660396,1,"2",134918235,134959342,"protein_coding","cyclin T2"
"1654","ANAPC4",-0.254602217602374,0.00633029857333148,3.44312882695874,0.968994198589746,0,-3.20000078533836,0.00137427213120467,0.00481831122155411,-0.128088827793808,1,"4",25377263,25418498,"protein_coding","anaphase promoting complex subunit 4"
"1655","KRR1",-0.254350033518275,0.00962837662498383,12.7225034766954,0.23960343964318,0.0212110191510153,-2.59212096278431,0.00953862265896266,0.023616453370743,-0.123256762699143,1,"12",75490863,75511636,"protein_coding","KRR1 small subunit processome component homolog"
"1656","IARS2",-0.254091184914357,0.00633860339830911,5.17473951896076,0.879203592653361,0,-3.19148500992176,0.00141543455532456,0.00493385404970654,-0.114808797238771,1,"1",220094132,220148041,"protein_coding","isoleucyl-tRNA synthetase 2, mitochondrial"
"1657","MPHOSPH10",-0.253046204354995,0.0084329158554287,11.6222230184278,0.311134856913462,0.0126610859366926,-2.7555668020234,0.00585905388158259,0.015828774225539,-0.106808279301212,1,"2",71130310,71150101,"protein_coding","M-phase phosphoprotein 10"
"1658","LRRC27",-0.252371660167546,0.00800414867093409,11.2919978415706,0.335225822590761,0.0100336839720046,-2.82086960471413,0.00478936661189922,0.0133875745335937,-0.117440240617176,1,"10",132332154,132381508,"protein_coding","leucine rich repeat containing 27"
"1659","RNF38",-0.252243808566711,0.00646116523560747,10.068814616667,0.434476839495615,0.000535135619510826,-3.13808780567584,0.00170053926947689,0.00572103393504856,-0.1179653392958,1,"9",36336396,36487548,"protein_coding","ring finger protein 38"
"1660","SRSF5",-0.251994765422433,0.0110959525799031,14.1533781470909,0.16610981840212,0.0324059187332,-2.39226465330073,0.0167447632274795,0.0379603295233455,-0.163859134878683,1,"14",69726900,69772005,"protein_coding","serine and arginine rich splicing factor 5"
"1661","CTSB",-0.251885472582478,0.00634593310464122,6.10035717783222,0.80676233828265,0,-3.16195274795608,0.00156714991745122,0.00535708111505663,-0.0810844084347462,1,"HG76_PATCH",1478526,1505569,"protein_coding","cathepsin B"
"1662","JKAMP",-0.251869592508959,0.00635233755916894,9.47297774170682,0.487879644986082,0,-3.16015915448115,0.00157682979163498,0.0053831735868895,-0.125050852190048,1,"14",59484443,59505410,"protein_coding","JNK1/MAPK8 associated membrane protein"
"1663","USP15",-0.251438605460569,0.00634451622191535,7.774985012303,0.650805413054277,0,-3.15669558783885,0.00159567833362595,0.00543165703599579,-0.123252718721037,1,"12",62260338,62417431,"protein_coding","ubiquitin specific peptidase 15"
"1664","RBMX",-0.251294624525867,0.0105037670739551,13.5372495052847,0.195164240998468,0.0276357910732936,-2.45194462271036,0.0142086526771728,0.0331209896219493,-0.0954430594328445,1,"X",136848004,136880764,"protein_coding","RNA binding motif protein X-linked"
"1665","DGCR2",-0.251160103568142,0.0120815995362583,15.1254699002807,0.127553969828828,0.0401439602091592,-2.28501173790688,0.0223121395036803,0.048252381041981,-0.0672239258740242,1,"22",19036282,19122454,"protein_coding","DiGeorge syndrome critical region gene 2"
"1666","EIF3H",-0.250760200066083,0.00701896183006388,10.4811100676779,0.399344289137993,0.00374810887375985,-2.99310648104081,0.00276153382422173,0.00849614121273462,-0.1268669241377,1,"8",116642130,116766925,"protein_coding","eukaryotic translation initiation factor 3 subunit H"
"1667","CAMK2A",-0.250711899767775,0.010977962376302,14.0740115434686,0.169642403491096,0.0317502979362445,-2.39284230726336,0.0167184248355521,0.0379047045840534,-0.161843366673911,1,"5",150219491,150290093,"protein_coding","calcium/calmodulin dependent protein kinase II alpha"
"1668","STK39",-0.249475924839453,0.00741633375460098,10.7815333022646,0.374790056474962,0.00609718824932291,-2.89690336542598,0.00376865820458883,0.0109833451607722,-0.135758191958104,1,"2",167954020,168247595,"protein_coding","serine/threonine kinase 39"
"1669","ZNF529",-0.249266814123693,0.00657068467966554,10.1565797746448,0.426865156258298,0.00121390660854115,-3.07509933835941,0.00210432452090692,0.00679794072161547,-0.0746693216817894,1,"19",36534774,36605276,"protein_coding","zinc finger protein 529"
"1670","METTL5",-0.247798034890117,0.0103110022669556,13.4364101032793,0.200284409286872,0.0267313180495881,-2.44032358240002,0.0146741113068038,0.0339875937797394,-0.091620341233084,1,"2",169810081,169824931,"protein_coding","methyltransferase 5, N6-adenosine"
"1671","ZDHHC6",-0.247775202282997,0.00633847973301059,6.9669457934574,0.728561746136257,0,-3.11218414842787,0.00185708618255731,0.00614743443691092,-0.0938110589502004,1,"10",112424428,112447572,"protein_coding","zinc finger DHHC-type palmitoyltransferase 6"
"1672","SEC62",-0.247720810922225,0.00820960044959053,11.4316606881999,0.324890605202097,0.0111701336457128,-2.73401871109665,0.00625664888795985,0.0167119325381078,-0.095465048834219,1,"3",169966635,169998373,"protein_coding","SEC62 homolog, preprotein translocation factor"
"1673","ZMYM4",-0.247635084511247,0.00633107740000612,3.92364101002991,0.950725920951909,0,-3.11224202900261,0.00185672208909327,0.00614743443691092,-0.110240314528089,1,"1",35268709,35422058,"protein_coding","zinc finger MYM-type containing 4"
"1674","ERGIC2",-0.247561534283803,0.00632074484642896,2.79200479617797,0.985903911674209,0,-3.11385966527818,0.00184657295815382,0.00612219943863606,-0.144115715183225,1,"12",29337352,29381189,"protein_coding","ERGIC and golgi 2"
"1675","RCHY1",-0.247393321810966,0.00634163634202869,6.67843498976781,0.755413762895916,0,-3.10661407110704,0.00189243279843332,0.00623891978674977,-0.0995258686896683,1,"4",75479033,75514764,"protein_coding","ring finger and CHY zinc finger domain containing 1"
"1676","SH3KBP1",-0.247051348138306,0.0115521182157089,14.5619912229464,0.148865481204723,0.0357079440100632,-2.29856302283934,0.0215297653090971,0.0468154466828652,-0.0872239781540398,1,"X",19533977,19887600,"protein_coding","SH3 domain containing kinase binding protein 1"
"1677","USP22",-0.246139339481801,0.00760346702207079,10.9395203835751,0.362249321048326,0.00731866272561983,-2.82276807828213,0.00476109991389229,0.0133193946285632,-0.061809324468375,1,"17",20999596,21043760,"protein_coding","ubiquitin specific peptidase 22"
"1678","RAP1GAP",-0.246015988790688,0.00634152543012739,8.64592401311899,0.566003551933342,0,-3.08934538081909,0.00200598090680471,0.00653963171091754,-0.146563079404939,1,"1",21596221,21669357,"protein_coding","RAP1 GTPase activating protein"
"1679","RSL1D1",-0.245958359669035,0.00634846641851491,7.23950157699002,0.702657586189107,0,-3.0869327953055,0.00202233312377564,0.00658588651324371,-0.0826078181422862,1,"16",11833850,11851580,"protein_coding","ribosomal L1 domain containing 1"
"1680","ZNF483",-0.245806571110326,0.00849970931410387,11.702613034738,0.305452443064984,0.0132501420059806,-2.66619219035411,0.0076715822299871,0.0197814007810594,-0.15086576283007,1,"9",111525159,111577844,"protein_coding","zinc finger protein 483"
"1681","SEL1L",-0.245505135068898,0.00633525275174638,5.10366870692096,0.884146048169375,0,-3.08445619828466,0.00203924635603037,0.00662743763350019,-0.120126059762763,1,"14",81471547,81533853,"protein_coding","SEL1L adaptor subunit of SYVN1 ubiquitin ligase"
"1682","DMXL1",-0.245451082453428,0.00634855177076781,7.44552408437069,0.682820839115039,0,-3.08054543758408,0.00206621825662867,0.00669746296710326,-0.144981785769137,1,"5",119037772,119249138,"protein_coding","Dmx like 1"
"1683","AFF3",-0.245321650514848,0.0108932488210146,14.0331131162424,0.171486567701691,0.0313637833775334,-2.35048327908979,0.0187490500299985,0.0417174294237699,-0.155086690214537,1,"2",99545419,100192428,"protein_coding","ALF transcription elongation factor 3"
"1684","KDM5B",-0.245177384409178,0.00926939797621727,12.3685926522838,0.261144981971329,0.0184918922486753,-2.54656428113283,0.0108789173207275,0.0264646109871786,-0.079046572920435,1,"1",202724495,202808487,"protein_coding","lysine demethylase 5B"
"1685","RARS2",-0.244493603967144,0.00748192055495249,10.8286888581107,0.371019652954009,0.00646946811136313,-2.82657788089483,0.00470483017989287,0.0131968573503461,-0.109022058391404,1,"6",87513459,87590028,"protein_coding","arginyl-tRNA synthetase 2, mitochondrial"
"1686","DARS1",-0.244273926788773,0.0105028634219165,13.5493808993743,0.194555326997909,0.0277090785383774,-2.38354444743252,0.0171468136862027,0.0387382110982182,-0.133236527350607,1,"2",135905881,135986100,"protein_coding","aspartyl-tRNA synthetase 1"
"1687","RYR2",-0.244045386352555,0.0101745681562766,13.3129364612232,0.206697646921569,0.02572647861431,-2.41942748021003,0.015544959998804,0.0356747336796287,-0.180354317099511,1,"1",237042184,237833988,"protein_coding","ryanodine receptor 2"
"1688","MRPL42",-0.243539026372633,0.00635731453259677,8.83250817587087,0.548069643829144,0,-3.05444082641438,0.00225480490959118,0.00720332452137844,-0.0879941985601885,1,"12",93467514,93516214,"protein_coding","mitochondrial ribosomal protein L42"
"1689","ARMC2",-0.243133118997884,0.00774781054964844,11.0876217450173,0.350732351072286,0.00842856052868375,-2.76219684593843,0.00574138518682288,0.0155668484962311,-0.14474182662938,1,"6",108848416,108974476,"protein_coding","armadillo repeat containing 2"
"1690","FAHD2A",-0.242881432659792,0.0102419572958848,13.300953828671,0.207328514355346,0.0257549685331858,-2.39995354656792,0.0163971525707614,0.0372606210269812,-0.0589459518847244,1,"HSCHR2_10_CTG7_2",164815,178725,"protein_coding","fumarylacetoacetate hydrolase domain containing 2A"
"1691","CISD2",-0.242499616994078,0.00634943847102127,9.13320911340962,0.51951000997223,0,-3.04329041023012,0.00234006384669461,0.00742064101097437,-0.0682968280284623,1,"4",102868974,102892807,"protein_coding","CDGSH iron sulfur domain 2"
"1692","ZNF277",-0.242297978408255,0.00632871665388482,4.87254930374358,0.899527507786896,0,-3.04573395214649,0.00232113120767896,0.00737935941516551,-0.110541680686379,1,"7",112206695,112343934,"protein_coding","zinc finger protein 277"
"1693","TOPBP1",-0.241996221409305,0.00634839702016763,8.02062047930025,0.626822665409616,0,-3.03722205787165,0.00238769488995993,0.00754650750860103,-0.136509080978855,1,"3",133598175,133662380,"protein_coding","DNA topoisomerase II binding protein 1"
"1694","DCAKD",-0.241808084036053,0.00636140918454892,9.85452991802037,0.453347358780075,0,-3.03175533273374,0.00243136190743387,0.00766051758156073,-0.125731233751861,1,"17",45023338,45061131,"protein_coding","dephospho-CoA kinase domain containing"
"1695","KIAA1217",-0.241429251235904,0.00999665685434762,13.1530307377218,0.215241141077528,0.0244597574277714,-2.41469618015169,0.0157483396663605,0.036086371877611,-0.143859477802558,1,"10",23694746,24547848,"protein_coding","KIAA1217"
"1696","FAR1",-0.241223267011617,0.00635453146089947,9.18785460331899,0.514373249866926,0,-3.02605925499088,0.00247763742774487,0.00777688718229372,-0.146775541383849,1,"11",13668659,13732346,"protein_coding","fatty acyl-CoA reductase 1"
"1697","PFKFB2",-0.240517207767694,0.0063464591370369,7.95389770098202,0.633340264845853,0,-3.01912023756526,0.00253509897870563,0.00791724543743008,-0.174225863955184,1,"1",207034366,207081024,"protein_coding","6-phosphofructo-2-kinase/fructose-2,6-biphosphatase 2"
"1698","TCP11L1",-0.240256635180684,0.00636017581190347,9.87700047753609,0.451350019786351,0,-3.01259554838522,0.00259023880126175,0.00806550604980718,-0.077116838320005,1,"11",33039417,33105943,"protein_coding","t-complex 11 like 1"
"1699","ANKLE2",-0.239589368789417,0.00632775514031979,4.29781341884205,0.932913641192774,0,-3.01191499541453,0.00259605282887465,0.00807643819599625,-0.0782157884210732,1,"12",132725503,132761832,"protein_coding","ankyrin repeat and LEM domain containing 2"
"1700","ZBED5",-0.239057036339005,0.00634874293818837,9.06625381282461,0.525827620461604,0,-3.00025148752684,0.00269756779476915,0.00833188878478317,-0.132195368075714,1,"11",10812074,10858796,"protein_coding","zinc finger BED-type containing 5"
"1701","POT1",-0.238975354727482,0.00634268141547641,8.41757658069089,0.588118732266865,0,-3.00065915003541,0.00269395933043359,0.00832407119548288,-0.114740474216988,1,"7",124822386,124929983,"protein_coding","protection of telomeres 1"
"1702","RAP2A",-0.238894284088243,0.0063458098554272,8.17688643034477,0.611563634499321,0,-2.99890170615486,0.00270954706033688,0.00836294931385204,-0.104383123700318,1,"13",97434169,97469128,"protein_coding","RAP2A, member of RAS oncogene family"
"1703","CORO2B",-0.238883979120689,0.0093803130318868,12.4728879517587,0.254653182681077,0.019287685196513,-2.46648431929626,0.0136446702546367,0.0320013222781803,-0.0436081493540815,1,"15",68578993,68727806,"protein_coding","coronin 2B"
"1704","HCFC2",-0.238309561733551,0.0105599911845567,13.639611726839,0.190073636229442,0.028326181509862,-2.31904774538039,0.0203924476295021,0.0447540521669682,-0.126812510183997,1,"12",104064531,104106524,"protein_coding","host cell factor C2"
"1705","SNRNP27",-0.237747941310818,0.0104004136913925,13.4702251500374,0.198555723967292,0.0270560348224065,-2.33126400327662,0.0197394430876385,0.0435800506362974,-0.0412567895586809,1,"2",69893956,69905575,"protein_coding","small nuclear ribonucleoprotein U4/U6.U5 subunit 27"
"1706","TMEM106B",-0.237400432800237,0.00821332019482336,11.4503478116407,0.323523961622867,0.0112908302491597,-2.61952247732198,0.00880529696633925,0.0220998983862314,-0.132259023911222,1,"7",12211270,12243367,"protein_coding","transmembrane protein 106B"
"1707","ABCA3",-0.237384293241294,0.00644733455709062,10.0687168066366,0.434485361120674,0.000533265517033853,-2.95639103553265,0.00311262191426875,0.00937440095565625,-0.0756640986420219,1,"16",2275881,2340746,"protein_coding","ATP binding cassette subfamily A member 3"
"1708","MYEF2",-0.237031832433046,0.00633305337699604,7.44073603549572,0.68328382164129,0,-2.97851711348871,0.00289646854213266,0.00883085032987554,-0.153051187698961,1,"15",48134632,48178353,"protein_coding","myelin expression factor 2"
"1709","CAMSAP2",-0.236791509513948,0.00635034050106007,9.71521173247907,0.465823995250024,0,-2.97144447839091,0.00296402462069478,0.00900549863096292,-0.13747645962862,1,"1",200738893,200860707,"protein_coding","calmodulin regulated spectrin associated protein family member 2"
"1710","SCD5",-0.236706487706812,0.00635409314139814,9.92499554173489,0.447098193304319,0,-2.96950029678179,0.00298284524258663,0.00905352912637373,-0.0968158346070639,1,"4",82629539,82798796,"protein_coding","stearoyl-CoA desaturase 5"
"1711","TRO",-0.236553645892366,0.00675961563923203,10.2829617095112,0.416028739147163,0.00220688956707918,-2.87719068095073,0.00401233061379269,0.0115563909807253,-0.108485007665082,1,"X",54920462,54931431,"protein_coding","trophinin"
"1712","ZNF280D",-0.236035050051282,0.00676205572948889,10.288513856217,0.415556108464328,0.00224699498027628,-2.87036499821353,0.00409998230026676,0.011755741019026,-0.18619974580702,1,"15",56630176,56734086,"protein_coding","zinc finger protein 280D"
"1713","SNUPN",-0.235076956285389,0.00633887700218914,7.876341800621,0.640914350661153,0,-2.95259511226551,0.00315114977254449,0.00946875053046788,-0.0867087624923511,1,"15",75598083,75626469,"protein_coding","snurportin 1"
"1714","ARL14EP",-0.234890122930841,0.00632353494824825,4.60131945071709,0.916172138552917,0,-2.95382521605246,0.00313861711524033,0.00944187934009958,-0.142117909816491,1,"11",30323104,30338458,"protein_coding","ADP ribosylation factor like GTPase 14 effector protein"
"1715","TANC2",-0.234847160973503,0.0105792809204745,13.6499314541969,0.189566356368958,0.0284659515573308,-2.28326983820286,0.0224144785404494,0.0484189556972337,-0.118588264147595,1,"17",62966235,63427703,"protein_coding","tetratricopeptide repeat, ankyrin repeat and coiled-coil containing 2"
"1716","SUPT3H",-0.23420714131122,0.0098495486214978,12.9536546062646,0.226274598346555,0.0229594984094795,-2.35989113589893,0.0182802986720956,0.040864586066818,-0.0945782321290479,1,"6",44809317,45377953,"protein_coding","SPT3 homolog, SAGA and STAGA complex component"
"1717","KPNA3",-0.23401589127907,0.00853047901079725,11.7205181278396,0.304196583708671,0.0134085865918957,-2.53372012284322,0.0112858831812601,0.0272529533035364,-0.124331612833497,1,"13",49699320,49792682,"protein_coding","karyopherin subunit alpha 3"
"1718","FGFR1OP2",-0.233838527254416,0.00632605826762463,3.93943015715684,0.950038022661448,0,-2.94001450605999,0.00328196881342691,0.00979330929435571,-0.093204491280499,1,"12",26938470,26966650,"protein_coding","FGFR1 oncogene partner 2"
"1719","VWA8",-0.233809972018856,0.00633074420134872,5.83990495797494,0.828529537309115,0,-2.93856733704842,0.00329733021964818,0.00983356879112652,-0.116482176002139,1,"13",41566835,41961120,"protein_coding","von Willebrand factor A domain containing 8"
"1720","TIMM23B",-0.233709906208161,0.00632789059123801,6.22302244322471,0.796190679438563,0,-2.93797191763332,0.00330366947060079,0.00984689129642168,-0.158826694432893,1,"10",49942049,49974850,"protein_coding","translocase of inner mitochondrial membrane 23 homolog B"
"1721","COPS2",-0.233486362801589,0.00633220894524634,6.31275077051326,0.788338566448881,0,-2.93416073738507,0.00334450958180366,0.00995264343312785,-0.122118425047839,1,"15",49106068,49155661,"protein_coding","COP9 signalosome subunit 2"
"1722","DDI2",-0.23318063433646,0.0102066037186149,13.2904171798712,0.2078844990421,0.025608582553488,-2.30808528826698,0.0209943932757197,0.0458833503351021,-0.101340050436121,1,"1",15617458,15669044,"protein_coding","DNA damage inducible 1 homolog 2"
"1723","LPGAT1",-0.232367620625399,0.00635000510149247,8.42357434118588,0.587535971611569,0,-2.91600707841354,0.00354542457143769,0.0104417319405164,-0.113707281550545,1,"1",211743457,211830763,"protein_coding","lysophosphatidylglycerol acyltransferase 1"
"1724","SBNO1",-0.231734091797514,0.00634698903526857,7.09880074145791,0.716085802707354,0,-2.9087477217744,0.00362879556936546,0.0106410953002717,-0.0670704294911914,1,"12",123289109,123364847,"protein_coding","strawberry notch homolog 1"
"1725","ME2",-0.231426080906128,0.00634053916181262,7.53726191386266,0.673935140798074,0,-2.90635865127908,0.00365662063647409,0.0107092564297627,-0.134252011270209,1,"18",50879080,50954257,"protein_coding","malic enzyme 2"
"1726","EVL",-0.230920830662532,0.00635191200758791,9.57621371306724,0.478425786851665,0,-2.89741613620928,0.00376250317020088,0.0109674517457781,-0.111929725764063,1,"14",99971449,100144236,"protein_coding","Enah/Vasp-like"
"1727","TDRD3",-0.230881235193119,0.00750654746472139,10.8576848106504,0.36871271686092,0.00668589651625774,-2.66482393016747,0.00770286407159659,0.0198442830986154,-0.146029701248908,1,"13",60396457,60573878,"protein_coding","tudor domain containing 3"
"1728","STIM2",-0.230791408486699,0.00677643971005261,10.3098699196506,0.41374088009583,0.00240557716419921,-2.8036180555754,0.00505327284453871,0.0140098643627744,-0.0695924462058725,1,"4",26857601,27025381,"protein_coding","stromal interaction molecule 2"
"1729","MED21",-0.230535904914841,0.00921084815001279,12.3344925937526,0.263293680117349,0.0181820154930783,-2.40208716722784,0.0163018234026562,0.0371000934983111,-0.158176320443453,1,"12",27022546,27066343,"protein_coding","mediator complex subunit 21"
"1730","SPEF2",-0.229688632632639,0.00714635416826143,10.5963872783615,0.389814724492217,0.0046242136898411,-2.7170475223437,0.00658671494718455,0.0174289956899076,-0.154388373916025,1,"5",35617844,35814611,"protein_coding","sperm flagellar 2"
"1731","SACM1L",-0.228551699089079,0.00633792868657611,7.69848283724013,0.658261753609731,0,-2.87085184182237,0.00409367343828926,0.011742780131271,-0.0765981676728422,1,"3",45689056,45745412,"protein_coding","SAC1 like phosphatidylinositide phosphatase"
"1732","COG3",-0.228231533913157,0.00937719296938911,12.476515768259,0.254429538448681,0.0193149937827567,-2.35688950463646,0.0184287295056789,0.0411352078081353,-0.0852074143081113,1,"13",45464898,45536701,"protein_coding","component of oligomeric golgi complex 3"
"1733","ADAR",-0.228222745517798,0.00635411876541147,9.15851772932717,0.517128751684285,0,-2.86306535418172,0.00419564013330498,0.0119761590564017,-0.0568262839376666,1,"1",154581695,154628013,"protein_coding","adenosine deaminase RNA specific"
"1734","ANKS1B",-0.227517542517323,0.00633007584007098,6.69128901007911,0.754232224147839,0,-2.8596338647668,0.0042413037139386,0.0120901002765571,-0.0842269346237909,1,"12",98726457,99984936,"protein_coding","ankyrin repeat and sterile alpha motif domain containing 1B"
"1735","PDE2A",-0.227486496967212,0.0063483536485421,9.84740568447099,0.453981494209193,0,-2.85512460739212,0.0043019946537397,0.0122365780065815,-0.0670726810616673,1,"11",72576141,72674591,"protein_coding","phosphodiesterase 2A"
"1736","EPB41L1",-0.226646407022203,0.00839405825569419,11.6242186439519,0.310992927158989,0.0126212703837571,-2.47379011162264,0.0133688211915697,0.0314595680427945,-0.113231329798084,1,"20",36091504,36232799,"protein_coding","erythrocyte membrane protein band 4.1 like 1"
"1737","ZNF518A",-0.226599639894153,0.00633448770409916,6.90906292859368,0.734001182300031,0,-2.84710488585952,0.00441188236973344,0.0125001353432792,-0.172138941034715,1,"10",96129715,96205288,"protein_coding","zinc finger protein 518A"
"1738","TSPOAP1",-0.226319501356928,0.00635246334196847,9.9139354226644,0.448076256764029,0,-2.83955898022003,0.00451759428466114,0.0127584139260766,-0.109315709165495,1,"17",58301228,58328795,"protein_coding","TSPO associated protein 1"
"1739","AGFG1",-0.225429725395312,0.00634114519402288,7.96425836159481,0.632328253642754,0,-2.83091828338034,0.00464145776637115,0.0130504171327608,-0.0964735672303188,1,"2",227472152,227561217,"protein_coding","ArfGAP with FG repeats 1"
"1740","CCDC59",-0.224662859081872,0.00633206267923513,6.03537941365149,0.812282107297563,0,-2.82331073128336,0.00475304805431653,0.0133037290225914,-0.0787552898718172,1,"12",82223681,82358805,"protein_coding","coiled-coil domain containing 59"
"1741","CCDC88A",-0.224662195997811,0.00670651328160422,10.2475455518746,0.419050408015491,0.00192944731687272,-2.74335243943228,0.00608153742114936,0.0163271082481795,-0.148650945776494,1,"2",55287842,55419895,"protein_coding","coiled-coil domain containing 88A"
"1742","THAP12",-0.224503338355778,0.00840480089135728,11.6297065978482,0.310602849136153,0.0126660231353603,-2.4488325459383,0.0143320061645058,0.0333604834275033,-0.0584584023449874,1,"11",76349898,76381132,"protein_coding","THAP domain containing 12"
"1743","AGTPBP1",-0.224248896545056,0.00633301603103472,5.82106243783883,0.830066000384353,0,-2.81789639214004,0.00483394054742492,0.0134906631009179,-0.130427318052297,1,"9",85546539,85742029,"protein_coding","ATP/GTP binding carboxypeptidase 1"
"1744","HBS1L",-0.223679251522584,0.0063375455842997,7.05082189706216,0.720638503429865,0,-2.80973365037938,0.00495825145626405,0.0137973298029091,-0.0986045797798041,1,"6",134960378,135103056,"protein_coding","HBS1 like translational GTPase"
"1745","GPD2",-0.223543728500039,0.00633649491192036,9.3318097848078,0.500929643860563,0,-2.80826408017777,0.00498093630424967,0.0138531262182965,-0.106194707254346,1,"2",156435290,156613735,"protein_coding","glycerol-3-phosphate dehydrogenase 2"
"1746","TSEN15",-0.223256535681285,0.00633855141218401,9.40866830936709,0.493807550697016,0,-2.80420121273329,0.00504414151922905,0.0139900787720247,-0.0783183282599582,1,"1",184051651,184123978,"protein_coding","tRNA splicing endonuclease subunit 15"
"1747","PIAS1",-0.22272145355557,0.00632412033065572,4.23487292131096,0.936130006862657,0,-2.80067032586194,0.00509965875038132,0.014119860522177,-0.109831287788913,1,"15",68054309,68198603,"protein_coding","protein inhibitor of activated STAT 1"
"1748","ALDH7A1",-0.222123654966611,0.00635602053772432,9.53624778752297,0.482076392748164,0,-2.78613505840317,0.00533406423309257,0.0146665853978395,-0.110689575446665,1,"5",126531200,126595362,"protein_coding","aldehyde dehydrogenase 7 family member A1"
"1749","USO1",-0.221185959005794,0.00635584167488629,9.49306995173119,0.486033604950791,0,-2.77441241454286,0.0055301522804303,0.0151109615558771,-0.139351032338444,1,"4",75724577,75814286,"protein_coding","USO1 vesicle transport factor"
"1750","RLF",-0.220998170792776,0.00715523575263236,10.5914058381455,0.390223779013138,0.00460226182932661,-2.612622755992,0.00898504185746218,0.0224626046436555,-0.145616783091895,1,"1",40161387,40240921,"protein_coding","RLF zinc finger"
"1751","HSDL2",-0.219865784685199,0.00837392722779584,11.5669626974445,0.315082519539122,0.0122322652676175,-2.40266409771492,0.0162761302079339,0.0370576538875587,-0.116048354021301,1,"9",112380080,112472405,"protein_coding","hydroxysteroid dehydrogenase like 2"
"1752","TRMT1L",-0.219819711456808,0.00631757661536448,3.76190578140831,0.957449262113932,0,-2.76561278828984,0.0056815953535132,0.0154485353111809,-0.124288724994404,1,"1",185118101,185157072,"protein_coding","tRNA methyltransferase 1 like"
"1753","SPOCK1",-0.219349788129074,0.00633372946070754,8.13396240752366,0.615753456302893,0,-2.75617928798827,0.00584809317599366,0.015803221220512,-0.13392741835267,1,"5",136975298,137598379,"protein_coding","SPARC (osteonectin), cwcv and kazal like domains proteoglycan 1"
"1754","PDE8B",-0.219314903812565,0.00632616012418463,5.50039486099161,0.855348428558119,0,-2.75738910661184,0.00582649723836859,0.0157589316746096,-0.140588823149739,1,"5",77210449,77428256,"protein_coding","phosphodiesterase 8B"
"1755","GLCCI1",-0.219001044952131,0.00633831377780693,8.22317400321547,0.607047688274148,0,-2.75080192448022,0.00594495784085414,0.0160135594637781,-0.15050227836964,1,"7",7968796,8094272,"protein_coding","glucocorticoid induced 1"
"1756","PRPF18",-0.218087066512631,0.00886867884469444,12.033204963481,0.282840363873844,0.0158241831673718,-2.3157967849035,0.0205693668695377,0.0450905895952358,-0.0654943416972125,1,"10",13586939,13668445,"protein_coding","pre-mRNA processing factor 18"
"1757","DGKA",-0.217747786413506,0.00633377118917868,8.82768152046475,0.548531722363288,0,-2.73604076419777,0.00621833223597457,0.016630733283362,-0.12854212174329,1,"12",55927319,55954027,"protein_coding","diacylglycerol kinase alpha"
"1758","PRDM5",-0.217696129195513,0.00634144411612033,9.3389319023137,0.500268000201945,0,-2.7337363164958,0.00626201697130191,0.0167199031822579,-0.109143916856462,1,"4",120684919,120922870,"protein_coding","PR/SET domain 5"
"1759","ELP2",-0.217027358433668,0.00633920865185926,9.81400238852204,0.456960392451681,0,-2.72581866539496,0.00641422265479119,0.0170597659082609,-0.0797786237889186,1,"18",36129444,36180557,"protein_coding","elongator acetyltransferase complex subunit 2"
"1760","DPY19L3",-0.216336647951561,0.00751436586840741,10.8705455804736,0.367692316734854,0.00677829899077932,-2.49565143539043,0.012572607723619,0.029842922665269,-0.13999139958026,1,"19",32405543,32485895,"protein_coding","dpy-19 like C-mannosyltransferase 3"
"1761","KLHDC2",-0.215956856434292,0.00633732731522664,7.67998799142971,0.660062802298514,0,-2.71277595779566,0.00667222005001578,0.017613991198536,-0.0682317053888298,1,"14",49768130,49786385,"protein_coding","kelch domain containing 2"
"1762","MAP4K3",-0.215937606259027,0.00632466934616916,4.33580396364513,0.93092945893823,0,-2.71524717178167,0.00662263220807779,0.0175116478142462,-0.135844730193314,1,"2",39249266,39437301,"protein_coding","mitogen-activated protein kinase kinase kinase kinase 3"
"1763","GNAI1",-0.215279949095829,0.00755635675349968,10.9042770922578,0.36502422077381,0.0070414413327885,-2.47655145196315,0.013265850278805,0.0312557099514062,-0.158432565017341,1,"7",79768028,80226181,"protein_coding","G protein subunit alpha i1"
"1764","GNAQ",-0.214170143866719,0.00671438602508755,10.2744453306977,0.416754268462438,0.00212242656686291,-2.61370022538557,0.00895675851975586,0.0224052073779174,-0.100503250701033,1,"9",77716097,78031811,"protein_coding","G protein subunit alpha q"
"1765","UQCRB",-0.21376967348071,0.00641837154222037,10.0545399958053,0.435721409493523,0.00042264569715521,-2.66829392274773,0.00762375312982333,0.0196909189675986,-0.0816811611703059,1,"8",96222947,96235546,"protein_coding","ubiquinol-cytochrome c reductase binding protein"
"1766","ACTR3",-0.213031904654731,0.00632650664727334,5.24733704370767,0.874055008166597,0,-2.67832124314047,0.00739922154937522,0.0192007426490941,-0.0706819478332551,1,"2",113890063,113962596,"protein_coding","actin related protein 3"
"1767","ATP5ME",-0.212977758243801,0.00635810350667956,9.88471584177216,0.450665205594988,0,-2.6709788836711,0.00756304044340173,0.019575147118855,-0.171546828439433,1,"4",672436,674330,"protein_coding","ATP synthase membrane subunit e"
"1768","TMEM161B",-0.212634033079631,0.00719130487242517,10.6159186747961,0.38821329941443,0.00479443128969502,-2.50743062666805,0.0121612451167674,0.0290104985551912,-0.107929122906593,1,"5",88185575,88269476,"protein_coding","transmembrane protein 161B"
"1769","OSBPL8",-0.211851159446393,0.0063359892778893,7.35481985990087,0.691576642239216,0,-2.66148258257767,0.00777973658061715,0.0200080256272075,-0.106543769609598,1,"12",76351797,76559809,"protein_coding","oxysterol binding protein like 8"
"1770","TADA2A",-0.211734970863582,0.00791208897297661,11.2036706581513,0.341871987274953,0.00936062281563384,-2.38038394447963,0.0172946078223339,0.0390092783642695,-0.0992458418123415,1,"17",37406886,37479725,"protein_coding","transcriptional adaptor 2A"
"1771","MBD4",-0.211600018865838,0.00634868378962033,9.38930590024397,0.49559798339364,0,-2.65566844815139,0.00791513917358388,0.0202695384873667,-0.10879704759498,1,"3",129430947,129440179,"protein_coding","methyl-CpG binding domain 4, DNA glycosylase"
"1772","AZI2",-0.211165084181767,0.00633395520987345,8.07274114439569,0.621731722189165,0,-2.65328936271466,0.00797115041253282,0.0203757750795396,-0.0917370842969526,1,"3",28315003,28349050,"protein_coding","5-azacytidine induced 2"
"1773","ELMO1",-0.211038301956942,0.00633883686743618,7.53638696380177,0.67402001486413,0,-2.65067508672298,0.00803310786977396,0.0204918270586862,-0.117894835334946,1,"7",36852906,37449223,"protein_coding","engulfment and cell motility 1"
"1774","SLC12A6",-0.210244726528094,0.00725035252353309,10.6664337032431,0.384089334631701,0.00518419649162442,-2.46913906037309,0.0135438574598594,0.0318145317578924,-0.084432069731474,1,"15",34229784,34338060,"protein_coding","solute carrier family 12 member 6"
"1775","PLEKHA1",-0.207404909113848,0.00741091324245158,10.7970090774027,0.373550121013712,0.00619417981947139,-2.40925720826371,0.0159850279767799,0.0365173711869109,-0.100312920932731,1,"10",122374696,122432354,"protein_coding","pleckstrin homology domain containing A1"
"1776","TCEAL3",-0.207387358921761,0.00771320269810491,11.0479022749315,0.35379817426716,0.00813575516673991,-2.36137471518499,0.0182073228599553,0.0407404097600191,-0.0746949848056152,1,"X",103607451,103629690,"protein_coding","transcription elongation factor A like 3"
"1777","RTRAF",-0.206085485068416,0.00634096424813361,9.65072724934792,0.471651672693476,0,-2.58803265919656,0.00965258283698245,0.0238621011502891,-0.0521425452631889,1,"14",51989514,52010694,"protein_coding","RNA transcription, translation and transport factor"
"1778","CAMK2B",-0.20594327632412,0.00692121868869195,10.4303924124633,0.403578576422105,0.00333044134185315,-2.47546238582608,0.0133063777328741,0.0313371600066792,-0.086006541402606,1,"7",44210019,44334577,"protein_coding","calcium/calmodulin dependent protein kinase II beta"
"1779","SCYL2",-0.205902629180154,0.00632539725021012,5.47938321209492,0.85694518354316,0,-2.58891617834345,0.00962785271812816,0.0238121571869539,-0.158081079404602,1,"12",100267140,100341715,"protein_coding","SCY1 like pseudokinase 2"
"1780","TOGARAM1",-0.205473495702704,0.00632778919944439,5.78400511349398,0.833071919470023,0,-2.58303212897706,0.00979362021107022,0.0241709993244478,-0.152555573374076,1,"14",44962190,45074431,"protein_coding","TOG array regulator of axonemal microtubules 1"
"1781","NEK3",-0.205148575637821,0.00795814085800359,11.2364044010296,0.339399060394804,0.00962501725092105,-2.29965504288601,0.0214677710242004,0.046714438137261,-0.260857018124764,1,"13",52132639,52159597,"protein_coding","NIMA related kinase 3"
"1782","CRNKL1",-0.204519156940906,0.00632694592140206,7.29593764381245,0.697242333901609,0,-2.57120635382469,0.010134492023983,0.0248867544566529,-0.105470787134336,1,"20",20034368,20056046,"protein_coding","crooked neck pre-mRNA splicing factor 1"
"1783","PLS3",-0.203066004957102,0.00763225154620501,10.9662999218222,0.360149580921145,0.00752364278366289,-2.32440010819895,0.0201040597774684,0.0442226260029206,-0.111464715544065,1,"X",115561174,115650861,"protein_coding","plastin 3"
"1784","SEC11C",-0.202871740701391,0.00634013593818961,8.955187342529,0.536361696097336,0,-2.54784069934924,0.0108391954505225,0.0263832337203833,-0.101839863892935,1,"18",59139475,59158832,"protein_coding","SEC11 homolog C, signal peptidase complex subunit"
"1785","SNAPC3",-0.202668523423927,0.00632665083724415,6.16444435340292,0.801263234195261,0,-2.54799968516699,0.0108342568845416,0.0263788078785051,-0.100189570280017,1,"9",15422734,15465953,"protein_coding","small nuclear RNA activating complex polypeptide 3"
"1786","DECR1",-0.202356057987043,0.00632765635357156,6.9417797595563,0.730929635206292,0,-2.54386914615678,0.0109632146186691,0.0266204311109981,-0.123563509179072,1,"8",90001405,90053633,"protein_coding","2,4-dienoyl-CoA reductase 1"
"1787","GABRB1",-0.202142205039586,0.0063241382940968,8.6954672324084,0.561228052049501,0,-2.5418874660754,0.0110255665590087,0.0267286462036574,-0.194257083967031,1,"4",46993723,47426447,"protein_coding","gamma-aminobutyric acid type A receptor subunit beta1"
"1788","ATIC",-0.201934598027344,0.00632935221113482,6.57424324869348,0.764934260883947,0,-2.53823075719532,0.0111414494763735,0.0269784896976521,-0.111193627664322,1,"2",215311956,215349773,"protein_coding","5-aminoimidazole-4-carboxamide ribonucleotide formyltransferase/IMP cyclohydrolase"
"1789","UBE2Z",-0.201888390322675,0.00634245153427131,9.03986563616434,0.528324411466881,0,-2.53502803597602,0.0112438326859983,0.0271763629768413,-0.0328073244497037,1,"17",48908407,48929056,"protein_coding","ubiquitin conjugating enzyme E2 Z"
"1790","KCNH7",-0.201757715544438,0.00780569689769021,11.150658162601,0.345901500370362,0.00889783878569571,-2.2836224835536,0.0223937272514714,0.048389033724038,-0.147856529671024,1,"2",162371407,162838767,"protein_coding","potassium voltage-gated channel subfamily H member 7"
"1791","ERO1A",-0.198811820498003,0.0063466178490417,9.64023223500179,0.47260321426041,0,-2.49557730648522,0.012575235054993,0.0298438455037537,-0.10699812987686,1,"14",52639915,52695900,"protein_coding","endoplasmic reticulum oxidoreductase 1 alpha"
"1792","NSUN2",-0.197840299002729,0.00635103385546278,9.50232294981965,0.485184432776378,0,-2.4825187984345,0.0130457184260528,0.0308095090003538,-0.123090610917662,1,"5",6599239,6633291,"protein_coding","NOP2/Sun RNA methyltransferase 2"
"1793","PPP1R12A",-0.196820900910543,0.00632757639765971,6.22212018164225,0.796269137320974,0,-2.47430092026796,0.0133497199536667,0.0314251631041786,-0.108073919088185,1,"12",79773563,79935460,"protein_coding","protein phosphatase 1 regulatory subunit 12A"
"1794","CUL3",-0.196197478101997,0.0063316699618828,6.26136437042689,0.792847310360477,0,-2.46566622458909,0.0136758704162423,0.032056630298322,-0.10515390812944,1,"2",224470150,224585397,"protein_coding","cullin 3"
"1795","HECTD1",-0.19558187967671,0.00633821643088366,8.78480709908542,0.552640821982473,0,-2.45666016187619,0.0140235275934049,0.0327438708872754,-0.0986164141762872,1,"14",31100117,31207804,"protein_coding","HECT domain E3 ubiquitin protein ligase 1"
"1796","RBM26",-0.195481032063514,0.00631738079906451,4.42776828535053,0.925993582351571,0,-2.45943922506856,0.0139154255863838,0.0325239451607993,-0.11452584480201,1,"13",79311824,79406477,"protein_coding","RNA binding motif protein 26"
"1797","ANKRD36B",-0.1950367061744,0.00631913831440632,5.89277531444995,0.824189872384756,0,-2.45350768805261,0.014147051529801,0.0329956727842826,-0.19140935503166,1,"2",97492663,97589877,"protein_coding","ankyrin repeat domain 36B"
"1798","MAST3",-0.193265903340043,0.00634697253029059,9.97403738229587,0.44277403035471,0,-2.4258946217729,0.0152707036249016,0.0351642338040855,-0.0915391502246792,1,"19",18097778,18151692,"protein_coding","microtubule associated serine/threonine kinase 3"
"1799","UBR1",-0.193123500864761,0.00632509807086135,5.57983416181417,0.849242955424213,0,-2.42829526891231,0.0151699872390132,0.0349705852425592,-0.113872050346458,1,"15",42942897,43106113,"protein_coding","ubiquitin protein ligase E3 component n-recognin 1"
"1800","ZNF195",-0.192667502927492,0.00633233222433445,7.92662312050929,0.636004234958942,0,-2.42117746319146,0.0154703228331743,0.0355395192176561,-0.0938149641939274,1,"11",3339261,3379222,"protein_coding","zinc finger protein 195"
"1801","NAA25",-0.19170721651086,0.00633980839057801,9.34125122857712,0.500052607966508,0,-2.4076890374186,0.0160538485617168,0.0366507132962805,-0.135471204308798,1,"12",112026689,112108796,"protein_coding","N-alpha-acetyltransferase 25, NatB auxiliary subunit"
"1802","MEF2D",-0.191318566717101,0.00632605975319482,6.68069587228565,0.755206051464855,0,-2.40541754169717,0.0161539970644078,0.0368194234898862,-0.053115423425924,1,"1",156463727,156500779,"protein_coding","myocyte enhancer factor 2D"
"1803","ZC3H8",-0.191146703801822,0.00631450402669662,4.63786257053716,0.914020715710394,0,-2.40545474673673,0.016152352309551,0.0368194234898862,-0.1218646910418,1,"2",112211529,112255136,"protein_coding","zinc finger CCCH-type containing 8"
"1804","CSGALNACT1",-0.190052241207752,0.00633279501753224,8.90834927791051,0.540823153896713,0,-2.3882252187069,0.0169299632481614,0.0383215974696135,-0.142803963693738,1,"8",19404161,19758029,"protein_coding","chondroitin sulfate N-acetylgalactosaminyltransferase 1"
"1805","MBIP",-0.189141694905511,0.00678482762739395,10.3161353333655,0.413209152790604,0.00245678930117471,-2.2962431149792,0.0216619846113335,0.0470786237188779,-0.140789139106883,1,"14",36298564,36320637,"protein_coding","MAP3K12 binding inhibitory protein 1"
"1806","CBR4",-0.189052019237581,0.00631749722703482,4.9351512821495,0.895467626243726,0,-2.37853085932684,0.0173817819625588,0.0391849022278193,-0.0806832899735395,1,"4",168863770,169010275,"protein_coding","carbonyl reductase 4"
"1807","COQ9",-0.187569571862749,0.00630396243308193,3.04123659833929,0.980436890266289,0,-2.36241166774567,0.0181564677509749,0.04064823169616,-0.0730101007813993,1,"16",57447425,57461270,"protein_coding","coenzyme Q9"
"1808","LMBRD1",-0.187263905842866,0.00632261971965603,8.04500779314,0.624440513095374,0,-2.35507936190712,0.0185187501405923,0.0413028526151084,-0.117281574582089,1,"6",69672757,69867236,"protein_coding","LMBR1 domain containing 1"
"1809","MBNL2",-0.18675850491271,0.00633924681618771,9.46988365028096,0.488164182292113,0,-2.34564107447603,0.0189943889148878,0.0421607704155754,-0.130381103521517,1,"13",97221434,97394120,"protein_coding","muscleblind like splicing regulator 2"
"1810","CLOCK",-0.186572166394723,0.00632189819770321,7.00531468151867,0.724943119673443,0,-2.34651376055383,0.0189499664606883,0.0420932532023734,-0.0854033150340393,1,"4",55427903,55546909,"protein_coding","clock circadian regulator"
"1811","WDR12",-0.18611369083401,0.00633534298495297,7.86276944707458,0.64223943119924,0,-2.33826245217684,0.0193736375464362,0.042907508839686,-0.0998934459657895,1,"2",202874261,203014798,"protein_coding","WD repeat domain 12"
"1812","DDX6",-0.186074348804837,0.00633112100076456,6.97301837483628,0.727989706212319,0,-2.33854752821436,0.019358863150823,0.0428793010520388,-0.0631116049874159,1,"11",118747763,118791164,"protein_coding","DEAD-box helicase 6"
"1813","EIF3F",-0.186034262715207,0.00633519378210212,7.4099090487308,0.686262623555636,0,-2.33729206994401,0.0194240026028614,0.0430054735098604,-0.0545071292677133,1,"11",7970251,8001862,"protein_coding","eukaryotic translation initiation factor 3 subunit F"
"1814","PLEKHM3",-0.185847494751347,0.00632877934948774,9.76937846989592,0.460954294599784,0,-2.33612853342637,0.0194845435985487,0.0431168276518158,-0.071459072395161,1,"2",207821288,208025527,"protein_coding","pleckstrin homology domain containing M3"
"1815","CEP170",-0.185395898055534,0.00632911869120026,6.04098628807536,0.811808072899629,0,-2.3303894254035,0.0197855781642544,0.0436589999555231,-0.0962143506206575,1,"HSCHR1_3_CTG32_1",136536,267429,"protein_coding","centrosomal protein 170"
"1816","SUCO",-0.185067242417204,0.0063227137094108,5.17644341892671,0.879083902777693,0,-2.32743625461263,0.0199420580479754,0.0439443759247385,-0.0995848360300216,1,"1",172532349,172611833,"protein_coding","SUN domain containing ossification factor"
"1817","GTF2A2",-0.184973797354636,0.00632903802508279,9.83604568353378,0.454993536162636,0,-2.32509852087604,0.0200666927310158,0.0441681363176663,-0.0322691075178099,1,"15",59638062,59657541,"protein_coding","general transcription factor IIA subunit 2"
"1818","RSBN1",-0.184722090672109,0.00631337499257532,6.0785010632456,0.808625345793083,0,-2.32481309070013,0.0200819567192563,0.0441956746861608,-0.0883382315796164,1,"1",113761832,113812476,"protein_coding","round spermatid basic protein 1"
"1819","STK25",-0.182826472948024,0.00633227991854261,7.84149899656339,0.644315761848965,0,-2.29751856153149,0.0215892054420563,0.0469349950920506,-0.0476300914399947,1,"2",241492670,241509730,"protein_coding","serine/threonine kinase 25"
"1820","CPT1C",-0.182494261403419,0.00634215216886534,9.85992680427311,0.452867259165485,0,-2.2915581564333,0.0219311523712966,0.0475898768453054,-0.0369394099705012,1,"19",49690898,49713731,"protein_coding","carnitine palmitoyltransferase 1C"
"1821","EFCAB7",-0.182315922514364,0.00631848305893558,6.9996592240598,0.725477124260054,0,-2.29360267582972,0.0218133315586682,0.0473586313068185,-0.115215157999235,1,"1",63523372,63572693,"protein_coding","EF-hand calcium binding domain 7"
"1822","LARS1",-0.182275374965004,0.00633646628861283,9.24535649646832,0.508987553012208,0,-2.28983630086046,0.0220308079556824,0.0477617928271568,-0.0934428317311408,1,"5",146110566,146182696,"protein_coding","leucyl-tRNA synthetase 1"
"1823","RALGAPB",-0.181775362000803,0.0063268683071021,7.52438645083308,0.675183885815001,0,-2.28528632481632,0.0222960442659728,0.0482225299502536,-0.0721522734708445,1,"20",38472816,38578859,"protein_coding","Ral GTPase activating protein non-catalytic subunit beta"
"1824","RABGGTB",-0.180550255400884,0.00632304819097743,6.62273826619193,0.760515842277359,0,-2.27056982111661,0.0231730321162356,0.0498018994612458,-0.0581775732303106,1,"1",75786197,75795086,"protein_coding","Rab geranylgeranyltransferase subunit beta"
