queryItem	queryIndex	stringId	ncbiTaxonId	taxonName	preferredName	annotation
FOXN3	0	9606.ENSP00000343288	9606	Homo sapiens	FOXN3	Forkhead box protein N3; Acts as a transcriptional repressor. May be involved in DNA damage-inducible cell cycle arrests (checkpoints).
CREBBP	1	9606.ENSP00000262367	9606	Homo sapiens	CREBBP	CREB-binding protein; Acetylates histones, giving a specific tag for transcriptional activation. Also acetylates non- histone proteins, like DDX21, FBL, IRF2, MAFG, NCOA3, POLR1E/PAF53 and FOXO1. Binds specifically to phosphorylated CREB and enhances its transcriptional activity toward cAMP-responsive genes. Acts as a coactivator of ALX1. Acts as a circadian transcriptional coactivator which enhances the activity of the circadian transcriptional activators: NPAS2-ARNTL/BMAL1 and CLOCK-ARNTL/BMAL1 heterodimers. Acetylates PCNA; acetylation promotes removal of chromatin-bound PCNA and it [...] 
IKBKB	2	9606.ENSP00000430684	9606	Homo sapiens	IKBKB	Inhibitor of nuclear factor kappa-B kinase subunit beta; Serine kinase that plays an essential role in the NF-kappa-B signaling pathway which is activated by multiple stimuli such as inflammatory cytokines, bacterial or viral products, DNA damages or other cellular stresses. Acts as part of the canonical IKK complex in the conventional pathway of NF-kappa-B activation. Phosphorylates inhibitors of NF-kappa-B on 2 critical serine residues. These modifications allow polyubiquitination of the inhibitors and subsequent degradation by the proteasome. In turn, free NF-kappa-B is translocated [...] 
SAMD4A	3	9606.ENSP00000452535	9606	Homo sapiens	SAMD4A	Protein Smaug homolog 1; Acts as a translational repressor of SRE-containing messengers; Belongs to the SMAUG family.
NFKBIA	4	9606.ENSP00000216797	9606	Homo sapiens	NFKBIA	NF-kappa-B inhibitor alpha; Inhibits the activity of dimeric NF-kappa-B/REL complexes by trapping REL dimers in the cytoplasm through masking of their nuclear localization signals. On cellular stimulation by immune and proinflammatory responses, becomes phosphorylated promoting ubiquitination and degradation, enabling the dimeric RELA to translocate to the nucleus and activate transcription.
ITGB5	5	9606.ENSP00000296181	9606	Homo sapiens	ITGB5	Integrin beta-5; Integrin alpha-V/beta-5 (ITGAV:ITGB5) is a receptor for fibronectin. It recognizes the sequence R-G-D in its ligand.
ZNF592	6	9606.ENSP00000452877	9606	Homo sapiens	ZNF592	Zinc finger protein 592; May be involved in transcriptional regulation; Belongs to the krueppel C2H2-type zinc-finger protein family.
CTDSP2	7	9606.ENSP00000381148	9606	Homo sapiens	CTDSP2	Carboxy-terminal domain RNA polymerase II polypeptide A small phosphatase 2; Preferentially catalyzes the dephosphorylation of 'Ser-5' within the tandem 7 residue repeats in the C-terminal domain (CTD) of the largest RNA polymerase II subunit POLR2A. Negatively regulates RNA polymerase II transcription, possibly by controlling the transition from initiation/capping to processive transcript elongation. Recruited by REST to neuronal genes that contain RE-1 elements, leading to neuronal gene silencing in non-neuronal cells. May contribute to the development of sarcomas.
IFT140	8	9606.ENSP00000406012	9606	Homo sapiens	IFT140	Intraflagellar transport protein 140 homolog; Component of the IFT complex A (IFT-A), a complex required for retrograde ciliary transport and entry into cilia of G protein- coupled receptors (GPCRs). Plays a pivotal role in proper development and function of ciliated cells through its role in ciliogenesis and/or cilium maintenance. Required for the development and maintenance of the outer segments of rod and cone photoreceptor cells. Plays a role in maintenance and the delivery of opsin to the outer segment of photoreceptor cells (By similarity).
ITPKB	9	9606.ENSP00000411152	9606	Homo sapiens	ITPKB	Inositol-trisphosphate 3-kinase B.
SMG5	10	9606.ENSP00000355261	9606	Homo sapiens	SMG5	Protein SMG5; Plays a role in nonsense-mediated mRNA decay. Does not have RNase activity by itself. Promotes dephosphorylation of UPF1. Together with SMG7 is thought to provide a link to the mRNA degradation machinery involving exonucleolytic pathways, and to serve as an adapter for UPF1 to protein phosphatase 2A (PP2A), thereby triggering UPF1 dephosphorylation. Necessary for TERT activity.
ZHX3	11	9606.ENSP00000312222	9606	Homo sapiens	ZHX3	Zinc fingers and homeoboxes protein 3; Acts as a transcriptional repressor. Involved in the early stages of mesenchymal stem cell (MSC) osteogenic differentiation. Is a regulator of podocyte gene expression during primary glomerula disease. Binds to promoter DNA.
GFAP	12	9606.ENSP00000253408	9606	Homo sapiens	GFAP	Glial fibrillary acidic protein; GFAP, a class-III intermediate filament, is a cell-specific marker that, during the development of the central nervous system, distinguishes astrocytes from other glial cells.
ABCD4	13	9606.ENSP00000349396	9606	Homo sapiens	ABCD4	ATP-binding cassette sub-family D member 4; May be involved in intracellular processing of vitamin B12 (cobalamin). Could play a role in the lysosomal release of vitamin B12 into the cytoplasm.
GNA12	14	9606.ENSP00000275364	9606	Homo sapiens	GNA12	Guanine nucleotide-binding protein subunit alpha-12; Guanine nucleotide-binding proteins (G proteins) are involved as modulators or transducers in various transmembrane signaling systems. Activates effector molecule RhoA by binding and activating RhoGEFs (ARHGEF12/LARG). GNA12-dependent Rho signaling subsequently regulates transcription factor AP-1 (activating protein-1) (By similarity). GNA12-dependent Rho signaling also regulates protein phosphatese 2A activation causing dephosphorylation of its target proteins. Promotes tumor cell invasion and metastasis by activating RhoA/ROCK sign [...] 
MED13L	15	9606.ENSP00000281928	9606	Homo sapiens	MED13L	Mediator of RNA polymerase II transcription subunit 13-like; Component of the Mediator complex, a coactivator involved in the regulated transcription of nearly all RNA polymerase II-dependent genes. Mediator functions as a bridge to convey information from gene- specific regulatory proteins to the basal RNA polymerase II transcription machinery. Mediator is recruited to promoters by direct interactions with regulatory proteins and serves as a scaffold for the assembly of a functional preinitiation complex with RNA polymerase II and the general transcription factors. This subunit may sp [...] 
STAG1	16	9606.ENSP00000372689	9606	Homo sapiens	STAG1	Cohesin subunit SA-1; Component of cohesin complex, a complex required for the cohesion of sister chromatids after DNA replication. The cohesin complex apparently forms a large proteinaceous ring within which sister chromatids can be trapped. At anaphase, the complex is cleaved and dissociates from chromatin, allowing sister chromatids to segregate. The cohesin complex may also play a role in spindle pole assembly during mitosis.
BCL6	17	9606.ENSP00000384371	9606	Homo sapiens	BCL6	B-cell lymphoma 6 protein; Transcriptional repressor mainly required for germinal center (GC) formation and antibody affinity maturation which has different mechanisms of action specific to the lineage and biological functions. Forms complexes with different corepressors and histone deacetylases to repress the transcriptional expression of different subsets of target genes. Represses its target genes by binding directly to the DNA sequence 5'-TTCCTAGAA-3' (BCL6-binding site) or indirectly by repressing the transcriptional activity of transcription factors. In GC B-cells, represses gene [...] 
TCF3	18	9606.ENSP00000262965	9606	Homo sapiens	TCF3	Transcription factor E2-alpha; Transcriptional regulator. Involved in the initiation of neuronal differentiation. Heterodimers between TCF3 and tissue-specific basic helix-loop-helix (bHLH) proteins play major roles in determining tissue-specific cell fate during embryogenesis, like muscle or early B- cell differentiation. Dimers bind DNA on E-box motifs: 5'-CANNTG-3'. Binds to the kappa-E2 site in the kappa immunoglobulin gene enhancer. Binds to IEB1 and IEB2, which are short DNA sequences in the insulin gene transcription control region.
MAP3K3	19	9606.ENSP00000354927	9606	Homo sapiens	MAP3K3	Mitogen-activated protein kinase kinase kinase 3; Component of a protein kinase signal transduction cascade. Mediates activation of the NF-kappa-B, AP1 and DDIT3 transcriptional regulators.
INPPL1	20	9606.ENSP00000298229	9606	Homo sapiens	INPPL1	Phosphatidylinositol 3,4,5-trisphosphate 5-phosphatase 2; Phosphatidylinositol (PtdIns) phosphatase that specifically hydrolyzes the 5-phosphate of phosphatidylinositol-3,4,5-trisphosphate (PtdIns(3,4,5)P3) to produce PtdIns(3,4)P2, thereby negatively regulating the PI3K (phosphoinositide 3-kinase) pathways. Plays a central role in regulation of PI3K-dependent insulin signaling, although the precise molecular mechanisms and signaling pathways remain unclear. While overexpression reduces both insulin-stimulated MAP kinase and Akt activation, its absence does not affect insulin signaling [...] 
RBM6	21	9606.ENSP00000266022	9606	Homo sapiens	RBM6	RNA-binding protein 6; Specifically binds poly(G) RNA homopolymers in vitro.
MAX	22	9606.ENSP00000351490	9606	Homo sapiens	MAX	Protein max; Transcription regulator. Forms a sequence-specific DNA- binding protein complex with MYC or MAD which recognizes the core sequence 5'-CAC[GA]TG-3'. The MYC:MAX complex is a transcriptional activator, whereas the MAD:MAX complex is a repressor. May repress transcription via the recruitment of a chromatin remodeling complex containing H3 'Lys-9' histone methyltransferase activity. Represses MYC transcriptional activity from E-box elements.
SGPL1	23	9606.ENSP00000362298	9606	Homo sapiens	SGPL1	Sphingosine-1-phosphate lyase 1; Cleaves phosphorylated sphingoid bases (PSBs), such as sphingosine-1-phosphate, into fatty aldehydes and phosphoethanolamine. Elevates stress-induced ceramide production and apoptosis. Required for global lipid homeostasis in liver and cholesterol homeostasis in fibroblasts. Involved in the regulation of pro- inflammatory response and neutrophil trafficking. Modulates neuronal autophagy via phosphoethanolamine production which regulates accumulation of aggregate-prone proteins such as APP (By similarity). Seems to play a role in establishing neuronal co [...] 
COBL	24	9606.ENSP00000378912	9606	Homo sapiens	COBL	Protein cordon-bleu; Plays an important role in the reorganization of the actin cytoskeleton. Regulates neuron morphogenesis and increases branching of axons and dendrites. Regulates dendrite branching in Purkinje cells (By similarity). Binds to and sequesters actin monomers (G actin). Nucleates actin polymerization by assembling three actin monomers in cross-filament orientation and thereby promotes growth of actin filaments at the barbed end. Can also mediate actin depolymerization at barbed ends and severing of actin filaments. Promotes formation of cell ruffles.
NXF1	25	9606.ENSP00000436679	9606	Homo sapiens	NXF1	Nuclear RNA export factor 1; Involved in the nuclear export of mRNA species bearing retroviral constitutive transport elements (CTE) and in the export of mRNA from the nucleus to the cytoplasm (TAP/NFX1 pathway). The NXF1-NXT1 heterodimer is involved in the export of HSP70 mRNA in conjunction with ALYREF/THOC4 and THOC5 components of the TREX complex. ALYREF/THOC4-bound mRNA is thought to be transferred to the NXF1-NXT1 heterodimer for export. Also involved in nuclear export of m6A-containing mRNAs: interaction between SRSF3 and YTHDC1 facilitates m6A-containing mRNA-binding to both SR [...] 
SPEN	26	9606.ENSP00000364912	9606	Homo sapiens	SPEN	Msx2-interacting protein; May serve as a nuclear matrix platform that organizes and integrates transcriptional responses. In osteoblasts, supports transcription activation: synergizes with RUNX2 to enhance FGFR2- mediated activation of the osteocalcin FGF-responsive element (OCFRE) (By similarity). Has also been shown to be an essential corepressor protein, which probably regulates different key pathways such as the Notch pathway. Negative regulator of the Notch pathway via its interaction with RBPSUH, which prevents the association between NOTCH1 and RBPSUH, and therefore suppresses t [...] 
AFF1	27	9606.ENSP00000378578	9606	Homo sapiens	AFF1	AF4/FMR2 family member 1.
TNS1	28	9606.ENSP00000171887	9606	Homo sapiens	TNS1	Tensin-1; Involved in fibrillar adhesion formation. May be involved in cell migration, cartilage development and in linking signal transduction pathways to the cytoskeleton.
BCAT2	29	9606.ENSP00000322991	9606	Homo sapiens	BCAT2	Branched-chain-amino-acid aminotransferase, mitochondrial; Catalyzes the first reaction in the catabolism of the essential branched chain amino acids leucine, isoleucine, and valine. May also function as a transporter of branched chain alpha-keto acids.
INPP5D	30	9606.ENSP00000405338	9606	Homo sapiens	INPP5D	Phosphatidylinositol 3,4,5-trisphosphate 5-phosphatase 1; Phosphatidylinositol (PtdIns) phosphatase that specifically hydrolyzes the 5-phosphate of phosphatidylinositol-3,4,5-trisphosphate (PtdIns(3,4,5)P3) to produce PtdIns(3,4)P2, thereby negatively regulating the PI3K (phosphoinositide 3-kinase) pathways. Able also to hydrolyzes the 5-phosphate of phosphatidylinositol-4,5-bisphosphate (PtdIns(4,5)P3) and inositol 1,3,4,5-tetrakisphosphate. Acts as a negative regulator of B- cell antigen receptor signaling. Mediates signaling from the FC-gamma- RIIB receptor (FCGR2B), playing a centr [...] 
CALD1	31	9606.ENSP00000354826	9606	Homo sapiens	CALD1	Caldesmon; Actin- and myosin-binding protein implicated in the regulation of actomyosin interactions in smooth muscle and nonmuscle cells (could act as a bridge between myosin and actin filaments). Stimulates actin binding of tropomyosin which increases the stabilization of actin filament structure. In muscle tissues, inhibits the actomyosin ATPase by binding to F-actin. This inhibition is attenuated by calcium-calmodulin and is potentiated by tropomyosin. Interacts with actin, myosin, two molecules of tropomyosin and with calmodulin. Also plays an essential role during cellular mitosi [...] 
PDGFRB	32	9606.ENSP00000261799	9606	Homo sapiens	PDGFRB	Platelet-derived growth factor receptor beta; Tyrosine-protein kinase that acts as cell-surface receptor for homodimeric PDGFB and PDGFD and for heterodimers formed by PDGFA and PDGFB, and plays an essential role in the regulation of embryonic development, cell proliferation, survival, differentiation, chemotaxis and migration. Plays an essential role in blood vessel development by promoting proliferation, migration and recruitment of pericytes and smooth muscle cells to endothelial cells. Plays a role in the migration of vascular smooth muscle cells and the formation of neointima at v [...] 
SLC6A9	33	9606.ENSP00000353791	9606	Homo sapiens	SLC6A9	Sodium- and chloride-dependent glycine transporter 1; Terminates the action of glycine by its high affinity sodium- dependent reuptake into presynaptic terminals. May play a role in regulation of glycine levels in NMDA receptor-mediated neurotransmission.
MTMR3	34	9606.ENSP00000384651	9606	Homo sapiens	MTMR3	Myotubularin-related protein 3; Phosphatase that acts on lipids with a phosphoinositol headgroup. Has phosphatase activity towards phosphatidylinositol 3- phosphate and phosphatidylinositol 3,5-bisphosphate. May also dephosphorylate proteins phosphorylated on Ser, Thr, and Tyr residues.
BMP1	35	9606.ENSP00000305714	9606	Homo sapiens	BMP1	Bone morphogenetic protein 1; Cleaves the C-terminal propeptides of procollagen I, II and III. Induces cartilage and bone formation. May participate in dorsoventral patterning during early development by cleaving chordin (CHRD). Responsible for the proteolytic activation of lysyl oxidase LOX.
RASSF8	36	9606.ENSP00000384491	9606	Homo sapiens	RASSF8	Ras association domain family member 8.
RAB29	37	9606.ENSP00000356107	9606	Homo sapiens	RAB29	Ras-related protein Rab-7L1; The small GTPases Rab are key regulators in vesicle trafficking. Essential for maintaining the integrity of the endosome-trans-Golgi network structure (By similarity). Together with LRRK2, plays a role in the retrograde trafficking pathway for recycling proteins, such as mannose 6 phosphate receptor (M6PR), between lysosomes and the Golgi apparatus in a retromer-dependent manner. Recruits LRRK2 to the Golgi complex and stimulates LRRK2 kinase activity. Regulates neuronal process morphology in the intact central nervous system (CNS) (By similarity). May play [...] 
RAPGEF3	38	9606.ENSP00000395708	9606	Homo sapiens	RAPGEF3	Rap guanine nucleotide exchange factor 3; Guanine nucleotide exchange factor (GEF) for RAP1A and RAP2A small GTPases that is activated by binding cAMP. Through simultaneous binding of PDE3B to RAPGEF3 and PIK3R6 is assembled in a signaling complex in which it activates the PI3K gamma complex and which is involved in angiogenesis. Plays a role in the modulation of the cAMP- induced dynamic control of endothelial barrier function through a pathway that is independent on Rho-mediated signaling. Required for the actin rearrangement at cell-cell junctions, such as stress fibers and junction [...] 
CTBP2	39	9606.ENSP00000311825	9606	Homo sapiens	CTBP2	C-terminal-binding protein 2; Corepressor targeting diverse transcription regulators. Functions in brown adipose tissue (BAT) differentiation (By similarity); Belongs to the D-isomer specific 2-hydroxyacid dehydrogenase family.
TOB2	40	9606.ENSP00000331305	9606	Homo sapiens	TOB2	Protein Tob2; Anti-proliferative protein inhibits cell cycle progression from the G0/G1 to S phases; Belongs to the BTG family.
SASH1	41	9606.ENSP00000356437	9606	Homo sapiens	SASH1	SAM and SH3 domain-containing protein 1; Is a positive regulator of NF-kappa-B signaling downstream of TLR4 activation. It acts as a scaffold molecule to assemble a molecular complex that includes TRAF6, MAP3K7, CHUK and IKBKB, thereby facilitating NF-kappa-B signaling activation. Regulates TRAF6 and MAP3K7 ubiquitination. Involved in the regulation of cell mobility. Regulates lipolysaccharide (LPS)-induced endothelial cell migration. Is involved in the regulation of skin pigmentation through the control of melanocyte migration in the epidermis.
ITPRID2	42	9606.ENSP00000388731	9606	Homo sapiens	ITPRID2	Protein ITPRID2; ITPR interacting domain containing 2.
NFKB1	43	9606.ENSP00000226574	9606	Homo sapiens	NFKB1	Nuclear factor NF-kappa-B p105 subunit; NF-kappa-B is a pleiotropic transcription factor present in almost all cell types and is the endpoint of a series of signal transduction events that are initiated by a vast array of stimuli related to many biological processes such as inflammation, immunity, differentiation, cell growth, tumorigenesis and apoptosis. NF-kappa-B is a homo- or heterodimeric complex formed by the Rel-like domain- containing proteins RELA/p65, RELB, NFKB1/p105, NFKB1/p50, REL and NFKB2/p52 and the heterodimeric p65-p50 complex appears to be most abundant one. The dime [...] 
RHOQ	44	9606.ENSP00000238738	9606	Homo sapiens	RHOQ	Rho-related GTP-binding protein RhoQ; Plasma membrane-associated small GTPase which cycles between an active GTP-bound and an inactive GDP-bound state. In active state binds to a variety of effector proteins to regulate cellular responses. Involved in epithelial cell polarization processes. May play a role in CFTR trafficking to the plasma membrane. Causes the formation of thin, actin-rich surface projections called filopodia.
RBMS2	45	9606.ENSP00000262031	9606	Homo sapiens	RBMS2	RNA-binding motif, single-stranded-interacting protein 2; RNA binding motif single stranded interacting protein 2.
DMPK	46	9606.ENSP00000345997	9606	Homo sapiens	DMPK	Myotonin-protein kinase; Non-receptor serine/threonine protein kinase which is necessary for the maintenance of skeletal muscle structure and function. May play a role in myocyte differentiation and survival by regulating the integrity of the nuclear envelope and the expression of muscle-specific genes. May also phosphorylate PPP1R12A and inhibit the myosin phosphatase activity to regulate myosin phosphorylation. Also critical to the modulation of cardiac contractility and to the maintenance of proper cardiac conduction activity probably through the regulation of cellular calcium homeo [...] 
TBL1X	47	9606.ENSP00000495556	9606	Homo sapiens	TBL1X	F-box-like/WD repeat-containing protein TBL1X; F-box-like protein involved in the recruitment of the ubiquitin/19S proteasome complex to nuclear receptor-regulated transcription units. Plays an essential role in transcription activation mediated by nuclear receptors. Probably acts as integral component of corepressor complexes that mediates the recruitment of the 19S proteasome complex, leading to the subsequent proteasomal degradation of transcription repressor complexes, thereby allowing cofactor exchange.
PLXNB1	48	9606.ENSP00000351338	9606	Homo sapiens	PLXNB1	Plexin-B1; Receptor for SEMA4D. Plays a role in GABAergic synapse development (By similarity). Mediates SEMA4A- and SEMA4D-dependent inhibitory synapse development (By similarity). Plays a role in RHOA activation and subsequent changes of the actin cytoskeleton. Plays a role in axon guidance, invasive growth and cell migration. Belongs to the plexin family.
MKNK2	49	9606.ENSP00000250896	9606	Homo sapiens	MKNK2	MAP kinase-interacting serine/threonine-protein kinase 2; Serine/threonine-protein kinase that phosphorylates SFPQ/PSF, HNRNPA1 and EIF4E. May play a role in the response to environmental stress and cytokines. Appears to regulate translation by phosphorylating EIF4E, thus increasing the affinity of this protein for the 7-methylguanosine-containing mRNA cap. Required for mediating PP2A- inhibition-induced EIF4E phosphorylation. Triggers EIF4E shuttling from cytoplasm to nucleus. Isoform 1 displays a high basal kinase activity, but isoform 2 exhibits a very low kinase activity. Acts as a [...] 
KIF1C	50	9606.ENSP00000320821	9606	Homo sapiens	KIF1C	Kinesin-like protein KIF1C; Motor required for the retrograde transport of Golgi vesicles to the endoplasmic reticulum. Has a microtubule plus end-directed motility.
CNNM3	51	9606.ENSP00000305449	9606	Homo sapiens	CNNM3	Metal transporter CNNM3; Probable metal transporter; Belongs to the ACDP family.
PALLD	52	9606.ENSP00000425556	9606	Homo sapiens	PALLD	Palladin; Cytoskeletal protein required for organization of normal actin cytoskeleton. Roles in establishing cell morphology, motility, cell adhesion and cell-extracellular matrix interactions in a variety of cell types. May function as a scaffolding molecule with the potential to influence both actin polymerization and the assembly of existing actin filaments into higher-order arrays. Binds to proteins that bind to either monomeric or filamentous actin. Localizes at sites where active actin remodeling takes place, such as lamellipodia and membrane ruffles. Different isoforms may have  [...] 
BMPR1A	53	9606.ENSP00000361107	9606	Homo sapiens	BMPR1A	Bone morphogenetic protein receptor type-1A; On ligand binding, forms a receptor complex consisting of two type II and two type I transmembrane serine/threonine kinases. Type II receptors phosphorylate and activate type I receptors which autophosphorylate, then bind and activate SMAD transcriptional regulators. Receptor for BMP2, BMP4, GDF5 and GDF6. Positively regulates chondrocyte differentiation through GDF5 interaction. Mediates induction of adipogenesis by GDF6. Belongs to the protein kinase superfamily. TKL Ser/Thr protein kinase family. TGFB receptor subfamily.
KAT6B	54	9606.ENSP00000287239	9606	Homo sapiens	KAT6B	Histone acetyltransferase KAT6B; Histone acetyltransferase which may be involved in both positive and negative regulation of transcription. Required for RUNX2- dependent transcriptional activation. May be involved in cerebral cortex development. Component of the MOZ/MORF complex which has a histone H3 acetyltransferase activity.
GIGYF2	55	9606.ENSP00000387170	9606	Homo sapiens	GIGYF2	GRB10-interacting GYF protein 2; Key component of the 4EHP-GYF2 complex, a multiprotein complex that acts as a repressor of translation initiation. In 4EHP-GYF2 the complex, acts as a factor that bridges EIF4E2 to ZFP36/TTP, linking translation repression with mRNA decay (By similarity). May act cooperatively with GRB10 to regulate tyrosine kinase receptor signaling, including IGF1 and insulin receptors ; Belongs to the GIGYF family.
SP1	56	9606.ENSP00000329357	9606	Homo sapiens	SP1	Transcription factor Sp1; Transcription factor that can activate or repress transcription in response to physiological and pathological stimuli. Binds with high affinity to GC-rich motifs and regulates the expression of a large number of genes involved in a variety of processes such as cell growth, apoptosis, differentiation and immune responses. Highly regulated by post-translational modifications (phosphorylations, sumoylation, proteolytic cleavage, glycosylation and acetylation). Binds also the PDGFR-alpha G-box promoter. May have a role in modulating the cellular response to DNA da [...] 
MXI1	57	9606.ENSP00000331152	9606	Homo sapiens	MXI1	Max-interacting protein 1; Transcriptional repressor. MXI1 binds with MAX to form a sequence-specific DNA-binding protein complex which recognizes the core sequence 5'-CAC[GA]TG-3'. MXI1 thus antagonizes MYC transcriptional activity by competing for MAX.
SYNE2	58	9606.ENSP00000350719	9606	Homo sapiens	SYNE2	Nesprin-2; Multi-isomeric modular protein which forms a linking network between organelles and the actin cytoskeleton to maintain the subcellular spatial organization. As a component of the LINC (LInker of Nucleoskeleton and Cytoskeleton) complex involved in the connection between the nuclear lamina and the cytoskeleton. The nucleocytoplasmic interactions established by the LINC complex play an important role in the transmission of mechanical forces across the nuclear envelope and in nuclear movement and positioning. Specifically, SYNE2 and SUN2 assemble in arrays of transmembrane acti [...] 
VCAN	59	9606.ENSP00000265077	9606	Homo sapiens	VCAN	Versican core protein; May play a role in intercellular signaling and in connecting cells with the extracellular matrix. May take part in the regulation of cell motility, growth and differentiation. Binds hyaluronic acid.
PAN2	60	9606.ENSP00000481859	9606	Homo sapiens	PAN2	PAN2-PAN3 deadenylation complex catalytic subunit PAN2; Catalytic subunit of the poly(A)-nuclease (PAN) deadenylation complex, one of two cytoplasmic mRNA deadenylases involved in general and miRNA-mediated mRNA turnover. PAN specifically shortens poly(A) tails of RNA and the activity is stimulated by poly(A)-binding protein (PABP). PAN deadenylation is followed by rapid degradation of the shortened mRNA tails by the CCR4-NOT complex. Deadenylated mRNAs are then degraded by two alternative mechanisms, namely exosome-mediated 3'-5' exonucleolytic degradation, or deadenlyation-dependent  [...] 
SRSF4	61	9606.ENSP00000362900	9606	Homo sapiens	SRSF4	Serine/arginine-rich splicing factor 4; Plays a role in alternative splice site selection during pre- mRNA splicing. Represses the splicing of MAPT/Tau exon 10.
ZNF318	62	9606.ENSP00000354964	9606	Homo sapiens	ZNF318	Zinc finger protein 318; [Isoform 2]: Acts as a transcriptional corepressor for AR- mediated transactivation function. May act as a transcriptional regulator during spermatogenesis and, in particular, during meiotic division.
TBC1D2B	63	9606.ENSP00000300584	9606	Homo sapiens	TBC1D2B	TBC1 domain family member 2B; May act as a GTPase-activating protein.
CARHSP1	64	9606.ENSP00000379838	9606	Homo sapiens	CARHSP1	Calcium-regulated heat-stable protein 1; Binds mRNA and regulates the stability of target mRNA. Binds single-stranded DNA (in vitro).
SYNM	65	9606.ENSP00000336775	9606	Homo sapiens	SYNM	Synemin; Type-VI intermediate filament (IF) which plays an important cytoskeletal role within the muscle cell cytoskeleton. It forms heteropolymeric IFs with desmin and/or vimentin, and via its interaction with cytoskeletal proteins alpha-dystrobrevin, dystrophin, talin-1, utrophin and vinculin, is able to link these heteropolymeric IFs to adherens-type junctions, such as to the costameres, neuromuscular junctions, and myotendinous junctions within striated muscle cells.
HBP1	66	9606.ENSP00000222574	9606	Homo sapiens	HBP1	HMG box-containing protein 1; Transcriptional repressor that binds to the promoter region of target genes. Plays a role in the regulation of the cell cycle and of the Wnt pathway. Binds preferentially to the sequence 5'- TTCATTCATTCA-3'. Binding to the histone H1.0 promoter is enhanced by interaction with RB1. Disrupts the interaction between DNA and TCF4.
PHF2	67	9606.ENSP00000352185	9606	Homo sapiens	PHF2	Lysine-specific demethylase PHF2; Lysine demethylase that demethylates both histones and non- histone proteins. Enzymatically inactive by itself, and becomes active following phosphorylation by PKA: forms a complex with ARID5B and mediates demethylation of methylated ARID5B. Demethylation of ARID5B leads to target the PHF2-ARID5B complex to target promoters, where PHF2 mediates demethylation of dimethylated 'Lys-9' of histone H3 (H3K9me2), followed by transcription activation of target genes. The PHF2-ARID5B complex acts as a coactivator of HNF4A in liver. PHF2 is recruited to trimethy [...] 
ABCA1	68	9606.ENSP00000363868	9606	Homo sapiens	ABCA1	Phospholipid-transporting ATPase ABCA1; Catalyzes the translocation of specific phospholipids from the cytoplasmic to the extracellular/lumenal leaflet of membrane coupled to the hydrolysis of ATP. Thereby, participates to phospholipids transfer to apoliproteins to form nascent high density lipoproteins/HDLs. Transports preferentially phosphatidylcholine over phosphatidylserine. May play a similar role in the efflux of intracellular cholesterol to apoliproteins and the formation of nascent high density lipoproteins/HDLs ; Belongs to the ABC transporter superfamily. ABCA family.
RBPMS	69	9606.ENSP00000340176	9606	Homo sapiens	RBPMS	RNA-binding protein with multiple splicing; Acts as a coactivator of transcriptional activity. Required to increase TGFB1/Smad-mediated transactivation. Acts through SMAD2, SMAD3 and SMAD4 to increase transcriptional activity. Increases phosphorylation of SMAD2 and SMAD3 on their C-terminal SSXS motif, possibly through recruitment of TGFBR1. Promotes the nuclear accumulation of SMAD2, SMAD3 and SMAD4 proteins. Binds to poly(A) RNA.
SAFB2	70	9606.ENSP00000252542	9606	Homo sapiens	SAFB2	Scaffold attachment factor B2; Binds to scaffold/matrix attachment region (S/MAR) DNA. Can function as an estrogen receptor corepressor and can also inhibit cell proliferation.
YAP1	71	9606.ENSP00000478927	9606	Homo sapiens	YAP1	Transcriptional coactivator YAP1; Transcriptional regulator which can act both as a coactivator and a corepressor and is the critical downstream regulatory target in the Hippo signaling pathway that plays a pivotal role in organ size control and tumor suppression by restricting proliferation and promoting apoptosis. The core of this pathway is composed of a kinase cascade wherein STK3/MST2 and STK4/MST1, in complex with its regulatory protein SAV1, phosphorylates and activates LATS1/2 in complex with its regulatory protein MOB1, which in turn phosphorylates and inactivates YAP1 oncopro [...] 
PAPOLA	72	9606.ENSP00000216277	9606	Homo sapiens	PAPOLA	Poly(A) polymerase alpha; Polymerase that creates the 3'-poly(A) tail of mRNA's. Also required for the endoribonucleolytic cleavage reaction at some polyadenylation sites. May acquire specificity through interaction with a cleavage and polyadenylation specificity factor (CPSF) at its C- terminus.
HIP1	73	9606.ENSP00000336747	9606	Homo sapiens	HIP1	Huntingtin-interacting protein 1; Plays a role in clathrin-mediated endocytosis and trafficking. Involved in regulating AMPA receptor trafficking in the central nervous system in an NMDA-dependent manner (By similarity). Regulates presynaptic nerve terminal activity (By similarity). Enhances androgen receptor (AR)- mediated transcription. May act as a proapoptotic protein that induces cell death by acting through the intrinsic apoptosis pathway. Binds 3-phosphoinositides (via ENTH domain). May act through the ENTH domain to promote cell survival by stabilizing receptor tyrosine kinases [...] 
NFATC3	74	9606.ENSP00000300659	9606	Homo sapiens	NFATC3	Nuclear factor of activated T-cells, cytoplasmic 3; Acts as a regulator of transcriptional activation. Plays a role in the inducible expression of cytokine genes in T-cells, especially in the induction of the IL-2. Along with NFATC4, involved in embryonic heart development (By similarity).
DVL2	75	9606.ENSP00000005340	9606	Homo sapiens	DVL2	Segment polarity protein dishevelled homolog DVL-2; Plays a role in the signal transduction pathways mediated by multiple Wnt genes. Participates both in canonical and non-canonical Wnt signaling by binding to the cytoplasmic C-terminus of frizzled family members and transducing the Wnt signal to down-stream effectors. Promotes internalization and degradation of frizzled proteins upon Wnt signaling; Belongs to the DSH family.
MGAT1	76	9606.ENSP00000332073	9606	Homo sapiens	MGAT1	Alpha-1,3-mannosyl-glycoprotein 2-beta-N-acetylglucosaminyltransferase; Initiates complex N-linked carbohydrate formation. Essential for the conversion of high-mannose to hybrid and complex N-glycans. Belongs to the glycosyltransferase 13 family.
YES1	77	9606.ENSP00000462468	9606	Homo sapiens	YES1	Tyrosine-protein kinase Yes; Non-receptor protein tyrosine kinase that is involved in the regulation of cell growth and survival, apoptosis, cell-cell adhesion, cytoskeleton remodeling, and differentiation. Stimulation by receptor tyrosine kinases (RTKs) including EGRF, PDGFR, CSF1R and FGFR leads to recruitment of YES1 to the phosphorylated receptor, and activation and phosphorylation of downstream substrates. Upon EGFR activation, promotes the phosphorylation of PARD3 to favor epithelial tight junction assembly. Participates in the phosphorylation of specific junctional components su [...] 
CLIP2	78	9606.ENSP00000223398	9606	Homo sapiens	CLIP2	CAP-Gly domain-containing linker protein 2; Seems to link microtubules to dendritic lamellar body (DLB), a membranous organelle predominantly present in bulbous dendritic appendages of neurons linked by dendrodendritic gap junctions. May operate in the control of brain-specific organelle translocations (By similarity).
STK10	79	9606.ENSP00000176763	9606	Homo sapiens	STK10	Serine/threonine-protein kinase 10; Serine/threonine-protein kinase involved in regulation of lymphocyte migration. Phosphorylates MSN, and possibly PLK1. Involved in regulation of lymphocyte migration by mediating phosphorylation of ERM proteins such as MSN. Acts as a negative regulator of MAP3K1/MEKK1. May also act as a cell cycle regulator by acting as a polo kinase kinase: mediates phosphorylation of PLK1 in vitro; however such data require additional evidences in vivo.
PPP1CC	80	9606.ENSP00000341779	9606	Homo sapiens	PPP1CC	Serine/threonine-protein phosphatase PP1-gamma catalytic subunit; Protein phosphatase that associates with over 200 regulatory proteins to form highly specific holoenzymes which dephosphorylate hundreds of biological targets. Protein phosphatase 1 (PP1) is essential for cell division, and participates in the regulation of glycogen metabolism, muscle contractility and protein synthesis. Dephosphorylates RPS6KB1. Involved in regulation of ionic conductances and long-term synaptic plasticity. May play an important role in dephosphorylating substrates such as the postsynaptic density- asso [...] 
TRAF3IP2	81	9606.ENSP00000345984	9606	Homo sapiens	TRAF3IP2	Adapter protein CIKS; Could be involved in the activation of both NF-kappa-B via a NF-kappa-B inhibitor kinase (IKK)-dependent mechanism and stress- activated protein kinase (SAPK)/JNK.
DTNA	82	9606.ENSP00000470152	9606	Homo sapiens	DTNA	Dystrobrevin alpha; May be involved in the formation and stability of synapses as well as being involved in the clustering of nicotinic acetylcholine receptors.
ELF1	83	9606.ENSP00000239882	9606	Homo sapiens	ELF1	ETS-related transcription factor Elf-1; Transcription factor that activates the LYN and BLK promoters. Appears to be required for the T-cell-receptor-mediated trans activation of HIV-2 gene expression. Binds specifically to two purine-rich motifs in the HIV-2 enhancer; Belongs to the ETS family.
HDGF	84	9606.ENSP00000357189	9606	Homo sapiens	HDGF	Hepatoma-derived growth factor; [Isoform 1]: Acts as a transcriptional repressor. Has mitogenic activity for fibroblasts. Heparin-binding protein. [Isoform 3]: Has mitogenic activity for fibroblasts. Heparin-binding protein. Belongs to the HDGF family.
HDAC1	85	9606.ENSP00000362649	9606	Homo sapiens	HDAC1	Histone deacetylase 1; Responsible for the deacetylation of lysine residues on the N-terminal part of the core histones (H2A, H2B, H3 and H4). Histone deacetylation gives a tag for epigenetic repression and plays an important role in transcriptional regulation, cell cycle progression and developmental events. Histone deacetylases act via the formation of large multiprotein complexes. Deacetylates SP proteins, SP1 and SP3, and regulates their function. Component of the BRG1-RB1-HDAC1 complex, which negatively regulates the CREST-mediated transcription in resting neurons. Upon calcium st [...] 
PER1	86	9606.ENSP00000314420	9606	Homo sapiens	PER1	Period circadian protein homolog 1; Transcriptional repressor which forms a core component of the circadian clock. The circadian clock, an internal time-keeping system, regulates various physiological processes through the generation of approximately 24 hour circadian rhythms in gene expression, which are translated into rhythms in metabolism and behavior. It is derived from the Latin roots 'circa' (about) and 'diem' (day) and acts as an important regulator of a wide array of physiological functions including metabolism, sleep, body temperature, blood pressure, endocrine, immune, cardi [...] 
GNA13	87	9606.ENSP00000400717	9606	Homo sapiens	GNA13	Guanine nucleotide-binding protein subunit alpha-13; Guanine nucleotide-binding proteins (G proteins) are involved as modulators or transducers in various transmembrane signaling systems. Activates effector molecule RhoA by binding and activating RhoGEFs (ARHGEF1/p115RhoGEF, ARHGEF11/PDZ-RhoGEF and ARHGEF12/LARG). GNA13-dependent Rho signaling subsequently regulates transcription factor AP-1 (activating protein-1) (By similarity). Promotes tumor cell invasion and metastasis by activating RhoA/ROCK signaling pathway. Inhibits CDH1-mediated cell adhesion in process independent from Rho a [...] 
INVS	88	9606.ENSP00000262457	9606	Homo sapiens	INVS	Inversin; Required for normal renal development and establishment of left-right axis. Probably acts as a molecular switch between different Wnt signaling pathways. Inhibits the canonical Wnt pathway by targeting cytoplasmic disheveled (DVL1) for degradation by the ubiquitin- proteasome. This suggests that it is required in renal development to oppose the repression of terminal differentiation of tubular epithelial cells by Wnt signaling. Involved in the organization of apical junctions in kidney cells together with NPHP1, NPHP4 and RPGRIP1L/NPHP8 (By similarity). Does not seem to be st [...] 
CDC25B	89	9606.ENSP00000245960	9606	Homo sapiens	CDC25B	M-phase inducer phosphatase 2; Tyrosine protein phosphatase which functions as a dosage- dependent inducer of mitotic progression. Required for G2/M phases of the cell cycle progression and abscission during cytokinesis in a ECT2- dependent manner. Directly dephosphorylates CDK1 and stimulates its kinase activity. The three isoforms seem to have a different level of activity.
PRRX1	90	9606.ENSP00000239461	9606	Homo sapiens	PRRX1	Paired mesoderm homeobox protein 1; Acts as a transcriptional regulator of muscle creatine kinase (MCK) and so has a role in the establishment of diverse mesodermal muscle types. The protein binds to an A/T-rich element in the muscle creatine enhancer (By similarity); Belongs to the paired homeobox family.
SUN2	91	9606.ENSP00000385616	9606	Homo sapiens	SUN2	SUN domain-containing protein 2; As a component of the LINC (LInker of Nucleoskeleton and Cytoskeleton) complex, involved in the connection between the nuclear lamina and the cytoskeleton. The nucleocytoplasmic interactions established by the LINC complex play an important role in the transmission of mechanical forces across the nuclear envelope and in nuclear movement and positioning. Specifically, SYNE2 and SUN2 assemble in arrays of transmembrane actin-associated nuclear (TAN) lines which are bound to F-actin cables and couple the nucleus to retrograde actin flow during actin-depend [...] 
NFIA	92	9606.ENSP00000360231	9606	Homo sapiens	NFIA	Nuclear factor 1 A-type; Recognizes and binds the palindromic sequence 5'- TTGGCNNNNNGCCAA-3' present in viral and cellular promoters and in the origin of replication of adenovirus type 2. These proteins are individually capable of activating transcription and replication.
CFLAR	93	9606.ENSP00000312455	9606	Homo sapiens	CFLAR	CASP8 and FADD-like apoptosis regulator subunit p12; Apoptosis regulator protein which may function as a crucial link between cell survival and cell death pathways in mammalian cells. Acts as an inhibitor of TNFRSF6 mediated apoptosis. A proteolytic fragment (p43) is likely retained in the death-inducing signaling complex (DISC) thereby blocking further recruitment and processing of caspase-8 at the complex. Full length and shorter isoforms have been shown either to induce apoptosis or to reduce TNFRSF-triggered apoptosis. Lacks enzymatic (caspase) activity. Belongs to the peptidase C1 [...] 
SMARCC1	94	9606.ENSP00000254480	9606	Homo sapiens	SMARCC1	SWI/SNF complex subunit SMARCC1; Involved in transcriptional activation and repression of select genes by chromatin remodeling (alteration of DNA-nucleosome topology). Component of SWI/SNF chromatin remodeling complexes that carry out key enzymatic activities, changing chromatin structure by altering DNA-histone contacts within a nucleosome in an ATP-dependent manner. May stimulate the ATPase activity of the catalytic subunit of the complex. Belongs to the neural progenitors-specific chromatin remodeling complex (npBAF complex) and the neuron-specific chromatin remodeling complex (nBAF [...] 
TCF12	95	9606.ENSP00000388940	9606	Homo sapiens	TCF12	Transcription factor 12; Transcriptional regulator. Involved in the initiation of neuronal differentiation. Activates transcription by binding to the E box (5'-CANNTG-3').
LPP	96	9606.ENSP00000491657	9606	Homo sapiens	LPP	Lipoma-preferred partner; May play a structural role at sites of cell adhesion in maintaining cell shape and motility. In addition to these structural functions, it may also be implicated in signaling events and activation of gene transcription. May be involved in signal transduction from cell adhesion sites to the nucleus allowing successful integration of signals arising from soluble factors and cell-cell adhesion sites. Also suggested to serve as a scaffold protein upon which distinct protein complexes are assembled in the cytoplasm and in the nucleus.
FKBP5	97	9606.ENSP00000444810	9606	Homo sapiens	FKBP5	Peptidyl-prolyl cis-trans isomerase FKBP5; Immunophilin protein with PPIase and co-chaperone activities. Component of unligated steroid receptors heterocomplexes through interaction with heat-shock protein 90 (HSP90). Plays a role in the intracellular trafficking of heterooligomeric forms of steroid hormone receptors maintaining the complex into the cytoplasm when unliganded. Acts as a regulator of Akt/AKT1 activity by promoting the interaction between Akt/AKT1 and PHLPP1, thereby enhancing dephosphorylation and subsequent activation of Akt/AKT1.
ITGB8	98	9606.ENSP00000222573	9606	Homo sapiens	ITGB8	Integrin beta-8; Integrin alpha-V:beta-8 (ITGAV:ITGB8) is a receptor for fibronectin. It recognizes the sequence R-G-D in its ligands. Integrin alpha-V:beta-6 (ITGAV:ITGB6) mediates R-G-D-dependent release of transforming growth factor beta-1 (TGF-beta-1) from regulatory Latency-associated peptide (LAP), thereby playing a key role in TGF-beta-1 activation on the surface of activated regulatory T-cells (Tregs) (Probable). Required during vasculogenesis (By similarity).
LSS	99	9606.ENSP00000380837	9606	Homo sapiens	LSS	Lanosterol synthase; Catalyzes the cyclization of (S)-2,3 oxidosqualene to lanosterol, a reaction that forms the sterol nucleus. Through the production of lanosterol may regulate lens protein aggregation and increase transparency.
ZBTB20	100	9606.ENSP00000419153	9606	Homo sapiens	ZBTB20	Zinc finger and BTB domain-containing protein 20; May be a transcription factor that may be involved in hematopoiesis, oncogenesis, and immune responses. Plays a role in postnatal myogenesis, may be involved in the regulation of satellite cells self-renewal (By similarity).
KANK1	101	9606.ENSP00000477725	9606	Homo sapiens	KANK1	KN motif and ankyrin repeat domain-containing protein 1; Involved in the control of cytoskeleton formation by regulating actin polymerization. Inhibits actin fiber formation and cell migration. Inhibits RhoA activity; the function involves phosphorylation through PI3K/Akt signaling and may depend on the competetive interaction with 14-3-3 adapter proteins to sequester them from active complexes. Inhibits the formation of lamellipodia but not of filopodia; the function may depend on the competetive interaction with BAIAP2 to block its association with activated RAC1. Inhibits fibronecti [...] 
KCNJ10	102	9606.ENSP00000495557	9606	Homo sapiens	KCNJ10	ATP-sensitive inward rectifier potassium channel 10; May be responsible for potassium buffering action of glial cells in the brain. Inward rectifier potassium channels are characterized by a greater tendency to allow potassium to flow into the cell rather than out of it. Their voltage dependence is regulated by the concentration of extracellular potassium; as external potassium is raised, the voltage range of the channel opening shifts to more positive voltages. The inward rectification is mainly due to the blockage of outward current by internal magnesium. Can be blocked by extracellu [...] 
FYN	103	9606.ENSP00000346671	9606	Homo sapiens	FYN	Tyrosine-protein kinase Fyn; Non-receptor tyrosine-protein kinase that plays a role in many biological processes including regulation of cell growth and survival, cell adhesion, integrin-mediated signaling, cytoskeletal remodeling, cell motility, immune response and axon guidance. Inactive FYN is phosphorylated on its C-terminal tail within the catalytic domain. Following activation by PKA, the protein subsequently associates with PTK2/FAK1, allowing PTK2/FAK1 phosphorylation, activation and targeting to focal adhesions. Involved in the regulation of cell adhesion and motility through  [...] 
LAMC1	104	9606.ENSP00000258341	9606	Homo sapiens	LAMC1	Laminin subunit gamma-1; Binding to cells via a high affinity receptor, laminin is thought to mediate the attachment, migration and organization of cells into tissues during embryonic development by interacting with other extracellular matrix components.
YY1	105	9606.ENSP00000262238	9606	Homo sapiens	YY1	Transcriptional repressor protein YY1; Multifunctional transcription factor that exhibits positive and negative control on a large number of cellular and viral genes by binding to sites overlapping the transcription start site. Binds to the consensus sequence 5'-CCGCCATNTT-3'; some genes have been shown to contain a longer binding motif allowing enhanced binding; the initial CG dinucleotide can be methylated greatly reducing the binding affinity. The effect on transcription regulation is depending upon the context in which it binds and diverse mechanisms of action include direct activa [...] 
DOCK1	106	9606.ENSP00000485033	9606	Homo sapiens	DOCK1	Dedicator of cytokinesis protein 1; Involved in cytoskeletal rearrangements required for phagocytosis of apoptotic cells and cell motility. Along with DOCK1, mediates CRK/CRKL regulation of epithelial and endothelial cell spreading and migration on type IV collagen. Functions as a guanine nucleotide exchange factor (GEF), which activates Rac Rho small GTPases by exchanging bound GDP for free GTP. Its GEF activity may be enhanced by ELMO1.
PBX3	107	9606.ENSP00000362588	9606	Homo sapiens	PBX3	Pre-B-cell leukemia transcription factor 3; Transcriptional activator that binds the sequence 5'- ATCAATCAA-3'.
RAB9A	108	9606.ENSP00000420127	9606	Homo sapiens	RAB9A	Ras-related protein Rab-9A; Involved in the transport of proteins between the endosomes and the trans Golgi network. Involved in the recruitment of SGSM2 to melanosomes and is required for the proper trafficking of melanogenic enzymes TYR, TYRP1 and DCT/TYRP2 to melanosomes in melanocytes. Belongs to the small GTPase superfamily. Rab family.
CALCOCO2	109	9606.ENSP00000398523	9606	Homo sapiens	CALCOCO2	Calcium-binding and coiled-coil domain-containing protein 2; Xenophagy-specific receptor required for autophagy-mediated intracellular bacteria degradation. Acts as an effector protein of galectin-sensed membrane damage that restricts the proliferation of infecting pathogens such as Salmonella typhimurium upon entry into the cytosol by targeting LGALS8-associated bacteria for autophagy. Initially orchestrates bacteria targeting to autophagosomes and subsequently ensures pathogen degradation by regulating pathogen-containing autophagosome maturation. Bacteria targeting to autophagosomes [...] 
SORBS1	110	9606.ENSP00000360293	9606	Homo sapiens	SORBS1	Sorbin and SH3 domain-containing protein 1; Plays a role in tyrosine phosphorylation of CBL by linking CBL to the insulin receptor. Required for insulin-stimulated glucose transport. Involved in formation of actin stress fibers and focal adhesions (By similarity).
NIPBL	111	9606.ENSP00000282516	9606	Homo sapiens	NIPBL	Nipped-B-like protein; Plays an important role in the loading of the cohesin complex on to DNA. Forms a heterodimeric complex (also known as cohesin loading complex) with MAU2/SCC4 which mediates the loading of the cohesin complex onto chromatin. Plays a role in cohesin loading at sites of DNA damage. Its recruitment to double- strand breaks (DSBs) sites occurs in a CBX3-, RNF8- and RNF168- dependent manner whereas its recruitment to UV irradiation-induced DNA damage sites occurs in a ATM-, ATR-, RNF8- and RNF168-dependent manner. Along with ZNF609, promotes cortical neuron migration d [...] 
RGS3	112	9606.ENSP00000363255	9606	Homo sapiens	RGS3	Regulator of G-protein signaling 3; Down-regulates signaling from heterotrimeric G-proteins by increasing the GTPase activity of the alpha subunits, thereby driving them into their inactive GDP-bound form. Down-regulates G-protein- mediated release of inositol phosphates and activation of MAP kinases.
SIRT1	113	9606.ENSP00000212015	9606	Homo sapiens	SIRT1	NAD-dependent protein deacetylase sirtuin-1; NAD-dependent protein deacetylase that links transcriptional regulation directly to intracellular energetics and participates in the coordination of several separated cellular functions such as cell cycle, response to DNA damage, metabolism, apoptosis and autophagy. Can modulate chromatin function through deacetylation of histones and can promote alterations in the methylation of histones and DNA, leading to transcriptional repression. Deacetylates a broad range of transcription factors and coregulators, thereby regulating target gene expres [...] 
ZNF384	114	9606.ENSP00000380019	9606	Homo sapiens	ZNF384	Zinc finger protein 384; Transcription factor that binds the consensus DNA sequence [GC]AAAAA. Seems to bind and regulate the promoters of MMP1, MMP3, MMP7 and COL1A1 (By similarity); Belongs to the krueppel C2H2-type zinc-finger protein family.
LDLRAP1	115	9606.ENSP00000363458	9606	Homo sapiens	LDLRAP1	Low density lipoprotein receptor adapter protein 1; Adapter protein (clathrin-associated sorting protein (CLASP)) required for efficient endocytosis of the LDL receptor (LDLR) in polarized cells such as hepatocytes and lymphocytes, but not in non- polarized cells (fibroblasts). May be required for LDL binding and internalization but not for receptor clustering in coated pits. May facilitate the endocytocis of LDLR and LDLR-LDL complexes from coated pits by stabilizing the interaction between the receptor and the structural components of the pits. May also be involved in the internaliza [...] 
SAMHD1	116	9606.ENSP00000493536	9606	Homo sapiens	SAMHD1	Deoxynucleoside triphosphate triphosphohydrolase SAMHD1; Protein that acts both as a host restriction factor involved in defense response to virus and as a regulator of DNA end resection at stalled replication forks. Has deoxynucleoside triphosphate (dNTPase) activity, which is required to restrict infection by viruses, such as HIV-1: dNTPase activity reduces cellular dNTP levels to levels too low for retroviral reverse transcription to occur, blocking early- stage virus replication in dendritic and other myeloid cells. Likewise, suppresses LINE-1 retrotransposon activity. Not able to  [...] 
YBX1	117	9606.ENSP00000361626	9606	Homo sapiens	YBX1	Y-box-binding protein 1; DNA- and RNA-binding protein involved in various processes, such as translational repression, RNA stabilization, mRNA splicing, DNA repair and transcription regulation. Predominantly acts as a RNA-binding protein: binds preferentially to the 5'-[CU]CUGCG-3' RNA motif and specifically recognizes mRNA transcripts modified by C5-methylcytosine (m5C). Promotes mRNA stabilization: acts by binding to m5C- containing mRNAs and recruiting the mRNA stability maintainer ELAVL1, thereby preventing mRNA decay. Component of the CRD-mediated complex that promotes MYC mRNA st [...] 
SCAMP2	118	9606.ENSP00000268099	9606	Homo sapiens	SCAMP2	Secretory carrier-associated membrane protein 2; Functions in post-Golgi recycling pathways. Acts as a recycling carrier to the cell surface; Belongs to the SCAMP family.
TAB2	119	9606.ENSP00000356426	9606	Homo sapiens	TAB2	TGF-beta-activated kinase 1 and MAP3K7-binding protein 2; Adapter linking MAP3K7/TAK1 and TRAF6. Promotes MAP3K7 activation in the IL1 signaling pathway. The binding of 'Lys-63'-linked polyubiquitin chains to TAB2 promotes autophosphorylation of MAP3K7 at 'Thr-187'. Involved in heart development.
TNS2	120	9606.ENSP00000319756	9606	Homo sapiens	TNS2	Tensin-2; Tyrosine-protein phosphatase which regulates cell motility proliferation and muscle-response to insulin. In muscles and under catabolic conditions, dephosphorylates IRS1 leading to its degradation and muscle atrophy. Negatively regulates PI3K-AKT pathway activation.
GMPR	121	9606.ENSP00000259727	9606	Homo sapiens	GMPR	GMP reductase 1; Catalyzes the irreversible NADPH-dependent deamination of GMP to IMP. It functions in the conversion of nucleobase, nucleoside and nucleotide derivatives of G to A nucleotides, and in maintaining the intracellular balance of A and G nucleotides; Belongs to the IMPDH/GMPR family. GuaC type 1 subfamily.
EEF1D	122	9606.ENSP00000410059	9606	Homo sapiens	EEF1D	Elongation factor 1-delta; [Isoform 1]: EF-1-beta and EF-1-delta stimulate the exchange of GDP bound to EF-1-alpha to GTP, regenerating EF-1-alpha for another round of transfer of aminoacyl-tRNAs to the ribosome; Belongs to the EF-1-beta/EF-1-delta family.
FBXW4	123	9606.ENSP00000499522	9606	Homo sapiens	FBXW4	F-box/WD repeat-containing protein 4; Probably recognizes and binds to some phosphorylated proteins and promotes their ubiquitination and degradation. Likely to be involved in key signaling pathways crucial for normal limb development. May participate in Wnt signaling.
DDR2	124	9606.ENSP00000356899	9606	Homo sapiens	DDR2	Discoidin domain-containing receptor 2; Tyrosine kinase involved in the regulation of tissues remodeling. It functions as cell surface receptor for fibrillar collagen and regulates cell differentiation, remodeling of the extracellular matrix, cell migration and cell proliferation. Required for normal bone development. Regulates osteoblast differentiation and chondrocyte maturation via a signaling pathway that involves MAP kinases and leads to the activation of the transcription factor RUNX2. Regulates remodeling of the extracellular matrix by up- regulation of the collagenases MMP1, MM [...] 
HNRNPH3	125	9606.ENSP00000265866	9606	Homo sapiens	HNRNPH3	Heterogeneous nuclear ribonucleoprotein H3; Involved in the splicing process and participates in early heat shock-induced splicing arrest. Due to their great structural variations the different isoforms may possess different functions in the splicing reaction.
ACACB	126	9606.ENSP00000341044	9606	Homo sapiens	ACACB	Acetyl-CoA carboxylase 2; Mitochondrial enzyme that catalyzes the carboxylation of acetyl-CoA to malonyl-CoA and plays a central role in fatty acid metabolism. Catalyzes a 2 steps reaction starting with the ATP-dependent carboxylation of the biotin carried by the biotin carboxyl carrier (BCC) domain followed by the transfer of the carboxyl group from carboxylated biotin to acetyl-CoA. Through the production of malonyl-CoA that allosterically inhibits carnitine palmitoyltransferase 1 at the mitochondria, negatively regulates fatty acid oxidation (By similarity). Together with its cytoso [...] 
ENTPD1	127	9606.ENSP00000360250	9606	Homo sapiens	ENTPD1	Ectonucleoside triphosphate diphosphohydrolase 1; In the nervous system, could hydrolyze ATP and other nucleotides to regulate purinergic neurotransmission. Could also be implicated in the prevention of platelet aggregation by hydrolyzing platelet-activating ADP to AMP. Hydrolyzes ATP and ADP equally well. Belongs to the GDA1/CD39 NTPase family.
PAWR	128	9606.ENSP00000328088	9606	Homo sapiens	PAWR	PRKC apoptosis WT1 regulator protein; Pro-apoptotic protein capable of selectively inducing apoptosis in cancer cells, sensitizing the cells to diverse apoptotic stimuli and causing regression of tumors in animal models. Induces apoptosis in certain cancer cells by activation of the Fas prodeath pathway and coparallel inhibition of NF-kappa-B transcriptional activity. Inhibits the transcriptional activation and augments the transcriptional repression mediated by WT1. Down-regulates the anti- apoptotic protein BCL2 via its interaction with WT1. Seems also to be a transcriptional repress [...] 
COL6A1	129	9606.ENSP00000355180	9606	Homo sapiens	COL6A1	Collagen alpha-1(VI) chain; Collagen VI acts as a cell-binding protein.
STX2	130	9606.ENSP00000376178	9606	Homo sapiens	STX2	Syntaxin-2; Essential for epithelial morphogenesis. May mediate Ca(2+)- regulation of exocytosis acrosomal reaction in sperm.
MAP4K4	131	9606.ENSP00000343658	9606	Homo sapiens	MAP4K4	Mitogen-activated protein kinase kinase kinase kinase 4; Serine/threonine kinase that may play a role in the response to environmental stress and cytokines such as TNF-alpha. Appears to act upstream of the JUN N-terminal pathway. Phosphorylates SMAD1 on Thr- 322.
MYO10	132	9606.ENSP00000421280	9606	Homo sapiens	MYO10	Unconventional myosin-X; Myosins are actin-based motor molecules with ATPase activity. Unconventional myosins serve in intracellular movements. MYO10 binds to actin filaments and actin bundles and functions as plus end-directed motor. The tail domain binds to membranous compartments containing phosphatidylinositol 3,4,5-trisphosphate or integrins, and mediates cargo transport along actin filaments. Regulates cell shape, cell spreading and cell adhesion. Stimulates the formation and elongation of filopodia. May play a role in neurite outgrowth and axon guidance. In hippocampal neurons i [...] 
FLT1	133	9606.ENSP00000282397	9606	Homo sapiens	FLT1	Vascular endothelial growth factor receptor 1; Tyrosine-protein kinase that acts as a cell-surface receptor for VEGFA, VEGFB and PGF, and plays an essential role in the development of embryonic vasculature, the regulation of angiogenesis, cell survival, cell migration, macrophage function, chemotaxis, and cancer cell invasion. May play an essential role as a negative regulator of embryonic angiogenesis by inhibiting excessive proliferation of endothelial cells. Can promote endothelial cell proliferation, survival and angiogenesis in adulthood. Its function in promoting cell proliferati [...] 
VEZF1	134	9606.ENSP00000462337	9606	Homo sapiens	VEZF1	Vascular endothelial zinc finger 1; Possible transcription factor. Specifically binds to the CT/GC-rich region of the interleukin-3 promoter and mediates tax transactivation of IL-3; Belongs to the krueppel C2H2-type zinc-finger protein family.
MAPRE1	135	9606.ENSP00000364721	9606	Homo sapiens	MAPRE1	Microtubule-associated protein RP/EB family member 1; Plus-end tracking protein (+TIP) that binds to the plus-end of microtubules and regulates the dynamics of the microtubule cytoskeleton. Promotes cytoplasmic microtubule nucleation and elongation. May be involved in spindle function by stabilizing microtubules and anchoring them at centrosomes. Also acts as a regulator of minus-end microtubule organization: interacts with the complex formed by AKAP9 and PDE4DIP, leading to recruit CAMSAP2 to the Golgi apparatus, thereby tethering non-centrosomal minus-end microtubules to the Golgi, a [...] 
MYOT	136	9606.ENSP00000239926	9606	Homo sapiens	MYOT	Myotilin; Component of a complex of multiple actin cross-linking proteins. Involved in the control of myofibril assembly and stability at the Z lines in muscle cells; Belongs to the myotilin/palladin family.
RAI14	137	9606.ENSP00000427123	9606	Homo sapiens	RAI14	Ankycorbin; Plays a role in actin regulation at the ectoplasmic specialization, a type of cell junction specific to testis. Important for establishment of sperm polarity and normal spermatid adhesion. May also promote integrity of Sertoli cell tight junctions at the blood- testis barrier.
NFIB	138	9606.ENSP00000370340	9606	Homo sapiens	NFIB	Nuclear factor 1 B-type; Transcriptional activator of GFAP, essential for proper brain development. Recognizes and binds the palindromic sequence 5'-TTGGCNNNNNGCCAA-3' present in viral and cellular promoters and in the origin of replication of adenovirus type 2. These proteins are individually capable of activating transcription and replication. Belongs to the CTF/NF-I family.
ARHGEF6	139	9606.ENSP00000250617	9606	Homo sapiens	ARHGEF6	Rho guanine nucleotide exchange factor 6; Acts as a RAC1 guanine nucleotide exchange factor (GEF).
SNAP23	140	9606.ENSP00000249647	9606	Homo sapiens	SNAP23	Synaptosomal-associated protein 23; Essential component of the high affinity receptor for the general membrane fusion machinery and an important regulator of transport vesicle docking and fusion; Belongs to the SNAP-25 family.
ITGB1	141	9606.ENSP00000379350	9606	Homo sapiens	ITGB1	Integrin beta-1; Integrins alpha-1/beta-1, alpha-2/beta-1, alpha-10/beta-1 and alpha-11/beta-1 are receptors for collagen. Integrins alpha-1/beta-1 and alpha-2/beta-2 recognize the proline-hydroxylated sequence G-F-P-G- E-R in collagen. Integrins alpha-2/beta-1, alpha-3/beta-1, alpha- 4/beta-1, alpha-5/beta-1, alpha-8/beta-1, alpha-10/beta-1, alpha- 11/beta-1 and alpha-V/beta-1 are receptors for fibronectin. Alpha- 4/beta-1 recognizes one or more domains within the alternatively spliced CS-1 and CS-5 regions of fibronectin. Integrin alpha-5/beta-1 is a receptor for fibrinogen. Integrin [...] 
KIF5B	142	9606.ENSP00000307078	9606	Homo sapiens	KIF5B	Kinesin-1 heavy chain; Microtubule-dependent motor required for normal distribution of mitochondria and lysosomes. Can induce formation of neurite-like membrane protrusions in non-neuronal cells in a ZFYVE27-dependent manner (By similarity). Regulates centrosome and nuclear positioning during mitotic entry. During the G2 phase of the cell cycle in a BICD2- dependent manner, antagonizes dynein function and drives the separation of nuclei and centrosomes. Required for anterograde axonal transportation of MAPK8IP3/JIP3 which is essential for MAPK8IP3/JIP3 function in axon elongation (By s [...] 
CLK3	143	9606.ENSP00000378505	9606	Homo sapiens	CLK3	Dual specificity protein kinase CLK3; Dual specificity kinase acting on both serine/threonine and tyrosine-containing substrates. Phosphorylates serine- and arginine- rich (SR) proteins of the spliceosomal complex. May be a constituent of a network of regulatory mechanisms that enable SR proteins to control RNA splicing and can cause redistribution of SR proteins from speckles to a diffuse nucleoplasmic distribution. Phosphorylates SRSF1 and SRSF3. Regulates the alternative splicing of tissue factor (F3) pre- mRNA in endothelial cells; Belongs to the protein kinase superfamily. CMGC Se [...] 
WASF2	144	9606.ENSP00000483313	9606	Homo sapiens	WASF2	Wiskott-Aldrich syndrome protein family member 2; Downstream effector molecule involved in the transmission of signals from tyrosine kinase receptors and small GTPases to the actin cytoskeleton. Promotes formation of actin filaments. Part of the WAVE complex that regulates lamellipodia formation. The WAVE complex regulates actin filament reorganization via its interaction with the Arp2/3 complex; Belongs to the SCAR/WAVE family.
TMC6	145	9606.ENSP00000465261	9606	Homo sapiens	TMC6	Transmembrane channel-like protein 6; Probable ion channel; Belongs to the TMC family.
SPART	146	9606.ENSP00000414147	9606	Homo sapiens	SPART	Spartin; May be implicated in endosomal trafficking, or microtubule dynamics, or both. Participates in cytokinesis.
RIT1	147	9606.ENSP00000357305	9606	Homo sapiens	RIT1	GTP-binding protein Rit1; Plays a crucial role in coupling NGF stimulation to the activation of both EPHB2 and MAPK14 signaling pathways and in NGF- dependent neuronal differentiation. Involved in ELK1 transactivation through the Ras-MAPK signaling cascade that mediates a wide variety of cellular functions, including cell proliferation, survival, and differentiation; Belongs to the small GTPase superfamily. Ras family.
CENPB	148	9606.ENSP00000369075	9606	Homo sapiens	CENPB	Major centromere autoantigen B; Interacts with centromeric heterochromatin in chromosomes and binds to a specific 17 bp subset of alphoid satellite DNA, called the CENP-B box. May organize arrays of centromere satellite DNA into a higher-order structure which then directs centromere formation and kinetochore assembly in mammalian chromosomes (Probable).
BAZ1B	149	9606.ENSP00000342434	9606	Homo sapiens	BAZ1B	Tyrosine-protein kinase BAZ1B; Atypical tyrosine-protein kinase that plays a central role in chromatin remodeling and acts as a transcription regulator. Involved in DNA damage response by phosphorylating 'Tyr-142' of histone H2AX (H2AXY142ph). H2AXY142ph plays a central role in DNA repair and acts as a mark that distinguishes between apoptotic and repair responses to genotoxic stress. Essential component of the WICH complex, a chromatin remodeling complex that mobilizes nucleosomes and reconfigures irregular chromatin to a regular nucleosomal array structure. The WICH complex regulates [...] 
HNRNPF	150	9606.ENSP00000400433	9606	Homo sapiens	HNRNPF	Heterogeneous nuclear ribonucleoprotein F, N-terminally processed; Component of the heterogeneous nuclear ribonucleoprotein (hnRNP) complexes which provide the substrate for the processing events that pre-mRNAs undergo before becoming functional, translatable mRNAs in the cytoplasm. Plays a role in the regulation of alternative splicing events. Binds G-rich sequences in pre-mRNAs and keeps target RNA in an unfolded state.
KLF6	151	9606.ENSP00000419923	9606	Homo sapiens	KLF6	Krueppel-like factor 6; Transcriptional activator (By similarity). Binds a GC box motif. Could play a role in B-cell growth and development.
MECOM	152	9606.ENSP00000264674	9606	Homo sapiens	MECOM	Histone-lysine N-methyltransferase MECOM; [Isoform 1]: Functions as a transcriptional regulator binding to DNA sequences in the promoter region of target genes and regulating positively or negatively their expression. Oncogene which plays a role in development, cell proliferation and differentiation. May also play a role in apoptosis through regulation of the JNK and TGF-beta signaling. Involved in hematopoiesis.
TGFB2	153	9606.ENSP00000355896	9606	Homo sapiens	TGFB2	Transforming growth factor beta-2 proprotein; Transforming growth factor beta-2 proprotein: Precursor of the Latency-associated peptide (LAP) and Transforming growth factor beta-2 (TGF-beta-2) chains, which constitute the regulatory and active subunit of TGF-beta-2, respectively. Transforming growth factor beta-2: Multifunctional protein that regulates various processes such as angiogenesis and heart development. Activation into mature form follows different steps: following cleavage of the proprotein in the Golgi apparatus, Latency-associated peptide (LAP) and Transforming growth fact [...] 
BAZ1A	154	9606.ENSP00000371859	9606	Homo sapiens	BAZ1A	Bromodomain adjacent to zinc finger domain protein 1A; Component of the ACF complex, an ATP-dependent chromatin remodeling complex, that regulates spacing of nucleosomes using ATP to generate evenly spaced nucleosomes along the chromatin. The ATPase activity of the complex is regulated by the length of flanking DNA. Also involved in facilitating the DNA replication process. BAZ1A is the accessory, non-catalytic subunit of the complex which can enhance and direct the process provided by the ATPase subunit, SMARCA5, probably through targeting pericentromeric heterochromatin in late S pha [...] 
EPS8	155	9606.ENSP00000494689	9606	Homo sapiens	EPS8	Epidermal growth factor receptor kinase substrate 8; Signaling adapter that controls various cellular protrusions by regulating actin cytoskeleton dynamics and architecture. Depending on its association with other signal transducers, can regulate different processes. Together with SOS1 and ABI1, forms a trimeric complex that participates in transduction of signals from Ras to Rac by activating the Rac-specific guanine nucleotide exchange factor (GEF) activity. Acts as a direct regulator of actin dynamics by binding actin filaments and has both barbed-end actin filament capping and acti [...] 
RALBP1	156	9606.ENSP00000372924	9606	Homo sapiens	RALBP1	RalA-binding protein 1; Can activate specifically hydrolysis of GTP bound to RAC1 and CDC42, but not RALA. Mediates ATP-dependent transport of S-(2,4- dinitrophenyl)-glutathione (DNP-SG) and doxorubicin (DOX) and is the major ATP-dependent transporter of glutathione conjugates of electrophiles (GS-E) and DOX in erythrocytes. Can catalyze transport of glutathione conjugates and xenobiotics, and may contribute to the multidrug resistance phenomenon. Serves as a scaffold protein that brings together proteins forming an endocytotic complex during interphase and also with CDK1 to switch off [...] 
EZR	157	9606.ENSP00000338934	9606	Homo sapiens	EZR	Ezrin; Probably involved in connections of major cytoskeletal structures to the plasma membrane. In epithelial cells, required for the formation of microvilli and membrane ruffles on the apical pole. Along with PLEKHG6, required for normal macropinocytosis.
GTF3C5	158	9606.ENSP00000361180	9606	Homo sapiens	GTF3C5	General transcription factor 3C polypeptide 5; Involved in RNA polymerase III-mediated transcription. Integral, tightly associated component of the DNA-binding TFIIIC2 subcomplex that directly binds tRNA and virus-associated RNA promoters.
MACF1	159	9606.ENSP00000354573	9606	Homo sapiens	MACF1	Microtubule-actin cross-linking factor 1, isoforms 1/2/3/5; [Isoform 2]: F-actin-binding protein which plays a role in cross-linking actin to other cytoskeletal proteins and also binds to microtubules. Plays an important role in ERBB2-dependent stabilization of microtubules at the cell cortex. Acts as a positive regulator of Wnt receptor signaling pathway and is involved in the translocation of AXIN1 and its associated complex (composed of APC, CTNNB1 and GSK3B) from the cytoplasm to the cell membrane (By similarity). Has actin-regulated ATPase activity and is essential for controlling [...] 
IVNS1ABP	160	9606.ENSP00000356468	9606	Homo sapiens	IVNS1ABP	Influenza virus NS1A-binding protein; Involved in many cell functions, including pre-mRNA splicing, the aryl hydrocarbon receptor (AHR) pathway, F-actin organization and protein ubiquitination. Plays a role in the dynamic organization of the actin skeleton as a stabilizer of actin filaments by association with F-actin through Kelch repeats (By similarity). Protects cells from cell death induced by actin destabilization (By similarity). Functions as modifier of the AHR/Aryl hydrocarbon receptor pathway increasing the concentration of AHR available to activate transcription. In addition, [...] 
STARD3	161	9606.ENSP00000337446	9606	Homo sapiens	STARD3	StAR-related lipid transfer protein 3; Sterol-binding protein that mediates cholesterol transport from the endoplasmic reticulum to endosomes. Creates contact site between the endoplasmic reticulum and late endosomes: localizes to late endosome membranes and contacts the endoplasmic reticulum via interaction with VAPA and VAPB. Acts as a lipid transfer protein that redirects sterol to the endosome at the expense of the cell membrane and favors membrane formation inside endosomes. May also mediate cholesterol transport between other membranes, such as mitochondria membrane or cell membr [...] 
KTN1	162	9606.ENSP00000378725	9606	Homo sapiens	KTN1	Kinectin; Receptor for kinesin thus involved in kinesin-driven vesicle motility. Accumulates in integrin-based adhesion complexes (IAC) upon integrin aggregation by fibronectin; Belongs to the kinectin family.
PTTG1IP	163	9606.ENSP00000328325	9606	Homo sapiens	PTTG1IP	Pituitary tumor-transforming gene 1 protein-interacting protein; May facilitate PTTG1 nuclear translocation.
STAT5B	164	9606.ENSP00000293328	9606	Homo sapiens	STAT5B	Signal transducer and activator of transcription 5B; Carries out a dual function: signal transduction and activation of transcription. Mediates cellular responses to the cytokine KITLG/SCF and other growth factors. Binds to the GAS element and activates PRL-induced transcription. Positively regulates hematopoietic/erythroid differentiation.
TLE4	165	9606.ENSP00000365720	9606	Homo sapiens	TLE4	Transducin-like enhancer protein 4; Transcriptional corepressor that binds to a number of transcription factors. Inhibits the transcriptional activation mediated by PAX5, and by CTNNB1 and TCF family members in Wnt signaling. The effects of full-length TLE family members may be modulated by association with dominant-negative AES. Essential for the transcriptional repressor activity of SIX3 during retina and lens development and for SIX3 transcriptional auto-repression (By similarity); Belongs to the WD repeat Groucho/TLE family.
PHLPP1	166	9606.ENSP00000262719	9606	Homo sapiens	PHLPP1	PH domain leucine-rich repeat-containing protein phosphatase 1; Protein phosphatase involved in regulation of Akt and PKC signaling. Mediates dephosphorylation in the C-terminal domain hydrophobic motif of members of the AGC Ser/Thr protein kinase family; specifically acts on 'Ser-473' of AKT2 and AKT3, 'Ser-660' of PRKCB and 'Ser-657' of PRKCA. Isoform 2 seems to have a major role in regulating Akt signaling in hippocampal neurons (By similarity). Akt regulates the balance between cell survival and apoptosis through a cascade that primarily alters the function of transcription factors [...] 
UPF2	167	9606.ENSP00000348708	9606	Homo sapiens	UPF2	Regulator of nonsense transcripts 2; Involved in nonsense-mediated decay (NMD) of mRNAs containing premature stop codons by associating with the nuclear exon junction complex (EJC). Recruited by UPF3B associated with the EJC core at the cytoplasmic side of the nuclear envelope and the subsequent formation of an UPF1-UPF2-UPF3 surveillance complex (including UPF1 bound to release factors at the stalled ribosome) is believed to activate NMD. In cooperation with UPF3B stimulates both ATPase and RNA helicase activities of UPF1. Binds spliced mRNA.
RALGDS	168	9606.ENSP00000361120	9606	Homo sapiens	RALGDS	Ral guanine nucleotide dissociation stimulator; Stimulates the dissociation of GDP from the Ras-related RalA and RalB GTPases which allows GTP binding and activation of the GTPases. Interacts and acts as an effector molecule for R-Ras, H-Ras, K-Ras, and Rap.
AXL	169	9606.ENSP00000301178	9606	Homo sapiens	AXL	Tyrosine-protein kinase receptor UFO; Receptor tyrosine kinase that transduces signals from the extracellular matrix into the cytoplasm by binding growth factor GAS6 and which is thus regulating many physiological processes including cell survival, cell proliferation, migration and differentiation. Ligand binding at the cell surface induces dimerization and autophosphorylation of AXL. Following activation by ligand, ALX binds and induces tyrosine phosphorylation of PI3-kinase subunits PIK3R1, PIK3R2 and PIK3R3; but also GRB2, PLCG1, LCK and PTPN11. Other downstream substrate candidates [...] 
TOB1	170	9606.ENSP00000427695	9606	Homo sapiens	TOB1	Protein Tob1; Anti-proliferative protein; the function is mediated by association with deadenylase subunits of the CCR4-NOT complex. Mediates CPEB3-accelerated mRNA deadenylation by binding to CPEB3 and recruiting CNOT7 which leads to target mRNA deadenylation and decay. Belongs to the BTG family.
BTG1	171	9606.ENSP00000256015	9606	Homo sapiens	BTG1	Protein BTG1; Anti-proliferative protein.
CEP104	172	9606.ENSP00000367476	9606	Homo sapiens	CEP104	Centrosomal protein of 104 kDa; Required for ciliogenesis and for structural integrity at the ciliary tip.
TNIP1	173	9606.ENSP00000317891	9606	Homo sapiens	TNIP1	TNFAIP3-interacting protein 1; Inhibits NF-kappa-B activation and TNF-induced NF-kappa-B- dependent gene expression by regulating A20/TNFAIP3-mediated deubiquitination of IKBKG; proposed to link A20/TNFAIP3 to ubiquitinated IKBKG. Involved in regulation of EGF-induced ERK1/ERK2 signaling pathway; blocks MAPK3/MAPK1 nuclear translocation and MAPK1- dependent transcription. Increases cell surface CD4(T4) antigen expression. Involved in the anti-inflammatory response of macrophages and positively regulates TLR-induced activation of CEBPB. Involved in the prevention of autoimmunity; this f [...] 
STAG2	174	9606.ENSP00000218089	9606	Homo sapiens	STAG2	Cohesin subunit SA-2; Component of cohesin complex, a complex required for the cohesion of sister chromatids after DNA replication. The cohesin complex apparently forms a large proteinaceous ring within which sister chromatids can be trapped. At anaphase, the complex is cleaved and dissociates from chromatin, allowing sister chromatids to segregate. The cohesin complex may also play a role in spindle pole assembly during mitosis.
CHORDC1	175	9606.ENSP00000319255	9606	Homo sapiens	CHORDC1	Cysteine and histidine-rich domain-containing protein 1; Regulates centrosome duplication, probably by inhibiting the kinase activity of ROCK2. Proposed to act as co-chaperone for HSP90. May play a role in the regulation of NOD1 via a HSP90 chaperone complex. In vitro, has intrinsic chaperone activity. This function may be achieved by inhibiting association of ROCK2 with NPM1. Involved in stress response. Prevents tumorigenesis.
TBXAS1	176	9606.ENSP00000389414	9606	Homo sapiens	TBXAS1	Thromboxane A synthase 1; Belongs to the cytochrome P450 family.
HERPUD1	177	9606.ENSP00000409555	9606	Homo sapiens	HERPUD1	Homocysteine-responsive endoplasmic reticulum-resident ubiquitin-like domain member 1 protein; Component of the endoplasmic reticulum quality control (ERQC) system also called ER-associated degradation (ERAD) involved in ubiquitin-dependent degradation of misfolded endoplasmic reticulum proteins. Could enhance presenilin-mediated amyloid-beta protein 40 generation. Binds to ubiquilins and this interaction is required for efficient degradation of CD3D via the ERAD pathway.
ZHX2	178	9606.ENSP00000314709	9606	Homo sapiens	ZHX2	Zinc fingers and homeoboxes protein 2; Acts as a transcriptional repressor. Represses the promoter activity of the CDC25C gene stimulated by NFYA. May play a role in retinal development where it regulates the composition of bipolar cell populations, by promoting differentiation of bipolar OFF-type cells (By similarity). In the brain, may promote maintenance and suppress differentiation of neural progenitor cells in the developing cortex (By similarity).
TRPS1	179	9606.ENSP00000379065	9606	Homo sapiens	TRPS1	Zinc finger transcription factor Trps1; Transcriptional repressor. Binds specifically to GATA sequences and represses expression of GATA-regulated genes at selected sites and stages in vertebrate development. Regulates chondrocyte proliferation and differentiation. Executes multiple functions in proliferating chondrocytes, expanding the region of distal chondrocytes, activating proliferation in columnar cells and supporting the differentiation of columnar into hypertrophic chondrocytes.
RNF144A	180	9606.ENSP00000321330	9606	Homo sapiens	RNF144A	E3 ubiquitin-protein ligase RNF144A; E3 ubiquitin-protein ligase which accepts ubiquitin from E2 ubiquitin-conjugating enzymes UBE2L3 and UBE2L6 in the form of a thioester and then directly transfers the ubiquitin to targeted substrates. Mediates the ubiquitination and degradation of the DNA damage kinase PRKDC; Belongs to the RBR family. RNF144 subfamily.
XPO1	181	9606.ENSP00000384863	9606	Homo sapiens	XPO1	Exportin-1; Mediates the nuclear export of cellular proteins (cargos) bearing a leucine-rich nuclear export signal (NES) and of RNAs. In the nucleus, in association with RANBP3, binds cooperatively to the NES on its target protein and to the GTPase RAN in its active GTP-bound form (Ran-GTP). Docking of this complex to the nuclear pore complex (NPC) is mediated through binding to nucleoporins. Upon transit of a nuclear export complex into the cytoplasm, disassembling of the complex and hydrolysis of Ran-GTP to Ran-GDP (induced by RANBP1 and RANGAP1, respectively) cause release of the ca [...] 
RAB31	182	9606.ENSP00000461945	9606	Homo sapiens	RAB31	Ras-related protein Rab-31; The small GTPases Rab are key regulators of intracellular membrane trafficking, from the formation of transport vesicles to their fusion with membranes. Rabs cycle between an inactive GDP-bound form and an active GTP-bound form that is able to recruit to membranes different set of downstream effectors directly responsible for vesicle formation, movement, tethering and fusion. Required for the integrity and for normal function of the Golgi apparatus and the trans-Golgi network. Plays a role in insulin-stimulated translocation of GLUT4 to the cell membrane. Pl [...] 
MSN	183	9606.ENSP00000353408	9606	Homo sapiens	MSN	Moesin; Ezrin-radixin-moesin (ERM) family protein that connects the actin cytoskeleton to the plasma membrane and thereby regulates the structure and function of specific domains of the cell cortex. Tethers actin filaments by oscillating between a resting and an activated state providing transient interactions between moesin and the actin cytoskeleton. Once phosphorylated on its C-terminal threonine, moesin is activated leading to interaction with F-actin and cytoskeletal rearrangement. These rearrangements regulate many cellular processes, including cell shape determination, membrane  [...] 
PYGL	184	9606.ENSP00000216392	9606	Homo sapiens	PYGL	Glycogen phosphorylase, liver form; Phosphorylase is an important allosteric enzyme in carbohydrate metabolism. Enzymes from different sources differ in their regulatory mechanisms and in their natural substrates. However, all known phosphorylases share catalytic and structural properties.
TRIOBP	185	9606.ENSP00000496394	9606	Homo sapiens	TRIOBP	TRIO and F-actin-binding protein; May regulate actin cytoskeletal organization, cell spreading and cell contraction by directly binding and stabilizing filamentous F- actin. The localized formation of TARA and TRIO complexes coordinates the amount of F-actin present in stress fibers. May also serve as a linker protein to recruit proteins required for F-actin formation and turnover.
ATM	186	9606.ENSP00000278616	9606	Homo sapiens	ATM	Serine-protein kinase ATM; Serine/threonine protein kinase which activates checkpoint signaling upon double strand breaks (DSBs), apoptosis and genotoxic stresses such as ionizing ultraviolet A light (UVA), thereby acting as a DNA damage sensor. Recognizes the substrate consensus sequence [ST]- Q. Phosphorylates 'Ser-139' of histone variant H2AX at double strand breaks (DSBs), thereby regulating DNA damage response mechanism. Also plays a role in pre-B cell allelic exclusion, a process leading to expression of a single immunoglobulin heavy chain allele to enforce clonality and monospec [...] 
CNTRL	187	9606.ENSP00000362962	9606	Homo sapiens	CNTRL	Centriolin; Involved in cell cycle progression and cytokinesis. During the late steps of cytokinesis, anchors exocyst and SNARE complexes at the midbody, thereby allowing secretory vesicle-mediated abscission.
MCL1	188	9606.ENSP00000358022	9606	Homo sapiens	MCL1	Induced myeloid leukemia cell differentiation protein Mcl-1; Involved in the regulation of apoptosis versus cell survival, and in the maintenance of viability but not of proliferation. Mediates its effects by interactions with a number of other regulators of apoptosis. Isoform 1 inhibits apoptosis. Isoform 2 promotes apoptosis. Belongs to the Bcl-2 family.
PRKCH	189	9606.ENSP00000329127	9606	Homo sapiens	PRKCH	Protein kinase C eta type; Calcium-independent, phospholipid- and diacylglycerol (DAG)- dependent serine/threonine-protein kinase that is involved in the regulation of cell differentiation in keratinocytes and pre-B cell receptor, mediates regulation of epithelial tight junction integrity and foam cell formation, and is required for glioblastoma proliferation and apoptosis prevention in MCF-7 cells. In keratinocytes, binds and activates the tyrosine kinase FYN, which in turn blocks epidermal growth factor receptor (EGFR) signaling and leads to keratinocyte growth arrest and differentia [...] 
SEC11A	190	9606.ENSP00000452697	9606	Homo sapiens	SEC11A	SEC11 homolog A, signal peptidase complex subunit.
ELF2	191	9606.ENSP00000368868	9606	Homo sapiens	ELF2	ETS-related transcription factor Elf-2; Isoform 1 transcriptionally activates the LYN and BLK promoters and acts synergistically with RUNX1 to transactivate the BLK promoter.
G3BP1	192	9606.ENSP00000377681	9606	Homo sapiens	G3BP1	Ras GTPase-activating protein-binding protein 1; ATP- and magnesium-dependent helicase that plays an essential role in innate immunity. Participates in the DNA- triggered cGAS/STING pathway by promoting the DNA binding and activation of CGAS. Enhances also DDX58-induced type I interferon production probably by helping DDX58 at sensing pathogenic RNA. In addition, plays an essential role in stress granule formation. Unwinds preferentially partial DNA and RNA duplexes having a 17 bp annealed portion and either a hanging 3' tail or hanging tails at both 5'- and 3'-ends. Unwinds DNA/DNA, R [...] 
CBFB	193	9606.ENSP00000415151	9606	Homo sapiens	CBFB	Core-binding factor subunit beta; Forms the heterodimeric complex core-binding factor (CBF) with RUNX family proteins (RUNX1, RUNX2, and RUNX3). RUNX members modulate the transcription of their target genes through recognizing the core consensus binding sequence 5'-TGTGGT-3', or very rarely, 5'- TGCGGT-3', within their regulatory regions via their runt domain, while CBFB is a non-DNA-binding regulatory subunit that allosterically enhances the sequence-specific DNA-binding capacity of RUNX. The heterodimers bind to the core site of a number of enhancers and promoters, including murine l [...] 
ZRSR2	194	9606.ENSP00000303015	9606	Homo sapiens	ZRSR2	U2 small nuclear ribonucleoprotein auxiliary factor 35 kDa subunit-related protein 2; Pre-mRNA-binding protein required for splicing of both U2- and U12-type introns. Selectively interacts with the 3'-splice site of U2- and U12-type pre-mRNAs and promotes different steps in U2 and U12 intron splicing. Recruited to U12 pre-mRNAs in an ATP-dependent manner and is required for assembly of the prespliceosome, a precursor to other spliceosomal complexes. For U2-type introns, it is selectively and specifically required for the second step of splicing.
KCNN3	195	9606.ENSP00000481848	9606	Homo sapiens	KCNN3	Small conductance calcium-activated potassium channel protein 3; Forms a voltage-independent potassium channel activated by intracellular calcium. Activation is followed by membrane hyperpolarization. Thought to regulate neuronal excitability by contributing to the slow component of synaptic afterhyperpolarization. The channel is blocked by apamin; Belongs to the potassium channel KCNN family. KCa2.3/KCNN3 subfamily.
PPFIA1	196	9606.ENSP00000253925	9606	Homo sapiens	PPFIA1	Liprin-alpha-1; May regulate the disassembly of focal adhesions. May localize receptor-like tyrosine phosphatases type 2A at specific sites on the plasma membrane, possibly regulating their interaction with the extracellular environment and their association with substrates. Belongs to the liprin family. Liprin-alpha subfamily.
SPP1	197	9606.ENSP00000378517	9606	Homo sapiens	SPP1	Osteopontin; Binds tightly to hydroxyapatite. Appears to form an integral part of the mineralized matrix. Probably important to cell-matrix interaction.
WDR45	198	9606.ENSP00000348848	9606	Homo sapiens	WDR45	WD repeat domain phosphoinositide-interacting protein 4; Component of the autophagy machinery that controls the major intracellular degradation process by which cytoplasmic materials are packaged into autophagosomes and delivered to lysosomes for degradation. Activated by the STK11/AMPK signaling pathway upon starvation, WDR45 is involved in autophagosome assembly downstream of WIPI2, regulating the size of forming autophagosomes. Probably recruited to membranes through its PtdIns3P activity.
TMOD3	199	9606.ENSP00000308753	9606	Homo sapiens	TMOD3	Tropomodulin-3; Blocks the elongation and depolymerization of the actin filaments at the pointed end. The Tmod/TM complex contributes to the formation of the short actin protofilament, which in turn defines the geometry of the membrane skeleton (By similarity); Belongs to the tropomodulin family.
PAK2	200	9606.ENSP00000314067	9606	Homo sapiens	PAK2	Serine/threonine-protein kinase PAK 2; Serine/threonine protein kinase that plays a role in a variety of different signaling pathways including cytoskeleton regulation, cell motility, cell cycle progression, apoptosis or proliferation. Acts as downstream effector of the small GTPases CDC42 and RAC1. Activation by the binding of active CDC42 and RAC1 results in a conformational change and a subsequent autophosphorylation on several serine and/or threonine residues. Full-length PAK2 stimulates cell survival and cell growth. Phosphorylates MAPK4 and MAPK6 and activates the downstream targ [...] 
TJP2	201	9606.ENSP00000438262	9606	Homo sapiens	TJP2	Tight junction protein ZO-2; Plays a role in tight junctions and adherens junctions.
MPDZ	202	9606.ENSP00000320006	9606	Homo sapiens	MPDZ	Multiple PDZ domain protein; Interacts with HTR2C and provokes its clustering at the cell surface (By similarity). Member of the NMDAR signaling complex that may play a role in control of AMPAR potentiation and synaptic plasticity in excitatory synapses.
ATL3	203	9606.ENSP00000381844	9606	Homo sapiens	ATL3	Atlastin-3; GTPase tethering membranes through formation of trans- homooligomers and mediating homotypic fusion of endoplasmic reticulum membranes. Functions in endoplasmic reticulum tubular network biogenesis.
KAT2B	204	9606.ENSP00000263754	9606	Homo sapiens	KAT2B	Histone acetyltransferase KAT2B; Functions as a histone acetyltransferase (HAT) to promote transcriptional activation. Has significant histone acetyltransferase activity with core histones (H3 and H4), and also with nucleosome core particles. Also acetylates non- histone proteins, such as ACLY, PLK4, RRP9/U3-55K and TBX5. Inhibits cell-cycle progression and counteracts the mitogenic activity of the adenoviral oncoprotein E1A. Acts as a circadian transcriptional coactivator which enhances the activity of the circadian transcriptional activators: NPAS2-ARNTL/BMAL1 and CLOCK-ARNTL/BMAL1 h [...] 
EFCAB14	205	9606.ENSP00000361001	9606	Homo sapiens	EFCAB14	EF-hand calcium-binding domain-containing protein 14; EF-hand calcium binding domain 14.
PDE9A	206	9606.ENSP00000291539	9606	Homo sapiens	PDE9A	High affinity cGMP-specific 3',5'-cyclic phosphodiesterase 9A; Specifically hydrolyzes the second messenger cGMP, which is a key regulator of many important physiological processes. Highly specific: compared to other members of the cyclic nucleotide phosphodiesterase family, has the highest affinity and selectivity for cGMP. Specifically regulates natriuretic-peptide-dependent cGMP signaling in heart, acting as a regulator of cardiac hypertrophy in myocytes and muscle. Does not regulate nitric oxide-dependent cGMP in heart. Additional experiments are required to confirm whether its abi [...] 
PKNOX1	207	9606.ENSP00000291547	9606	Homo sapiens	PKNOX1	Homeobox protein PKNOX1; Activates transcription in the presence of PBX1A and HOXA1.
MUTYH	208	9606.ENSP00000500891	9606	Homo sapiens	MUTYH	Adenine DNA glycosylase; Involved in oxidative DNA damage repair. Initiates repair of A*oxoG to C*G by removing the inappropriately paired adenine base from the DNA backbone. Possesses both adenine and 2-OH-A DNA glycosylase activities. Belongs to the Nth/MutY family.
PLPP1	209	9606.ENSP00000264775	9606	Homo sapiens	PLPP1	Phospholipid phosphatase 1; Magnesium-independent phospholipid phosphatase of the plasma membrane that catalyzes the dephosphorylation of a variety of glycerolipid and sphingolipid phosphate esters including phosphatidate/PA, lysophosphatidate/LPA, diacylglycerol pyrophosphate/DGPP, sphingosine 1-phosphate/S1P and ceramide 1- phosphate/C1P. Also acts on N-oleoyl ethanolamine phosphate/N-(9Z-octadecenoyl)-ethanolamine phosphate, a potential physiological compound. Through its extracellular phosphatase activity allows both the hydrolysis and the cellular uptake of these bioactive lipid m [...] 
SELENOP	210	9606.ENSP00000425915	9606	Homo sapiens	SELENOP	Selenoprotein P; Might be responsible for some of the extracellular antioxidant defense properties of selenium or might be involved in the transport of selenium. May supply selenium to tissues such as brain and testis.
DPF2	211	9606.ENSP00000252268	9606	Homo sapiens	DPF2	Zinc finger protein ubi-d4; Plays an active role in transcriptional regulation by binding modified histones H3 and H4. Is a negative regulator of myeloid differentiation of hematopoietic progenitor cells. Might also have a role in the development and maturation of lymphoid cells (By similarity). Involved in the regulation of non-canonical NF-kappa-B pathway.
ST3GAL1	212	9606.ENSP00000428540	9606	Homo sapiens	ST3GAL1	CMP-N-acetylneuraminate-beta-galactosamide-alpha-2,3-sialyltransferase 1; Responsible for the synthesis of the sequence NeuAc-alpha- 2,3-Gal-beta-1,3-GalNAc- found on sugar chains O-linked to Thr or Ser and also as a terminal sequence on certain gangliosides. SIAT4A and SIAT4B sialylate the same acceptor substrates but exhibit different Km values; Belongs to the glycosyltransferase 29 family.
SLC44A1	213	9606.ENSP00000363852	9606	Homo sapiens	SLC44A1	Choline transporter-like protein 1; Choline transporter. May be involved in membrane synthesis and myelin production; Belongs to the CTL (choline transporter-like) family.
BARD1	214	9606.ENSP00000260947	9606	Homo sapiens	BARD1	BRCA1-associated RING domain protein 1; E3 ubiquitin-protein ligase. The BRCA1-BARD1 heterodimer specifically mediates the formation of 'Lys-6'-linked polyubiquitin chains and coordinates a diverse range of cellular pathways such as DNA damage repair, ubiquitination and transcriptional regulation to maintain genomic stability. Plays a central role in the control of the cell cycle in response to DNA damage. Acts by mediating ubiquitin E3 ligase activity that is required for its tumor suppressor function. Also forms a heterodimer with CSTF1/CSTF-50 to modulate mRNA processing and RNAP II [...] 
DDB2	215	9606.ENSP00000256996	9606	Homo sapiens	DDB2	DNA damage-binding protein 2; Required for DNA repair. Binds to DDB1 to form the UV-damaged DNA-binding protein complex (the UV-DDB complex). The UV-DDB complex may recognize UV-induced DNA damage and recruit proteins of the nucleotide excision repair pathway (the NER pathway) to initiate DNA repair. The UV-DDB complex preferentially binds to cyclobutane pyrimidine dimers (CPD), 6-4 photoproducts (6-4 PP), apurinic sites and short mismatches. Also appears to function as the substrate recognition module for the DCX (DDB1-CUL4-X-box) E3 ubiquitin-protein ligase complex DDB1-CUL4-ROC1 (al [...] 
ANP32B	216	9606.ENSP00000345848	9606	Homo sapiens	ANP32B	Acidic leucine-rich nuclear phosphoprotein 32 family member B; Multifunctional protein working as a cell cycle progression factor as well as a cell survival factor. Required for the progression from the G1 to the S phase. Anti-apoptotic protein which functions as a caspase-3 inhibitor. Has no phosphatase 2A (PP2A) inhibitor activity (By similarity). Exhibits histone chaperone properties, stimulating core histones to assemble into a nucleosome; Belongs to the ANP32 family.
CDK18	217	9606.ENSP00000423665	9606	Homo sapiens	CDK18	Cyclin-dependent kinase 18; May play a role in signal transduction cascades in terminally differentiated cells; Belongs to the protein kinase superfamily. CMGC Ser/Thr protein kinase family. CDC2/CDKX subfamily.
CHSY1	218	9606.ENSP00000254190	9606	Homo sapiens	CHSY1	Chondroitin sulfate synthase 1; Has both beta-1,3-glucuronic acid and beta-1,4-N- acetylgalactosamine transferase activity. Transfers glucuronic acid (GlcUA) from UDP-GlcUA and N-acetylgalactosamine (GalNAc) from UDP- GalNAc to the non-reducing end of the elongating chondroitin polymer. Involved in the negative control of osteogenesis likely through the modulation of NOTCH signaling.
ATP6V0E1	219	9606.ENSP00000429690	9606	Homo sapiens	ATP6V0E1	V-type proton ATPase subunit e 1; Vacuolar ATPase is responsible for acidifying a variety of intracellular compartments in eukaryotic cells; Belongs to the V-ATPase e1/e2 subunit family.
PRCP	220	9606.ENSP00000377055	9606	Homo sapiens	PRCP	Lysosomal Pro-X carboxypeptidase; Cleaves C-terminal amino acids linked to proline in peptides such as angiotensin II, III and des-Arg9-bradykinin. This cleavage occurs at acidic pH, but enzymatic activity is retained with some substrates at neutral pH.
DNAJB1	221	9606.ENSP00000254322	9606	Homo sapiens	DNAJB1	DnaJ homolog subfamily B member 1; Interacts with HSP70 and can stimulate its ATPase activity. Stimulates the association between HSC70 and HIP. Negatively regulates heat shock-induced HSF1 transcriptional activity during the attenuation and recovery phase period of the heat shock response. Stimulates ATP hydrolysis and the folding of unfolded proteins mediated by HSPA1A/B (in vitro).
CEMIP2	222	9606.ENSP00000366243	9606	Homo sapiens	CEMIP2	Cell surface hyaluronidase; Cell surface hyaluronidase that mediates the initial cleavage of extracellular high-molecular-weight hyaluronan into intermediate- size hyaluronan of approximately 5 kDa fragments. Acts as a regulator of angiogenesis and heart morphogenesis by mediating degradation of extracellular hyaluronan, thereby regulating VEGF signaling (By similarity). Is very specific to hyaluronan; not able to cleave chondroitin sulfate or dermatan sulfate.
HNRNPA2B1	223	9606.ENSP00000346694	9606	Homo sapiens	HNRNPA2B1	Heterogeneous nuclear ribonucleoproteins A2/B1; Heterogeneous nuclear ribonucleoprotein (hnRNP) that associates with nascent pre-mRNAs, packaging them into hnRNP particles. The hnRNP particle arrangement on nascent hnRNA is non-random and sequence-dependent and serves to condense and stabilize the transcripts and minimize tangling and knotting. Packaging plays a role in various processes such as transcription, pre-mRNA processing, RNA nuclear export, subcellular location, mRNA translation and stability of mature mRNAs. Forms hnRNP particles with at least 20 other different hnRNP and he [...] 
KDSR	224	9606.ENSP00000494352	9606	Homo sapiens	KDSR	3-ketodihydrosphingosine reductase; Catalyzes the reduction of 3-ketodihydrosphingosine (KDS) to dihydrosphingosine (DHS); Belongs to the short-chain dehydrogenases/reductases (SDR) family.
CRYAB	225	9606.ENSP00000433560	9606	Homo sapiens	CRYAB	Alpha-crystallin B chain; May contribute to the transparency and refractive index of the lens. Has chaperone-like activity, preventing aggregation of various proteins under a wide range of stress conditions.
SP100	226	9606.ENSP00000343023	9606	Homo sapiens	SP100	Nuclear autoantigen Sp-100; Together with PML, this tumor suppressor is a major constituent of the PML bodies, a subnuclear organelle involved in a large number of physiological processes including cell growth, differentiation and apoptosis. Functions as a transcriptional coactivator of ETS1 and ETS2 according to. Under certain conditions, it may also act as a corepressor of ETS1 preventing its binding to DNA according to. Through the regulation of ETS1 it may play a role in angiogenesis, controlling endothelial cell motility and invasion. Through interaction with the MRN complex it ma [...] 
NUDT5	227	9606.ENSP00000419628	9606	Homo sapiens	NUDT5	ADP-sugar pyrophosphatase; Enzyme that can either act as an ADP-sugar pyrophosphatase in absence of diphosphate or catalyze the synthesis of ATP in presence of diphosphate. In absence of diphosphate, hydrolyzes with similar activities various modified nucleoside diphosphates such as ADP-ribose, ADP-mannose, ADP-glucose, 8-oxo-GDP and 8-oxo-dGDP. Can also hydrolyze other nucleotide sugars with low activity. In presence of diphosphate, mediates the synthesis of ATP in the nucleus by catalyzing the conversion of ADP-ribose to ATP and ribose 5-phosphate. Nuclear ATP synthesis takes place w [...] 
IFRD1	228	9606.ENSP00000384477	9606	Homo sapiens	IFRD1	Interferon-related developmental regulator 1; Could play a role in regulating gene activity in the proliferative and/or differentiative pathways induced by NGF. May be an autocrine factor that attenuates or amplifies the initial ligand- induced signal (By similarity); Belongs to the IFRD family.
LIFR	229	9606.ENSP00000398368	9606	Homo sapiens	LIFR	Leukemia inhibitory factor receptor; Signal-transducing molecule. May have a common pathway with IL6ST. The soluble form inhibits the biological activity of LIF by blocking its binding to receptors on target cells; Belongs to the type I cytokine receptor family. Type 2 subfamily.
SERPINB6	230	9606.ENSP00000484343	9606	Homo sapiens	SERPINB6	Serpin B6; May be involved in the regulation of serine proteinases present in the brain or extravasated from the blood (By similarity). Inhibitor of cathepsin G, kallikrein-8 and thrombin. May play an important role in the inner ear in the protection against leakage of lysosomal content during stress and loss of this protection results in cell death and sensorineural hearing loss.
PDLIM3	231	9606.ENSP00000284767	9606	Homo sapiens	PDLIM3	PDZ and LIM domain protein 3; May play a role in the organization of actin filament arrays within muscle cells.
IPO8	232	9606.ENSP00000256079	9606	Homo sapiens	IPO8	Importin-8; Seems to function in nuclear protein import, either by acting as autonomous nuclear transport receptor or as an adapter-like protein in association with the importin-beta subunit KPNB1. Acting autonomously, is thought to serve itself as receptor for nuclear localization signals (NLS) and to promote translocation of import substrates through the nuclear pore complex (NPC) by an energy requiring, Ran-dependent mechanism. At the nucleoplasmic side of the NPC, Ran binds to importin, the importin/substrate complex dissociates and importin is re-exported from the nucleus to the c [...] 
OPHN1	233	9606.ENSP00000347710	9606	Homo sapiens	OPHN1	Oligophrenin-1; Stimulates GTP hydrolysis of members of the Rho family. Its action on RHOA activity and signaling is implicated in growth and stabilization of dendritic spines, and therefore in synaptic function. Critical for the stabilization of AMPA receptors at postsynaptic sites. Critical for the regulation of synaptic vesicle endocytosis at presynaptic terminals. Required for the localization of NR1D1 to dendrites, can suppress its repressor activity and protect it from proteasomal degradation (By similarity).
CPNE1	234	9606.ENSP00000317257	9606	Homo sapiens	CPNE1	Copine-1; Calcium-dependent phospholipid-binding protein that plays a role in calcium-mediated intracellular processes. Involved in the TNF-alpha receptor signaling pathway in a calcium- dependent manner. Exhibits calcium-dependent phospholipid binding properties. Plays a role in neuronal progenitor cell differentiation; induces neurite outgrowth via a AKT-dependent signaling cascade and calcium- independent manner. May recruit target proteins to the cell membrane in a calcium-dependent manner. May function in membrane trafficking. Involved in TNF-alpha-induced NF-kappa-B transcription [...] 
MFAP3	235	9606.ENSP00000322956	9606	Homo sapiens	MFAP3	Microfibril-associated glycoprotein 3; Component of the elastin-associated microfibrils.
GOLIM4	236	9606.ENSP00000417354	9606	Homo sapiens	GOLIM4	Golgi integral membrane protein 4; Plays a role in endosome to Golgi protein trafficking; mediates protein transport along the late endosome-bypass pathway from the early endosome to the Golgi.
SVIL	237	9606.ENSP00000348128	9606	Homo sapiens	SVIL	Supervillin; [Isoform 1]: Forms a high-affinity link between the actin cytoskeleton and the membrane. Is among the first costameric proteins to assemble during myogenesis and it contributes to myogenic membrane structure and differentiation. Appears to be involved in myosin II assembly. May modulate myosin II regulation through MLCK during cell spreading, an initial step in cell migration. May play a role in invadopodial function.
HNRNPM	238	9606.ENSP00000325376	9606	Homo sapiens	HNRNPM	Heterogeneous nuclear ribonucleoprotein M; Pre-mRNA binding protein in vivo, binds avidly to poly(G) and poly(U) RNA homopolymers in vitro. Involved in splicing. Acts as a receptor for carcinoembryonic antigen in Kupffer cells, may initiate a series of signaling events leading to tyrosine phosphorylation of proteins and induction of IL-1 alpha, IL-6, IL-10 and tumor necrosis factor alpha cytokines.
AHCYL2	239	9606.ENSP00000315931	9606	Homo sapiens	AHCYL2	Adenosylhomocysteinase 3; May regulate the electrogenic sodium/bicarbonate cotransporter SLC4A4 activity and Mg(2+)-sensitivity. On the contrary of its homolog AHCYL1, does not regulate ITPR1 sensitivity to inositol 1,4,5-trisphosphate ; Belongs to the adenosylhomocysteinase family.
MYH3	240	9606.ENSP00000464317	9606	Homo sapiens	MYH3	Myosin-3; Muscle contraction.
ACSL1	241	9606.ENSP00000422607	9606	Homo sapiens	ACSL1	Long-chain-fatty-acid--CoA ligase 1; Catalyzes the conversion of long-chain fatty acids to their active form acyl-CoAs for both synthesis of cellular lipids, and degradation via beta-oxidation. Preferentially uses palmitoleate, oleate and linoleate. Preferentially activates arachidonate than epoxyeicosatrienoic acids (EETs) or hydroxyeicosatrienoic acids (HETEs) (By similarity); Belongs to the ATP-dependent AMP-binding enzyme family.
PFKFB3	242	9606.ENSP00000492001	9606	Homo sapiens	PFKFB3	6-phosphofructo-2-kinase/fructose-2,6-bisphosphatase 3; Synthesis and degradation of fructose 2,6-bisphosphate; In the C-terminal section; belongs to the phosphoglycerate mutase family.
PLOD2	243	9606.ENSP00000282903	9606	Homo sapiens	PLOD2	Procollagen-lysine,2-oxoglutarate 5-dioxygenase 2; Forms hydroxylysine residues in -Xaa-Lys-Gly- sequences in collagens. These hydroxylysines serve as sites of attachment for carbohydrate units and are essential for the stability of the intermolecular collagen cross-links.
PADI2	244	9606.ENSP00000364635	9606	Homo sapiens	PADI2	Protein-arginine deiminase type-2; Catalyzes the deimination of arginine residues of proteins.
FAT1	245	9606.ENSP00000406229	9606	Homo sapiens	FAT1	Protocadherin Fat 1, nuclear form; Plays an essential role for cellular polarization, directed cell migration and modulating cell-cell contact.
GSN	246	9606.ENSP00000362924	9606	Homo sapiens	GSN	Gelsolin; Calcium-regulated, actin-modulating protein that binds to the plus (or barbed) ends of actin monomers or filaments, preventing monomer exchange (end-blocking or capping). It can promote the assembly of monomers into filaments (nucleation) as well as sever filaments already formed. Plays a role in ciliogenesis.
HNMT	247	9606.ENSP00000280097	9606	Homo sapiens	HNMT	Histamine N-methyltransferase; Inactivates histamine by N-methylation. Plays an important role in degrading histamine and in regulating the airway response to histamine.
ABCA6	248	9606.ENSP00000284425	9606	Homo sapiens	ABCA6	ATP-binding cassette sub-family A member 6; Probable transporter which may play a role in macrophage lipid homeostasis; Belongs to the ABC transporter superfamily. ABCA family.
MYLK	249	9606.ENSP00000353452	9606	Homo sapiens	MYLK	Myosin light chain kinase, smooth muscle, deglutamylated form; Calcium/calmodulin-dependent myosin light chain kinase implicated in smooth muscle contraction via phosphorylation of myosin light chains (MLC). Also regulates actin-myosin interaction through a non-kinase activity. Phosphorylates PTK2B/PYK2 and myosin light-chains. Involved in the inflammatory response (e.g. apoptosis, vascular permeability, leukocyte diapedesis), cell motility and morphology, airway hyperreactivity and other activities relevant to asthma. Required for tonic airway smooth muscle contraction that is necessa [...] 
NEBL	250	9606.ENSP00000366326	9606	Homo sapiens	NEBL	Nebulette; Binds to actin and plays an important role in the assembly of the Z-disk. May functionally link sarcomeric actin to the desmin intermediate filaments in the heart muscle sarcomeres. Isoform 2 might play a role in the assembly of focal adhesion.
FLNB	251	9606.ENSP00000420213	9606	Homo sapiens	FLNB	Filamin-B; Connects cell membrane constituents to the actin cytoskeleton. May promote orthogonal branching of actin filaments and links actin filaments to membrane glycoproteins. Anchors various transmembrane proteins to the actin cytoskeleton. Interaction with FLNA may allow neuroblast migration from the ventricular zone into the cortical plate. Various interactions and localizations of isoforms affect myotube morphology and myogenesis. Isoform 6 accelerates muscle differentiation in vitro; Belongs to the filamin family.
ABCA9	252	9606.ENSP00000342216	9606	Homo sapiens	ABCA9	ATP-binding cassette sub-family A member 9; May play a role in monocyte differentiation and lipid homeostasis; Belongs to the ABC transporter superfamily. ABCA family.
PTP4A2	253	9606.ENSP00000493688	9606	Homo sapiens	PTP4A2	Protein tyrosine phosphatase type IVA 2; Protein tyrosine phosphatase which stimulates progression from G1 into S phase during mitosis. Promotes tumors. Inhibits geranylgeranyl transferase type II activity by blocking the association between RABGGTA and RABGGTB.
CD82	254	9606.ENSP00000227155	9606	Homo sapiens	CD82	CD82 antigen; Associates with CD4 or CD8 and delivers costimulatory signals for the TCR/CD3 pathway; Belongs to the tetraspanin (TM4SF) family.
MAP3K2	255	9606.ENSP00000387246	9606	Homo sapiens	MAP3K2	Mitogen-activated protein kinase kinase kinase 2; Component of a protein kinase signal transduction cascade. Regulates the JNK and ERK5 pathways by phosphorylating and activating MAP2K5 and MAP2K7 (By similarity). Plays a role in caveolae kiss-and- run dynamics.
PRDX6	256	9606.ENSP00000342026	9606	Homo sapiens	PRDX6	Peroxiredoxin-6; Thiol-specific peroxidase that catalyzes the reduction of hydrogen peroxide and organic hydroperoxides to water and alcohols, respectively. Can reduce H(2)O(2) and short chain organic, fatty acid, and phospholipid hydroperoxides. Also has phospholipase activity, and can therefore either reduce the oxidized sn-2 fatty acyl grup of phospholipids (peroxidase activity) or hydrolyze the sn-2 ester bond of phospholipids (phospholipase activity). These activities are dependent on binding to phospholipids at acidic pH and to oxidized phospholipds at cytosolic pH. Plays a role  [...] 
ABCB7	257	9606.ENSP00000253577	9606	Homo sapiens	ABCB7	ATP-binding cassette sub-family B member 7, mitochondrial; Could be involved in the transport of heme from the mitochondria to the cytosol. Plays a central role in the maturation of cytosolic iron-sulfur (Fe/S) cluster-containing proteins.
MFAP3L	258	9606.ENSP00000354583	9606	Homo sapiens	MFAP3L	Microfibrillar-associated protein 3-like; May participate in the nuclear signaling of EGFR and MAPK1/ERK2. May a have a role in metastasis.
SART1	259	9606.ENSP00000310448	9606	Homo sapiens	SART1	U4/U6.U5 tri-snRNP-associated protein 1; Plays a role in mRNA splicing as a component of the U4/U6-U5 tri-snRNP, one of the building blocks of the spliceosome. May also bind to DNA; Belongs to the SNU66/SART1 family.
SLC3A2	260	9606.ENSP00000367123	9606	Homo sapiens	SLC3A2	4F2 cell-surface antigen heavy chain; Component of several heterodimeric amino acid transporter complexes. The precise substrate specificity depends on the other subunit in the heterodimer. The heterodimer with SLC3A2 functions as sodium-independent, high-affinity transporter that mediates uptake of large neutral amino acids such as phenylalanine, tyrosine, L-DOPA, leucine, histidine, methionine and tryptophan. The complexes with SLC7A6 and SLC7A7 mediate uptake of dibasic amino acids. The complexes function as amino acid exchangers. Required for targeting of SLC7A5 and SLC7A8 to the p [...] 
HIPK3	261	9606.ENSP00000304226	9606	Homo sapiens	HIPK3	Homeodomain-interacting protein kinase 3; Serine/threonine-protein kinase involved in transcription regulation, apoptosis and steroidogenic gene expression. Phosphorylates JUN and RUNX2. Seems to negatively regulate apoptosis by promoting FADD phosphorylation. Enhances androgen receptor-mediated transcription. May act as a transcriptional corepressor for NK homeodomain transcription factors. The phosphorylation of NR5A1 activates SF1 leading to increased steroidogenic gene expression upon cAMP signaling pathway stimulation. In osteoblasts, supports transcription activation: phosphoryla [...] 
RPGR	262	9606.ENSP00000495537	9606	Homo sapiens	RPGR	X-linked retinitis pigmentosa GTPase regulator; Could be a guanine-nucleotide releasing factor. Plays a role in ciliogenesis. Probably regulates cilia formation by regulating actin stress filaments and cell contractility. Plays an important role in photoreceptor integrity. May play a critical role in spermatogenesis and in intraflagellar transport processes (By similarity). May be involved in microtubule organization and regulation of transport in primary cilia.
NAP1L1	263	9606.ENSP00000477538	9606	Homo sapiens	NAP1L1	Nucleosome assembly protein 1-like 1; Plays a key role in the regulation of embryonic neurogenesis (By similarity). Promotes the proliferation of neural progenitors and inhibits neuronal differentiation during cortical development (By similarity). Regulates neurogenesis via the modulation of RASSF10; regulates RASSF10 expression by promoting SETD1A-mediated H3K4 methylation at the RASSF10 promoter (By similarity).
ZNF32	264	9606.ENSP00000379143	9606	Homo sapiens	ZNF32	Zinc finger protein 32; May be involved in transcriptional regulation.
ABLIM1	265	9606.ENSP00000277895	9606	Homo sapiens	ABLIM1	Actin-binding LIM protein 1; May act as scaffold protein (By similarity). May play a role in the development of the retina. Has been suggested to play a role in axon guidance.
DNAJA1	266	9606.ENSP00000369127	9606	Homo sapiens	DNAJA1	DnaJ homolog subfamily A member 1; Co-chaperone for HSPA8/Hsc70. Stimulates ATP hydrolysis, but not the folding of unfolded proteins mediated by HSPA1A (in vitro). Plays a role in protein transport into mitochondria via its role as co-chaperone. Functions as co- chaperone for HSPA1B and negatively regulates the translocation of BAX from the cytosol to mitochondria in response to cellular stress, thereby protecting cells against apoptosis. Promotes apoptosis in response to cellular stress mediated by exposure to anisomycin or UV.
DHX16	267	9606.ENSP00000365625	9606	Homo sapiens	DHX16	Pre-mRNA-splicing factor ATP-dependent RNA helicase DHX16; Required for pre-mRNA splicing as component of the spliceosome. Contributes to pre-mRNA splicing after spliceosome formation and prior to the first transesterification reaction.
LIMK2	268	9606.ENSP00000339916	9606	Homo sapiens	LIMK2	LIM domain kinase 2; Serine/threonine-protein kinase that plays an essential role in the regulation of actin filament dynamics. Acts downstream of several Rho family GTPase signal transduction pathways. Involved in astral microtubule organization and mitotic spindle orientation during early stage of mitosis by mediating phosphorylation of TPPP. Displays serine/threonine-specific phosphorylation of myelin basic protein and histone (MBP) in vitro.
