queryItem	queryIndex	stringId	ncbiTaxonId	taxonName	preferredName	annotation
ACTG1	0	9606.ENSP00000458162	9606	Homo sapiens	ACTG1	Actin, cytoplasmic 2, N-terminally processed; Actins are highly conserved proteins that are involved in various types of cell motility and are ubiquitously expressed in all eukaryotic cells.
PSMA5	1	9606.ENSP00000271308	9606	Homo sapiens	PSMA5	Proteasome subunit alpha type-5; Component of the 20S core proteasome complex involved in the proteolytic degradation of most intracellular proteins. This complex plays numerous essential roles within the cell by associating with different regulatory particles. Associated with two 19S regulatory particles, forms the 26S proteasome and thus participates in the ATP- dependent degradation of ubiquitinated proteins. The 26S proteasome plays a key role in the maintenance of protein homeostasis by removing misfolded or damaged proteins that could impair cellular functions, and by removing pr [...] 
PPP1R2	2	9606.ENSP00000484580	9606	Homo sapiens	PPP1R2	Protein phosphatase inhibitor 2; Inhibitor of protein-phosphatase 1.
RPH3A	3	9606.ENSP00000374036	9606	Homo sapiens	RPH3A	Rabphilin-3A; Plays an essential role in docking and fusion steps of regulated exocytosis (By similarity). At the presynaptic level, RPH3A is recruited by RAB3A to the synaptic vesicle membrane in a GTP- dependent manner where it modulates synaptic vesicle trafficking and calcium-triggered neurotransmitter release (By similarity). In the post-synaptic compartment, forms a ternary complex with GRIN2A and DLG4 and regulates NMDA receptor stability. Plays also a role in the exocytosis of arginine vasopressin hormone (By similarity).
NDUFB5	4	9606.ENSP00000259037	9606	Homo sapiens	NDUFB5	NADH dehydrogenase [ubiquinone] 1 beta subcomplex subunit 5, mitochondrial; Accessory subunit of the mitochondrial membrane respiratory chain NADH dehydrogenase (Complex I), that is believed not to be involved in catalysis. Complex I functions in the transfer of electrons from NADH to the respiratory chain. The immediate electron acceptor for the enzyme is believed to be ubiquinone.
RNMT	5	9606.ENSP00000466111	9606	Homo sapiens	RNMT	mRNA cap guanine-N7 methyltransferase; Catalytic subunit of the mRNA-capping methyltransferase RNMT:RAMAC complex that methylates the N7 position of the added guanosine to the 5'-cap structure of mRNAs. Binds RNA containing 5'-terminal GpppC.
SUB1	6	9606.ENSP00000265073	9606	Homo sapiens	SUB1	Activated RNA polymerase II transcriptional coactivator p15; General coactivator that functions cooperatively with TAFs and mediates functional interactions between upstream activators and the general transcriptional machinery. May be involved in stabilizing the multiprotein transcription complex. Binds single-stranded DNA. Also binds, in vitro, non-specifically to double-stranded DNA (ds DNA).
ATP5F1A	7	9606.ENSP00000381736	9606	Homo sapiens	ATP5F1A	ATP synthase subunit alpha, mitochondrial; Mitochondrial membrane ATP synthase (F(1)F(0) ATP synthase or Complex V) produces ATP from ADP in the presence of a proton gradient across the membrane which is generated by electron transport complexes of the respiratory chain. F-type ATPases consist of two structural domains, F(1) - containing the extramembraneous catalytic core, and F(0) - containing the membrane proton channel, linked together by a central stalk and a peripheral stalk. During catalysis, ATP synthesis in the catalytic domain of F(1) is coupled via a rotary mechanism of the  [...] 
BEX3	8	9606.ENSP00000361728	9606	Homo sapiens	BEX3	Protein BEX3; May be a signaling adapter molecule involved in p75NTR- mediated apoptosis induced by NGF. Plays a role in zinc-triggered neuronal death (By similarity). May play an important role in the pathogenesis of neurogenetic diseases.
TARBP1	9	9606.ENSP00000040877	9606	Homo sapiens	TARBP1	Probable methyltransferase TARBP1; Probable S-adenosyl-L-methionine-dependent methyltransferase which methylates RNA molecules such as tRNAs.
NIPSNAP1	10	9606.ENSP00000216121	9606	Homo sapiens	NIPSNAP1	Nipsnap homolog 1.
PSMB2	11	9606.ENSP00000362334	9606	Homo sapiens	PSMB2	Proteasome subunit beta type-2; Component of the 20S core proteasome complex involved in the proteolytic degradation of most intracellular proteins. This complex plays numerous essential roles within the cell by associating with different regulatory particles. Associated with two 19S regulatory particles, forms the 26S proteasome and thus participates in the ATP- dependent degradation of ubiquitinated proteins. The 26S proteasome plays a key role in the maintenance of protein homeostasis by removing misfolded or damaged proteins that could impair cellular functions, and by removing pro [...] 
ATP6V1E1	12	9606.ENSP00000253413	9606	Homo sapiens	ATP6V1E1	V-type proton ATPase subunit E 1; Subunit of the peripheral V1 complex of vacuolar ATPase essential for assembly or catalytic function. V-ATPase is responsible for acidifying a variety of intracellular compartments in eukaryotic cells.
SPCS1	13	9606.ENSP00000233025	9606	Homo sapiens	SPCS1	Signal peptidase complex subunit 1; Component of the microsomal signal peptidase complex which removes signal peptides from nascent proteins as they are translocated into the lumen of the endoplasmic reticulum. Belongs to the SPCS1 family.
NRXN3	14	9606.ENSP00000489551	9606	Homo sapiens	NRXN3	Neurexin-3; Neuronal cell surface protein that may be involved in cell recognition and cell adhesion. May mediate intracellular signaling.
ATP5PD	15	9606.ENSP00000301587	9606	Homo sapiens	ATP5PD	ATP synthase subunit d, mitochondrial; Mitochondrial membrane ATP synthase (F(1)F(0) ATP synthase or Complex V) produces ATP from ADP in the presence of a proton gradient across the membrane which is generated by electron transport complexes of the respiratory chain. F-type ATPases consist of two structural domains, F(1) - containing the extramembraneous catalytic core, and F(0) - containing the membrane proton channel, linked together by a central stalk and a peripheral stalk. During catalysis, ATP synthesis in the catalytic domain of F(1) is coupled via a rotary mechanism of the cent [...] 
EBNA1BP2	16	9606.ENSP00000407323	9606	Homo sapiens	EBNA1BP2	Probable rRNA-processing protein EBP2; Required for the processing of the 27S pre-rRNA.
DNM1L	17	9606.ENSP00000449089	9606	Homo sapiens	DNM1L	Dynamin-1-like protein; Functions in mitochondrial and peroxisomal division. Mediates membrane fission through oligomerization into membrane-associated tubular structures that wrap around the scission site to constrict and sever the mitochondrial membrane through a GTP hydrolysis-dependent mechanism. The specific recruitment at scission sites is mediated by membrane receptors like MFF, MIEF1 and MIEF2 for mitochondrial membranes. While the recruitment by the membrane receptors is GTP-dependent, the following hydrolysis of GTP induces the dissociation from the receptors and allows DNM1L [...] 
KIFBP	18	9606.ENSP00000354848	9606	Homo sapiens	KIFBP	KIF-binding protein; Required for organization of axonal microtubules, and axonal outgrowth and maintenance during peripheral and central nervous system development; Belongs to the KIF-binding protein family.
CDC123	19	9606.ENSP00000281141	9606	Homo sapiens	CDC123	Cell division cycle protein 123 homolog; Required for S phase entry of the cell cycle.
PMS2	20	9606.ENSP00000265849	9606	Homo sapiens	PMS2	Mismatch repair endonuclease PMS2; Component of the post-replicative DNA mismatch repair system (MMR). Heterodimerizes with MLH1 to form MutL alpha. DNA repair is initiated by MutS alpha (MSH2-MSH6) or MutS beta (MSH2-MSH3) binding to a dsDNA mismatch, then MutL alpha is recruited to the heteroduplex. Assembly of the MutL-MutS-heteroduplex ternary complex in presence of RFC and PCNA is sufficient to activate endonuclease activity of PMS2. It introduces single-strand breaks near the mismatch and thus generates new entry points for the exonuclease EXO1 to degrade the strand containing th [...] 
RAB11A	21	9606.ENSP00000261890	9606	Homo sapiens	RAB11A	Ras-related protein Rab-11A; The small GTPases Rab are key regulators of intracellular membrane trafficking, from the formation of transport vesicles to their fusion with membranes. Rabs cycle between an inactive GDP-bound form and an active GTP-bound form that is able to recruit to membranes different set of downstream effectors directly responsible for vesicle formation, movement, tethering and fusion. The small Rab GTPase RAB11A regulates endocytic recycling. Acts as a major regulator of membrane delivery during cytokinesis. Together with MYO5B and RAB8A participates in epithelial c [...] 
RGS4	22	9606.ENSP00000397181	9606	Homo sapiens	RGS4	Regulator of G-protein signaling 4; Inhibits signal transduction by increasing the GTPase activity of G protein alpha subunits thereby driving them into their inactive GDP-bound form. Activity on G(z)-alpha is inhibited by phosphorylation of the G-protein. Activity on G(z)-alpha and G(i)- alpha-1 is inhibited by palmitoylation of the G-protein.
PSMD14	23	9606.ENSP00000386541	9606	Homo sapiens	PSMD14	26S proteasome non-ATPase regulatory subunit 14; Component of the 26S proteasome, a multiprotein complex involved in the ATP-dependent degradation of ubiquitinated proteins. This complex plays a key role in the maintenance of protein homeostasis by removing misfolded or damaged proteins, which could impair cellular functions, and by removing proteins whose functions are no longer required. Therefore, the proteasome participates in numerous cellular processes, including cell cycle progression, apoptosis, or DNA damage repair. The PSMD14 subunit is a metalloprotease that specifically cle [...] 
ATXN10	24	9606.ENSP00000252934	9606	Homo sapiens	ATXN10	Ataxin-10; Necessary for the survival of cerebellar neurons. Induces neuritogenesis by activating the Ras-MAP kinase pathway. May play a role in the maintenance of a critical intracellular glycosylation level and homeostasis.
G3BP2	25	9606.ENSP00000352738	9606	Homo sapiens	G3BP2	Ras GTPase-activating protein-binding protein 2; Scaffold protein that plays an essential role in cytoplasmic stress granule formation which acts as a platform for antiviral signaling.
UQCRC2	26	9606.ENSP00000268379	9606	Homo sapiens	UQCRC2	Cytochrome b-c1 complex subunit 2, mitochondrial; Component of the ubiquinol-cytochrome c oxidoreductase, a multisubunit transmembrane complex that is part of the mitochondrial electron transport chain which drives oxidative phosphorylation. The respiratory chain contains 3 multisubunit complexes succinate dehydrogenase (complex II, CII), ubiquinol-cytochrome c oxidoreductase (cytochrome b-c1 complex, complex III, CIII) and cytochrome c oxidase (complex IV, CIV), that cooperate to transfer electrons derived from NADH and succinate to molecular oxygen, creating an electrochemical gradie [...] 
LETMD1	27	9606.ENSP00000389903	9606	Homo sapiens	LETMD1	LETM1 domain-containing protein 1; Involved in tumorigenesis and may function as a negative regulator of the p53/TP53.
LRPPRC	28	9606.ENSP00000260665	9606	Homo sapiens	LRPPRC	Leucine-rich PPR motif-containing protein, mitochondrial; May play a role in RNA metabolism in both nuclei and mitochondria. In the nucleus binds to HNRPA1-associated poly(A) mRNAs and is part of nmRNP complexes at late stages of mRNA maturation which are possibly associated with nuclear mRNA export. May bind mature mRNA in the nucleus outer membrane. In mitochondria binds to poly(A) mRNA. Plays a role in translation or stability of mitochondrially encoded cytochrome c oxidase (COX) subunits. May be involved in transcription regulation. Cooperates with PPARGC1A to regulate certain mito [...] 
IDI1	29	9606.ENSP00000370748	9606	Homo sapiens	IDI1	Isopentenyl-diphosphate Delta-isomerase 1; Catalyzes the 1,3-allylic rearrangement of the homoallylic substrate isopentenyl (IPP) to its highly electrophilic allylic isomer, dimethylallyl diphosphate (DMAPP).
BABAM2	30	9606.ENSP00000343412	9606	Homo sapiens	BABAM2	BRISC and BRCA1-A complex member 2; Component of the BRCA1-A complex, a complex that specifically recognizes 'Lys-63'-linked ubiquitinated histones H2A and H2AX at DNA lesions sites, leading to target the BRCA1-BARD1 heterodimer to sites of DNA damage at double-strand breaks (DSBs). The BRCA1-A complex also possesses deubiquitinase activity that specifically removes 'Lys-63'- linked ubiquitin on histones H2A and H2AX. In the BRCA1-A complex, it acts as an adapter that bridges the interaction between BABAM1/NBA1 and the rest of the complex, thereby being required for the complex integri [...] 
ACADSB	31	9606.ENSP00000357873	9606	Homo sapiens	ACADSB	Short/branched chain specific acyl-CoA dehydrogenase, mitochondrial; Has greatest activity toward short branched chain acyl-CoA derivative such as (s)-2-methylbutyryl-CoA, isobutyryl-CoA, and 2- methylhexanoyl-CoA as well as toward short straight chain acyl-CoAs such as butyryl-CoA and hexanoyl-CoA. Can use valproyl-CoA as substrate and may play a role in controlling the metabolic flux of valproic acid in the development of toxicity of this agent.
YWHAZ	32	9606.ENSP00000379287	9606	Homo sapiens	YWHAZ	14-3-3 protein zeta/delta; Adapter protein implicated in the regulation of a large spectrum of both general and specialized signaling pathways. Binds to a large number of partners, usually by recognition of a phosphoserine or phosphothreonine motif. Binding generally results in the modulation of the activity of the binding partner. Induces ARHGEF7 activity on RAC1 as well as lamellipodia and membrane ruffle formation. In neurons, regulates spine maturation through the modulation of ARHGEF7 activity (By similarity). Belongs to the 14-3-3 family.
MAGED1	33	9606.ENSP00000364847	9606	Homo sapiens	MAGED1	Melanoma-associated antigen D1; Involved in the apoptotic response after nerve growth factor (NGF) binding in neuronal cells. Inhibits cell cycle progression, and facilitates NGFR-mediated apoptosis. May act as a regulator of the function of DLX family members. May enhance ubiquitin ligase activity of RING-type zinc finger-containing E3 ubiquitin-protein ligases. Proposed to act through recruitment and/or stabilization of the Ubl- conjugating enzyme (E2) at the E3:substrate complex. Plays a role in the circadian rhythm regulation. May act as RORA co-regulator, modulating the expression [...] 
PPP2R2B	34	9606.ENSP00000377936	9606	Homo sapiens	PPP2R2B	Serine/threonine-protein phosphatase 2A 55 kDa regulatory subunit B beta isoform; The B regulatory subunit might modulate substrate selectivity and catalytic activity, and also might direct the localization of the catalytic enzyme to a particular subcellular compartment. Within the PP2A holoenzyme complex, isoform 2 is required to promote proapoptotic activity (By similarity). Isoform 2 regulates neuronal survival through the mitochondrial fission and fusion balance (By similarity).
SCG5	35	9606.ENSP00000300175	9606	Homo sapiens	SCG5	Neuroendocrine protein 7B2; Acts as a molecular chaperone for PCSK2/PC2, preventing its premature activation in the regulated secretory pathway. Binds to inactive PCSK2 in the endoplasmic reticulum and facilitates its transport from there to later compartments of the secretory pathway where it is proteolytically matured and activated. Also required for cleavage of PCSK2 but does not appear to be involved in its folding. Plays a role in regulating pituitary hormone secretion. The C-terminal peptide inhibits PCSK2 in vitro.
ATP6AP2	36	9606.ENSP00000490083	9606	Homo sapiens	ATP6AP2	Renin receptor C-terminal fragment; Multifunctional protein which functions as a renin, prorenin cellular receptor and is involved in the assembly of the proton- transporting vacuolar (V)-ATPase protein pump. May mediate renin-dependent cellular responses by activating ERK1 and ERK2. By increasing the catalytic efficiency of renin in AGT/angiotensinogen conversion to angiotensin I, it may also play a role in the renin-angiotensin system (RAS). Probably by controlling the assembly of the V-ATPase pump and thus the acidification of the endo-lysosomal system, plays a role in many neuronal [...] 
PWP1	37	9606.ENSP00000387365	9606	Homo sapiens	PWP1	Periodic tryptophan protein 1 homolog; Chromatin-associated factor that regulates transcription. Regulates Pol I-mediated rRNA biogenesis and, probably, Pol III-mediated transcription. Regulates the epigenetic status of rDNA.
GLO1	38	9606.ENSP00000362463	9606	Homo sapiens	GLO1	Lactoylglutathione lyase; Catalyzes the conversion of hemimercaptal, formed from methylglyoxal and glutathione, to S-lactoylglutathione. Involved in the regulation of TNF-induced transcriptional activity of NF-kappa-B. Required for normal osteoclastogenesis.
SKP1	39	9606.ENSP00000231487	9606	Homo sapiens	SKP1	S-phase kinase-associated protein 1; Essential component of the SCF (SKP1-CUL1-F-box protein) ubiquitin ligase complex, which mediates the ubiquitination of proteins involved in cell cycle progression, signal transduction and transcription. In the SCF complex, serves as an adapter that links the F-box protein to CUL1. The functional specificity of the SCF complex depends on the F-box protein as substrate recognition component. SCF(BTRC) and SCF(FBXW11) direct ubiquitination of CTNNB1 and participate in Wnt signaling. SCF(FBXW11) directs ubiquitination of phosphorylated NFKBIA. SCF(BTRC [...] 
GABARAPL1	40	9606.ENSP00000411256	9606	Homo sapiens	GABARAPL1	Gamma-aminobutyric acid receptor-associated protein-like 1; GABA type A receptor associated protein like 1.
SCG2	41	9606.ENSP00000304133	9606	Homo sapiens	SCG2	Secretogranin-2; Neuroendocrine protein of the granin family that regulates the biogenesis of secretory granules.
COPG1	42	9606.ENSP00000325002	9606	Homo sapiens	COPG1	Coatomer subunit gamma-1; The coatomer is a cytosolic protein complex that binds to dilysine motifs and reversibly associates with Golgi non-clathrin- coated vesicles, which further mediate biosynthetic protein transport from the ER, via the Golgi up to the trans Golgi network. Coatomer complex is required for budding from Golgi membranes, and is essential for the retrograde Golgi-to-ER transport of dilysine-tagged proteins. In mammals, the coatomer can only be recruited by membranes associated to ADP-ribosylation factors (ARFs), which are small GTP-binding proteins; the complex also i [...] 
DNAJA2	43	9606.ENSP00000314030	9606	Homo sapiens	DNAJA2	DnaJ homolog subfamily A member 2; Co-chaperone of Hsc70. Stimulates ATP hydrolysis and the folding of unfolded proteins mediated by HSPA1A/B (in vitro).
VDAC1	44	9606.ENSP00000378487	9606	Homo sapiens	VDAC1	Voltage-dependent anion-selective channel protein 1; Forms a channel through the mitochondrial outer membrane and also the plasma membrane. The channel at the outer mitochondrial membrane allows diffusion of small hydrophilic molecules; in the plasma membrane it is involved in cell volume regulation and apoptosis. It adopts an open conformation at low or zero membrane potential and a closed conformation at potentials above 30-40 mV. The open state has a weak anion selectivity whereas the closed state is cation-selective. May participate in the formation of the permeability transition p [...] 
PCMT1	45	9606.ENSP00000497225	9606	Homo sapiens	PCMT1	Protein-L-isoaspartate(D-aspartate) O-methyltransferase; Catalyzes the methyl esterification of L-isoaspartyl and D- aspartyl residues in peptides and proteins that result from spontaneous decomposition of normal L-aspartyl and L-asparaginyl residues. It plays a role in the repair and/or degradation of damaged proteins. Acts on EIF4EBP2, microtubule-associated protein 2, calreticulin, clathrin light chains a and b, Ubiquitin carboxyl-terminal hydrolase isozyme L1, phosphatidylethanolamine-binding protein 1, stathmin, beta-synuclein and alpha-synuclein.
CFL1	46	9606.ENSP00000432660	9606	Homo sapiens	CFL1	Cofilin-1; Binds to F-actin and exhibits pH-sensitive F-actin depolymerizing activity. Regulates actin cytoskeleton dynamics. Important for normal progress through mitosis and normal cytokinesis. Plays a role in the regulation of cell morphology and cytoskeletal organization. Required for the up-regulation of atypical chemokine receptor ACKR2 from endosomal compartment to cell membrane, increasing its efficiency in chemokine uptake and degradation. Required for neural tube morphogenesis and neural crest cell migration (By similarity).
TOMM70	47	9606.ENSP00000284320	9606	Homo sapiens	TOMM70	Mitochondrial import receptor subunit TOM70; Receptor that accelerates the import of all mitochondrial precursor proteins.
UBE2N	48	9606.ENSP00000316176	9606	Homo sapiens	UBE2N	Ubiquitin-conjugating enzyme E2 N; The UBE2V1-UBE2N and UBE2V2-UBE2N heterodimers catalyze the synthesis of non-canonical 'Lys-63'-linked polyubiquitin chains. This type of polyubiquitination does not lead to protein degradation by the proteasome. Mediates transcriptional activation of target genes. Plays a role in the control of progress through the cell cycle and differentiation. Plays a role in the error-free DNA repair pathway and contributes to the survival of cells after DNA damage. Acts together with the E3 ligases, HLTF and SHPRH, in the 'Lys-63'-linked poly- ubiquitination of  [...] 
RTCA	49	9606.ENSP00000260563	9606	Homo sapiens	RTCA	RNA 3'-terminal phosphate cyclase; Catalyzes the conversion of 3'-phosphate to a 2',3'-cyclic phosphodiester at the end of RNA. The mechanism of action of the enzyme occurs in 3 steps: (A) adenylation of the enzyme by ATP; (B) transfer of adenylate to an RNA-N3'P to produce RNA-N3'PP5'A; (C) and attack of the adjacent 2'-hydroxyl on the 3'-phosphorus in the diester linkage to produce the cyclic end product. The biological role of this enzyme is unknown but it is likely to function in some aspects of cellular RNA processing; Belongs to the RNA 3'-terminal cyclase family. Type 1 subfamily.
HINT1	50	9606.ENSP00000304229	9606	Homo sapiens	HINT1	Histidine triad nucleotide-binding protein 1; Hydrolyzes purine nucleotide phosphoramidates with a single phosphate group, including adenosine 5'monophosphoramidate (AMP-NH2), adenosine 5'monophosphomorpholidate (AMP-morpholidate) and guanosine 5'monophosphomorpholidate (GMP-morpholidate). Hydrolyzes lysyl-AMP (AMP-N-epsilon-(N-alpha-acetyl lysine methyl ester)) generated by lysine tRNA ligase, as well as Met-AMP, His-AMP and Asp-AMP, lysyl-GMP (GMP-N-epsilon-(N-alpha-acetyl lysine methyl ester)) and AMP-N-alanine methyl ester. Can also convert adenosine 5'-O-phosphorothioate and guano [...] 
AP3M2	51	9606.ENSP00000428787	9606	Homo sapiens	AP3M2	AP-3 complex subunit mu-2; Part of the AP-3 complex, an adaptor-related complex which is not clathrin-associated. The complex is associated with the Golgi region as well as more peripheral structures. It facilitates the budding of vesicles from the Golgi membrane and may be directly involved in trafficking to lysosomes. In concert with the BLOC-1 complex, AP-3 is required to target cargos into vesicles assembled at cell bodies for delivery into neurites and nerve terminals; Belongs to the adaptor complexes medium subunit family.
HPRT1	52	9606.ENSP00000298556	9606	Homo sapiens	HPRT1	Hypoxanthine-guanine phosphoribosyltransferase; Converts guanine to guanosine monophosphate, and hypoxanthine to inosine monophosphate. Transfers the 5-phosphoribosyl group from 5- phosphoribosylpyrophosphate onto the purine. Plays a central role in the generation of purine nucleotides through the purine salvage pathway.
SLC30A9	53	9606.ENSP00000264451	9606	Homo sapiens	SLC30A9	Zinc transporter 9; Acts as a zinc transporter involved in intracellular zinc homeostasis. Functions as a secondary coactivator for nuclear receptors by cooperating with p160 coactivators subtypes. Plays a role in transcriptional activation of Wnt-responsive genes (By similarity).
PJA2	54	9606.ENSP00000354775	9606	Homo sapiens	PJA2	E3 ubiquitin-protein ligase Praja-2; Has E2-dependent E3 ubiquitin-protein ligase activity. Responsible for ubiquitination of cAMP-dependent protein kinase type I and type II-alpha/beta regulatory subunits and for targeting them for proteasomal degradation. Essential for PKA-mediated long-term memory processes. Through the ubiquitination of MFHAS1, positively regulates the TLR2 signaling pathway that leads to the activation of the downstream p38 and JNK MAP kinases and promotes the polarization of macrophages toward the pro-inflammatory M1 phenotype.
KIFAP3	55	9606.ENSP00000354560	9606	Homo sapiens	KIFAP3	Kinesin-associated protein 3; Involved in tethering the chromosomes to the spindle pole and in chromosome movement. Binds to the tail domain of the KIF3A/KIF3B heterodimer to form a heterotrimeric KIF3 complex and may regulate the membrane binding of this complex (By similarity).
PSMD1	56	9606.ENSP00000309474	9606	Homo sapiens	PSMD1	26S proteasome non-ATPase regulatory subunit 1; Component of the 26S proteasome, a multiprotein complex involved in the ATP-dependent degradation of ubiquitinated proteins. This complex plays a key role in the maintenance of protein homeostasis by removing misfolded or damaged proteins, which could impair cellular functions, and by removing proteins whose functions are no longer required. Therefore, the proteasome participates in numerous cellular processes, including cell cycle progression, apoptosis, or DNA damage repair; Belongs to the proteasome subunit S1 family.
DLD	57	9606.ENSP00000205402	9606	Homo sapiens	DLD	Dihydrolipoyl dehydrogenase, mitochondrial; Lipoamide dehydrogenase is a component of the glycine cleavage system as well as an E3 component of three alpha-ketoacid dehydrogenase complexes (pyruvate-, alpha-ketoglutarate-, and branched- chain amino acid-dehydrogenase complex). The 2-oxoglutarate dehydrogenase complex is mainly active in the mitochondrion. A fraction of the 2- oxoglutarate dehydrogenase complex also localizes in the nucleus and is required for lysine succinylation of histones: associates with KAT2A on chromatin and provides succinyl-CoA to histone succinyltransferase KA [...] 
MPC2	58	9606.ENSP00000271373	9606	Homo sapiens	MPC2	Mitochondrial pyruvate carrier 2; Mediates the uptake of pyruvate into mitochondria.
CDC42	59	9606.ENSP00000497733	9606	Homo sapiens	CDC42	Cell division control protein 42 homolog; Plasma membrane-associated small GTPase which cycles between an active GTP-bound and an inactive GDP-bound state. In active state binds to a variety of effector proteins to regulate cellular responses. Involved in epithelial cell polarization processes. Regulates the bipolar attachment of spindle microtubules to kinetochores before chromosome congression in metaphase. Regulates cell migration. In neurons, plays a role in the extension and maintenance of the formation of filopodia, thin and actin-rich surface projections. Required for DOCK10-med [...] 
ACO2	60	9606.ENSP00000216254	9606	Homo sapiens	ACO2	Aconitate hydratase, mitochondrial; Catalyzes the isomerization of citrate to isocitrate via cis- aconitate; Belongs to the aconitase/IPM isomerase family.
DCTN2	61	9606.ENSP00000408910	9606	Homo sapiens	DCTN2	Dynactin subunit 2; Modulates cytoplasmic dynein binding to an organelle, and plays a role in prometaphase chromosome alignment and spindle organization during mitosis. Involved in anchoring microtubules to centrosomes. May play a role in synapse formation during brain development.
CIRBP	62	9606.ENSP00000466025	9606	Homo sapiens	CIRBP	Cold-inducible RNA-binding protein; Cold-inducible mRNA binding protein that plays a protective role in the genotoxic stress response by stabilizing transcripts of genes involved in cell survival. Acts as a translational activator. Seems to play an essential role in cold-induced suppression of cell proliferation. Binds specifically to the 3'-untranslated regions (3'- UTRs) of stress-responsive transcripts RPA2 and TXN. Acts as a translational repressor (By similarity). Promotes assembly of stress granules (SGs), when overexpressed.
GPHN	63	9606.ENSP00000417901	9606	Homo sapiens	GPHN	Molybdopterin molybdenumtransferase; Microtubule-associated protein involved in membrane protein- cytoskeleton interactions. It is thought to anchor the inhibitory glycine receptor (GLYR) to subsynaptic microtubules. Catalyzes two steps in the biosynthesis of the molybdenum cofactor. In the first step, molybdopterin is adenylated. Subsequently, molybdate is inserted into adenylated molybdopterin and AMP is released. In the C-terminal section; belongs to the MoeA family.
KHDRBS1	64	9606.ENSP00000313829	9606	Homo sapiens	KHDRBS1	KH domain-containing, RNA-binding, signal transduction-associated protein 1; Recruited and tyrosine phosphorylated by several receptor systems, for example the T-cell, leptin and insulin receptors. Once phosphorylated, functions as an adapter protein in signal transduction cascades by binding to SH2 and SH3 domain-containing proteins. Role in G2-M progression in the cell cycle. Represses CBP-dependent transcriptional activation apparently by competing with other nuclear factors for binding to CBP. Also acts as a putative regulator of mRNA stability and/or translation rates and mediates [...] 
HMG20A	65	9606.ENSP00000371133	9606	Homo sapiens	HMG20A	High mobility group protein 20A; Plays a role in neuronal differentiation as chromatin- associated protein. Acts as inhibitor of HMG20B. Overcomes the repressive effects of the neuronal silencer REST and induces the activation of neuronal-specific genes. Involved in the recruitment of the histone methyltransferase KMT2A/MLL1 and consequent increased methylation of histone H3 lysine 4 (By similarity).
PAK1	66	9606.ENSP00000278568	9606	Homo sapiens	PAK1	Serine/threonine-protein kinase PAK 1; Protein kinase involved in intracellular signaling pathways downstream of integrins and receptor-type kinases that plays an important role in cytoskeleton dynamics, in cell adhesion, migration, proliferation, apoptosis, mitosis, and in vesicle-mediated transport processes. Can directly phosphorylate BAD and protects cells against apoptosis. Activated by interaction with CDC42 and RAC1. Functions as GTPase effector that links the Rho-related GTPases CDC42 and RAC1 to the JNK MAP kinase pathway. Phosphorylates and activates MAP2K1, and thereby media [...] 
SERPINI1	67	9606.ENSP00000295777	9606	Homo sapiens	SERPINI1	Neuroserpin; Serine protease inhibitor that inhibits plasminogen activators and plasmin but not thrombin. May be involved in the formation or reorganization of synaptic connections as well as for synaptic plasticity in the adult nervous system. May protect neurons from cell damage by tissue-type plasminogen activator (Probable).
SLC4A1AP	68	9606.ENSP00000479964	9606	Homo sapiens	SLC4A1AP	Kanadaptin; Solute carrier family 4 member 1 adaptor protein.
SCG3	69	9606.ENSP00000220478	9606	Homo sapiens	SCG3	Secretogranin-3; Member of the granin protein family that regulates the biogenesis of secretory granules. Acts as a sorting receptor for intragranular proteins including chromogranin A/CHGA (By similarity). May also play a role in angiogenesis. Promotes endothelial proliferation, migration and tube formation through MEK/ERK signaling pathway.
NAPA	70	9606.ENSP00000263354	9606	Homo sapiens	NAPA	Alpha-soluble NSF attachment protein; Required for vesicular transport between the endoplasmic reticulum and the Golgi apparatus (Probable). Together with GNA12 promotes CDH5 localization to plasma membrane. Belongs to the SNAP family.
WARS1	71	9606.ENSP00000347495	9606	Homo sapiens	WARS1	Tryptophan--tRNA ligase, cytoplasmic; Isoform 1, isoform 2 and T1-TrpRS have aminoacylation activity while T2-TrpRS lacks it. Isoform 2, T1-TrpRS and T2-TrpRS possess angiostatic activity whereas isoform 1 lacks it. T2-TrpRS inhibits fluid shear stress-activated responses of endothelial cells. Regulates ERK, Akt, and eNOS activation pathways that are associated with angiogenesis, cytoskeletal reorganization and shear stress- responsive gene expression.
OLA1	72	9606.ENSP00000284719	9606	Homo sapiens	OLA1	Obg-like ATPase 1; Hydrolyzes ATP, and can also hydrolyze GTP with lower efficiency. Has lower affinity for GTP; Belongs to the TRAFAC class OBG-HflX-like GTPase superfamily. OBG GTPase family. YchF/OLA1 subfamily.
SLC25A3	73	9606.ENSP00000228318	9606	Homo sapiens	SLC25A3	Phosphate carrier protein, mitochondrial; Transport of phosphate groups from the cytosol to the mitochondrial matrix. Phosphate is cotransported with H(+). May play a role regulation of the mitochondrial permeability transition pore (mPTP).
ENO2	74	9606.ENSP00000437402	9606	Homo sapiens	ENO2	Gamma-enolase; Has neurotrophic and neuroprotective properties on a broad spectrum of central nervous system (CNS) neurons. Binds, in a calcium- dependent manner, to cultured neocortical neurons and promotes cell survival (By similarity).
NDUFV1	75	9606.ENSP00000497587	9606	Homo sapiens	NDUFV1	NADH dehydrogenase [ubiquinone] flavoprotein 1, mitochondrial; Core subunit of the mitochondrial membrane respiratory chain NADH dehydrogenase (Complex I) that is believed to belong to the minimal assembly required for catalysis. Complex I functions in the transfer of electrons from NADH to the respiratory chain. The immediate electron acceptor for the enzyme is believed to be ubiquinone (By similarity).
COX6C	76	9606.ENSP00000429707	9606	Homo sapiens	COX6C	Cytochrome c oxidase subunit 6C; Component of the cytochrome c oxidase, the last enzyme in the mitochondrial electron transport chain which drives oxidative phosphorylation. The respiratory chain contains 3 multisubunit complexes succinate dehydrogenase (complex II, CII), ubiquinol- cytochrome c oxidoreductase (cytochrome b-c1 complex, complex III, CIII) and cytochrome c oxidase (complex IV, CIV), that cooperate to transfer electrons derived from NADH and succinate to molecular oxygen, creating an electrochemical gradient over the inner membrane that drives transmembrane transport and  [...] 
MTHFD1	77	9606.ENSP00000498336	9606	Homo sapiens	MTHFD1	C-1-tetrahydrofolate synthase, cytoplasmic, N-terminally processed; Methylenetetrahydrofolate dehydrogenase, cyclohydrolase and formyltetrahydrofolate synthetase 1; In the N-terminal section; belongs to the tetrahydrofolate dehydrogenase/cyclohydrolase family.
RTN3	78	9606.ENSP00000367050	9606	Homo sapiens	RTN3	Reticulon-3; May be involved in membrane trafficking in the early secretory pathway. Inhibits BACE1 activity and amyloid precursor protein processing. May induce caspase-8 cascade and apoptosis. May favor BCL2 translocation to the mitochondria upon endoplasmic reticulum stress. In case of enteroviruses infection, RTN3 may be involved in the viral replication or pathogenesis. Induces the formation of endoplasmic reticulum tubules.
OPA1	79	9606.ENSP00000354681	9606	Homo sapiens	OPA1	Dynamin-like 120 kDa protein, mitochondrial; Dynamin-related GTPase that is essential for normal mitochondrial morphology by regulating the equilibrium between mitochondrial fusion and mitochondrial fission. Coexpression of isoform 1 with shorter alternative products is required for optimal activity in promoting mitochondrial fusion. Binds lipid membranes enriched in negatively charged phospholipids, such as cardiolipin, and promotes membrane tubulation. The intrinsic GTPase activity is low, and is strongly increased by interaction with lipid membranes. Plays a role in remodeling crist [...] 
CLTC	80	9606.ENSP00000479606	9606	Homo sapiens	CLTC	Clathrin heavy chain 1; Clathrin is the major protein of the polyhedral coat of coated pits and vesicles. Two different adapter protein complexes link the clathrin lattice either to the plasma membrane or to the trans- Golgi network. Acts as component of the TACC3/ch-TOG/clathrin complex proposed to contribute to stabilization of kinetochore fibers of the mitotic spindle by acting as inter-microtubule bridge. The TACC3/ch-TOG/clathrin complex is required for the maintenance of kinetochore fiber tension. Plays a role in early autophagosome formation.
YWHAB	81	9606.ENSP00000361930	9606	Homo sapiens	YWHAB	14-3-3 protein beta/alpha, N-terminally processed; Adapter protein implicated in the regulation of a large spectrum of both general and specialized signaling pathways. Binds to a large number of partners, usually by recognition of a phosphoserine or phosphothreonine motif. Binding generally results in the modulation of the activity of the binding partner. Negative regulator of osteogenesis. Blocks the nuclear translocation of the phosphorylated form (by AKT1) of SRPK2 and antagonizes its stimulatory effect on cyclin D1 expression resulting in blockage of neuronal apoptosis elicited by  [...] 
PRDM2	82	9606.ENSP00000235372	9606	Homo sapiens	PRDM2	PR domain zinc finger protein 2; S-adenosyl-L-methionine-dependent histone methyltransferase that specifically methylates 'Lys-9' of histone H3. May function as a DNA-binding transcription factor. Binds to the macrophage-specific TPA- responsive element (MTE) of the HMOX1 (heme oxygenase 1) gene and may act as a transcriptional activator of this gene.
MSH2	83	9606.ENSP00000233146	9606	Homo sapiens	MSH2	DNA mismatch repair protein Msh2; Component of the post-replicative DNA mismatch repair system (MMR). Forms two different heterodimers: MutS alpha (MSH2-MSH6 heterodimer) and MutS beta (MSH2-MSH3 heterodimer) which binds to DNA mismatches thereby initiating DNA repair. When bound, heterodimers bend the DNA helix and shields approximately 20 base pairs. MutS alpha recognizes single base mismatches and dinucleotide insertion-deletion loops (IDL) in the DNA. MutS beta recognizes larger insertion-deletion loops up to 13 nucleotides long. After mismatch binding, MutS alpha or beta forms a t [...] 
SARS1	84	9606.ENSP00000358939	9606	Homo sapiens	SARS1	Serine--tRNA ligase, cytoplasmic; Catalyzes the attachment of serine to tRNA(Ser) in a two-step reaction: serine is first activated by ATP to form Ser-AMP and then transferred to the acceptor end of tRNA(Ser). Is probably also able to aminoacylate tRNA(Sec) with serine, to form the misacylated tRNA L-seryl-tRNA(Sec), which will be further converted into selenocysteinyl-tRNA(Sec). In the nucleus, binds to the VEGFA core promoter and prevents MYC binding and transcriptional activation by MYC. Recruits SIRT2 to the VEGFA promoter, promoting deacetylation of histone H4 at 'Lys-16' (H4K16). [...] 
CAPNS1	85	9606.ENSP00000464849	9606	Homo sapiens	CAPNS1	Calpain small subunit 1; Regulatory subunit of the calcium-regulated non-lysosomal thiol-protease which catalyzes limited proteolysis of substrates involved in cytoskeletal remodeling and signal transduction.
RCAN2	86	9606.ENSP00000360425	9606	Homo sapiens	RCAN2	Calcipressin-2; Inhibits calcineurin-dependent transcriptional responses by binding to the catalytic domain of calcineurin A. Could play a role during central nervous system development; Belongs to the RCAN family.
PRKAG1	87	9606.ENSP00000323867	9606	Homo sapiens	PRKAG1	5'-AMP-activated protein kinase subunit gamma-1; AMP/ATP-binding subunit of AMP-activated protein kinase (AMPK), an energy sensor protein kinase that plays a key role in regulating cellular energy metabolism. In response to reduction of intracellular ATP levels, AMPK activates energy-producing pathways and inhibits energy-consuming processes: inhibits protein, carbohydrate and lipid biosynthesis, as well as cell growth and proliferation. AMPK acts via direct phosphorylation of metabolic enzymes, and by longer-term effects via phosphorylation of transcription regulators. Also acts as a  [...] 
PSMA4	88	9606.ENSP00000044462	9606	Homo sapiens	PSMA4	Proteasome subunit alpha type-4; Component of the 20S core proteasome complex involved in the proteolytic degradation of most intracellular proteins. This complex plays numerous essential roles within the cell by associating with different regulatory particles. Associated with two 19S regulatory particles, forms the 26S proteasome and thus participates in the ATP- dependent degradation of ubiquitinated proteins. The 26S proteasome plays a key role in the maintenance of protein homeostasis by removing misfolded or damaged proteins that could impair cellular functions, and by removing pr [...] 
SLC20A1	89	9606.ENSP00000272542	9606	Homo sapiens	SLC20A1	Sodium-dependent phosphate transporter 1; Sodium-phosphate symporter which plays a fundamental housekeeping role in phosphate transport, such as absorbing phosphate from interstitial fluid for normal cellular functions such as cellular metabolism, signal transduction, and nucleic acid and lipid synthesis. May play a role in extracellular matrix and cartilage calcification as well as in vascular calcification.
APEX1	90	9606.ENSP00000216714	9606	Homo sapiens	APEX1	DNA-(apurinic or apyrimidinic site) lyase, mitochondrial; Multifunctional protein that plays a central role in the cellular response to oxidative stress. The two major activities of APEX1 are DNA repair and redox regulation of transcriptional factors. Functions as a apurinic/apyrimidinic (AP) endodeoxyribonuclease in the DNA base excision repair (BER) pathway of DNA lesions induced by oxidative and alkylating agents. Initiates repair of AP sites in DNA by catalyzing hydrolytic incision of the phosphodiester backbone immediately adjacent to the damage, generating a single-strand break w [...] 
NECAP1	91	9606.ENSP00000491067	9606	Homo sapiens	NECAP1	Adaptin ear-binding coat-associated protein 1; Involved in endocytosis.
NFU1	92	9606.ENSP00000387219	9606	Homo sapiens	NFU1	NFU1 iron-sulfur cluster scaffold homolog, mitochondrial; Iron-sulfur cluster scaffold protein which can assemble [4Fe- 4S] clusters and deliver them to target proteins. Belongs to the NifU family.
PGRMC1	93	9606.ENSP00000217971	9606	Homo sapiens	PGRMC1	Membrane-associated progesterone receptor component 1; Component of a progesterone-binding protein complex. Binds progesterone. Has many reported cellular functions (heme homeostasis, interaction with CYPs). Belongs to the cytochrome b5 family. MAPR subfamily.
SPARCL1	94	9606.ENSP00000414856	9606	Homo sapiens	SPARCL1	SPARC-like protein 1; SPARC like 1.
EID1	95	9606.ENSP00000431162	9606	Homo sapiens	EID1	EP300-interacting inhibitor of differentiation 1; Interacts with RB1 and EP300 and acts as a repressor of MYOD1 transactivation. Inhibits EP300 and CBP histone acetyltransferase activity. May be involved in coupling cell cycle exit to the transcriptional activation of genes required for cellular differentiation. May act as a candidate coinhibitory factor for NR0B2 that can be directly linked to transcription inhibitory mechanisms.
GRIA3	96	9606.ENSP00000481554	9606	Homo sapiens	GRIA3	Glutamate receptor 3; Receptor for glutamate that functions as ligand-gated ion channel in the central nervous system and plays an important role in excitatory synaptic transmission. L-glutamate acts as an excitatory neurotransmitter at many synapses in the central nervous system. Binding of the excitatory neurotransmitter L-glutamate induces a conformation change, leading to the opening of the cation channel, and thereby converts the chemical signal to an electrical impulse. The receptor then desensitizes rapidly and enters a transient inactive state, characterized by the presence of  [...] 
DGKB	97	9606.ENSP00000385780	9606	Homo sapiens	DGKB	Diacylglycerol kinase beta; Exhibits high phosphorylation activity for long-chain diacylglycerols.
SNU13	98	9606.ENSP00000383949	9606	Homo sapiens	SNU13	NHP2-like protein 1, N-terminally processed; Involved in pre-mRNA splicing as component of the spliceosome. Binds to the 5'-stem-loop of U4 snRNA and thereby contributes to spliceosome assembly. The protein undergoes a conformational change upon RNA-binding.
TSPAN7	99	9606.ENSP00000367743	9606	Homo sapiens	TSPAN7	Tetraspanin-7; May be involved in cell proliferation and cell motility.
DRG1	100	9606.ENSP00000329715	9606	Homo sapiens	DRG1	Developmentally-regulated GTP-binding protein 1; Catalyzes the conversion of GTP to GDP through hydrolysis of the gamma-phosphate bond in GTP. Appears to have an intrinsic GTPase activity that is stimulated by ZC3H15/DFRP1 binding likely by increasing the affinity for the potassium ions. When hydroxylated at C-3 of 'Lys-22' by JMJD7, may bind to RNA and play a role in translation. Binds to microtubules and promotes microtubule polymerization and stability that are required for mitotic spindle assembly during prophase to anaphase transition. GTPase activity is not necessary for these mi [...] 
USP11	101	9606.ENSP00000218348	9606	Homo sapiens	USP11	Ubiquitin carboxyl-terminal hydrolase 11; Protease that can remove conjugated ubiquitin from target proteins and polyubiquitin chains. Inhibits the degradation of target proteins by the proteasome. Cleaves preferentially 'Lys-6' and 'Lys-63'-linked ubiquitin chains. Has lower activity with 'Lys-11' and 'Lys-33'-linked ubiquitin chains, and extremely low activity with 'Lys-27', 'Lys-29' and 'Lys-48'-linked ubiquitin chains (in vitro). Plays a role in the regulation of pathways leading to NF-kappa-B activation. Plays a role in the regulation of DNA repair after double-stranded DNA breaks [...] 
RAB2A	102	9606.ENSP00000262646	9606	Homo sapiens	RAB2A	Ras-related protein Rab-2A; Required for protein transport from the endoplasmic reticulum to the Golgi complex.
ATP6V1B2	103	9606.ENSP00000276390	9606	Homo sapiens	ATP6V1B2	V-type proton ATPase subunit B, brain isoform; Non-catalytic subunit of the peripheral V1 complex of vacuolar ATPase. V-ATPase is responsible for acidifying a variety of intracellular compartments in eukaryotic cells; Belongs to the ATPase alpha/beta chains family.
PRKACA	104	9606.ENSP00000309591	9606	Homo sapiens	PRKACA	cAMP-dependent protein kinase catalytic subunit alpha; Phosphorylates a large number of substrates in the cytoplasm and the nucleus. Regulates the abundance of compartmentalized pools of its regulatory subunits through phosphorylation of PJA2 which binds and ubiquitinates these subunits, leading to their subsequent proteolysis. Phosphorylates CDC25B, ABL1, NFKB1, CLDN3, PSMC5/RPT6, PJA2, RYR2, RORA and VASP. RORA is activated by phosphorylation. Required for glucose- mediated adipogenic differentiation increase and osteogenic differentiation inhibition from osteoblasts. Involved in the [...] 
BCAT1	105	9606.ENSP00000443459	9606	Homo sapiens	BCAT1	Branched-chain-amino-acid aminotransferase, cytosolic; Catalyzes the first reaction in the catabolism of the essential branched chain amino acids leucine, isoleucine, and valine.
GDI1	106	9606.ENSP00000394071	9606	Homo sapiens	GDI1	Rab GDP dissociation inhibitor alpha; Regulates the GDP/GTP exchange reaction of most Rab proteins by inhibiting the dissociation of GDP from them, and the subsequent binding of GTP to them. Promotes the dissociation of GDP-bound Rab proteins from the membrane and inhibits their activation. Promotes the dissociation of RAB1A, RAB3A, RAB5A and RAB10 from membranes.
ATP1B1	107	9606.ENSP00000356790	9606	Homo sapiens	ATP1B1	Sodium/potassium-transporting ATPase subunit beta-1; This is the non-catalytic component of the active enzyme, which catalyzes the hydrolysis of ATP coupled with the exchange of Na(+) and K(+) ions across the plasma membrane. The beta subunit regulates, through assembly of alpha/beta heterodimers, the number of sodium pumps transported to the plasma membrane.
PSMD13	108	9606.ENSP00000396937	9606	Homo sapiens	PSMD13	26S proteasome non-ATPase regulatory subunit 13; Component of the 26S proteasome, a multiprotein complex involved in the ATP-dependent degradation of ubiquitinated proteins. This complex plays a key role in the maintenance of protein homeostasis by removing misfolded or damaged proteins, which could impair cellular functions, and by removing proteins whose functions are no longer required. Therefore, the proteasome participates in numerous cellular processes, including cell cycle progression, apoptosis, or DNA damage repair.
RPL15	109	9606.ENSP00000309334	9606	Homo sapiens	RPL15	Ribosomal protein L15.
AP2M1	110	9606.ENSP00000403362	9606	Homo sapiens	AP2M1	AP-2 complex subunit mu; Component of the adaptor protein complex 2 (AP-2). Adaptor protein complexes function in protein transport via transport vesicles in different membrane traffic pathways. Adaptor protein complexes are vesicle coat components and appear to be involved in cargo selection and vesicle formation. AP-2 is involved in clathrin-dependent endocytosis in which cargo proteins are incorporated into vesicles surrounded by clathrin (clathrin-coated vesicles, CCVs) which are destined for fusion with the early endosome. The clathrin lattice serves as a mechanical scaffold but i [...] 
ISCU	111	9606.ENSP00000310623	9606	Homo sapiens	ISCU	Iron-sulfur cluster assembly enzyme ISCU, mitochondrial; Scaffold protein for the de novo synthesis of iron-sulfur (Fe-S) clusters within mitochondria, which is required for maturation of both mitochondrial and cytoplasmic [2Fe-2S] and [4Fe-4S] proteins. First, a [2Fe-2S] cluster is transiently assembled on the scaffold protein ISCU. In a second step, the cluster is released from ISCU, transferred to a glutaredoxin GLRX5, followed by the formation of mitochondrial [2Fe-2S] proteins, the synthesis of [4Fe-4S] clusters and their target-specific insertion into the recipient apoproteins. C [...] 
NFS1	112	9606.ENSP00000363205	9606	Homo sapiens	NFS1	Cysteine desulfurase, mitochondrial; Catalyzes the removal of elemental sulfur from cysteine to produce alanine. It supplies the inorganic sulfur for iron-sulfur (Fe- S) clusters. May be involved in the biosynthesis of molybdenum cofactor; Belongs to the class-V pyridoxal-phosphate-dependent aminotransferase family. NifS/IscS subfamily.
HMGCR	113	9606.ENSP00000287936	9606	Homo sapiens	HMGCR	3-hydroxy-3-methylglutaryl-coenzyme A reductase; Transmembrane glycoprotein that is the rate-limiting enzyme in cholesterol biosynthesis as well as in the biosynthesis of nonsterol isoprenoids that are essential for normal cell function including ubiquinone and geranylgeranyl proteins.
NUDT21	114	9606.ENSP00000300291	9606	Homo sapiens	NUDT21	Cleavage and polyadenylation specificity factor subunit 5; Component of the cleavage factor Im (CFIm) complex that functions as an activator of the pre-mRNA 3'-end cleavage and polyadenylation processing required for the maturation of pre-mRNA into functional mRNAs. CFIm contributes to the recruitment of multiprotein complexes on specific sequences on the pre-mRNA 3'-end, so called cleavage and polyadenylation signals (pA signals). Most pre-mRNAs contain multiple pA signals, resulting in alternative cleavage and polyadenylation (APA) producing mRNAs with variable 3'-end formation. The  [...] 
DDX1	115	9606.ENSP00000370745	9606	Homo sapiens	DDX1	ATP-dependent RNA helicase DDX1; Acts as an ATP-dependent RNA helicase, able to unwind both RNA-RNA and RNA-DNA duplexes. Possesses 5' single-stranded RNA overhang nuclease activity. Possesses ATPase activity on various RNA, but not DNA polynucleotides. May play a role in RNA clearance at DNA double- strand breaks (DSBs), thereby facilitating the template-guided repair of transcriptionally active regions of the genome. Together with RELA, acts as a coactivator to enhance NF-kappa-B-mediated transcriptional activation. Acts as a positive transcriptional regulator of cyclin CCND2 express [...] 
YWHAG	116	9606.ENSP00000306330	9606	Homo sapiens	YWHAG	14-3-3 protein gamma, N-terminally processed; Adapter protein implicated in the regulation of a large spectrum of both general and specialized signaling pathways. Binds to a large number of partners, usually by recognition of a phosphoserine or phosphothreonine motif. Binding generally results in the modulation of the activity of the binding partner.
STX12	117	9606.ENSP00000363054	9606	Homo sapiens	STX12	Syntaxin-12; SNARE that acts to regulate protein transport between late endosomes and the trans-Golgi network. The SNARE complex containing STX6, STX12, VAMP4 and VTI1A mediates vesicle fusion (in vitro) (By similarity). Through complex formation with GRIP1, GRIA2 and NSG1 controls the intracellular fate of AMPAR and the endosomal sorting of the GRIA2 subunit toward recycling and membrane targeting (By similarity); Belongs to the syntaxin family.
DZIP3	118	9606.ENSP00000355028	9606	Homo sapiens	DZIP3	E3 ubiquitin-protein ligase DZIP3; E3 Ubiquitin ligase proteins mediate ubiquitination and subsequent proteasomal degradation of target proteins. E3 ubiquitin ligases accept ubiquitin from an E2 ubiquitin-conjugating enzyme in the form of a thioester and then directly transfers the ubiquitin to targeted substrates. Able to specifically bind RNA.
EIF3M	119	9606.ENSP00000436049	9606	Homo sapiens	EIF3M	Eukaryotic translation initiation factor 3 subunit M; Component of the eukaryotic translation initiation factor 3 (eIF-3) complex, which is required for several steps in the initiation of protein synthesis. The eIF-3 complex associates with the 40S ribosome and facilitates the recruitment of eIF-1, eIF-1A, eIF-2:GTP:methionyl- tRNAi and eIF-5 to form the 43S pre-initiation complex (43S PIC). The eIF-3 complex stimulates mRNA recruitment to the 43S PIC and scanning of the mRNA for AUG recognition. The eIF-3 complex is also required for disassembly and recycling of post-termination ribos [...] 
TOMM20	120	9606.ENSP00000355566	9606	Homo sapiens	TOMM20	Mitochondrial import receptor subunit TOM20 homolog; Central component of the receptor complex responsible for the recognition and translocation of cytosolically synthesized mitochondrial preproteins. Together with TOM22 functions as the transit peptide receptor at the surface of the mitochondrion outer membrane and facilitates the movement of preproteins into the TOM40 translocation pore (By similarity). Required for the translocation across the mitochondrial outer membrane of cytochrome P450 monooxygenases. Belongs to the Tom20 family.
ARL1	121	9606.ENSP00000261636	9606	Homo sapiens	ARL1	ADP-ribosylation factor-like protein 1; GTP-binding protein that recruits several effectors, such as golgins, arfaptins and Arf-GEFs to the trans-Golgi network, and modulates their functions at the Golgi complex. Plays thereby a role in a wide range of fundamental cellular processes, including cell polarity, innate immunity, or protein secretion mediated by arfaptins, which were shown to play a role in maintaining insulin secretion from pancreatic beta cells.
SCFD1	122	9606.ENSP00000390783	9606	Homo sapiens	SCFD1	Sec1 family domain-containing protein 1; Plays a role in SNARE-pin assembly and Golgi-to-ER retrograde transport via its interaction with COG4. Involved in vesicular transport between the endoplasmic reticulum and the Golgi (By similarity).
SPAG7	123	9606.ENSP00000206020	9606	Homo sapiens	SPAG7	Sperm associated antigen 7.
TAGLN3	124	9606.ENSP00000377494	9606	Homo sapiens	TAGLN3	Transgelin-3; Transgelin 3.
PPFIA2	125	9606.ENSP00000450337	9606	Homo sapiens	PPFIA2	Liprin-alpha-2; Alters PTPRF cellular localization and induces PTPRF clustering. May regulate the disassembly of focal adhesions. May localize receptor-like tyrosine phosphatases type 2A at specific sites on the plasma membrane, possibly regulating their interaction with the extracellular environment and their association with substrates. In neuronal cells, is a scaffolding protein in the dendritic spines which acts as immobile postsynaptic post able to recruit KIF1A-driven dense core vesicles to dendritic spines. Belongs to the liprin family. Liprin-alpha subfamily.
DAP3	126	9606.ENSP00000357320	9606	Homo sapiens	DAP3	28S ribosomal protein S29, mitochondrial; Involved in mediating interferon-gamma-induced cell death; Belongs to the mitochondrion-specific ribosomal protein mS29 family.
PKM	127	9606.ENSP00000320171	9606	Homo sapiens	PKM	Pyruvate kinase PKM; Glycolytic enzyme that catalyzes the transfer of a phosphoryl group from phosphoenolpyruvate (PEP) to ADP, generating ATP. Stimulates POU5F1-mediated transcriptional activation. Plays a general role in caspase independent cell death of tumor cells. The ratio between the highly active tetrameric form and nearly inactive dimeric form determines whether glucose carbons are channeled to biosynthetic processes or used for glycolytic ATP production. The transition between the 2 forms contributes to the control of glycolysis and is important for tumor cell proliferation a [...] 
BNIP3	128	9606.ENSP00000357625	9606	Homo sapiens	BNIP3	BCL2/adenovirus E1B 19 kDa protein-interacting protein 3; Apoptosis-inducing protein that can overcome BCL2 suppression. May play a role in repartitioning calcium between the two major intracellular calcium stores in association with BCL2. Involved in mitochondrial quality control via its interaction with SPATA18/MIEAP: in response to mitochondrial damage, participates in mitochondrial protein catabolic process (also named MALM) leading to the degradation of damaged proteins inside mitochondria. The physical interaction of SPATA18/MIEAP, BNIP3 and BNIP3L/NIX at the mitochondrial outer  [...] 
ACP1	129	9606.ENSP00000272067	9606	Homo sapiens	ACP1	Low molecular weight phosphotyrosine protein phosphatase; Acts on tyrosine phosphorylated proteins, low-MW aryl phosphates and natural and synthetic acyl phosphates. Isoform 3 does not possess phosphatase activity.
TIMM17A	130	9606.ENSP00000356256	9606	Homo sapiens	TIMM17A	Mitochondrial import inner membrane translocase subunit Tim17-A; Essential component of the TIM23 complex, a complex that mediates the translocation of transit peptide-containing proteins across the mitochondrial inner membrane.
WDR7	131	9606.ENSP00000254442	9606	Homo sapiens	WDR7	WD repeat domain 7.
CCNH	132	9606.ENSP00000498750	9606	Homo sapiens	CCNH	Cyclin-H; Regulates CDK7, the catalytic subunit of the CDK-activating kinase (CAK) enzymatic complex. CAK activates the cyclin-associated kinases CDK1, CDK2, CDK4 and CDK6 by threonine phosphorylation. CAK complexed to the core-TFIIH basal transcription factor activates RNA polymerase II by serine phosphorylation of the repetitive C-terminal domain (CTD) of its large subunit (POLR2A), allowing its escape from the promoter and elongation of the transcripts. Involved in cell cycle control and in RNA transcription by RNA polymerase II. Its expression and activity are constant throughout t [...] 
ASH2L	133	9606.ENSP00000340896	9606	Homo sapiens	ASH2L	Set1/Ash2 histone methyltransferase complex subunit ASH2; Component of the Set1/Ash2 histone methyltransferase (HMT) complex, a complex that specifically methylates 'Lys-4' of histone H3, but not if the neighboring 'Lys-9' residue is already methylated. As part of the MLL1/MLL complex it is involved in methylation and dimethylation at 'Lys-4' of histone H3. May function as a transcriptional regulator. May play a role in hematopoiesis. In association with RBBP5 and WDR5, stimulates the histone methyltransferase activities of KMT2A, KMT2B, KMT2C, KMT2D, SETD1A and SETD1B.
KCNAB1	134	9606.ENSP00000419952	9606	Homo sapiens	KCNAB1	Voltage-gated potassium channel subunit beta-1; Cytoplasmic potassium channel subunit that modulates the characteristics of the channel-forming alpha-subunits. Modulates action potentials via its effect on the pore-forming alpha subunits (By similarity). Promotes expression of the pore-forming alpha subunits at the cell membrane, and thereby increases channel activity (By similarity). Mediates closure of delayed rectifier potassium channels by physically obstructing the pore via its N-terminal domain and increases the speed of channel closure for other family members. Promotes the clos [...] 
SNRPD1	135	9606.ENSP00000300413	9606	Homo sapiens	SNRPD1	Small nuclear ribonucleoprotein Sm D1; Plays role in pre-mRNA splicing as core component of the SMN- Sm complex that mediates spliceosomal snRNP assembly and as component of the spliceosomal U1, U2, U4 and U5 small nuclear ribonucleoproteins (snRNPs), the building blocks of the spliceosome. Component of both the pre-catalytic spliceosome B complex and activated spliceosome C complexes. Is also a component of the minor U12 spliceosome. May act as a charged protein scaffold to promote snRNP assembly or strengthen snRNP-snRNP interactions through non-specific electrostatic contacts with R [...] 
PAFAH1B1	136	9606.ENSP00000380378	9606	Homo sapiens	PAFAH1B1	Platelet-activating factor acetylhydrolase IB subunit alpha; Required for proper activation of Rho GTPases and actin polymerization at the leading edge of locomoting cerebellar neurons and postmigratory hippocampal neurons in response to calcium influx triggered via NMDA receptors. Non-catalytic subunit of an acetylhydrolase complex which inactivates platelet-activating factor (PAF) by removing the acetyl group at the SN-2 position (By similarity). Positively regulates the activity of the minus-end directed microtubule motor protein dynein. May enhance dynein-mediated microtubule slidi [...] 
CD200	137	9606.ENSP00000420298	9606	Homo sapiens	CD200	OX-2 membrane glycoprotein; Costimulates T-cell proliferation. May regulate myeloid cell activity in a variety of tissues.
TBCA	138	9606.ENSP00000306362	9606	Homo sapiens	TBCA	Tubulin-specific chaperone A; Tubulin-folding protein; involved in the early step of the tubulin folding pathway.
OXCT1	139	9606.ENSP00000196371	9606	Homo sapiens	OXCT1	Succinyl-CoA:3-ketoacid coenzyme A transferase 1, mitochondrial; Key enzyme for ketone body catabolism. Transfers the CoA moiety from succinate to acetoacetate. Formation of the enzyme-CoA intermediate proceeds via an unstable anhydride species formed between the carboxylate groups of the enzyme and substrate; Belongs to the 3-oxoacid CoA-transferase family.
GUCY1B1	140	9606.ENSP00000426786	9606	Homo sapiens	GUCY1B1	Guanylate cyclase soluble subunit beta-1; Mediates responses to nitric oxide (NO) by catalyzing the biosynthesis of the signaling molecule cGMP. Belongs to the adenylyl cyclase class-4/guanylyl cyclase family.
RGS7	141	9606.ENSP00000355523	9606	Homo sapiens	RGS7	Regulator of G-protein signaling 7; Regulates G protein-coupled receptor signaling cascades. Inhibits signal transduction by increasing the GTPase activity of G protein alpha subunits, thereby driving them into their inactive GDP- bound form. The RGS7/GNB5 dimer enhances GNAO1 GTPase activity. May play a role in synaptic vesicle exocytosis. Modulates the activity of potassium channels that are activated by GNAO1 in response to muscarinic acetylcholine receptor M2/CHRM2 signaling.
PPP2R1A	142	9606.ENSP00000324804	9606	Homo sapiens	PPP2R1A	Serine/threonine-protein phosphatase 2A 65 kDa regulatory subunit A alpha isoform; The PR65 subunit of protein phosphatase 2A serves as a scaffolding molecule to coordinate the assembly of the catalytic subunit and a variable regulatory B subunit. Upon interaction with GNA12 promotes dephosphorylation of microtubule associated protein TAU/MAPT. Required for proper chromosome segregation and for centromeric localization of SGO1 in mitosis.
EMC1	143	9606.ENSP00000420608	9606	Homo sapiens	EMC1	ER membrane protein complex subunit 1; Belongs to the EMC1 family.
OAT	144	9606.ENSP00000357838	9606	Homo sapiens	OAT	Ornithine aminotransferase, mitochondrial; Ornithine aminotransferase.
STMN2	145	9606.ENSP00000429243	9606	Homo sapiens	STMN2	Stathmin-2; Regulator of microtubule stability. When phosphorylated by MAPK8, stabilizes microtubules and consequently controls neurite length in cortical neurons. In the developing brain, negatively regulates the rate of exit from multipolar stage and retards radial migration from the ventricular zone (By similarity).
MTCH2	146	9606.ENSP00000303222	9606	Homo sapiens	MTCH2	Mitochondrial carrier homolog 2; The substrate transported is not yet known. Induces mitochondrial depolarization; Belongs to the mitochondrial carrier (TC 2.A.29) family.
DMXL2	147	9606.ENSP00000441858	9606	Homo sapiens	DMXL2	DmX-like protein 2; May serve as a scaffold protein for MADD and RAB3GA on synaptic vesicles. Plays a role in the brain as a key controller of neuronal and endocrine homeostatic processes (By similarity).
UBE2V2	148	9606.ENSP00000428209	9606	Homo sapiens	UBE2V2	Ubiquitin-conjugating enzyme E2 variant 2; Has no ubiquitin ligase activity on its own. The UBE2V2/UBE2N heterodimer catalyzes the synthesis of non-canonical poly-ubiquitin chains that are linked through 'Lys-63'. This type of poly- ubiquitination does not lead to protein degradation by the proteasome. Mediates transcriptional activation of target genes. Plays a role in the control of progress through the cell cycle and differentiation. Plays a role in the error-free DNA repair pathway and contributes to the survival of cells after DNA damage.
ACTR2	149	9606.ENSP00000367220	9606	Homo sapiens	ACTR2	Actin-related protein 2; ATP-binding component of the Arp2/3 complex, a multiprotein complex that mediates actin polymerization upon stimulation by nucleation-promoting factor (NPF). The Arp2/3 complex mediates the formation of branched actin networks in the cytoplasm, providing the force for cell motility. Seems to contact the pointed end of the daughter actin filament. In addition to its role in the cytoplasmic cytoskeleton, the Arp2/3 complex also promotes actin polymerization in the nucleus, thereby regulating gene transcription and repair of damaged DNA. The Arp2/3 complex promote [...] 
PITPNA	150	9606.ENSP00000316809	9606	Homo sapiens	PITPNA	Phosphatidylinositol transfer protein alpha isoform; Catalyzes the transfer of PtdIns and phosphatidylcholine between membranes.
VSNL1	151	9606.ENSP00000384719	9606	Homo sapiens	VSNL1	Visinin-like protein 1; Regulates (in vitro) the inhibition of rhodopsin phosphorylation in a calcium-dependent manner; Belongs to the recoverin family.
PFDN1	152	9606.ENSP00000261813	9606	Homo sapiens	PFDN1	Prefoldin subunit 1; Binds specifically to cytosolic chaperonin (c-CPN) and transfers target proteins to it. Binds to nascent polypeptide chain and promotes folding in an environment in which there are many competing pathways for nonnative proteins.
PRKAR1A	153	9606.ENSP00000376475	9606	Homo sapiens	PRKAR1A	cAMP-dependent protein kinase type I-alpha regulatory subunit; Regulatory subunit of the cAMP-dependent protein kinases involved in cAMP signaling in cells.
SNAP25	154	9606.ENSP00000254976	9606	Homo sapiens	SNAP25	Synaptosomal-associated protein 25; t-SNARE involved in the molecular regulation of neurotransmitter release. May play an important role in the synaptic function of specific neuronal systems. Associates with proteins involved in vesicle docking and membrane fusion. Regulates plasma membrane recycling through its interaction with CENPF. Modulates the gating characteristics of the delayed rectifier voltage-dependent potassium channel KCNB1 in pancreatic beta cells. Belongs to the SNAP-25 family.
RRAGB	155	9606.ENSP00000262850	9606	Homo sapiens	RRAGB	Ras-related GTP-binding protein B; Guanine nucleotide-binding protein that plays a crucial role in the cellular response to amino acid availability through regulation of the mTORC1 signaling cascade. Forms heterodimeric Rag complexes with RRAGC or RRAGD and cycles between an inactive GDP-bound and an active GTP-bound form. In its active form participates in the relocalization of mTORC1 to the lysosomes and its subsequent activation by the GTPase RHEB. Involved in the RCC1/Ran-GTPase pathway. Belongs to the GTR/RAG GTP-binding protein family.
STAU2	156	9606.ENSP00000428756	9606	Homo sapiens	STAU2	Double-stranded RNA-binding protein Staufen homolog 2; RNA-binding protein required for the microtubule-dependent transport of neuronal RNA from the cell body to the dendrite. As protein synthesis occurs within the dendrite, the localization of specific mRNAs to dendrites may be a prerequisite for neurite outgrowth and plasticity at sites distant from the cell body (By similarity).
DYNC1I1	157	9606.ENSP00000320130	9606	Homo sapiens	DYNC1I1	Cytoplasmic dynein 1 intermediate chain 1; Acts as one of several non-catalytic accessory components of the cytoplasmic dynein 1 complex that are thought to be involved in linking dynein to cargos and to adapter proteins that regulate dynein function. Cytoplasmic dynein 1 acts as a motor for the intracellular retrograde motility of vesicles and organelles along microtubules. The intermediate chains mediate the binding of dynein to dynactin via its 150 kDa component (p150-glued) DCNT1. May play a role in mediating the interaction of cytoplasmic dynein with membranous organelles and kine [...] 
GOT2	158	9606.ENSP00000245206	9606	Homo sapiens	GOT2	Aspartate aminotransferase, mitochondrial; Catalyzes the irreversible transamination of the L-tryptophan metabolite L-kynurenine to form kynurenic acid (KA). Plays a key role in amino acid metabolism. Important for metabolite exchange between mitochondria and cytosol. Facilitates cellular uptake of long-chain free fatty acids; Belongs to the class-I pyridoxal-phosphate-dependent aminotransferase family.
ANXA6	159	9606.ENSP00000346550	9606	Homo sapiens	ANXA6	Annexin A6; May associate with CD21. May regulate the release of Ca(2+) from intracellular stores; Belongs to the annexin family.
ATP1A1	160	9606.ENSP00000445306	9606	Homo sapiens	ATP1A1	Sodium/potassium-transporting ATPase subunit alpha-1; This is the catalytic component of the active enzyme, which catalyzes the hydrolysis of ATP coupled with the exchange of sodium and potassium ions across the plasma membrane. This action creates the electrochemical gradient of sodium and potassium ions, providing the energy for active transport of various nutrients. Belongs to the cation transport ATPase (P-type) (TC 3.A.3) family. Type IIC subfamily.
ALDH5A1	161	9606.ENSP00000314649	9606	Homo sapiens	ALDH5A1	Succinate-semialdehyde dehydrogenase, mitochondrial; Catalyzes one step in the degradation of the inhibitory neurotransmitter gamma-aminobutyric acid (GABA).
PSMA1	162	9606.ENSP00000414359	9606	Homo sapiens	PSMA1	Proteasome subunit alpha type-1; Component of the 20S core proteasome complex involved in the proteolytic degradation of most intracellular proteins. This complex plays numerous essential roles within the cell by associating with different regulatory particles. Associated with two 19S regulatory particles, forms the 26S proteasome and thus participates in the ATP- dependent degradation of ubiquitinated proteins. The 26S proteasome plays a key role in the maintenance of protein homeostasis by removing misfolded or damaged proteins that could impair cellular functions, and by removing pr [...] 
PSMC2	163	9606.ENSP00000391211	9606	Homo sapiens	PSMC2	26S proteasome regulatory subunit 7; Component of the 26S proteasome, a multiprotein complex involved in the ATP-dependent degradation of ubiquitinated proteins. This complex plays a key role in the maintenance of protein homeostasis by removing misfolded or damaged proteins, which could impair cellular functions, and by removing proteins whose functions are no longer required. Therefore, the proteasome participates in numerous cellular processes, including cell cycle progression, apoptosis, or DNA damage repair. PSMC2 belongs to the heterohexameric ring of AAA (ATPases associated with [...] 
DPP6	164	9606.ENSP00000367001	9606	Homo sapiens	DPP6	Dipeptidyl aminopeptidase-like protein 6; Promotes cell surface expression of the potassium channel KCND2. Modulates the activity and gating characteristics of the potassium channel KCND2. Has no dipeptidyl aminopeptidase activity.
SRPRA	165	9606.ENSP00000328023	9606	Homo sapiens	SRPRA	Signal recognition particle receptor subunit alpha; Component of the SRP (signal recognition particle) receptor. Ensures, in conjunction with the signal recognition particle, the correct targeting of the nascent secretory proteins to the endoplasmic reticulum membrane system.
NEFL	166	9606.ENSP00000482169	9606	Homo sapiens	NEFL	Neurofilament light polypeptide; Neurofilaments usually contain three intermediate filament proteins: L, M, and H which are involved in the maintenance of neuronal caliber.
PDHB	167	9606.ENSP00000307241	9606	Homo sapiens	PDHB	Pyruvate dehydrogenase E1 component subunit beta, mitochondrial; The pyruvate dehydrogenase complex catalyzes the overall conversion of pyruvate to acetyl-CoA and CO(2), and thereby links the glycolytic pathway to the tricarboxylic cycle.
PRKACB	168	9606.ENSP00000359719	9606	Homo sapiens	PRKACB	cAMP-dependent protein kinase catalytic subunit beta; Mediates cAMP-dependent signaling triggered by receptor binding to GPCRs. PKA activation regulates diverse cellular processes such as cell proliferation, the cell cycle, differentiation and regulation of microtubule dynamics, chromatin condensation and decondensation, nuclear envelope disassembly and reassembly, as well as regulation of intracellular transport mechanisms and ion flux. Regulates the abundance of compartmentalized pools of its regulatory subunits through phosphorylation of PJA2 which binds and ubiquitinates these subu [...] 
ATR	169	9606.ENSP00000343741	9606	Homo sapiens	ATR	Serine/threonine-protein kinase ATR; Serine/threonine protein kinase which activates checkpoint signaling upon genotoxic stresses such as ionizing radiation (IR), ultraviolet light (UV), or DNA replication stalling, thereby acting as a DNA damage sensor. Recognizes the substrate consensus sequence [ST]- Q. Phosphorylates BRCA1, CHEK1, MCM2, RAD17, RPA2, SMC1 and p53/TP53, which collectively inhibit DNA replication and mitosis and promote DNA repair, recombination and apoptosis. Phosphorylates 'Ser-139' of histone variant H2AX at sites of DNA damage, thereby regulating DNA damage respon [...] 
VPS33B	170	9606.ENSP00000327650	9606	Homo sapiens	VPS33B	Vacuolar protein sorting-associated protein 33B; May play a role in vesicle-mediated protein trafficking to lysosomal compartments and in membrane docking/fusion reactions of late endosomes/lysosomes. Mediates phagolysosomal fusion in macrophages. Proposed to be involved in endosomal maturation implicating VIPAS39. In epithelial cells, the VPS33B:VIPAS39 complex may play a role in the apical recycling pathway and in the maintenance of the apical-basolateral polarity. Seems to be involved in the sorting of specific cargos from the trans-Golgi network to alpha-granule-destined multivesic [...] 
PPT1	171	9606.ENSP00000493153	9606	Homo sapiens	PPT1	Palmitoyl-protein thioesterase 1; Removes thioester-linked fatty acyl groups such as palmitate from modified cysteine residues in proteins or peptides during lysosomal degradation. Prefers acyl chain lengths of 14 to 18 carbons ; Belongs to the palmitoyl-protein thioesterase family.
SYP	172	9606.ENSP00000263233	9606	Homo sapiens	SYP	Synaptophysin; Possibly involved in structural functions as organizing other membrane components or in targeting the vesicles to the plasma membrane. Involved in the regulation of short-term and long-term synaptic plasticity (By similarity); Belongs to the synaptophysin/synaptobrevin family.
GATB	173	9606.ENSP00000263985	9606	Homo sapiens	GATB	Glutamyl-tRNA(Gln) amidotransferase subunit B, mitochondrial; Allows the formation of correctly charged Gln-tRNA(Gln) through the transamidation of misacylated Glu-tRNA(Gln) in the mitochondria. The reaction takes place in the presence of glutamine and ATP through an activated gamma-phospho-Glu-tRNA(Gln). Belongs to the GatB/GatE family. GatB subfamily.
MORF4L2	174	9606.ENSP00000394417	9606	Homo sapiens	MORF4L2	Mortality factor 4-like protein 2; Component of the NuA4 histone acetyltransferase complex which is involved in transcriptional activation of select genes principally by acetylation of nucleosomal histone H4 and H2A. This modification may both alter nucleosome - DNA interactions and promote interaction of the modified histones with other proteins which positively regulate transcription. This complex may be required for the activation of transcriptional programs associated with oncogene and proto-oncogene mediated growth induction, tumor suppressor mediated growth arrest and replicative [...] 
MRPS27	175	9606.ENSP00000426941	9606	Homo sapiens	MRPS27	28S ribosomal protein S27, mitochondrial; RNA-binding component of the mitochondrial small ribosomal subunit (mt-SSU) that plays a role in mitochondrial protein synthesis. Stimulates mitochondrial mRNA translation of subunit components of the mitochondrial electron transport chain. Binds to the mitochondrial 12S rRNA (12S mt-rRNA) and tRNA(Glu). Involved also in positive regulation of cell proliferation and tumor cell growth.
RAP1GDS1	176	9606.ENSP00000340454	9606	Homo sapiens	RAP1GDS1	Rap1 GTPase-GDP dissociation stimulator 1; Stimulates GDP/GTP exchange reaction of a group of small GTP- binding proteins (G proteins) including Rap1a/Rap1b, RhoA, RhoB and KRas, by stimulating the dissociation of GDP from and the subsequent binding of GTP to each small G protein.
BLVRA	177	9606.ENSP00000385757	9606	Homo sapiens	BLVRA	Biliverdin reductase A; Reduces the gamma-methene bridge of the open tetrapyrrole, biliverdin IX alpha, to bilirubin with the concomitant oxidation of a NADH or NADPH cofactor.
VDAC2	178	9606.ENSP00000361635	9606	Homo sapiens	VDAC2	Voltage-dependent anion-selective channel protein 2; Forms a channel through the mitochondrial outer membrane that allows diffusion of small hydrophilic molecules. The channel adopts an open conformation at low or zero membrane potential and a closed conformation at potentials above 30-40 mV. The open state has a weak anion selectivity whereas the closed state is cation-selective; Belongs to the eukaryotic mitochondrial porin family.
PSMA3	179	9606.ENSP00000216455	9606	Homo sapiens	PSMA3	Proteasome subunit alpha type-3; Component of the 20S core proteasome complex involved in the proteolytic degradation of most intracellular proteins. This complex plays numerous essential roles within the cell by associating with different regulatory particles. Associated with two 19S regulatory particles, forms the 26S proteasome and thus participates in the ATP- dependent degradation of ubiquitinated proteins. The 26S proteasome plays a key role in the maintenance of protein homeostasis by removing misfolded or damaged proteins that could impair cellular functions, and by removing pr [...] 
FGF12	180	9606.ENSP00000413496	9606	Homo sapiens	FGF12	Fibroblast growth factor 12; Involved in nervous system development and function. Involved in the positive regulation of voltage-gated sodium channel activity. Promotes neuronal excitability by elevating the voltage dependence of neuronal sodium channel SCN8A fast inactivation.
NSF	181	9606.ENSP00000381293	9606	Homo sapiens	NSF	Vesicle-fusing ATPase; Required for vesicle-mediated transport. Catalyzes the fusion of transport vesicles within the Golgi cisternae. Is also required for transport from the endoplasmic reticulum to the Golgi stack. Seems to function as a fusion protein required for the delivery of cargo proteins to all compartments of the Golgi stack independent of vesicle origin. Interaction with AMPAR subunit GRIA2 leads to influence GRIA2 membrane cycling (By similarity); Belongs to the AAA ATPase family.
SNCA	182	9606.ENSP00000500990	9606	Homo sapiens	SNCA	Alpha-synuclein; Neuronal protein that plays several roles in synaptic activity such as regulation of synaptic vesicle trafficking and subsequent neurotransmitter release. Participates as a monomer in synaptic vesicle exocytosis by enhancing vesicle priming, fusion and dilation of exocytotic fusion pores. Mechanistically, acts by increasing local Ca(2+) release from microdomains which is essential for the enhancement of ATP-induced exocytosis. Acts also as a molecular chaperone in its multimeric membrane-bound state, assisting in the folding of synaptic fusion components called SNAREs  [...] 
RPA2	183	9606.ENSP00000363017	9606	Homo sapiens	RPA2	Replication protein A 32 kDa subunit; As part of the heterotrimeric replication protein A complex (RPA/RP-A), binds and stabilizes single-stranded DNA intermediates, that form during DNA replication or upon DNA stress. It prevents their reannealing and in parallel, recruits and activates different proteins and complexes involved in DNA metabolism. Thereby, it plays an essential role both in DNA replication and the cellular response to DNA damage. In the cellular response to DNA damage, the RPA complex controls DNA repair and DNA damage checkpoint activation. Through recruitment of ATRI [...] 
PARN	184	9606.ENSP00000387911	9606	Homo sapiens	PARN	Poly(A)-specific ribonuclease PARN; 3'-exoribonuclease that has a preference for poly(A) tails of mRNAs, thereby efficiently degrading poly(A) tails. Exonucleolytic degradation of the poly(A) tail is often the first step in the decay of eukaryotic mRNAs and is also used to silence certain maternal mRNAs translationally during oocyte maturation and early embryonic development. Interacts with both the 3'-end poly(A) tail and the 5'-end cap structure during degradation, the interaction with the cap structure being required for an efficient degradation of poly(A) tails. Involved in nonsens [...] 
IARS1	185	9606.ENSP00000364794	9606	Homo sapiens	IARS1	Isoleucine--tRNA ligase, cytoplasmic; Catalyzes the specific attachment of an amino acid to its cognate tRNA in a 2 step reaction: the amino acid (AA) is first activated by ATP to form AA-AMP and then transferred to the acceptor end of the tRNA.
PDHA1	186	9606.ENSP00000369134	9606	Homo sapiens	PDHA1	Pyruvate dehydrogenase E1 component subunit alpha, somatic form, mitochondrial; The pyruvate dehydrogenase complex catalyzes the overall conversion of pyruvate to acetyl-CoA and CO(2), and thereby links the glycolytic pathway to the tricarboxylic cycle.
SLC25A12	187	9606.ENSP00000388658	9606	Homo sapiens	SLC25A12	Calcium-binding mitochondrial carrier protein Aralar1; Mitochondrial and calcium-binding carrier that catalyzes the calcium-dependent exchange of cytoplasmic glutamate with mitochondrial aspartate across the mitochondrial inner membrane. May have a function in the urea cycle.
TXNDC9	188	9606.ENSP00000264255	9606	Homo sapiens	TXNDC9	Thioredoxin domain-containing protein 9; Significantly diminishes the chaperonin TCP1 complex ATPase activity, thus negatively impacts protein folding, including that of actin or tubulin.
PDHX	189	9606.ENSP00000227868	9606	Homo sapiens	PDHX	Pyruvate dehydrogenase protein X component, mitochondrial; Required for anchoring dihydrolipoamide dehydrogenase (E3) to the dihydrolipoamide transacetylase (E2) core of the pyruvate dehydrogenase complexes of eukaryotes. This specific binding is essential for a functional PDH complex.
COX4I1	190	9606.ENSP00000457513	9606	Homo sapiens	COX4I1	Cytochrome c oxidase subunit 4 isoform 1, mitochondrial; Component of the cytochrome c oxidase, the last enzyme in the mitochondrial electron transport chain which drives oxidative phosphorylation. The respiratory chain contains 3 multisubunit complexes succinate dehydrogenase (complex II, CII), ubiquinol- cytochrome c oxidoreductase (cytochrome b-c1 complex, complex III, CIII) and cytochrome c oxidase (complex IV, CIV), that cooperate to transfer electrons derived from NADH and succinate to molecular oxygen, creating an electrochemical gradient over the inner membrane that drives tran [...] 
MED4	191	9606.ENSP00000258648	9606	Homo sapiens	MED4	Mediator of RNA polymerase II transcription subunit 4; Component of the Mediator complex, a coactivator involved in the regulated transcription of nearly all RNA polymerase II-dependent genes. Mediator functions as a bridge to convey information from gene- specific regulatory proteins to the basal RNA polymerase II transcription machinery. Mediator is recruited to promoters by direct interactions with regulatory proteins and serves as a scaffold for the assembly of a functional preinitiation complex with RNA polymerase II and the general transcription factors.
CKAP5	192	9606.ENSP00000432768	9606	Homo sapiens	CKAP5	Cytoskeleton-associated protein 5; Binds to the plus end of microtubules and regulates microtubule dynamics and microtubule organization. Acts as processive microtubule polymerase. Promotes cytoplasmic microtubule nucleation and elongation. Plays a major role in organizing spindle poles. In spindle formation protects kinetochore microtubules from depolymerization by KIF2C and has an essential role in centrosomal microtubule assembly independently of KIF2C activity. Contributes to centrosome integrity. Acts as component of the TACC3/ch-TOG/clathrin complex proposed to contribute to stab [...] 
NDUFS5	193	9606.ENSP00000362058	9606	Homo sapiens	NDUFS5	NADH dehydrogenase [ubiquinone] iron-sulfur protein 5; Accessory subunit of the mitochondrial membrane respiratory chain NADH dehydrogenase (Complex I), that is believed not to be involved in catalysis. Complex I functions in the transfer of electrons from NADH to the respiratory chain. The immediate electron acceptor for the enzyme is believed to be ubiquinone.
SNX4	194	9606.ENSP00000251775	9606	Homo sapiens	SNX4	Sorting nexin-4; Involved in the regulation of endocytosis and in several stages of intracellular trafficking. Plays a role in recycling endocytosed transferrin receptor and prevent its degradation. Belongs to the sorting nexin family.
SUCLA2	195	9606.ENSP00000494360	9606	Homo sapiens	SUCLA2	Succinate--CoA ligase [ADP-forming] subunit beta, mitochondrial; ATP-specific succinyl-CoA synthetase functions in the citric acid cycle (TCA), coupling the hydrolysis of succinyl-CoA to the synthesis of ATP and thus represents the only step of substrate-level phosphorylation in the TCA. The beta subunit provides nucleotide specificity of the enzyme and binds the substrate succinate, while the binding sites for coenzyme A and phosphate are found in the alpha subunit (By similarity).
GPI	196	9606.ENSP00000405573	9606	Homo sapiens	GPI	Glucose-6-phosphate isomerase; In the cytoplasm, catalyzes the conversion of glucose-6- phosphate to fructose-6-phosphate, the second step in glycolysis, and the reverse reaction during gluconeogenesis. Besides it's role as a glycolytic enzyme, also acts as a secreted cytokine: acts as an angiogenic factor (AMF) that stimulates endothelial cell motility. Acts as a neurotrophic factor, neuroleukin, for spinal and sensory neurons. It is secreted by lectin-stimulated T-cells and induces immunoglobulin secretion.
EPB41L3	197	9606.ENSP00000343158	9606	Homo sapiens	EPB41L3	Band 4.1-like protein 3, N-terminally processed; Tumor suppressor that inhibits cell proliferation and promotes apoptosis. Modulates the activity of protein arginine N- methyltransferases, including PRMT3 and PRMT5.
ACTR1A	198	9606.ENSP00000358921	9606	Homo sapiens	ACTR1A	Alpha-centractin; Component of a multi-subunit complex involved in microtubule based vesicle motility. It is associated with the centrosome.
SDHB	199	9606.ENSP00000364649	9606	Homo sapiens	SDHB	Succinate dehydrogenase [ubiquinone] iron-sulfur subunit, mitochondrial; Iron-sulfur protein (IP) subunit of succinate dehydrogenase (SDH) that is involved in complex II of the mitochondrial electron transport chain and is responsible for transferring electrons from succinate to ubiquinone (coenzyme Q).
VPS39	200	9606.ENSP00000335193	9606	Homo sapiens	VPS39	Vam6/Vps39-like protein; Regulator of TGF-beta/activin signaling, inhibiting SMAD3- and activating SMAD2-dependent transcription. Acts by interfering with SMAD3/SMAD4 complex formation, this would lead to inhibition of SMAD3-dependent transcription and relieve SMAD3 inhibition of SMAD2-dependent promoters, thus increasing SMAD2- dependent transcription. Does not affect TGF-beta-induced SMAD2 or SMAD3 phosphorylation, nor SMAD2/SMAD4 complex formation.
DSTN	201	9606.ENSP00000246069	9606	Homo sapiens	DSTN	Destrin; Actin-depolymerizing protein. Severs actin filaments (F- actin) and binds to actin monomers (G-actin). Acts in a pH-independent manner.
EIF2AK1	202	9606.ENSP00000199389	9606	Homo sapiens	EIF2AK1	Eukaryotic translation initiation factor 2-alpha kinase 1; Inhibits protein synthesis at the translation initiation level, in response to various stress conditions, including oxidative stress, heme deficiency, osmotic shock and heat shock. Exerts its function through the phosphorylation of EIF2S1 at 'Ser-48' and 'Ser- 51', thus preventing its recycling. Binds hemin forming a 1:1 complex through a cysteine thiolate and histidine nitrogenous coordination. This binding occurs with moderate affinity, allowing it to sense the heme concentration within the cell. Thanks to this unique heme-se [...] 
NMNAT2	203	9606.ENSP00000287713	9606	Homo sapiens	NMNAT2	Nicotinamide/nicotinic acid mononucleotide adenylyltransferase 2; Nicotinamide/nicotinate-nucleotide adenylyltransferase that acts as an axon maintenance factor (By similarity). Catalyzes the formation of NAD(+) from nicotinamide mononucleotide (NMN) and ATP. Can also use the deamidated form; nicotinic acid mononucleotide (NaMN) as substrate but with a lower efficiency. Cannot use triazofurin monophosphate (TrMP) as substrate. Also catalyzes the reverse reaction, i.e. the pyrophosphorolytic cleavage of NAD(+). For the pyrophosphorolytic activity prefers NAD(+), NADH and NaAD as substra [...] 
PCCB	204	9606.ENSP00000419027	9606	Homo sapiens	PCCB	Propionyl-CoA carboxylase beta chain, mitochondrial; This is one of the 2 subunits of the biotin-dependent propionyl-CoA carboxylase (PCC), a mitochondrial enzyme involved in the catabolism of odd chain fatty acids, branched-chain amino acids isoleucine, threonine, methionine, and valine and other metabolites. Propionyl-CoA carboxylase catalyzes the carboxylation of propionyl-CoA/propanoyl-CoA to D-methylmalonyl- CoA/(S)-methylmalonyl-CoA. Within the holoenzyme, the alpha subunit catalyzes the ATP-dependent carboxylation of the biotin carried by the biotin carboxyl carrier (BCC) domain [...] 
SLC8A3	205	9606.ENSP00000370669	9606	Homo sapiens	SLC8A3	Sodium/calcium exchanger 3; Mediates the electrogenic exchange of Ca(2+) against Na(+) ions across the cell membrane, and thereby contributes to the regulation of cytoplasmic Ca(2+) levels and Ca(2+)-dependent cellular processes. Contributes to cellular Ca(2+) homeostasis in excitable cells, both in muscle and in brain. In a first phase, voltage-gated channels mediate the rapid increase of cytoplasmic Ca(2+) levels due to release of Ca(2+) stores from the endoplasmic reticulum. SLC8A3 mediates the export of Ca(2+) from the cell during the next phase, so that cytoplasmic Ca(2+) levels r [...] 
DTNB	206	9606.ENSP00000384084	9606	Homo sapiens	DTNB	Dystrobrevin beta.
RBFOX2	207	9606.ENSP00000413035	9606	Homo sapiens	RBFOX2	RNA binding protein fox-1 homolog 2; RNA-binding protein that regulates alternative splicing events by binding to 5'-UGCAUGU-3' elements. Prevents binding of U2AF2 to the 3'-splice site. Regulates alternative splicing of tissue- specific exons and of differentially spliced exons during erythropoiesis (By similarity). RNA-binding protein that seems to act as a coregulatory factor of ER-alpha.
RAB1A	208	9606.ENSP00000387286	9606	Homo sapiens	RAB1A	Ras-related protein Rab-1A; The small GTPases Rab are key regulators of intracellular membrane trafficking, from the formation of transport vesicles to their fusion with membranes. Rabs cycle between an inactive GDP-bound form and an active GTP-bound form that is able to recruit to membranes different sets of downstream effectors directly responsible for vesicle formation, movement, tethering and fusion. RAB1A regulates vesicular protein transport from the endoplasmic reticulum (ER) to the Golgi compartment and on to the cell surface, and plays a role in IL-8 and growth hormone secreti [...] 
CRMP1	209	9606.ENSP00000321606	9606	Homo sapiens	CRMP1	Dihydropyrimidinase-related protein 1; Necessary for signaling by class 3 semaphorins and subsequent remodeling of the cytoskeleton. Plays a role in axon guidance. During the axon guidance process, acts downstream of SEMA3A to promote FLNA dissociation from F-actin which results in the rearrangement of the actin cytoskeleton and the collapse of the growth cone. Involved in invasive growth and cell migration. May participate in cytokinesis.
SV2A	210	9606.ENSP00000358142	9606	Homo sapiens	SV2A	Synaptic vesicle glycoprotein 2A; Plays a role in the control of regulated secretion in neural and endocrine cells, enhancing selectively low-frequency neurotransmission. Positively regulates vesicle fusion by maintaining the readily releasable pool of secretory vesicles (By similarity).
MICU1	211	9606.ENSP00000493232	9606	Homo sapiens	MICU1	Calcium uptake protein 1, mitochondrial; Key regulator of mitochondrial calcium uniporter (MCU) that senses calcium level via its EF-hand domains. MICU1 and MICU2 form a disulfide-linked heterodimer that stimulates and inhibits MCU activity, depending on the concentration of calcium. MICU1 acts both as an activator or inhibitor of mitochondrial calcium uptake. Acts as a gatekeeper of MCU at low concentration of calcium, preventing channel opening. Enhances MCU opening at high calcium concentration, allowing a rapid response of mitochondria to calcium signals generated in the cytoplasm. [...] 
ZFAND5	212	9606.ENSP00000366161	9606	Homo sapiens	ZFAND5	AN1-type zinc finger protein 5; Involved in protein degradation via the ubiquitin-proteasome system. May act by anchoring ubiquitinated proteins to the proteasome. Plays a role in ubiquitin-mediated protein degradation during muscle atrophy. Plays a role in the regulation of NF-kappa-B activation and apoptosis. Inhibits NF-kappa-B activation triggered by overexpression of RIPK1 and TRAF6 but not of RELA. Inhibits also tumor necrosis factor (TNF), IL-1 and TLR4-induced NF-kappa-B activation in a dose-dependent manner. Overexpression sensitizes cells to TNF-induced apoptosis. Is a potent [...] 
PAM	213	9606.ENSP00000306100	9606	Homo sapiens	PAM	Peptidyl-alpha-hydroxyglycine alpha-amidating lyase; Bifunctional enzyme that catalyzes the post-translational modification of inactive peptidylglycine precursors to the corresponding bioactive alpha-amidated peptides, a terminal modification in biosynthesis of many neural and endocrine peptides. Alpha-amidation involves two sequential reactions, both of which are catalyzed by separate catalytic domains of the enzyme. The first step, catalyzed by peptidyl alpha-hydroxylating monoxygenase (PHM) domain, is the copper-, ascorbate-, and O2- dependent stereospecific hydroxylation (with S st [...] 
WASL	214	9606.ENSP00000223023	9606	Homo sapiens	WASL	Neural Wiskott-Aldrich syndrome protein; Regulates actin polymerization by stimulating the actin- nucleating activity of the Arp2/3 complex. Involved in various processes, such as mitosis and cytokinesis, via its role in the regulation of actin polymerization. Together with CDC42, involved in the extension and maintenance of the formation of thin, actin-rich surface projections called filopodia. In addition to its role in the cytoplasm, also plays a role in the nucleus by regulating gene transcription, probably by promoting nuclear actin polymerization. Binds to HSF1/HSTF1 and forms a  [...] 
GSR	215	9606.ENSP00000221130	9606	Homo sapiens	GSR	Glutathione reductase, mitochondrial; Maintains high levels of reduced glutathione in the cytosol.
SEZ6L2	216	9606.ENSP00000481917	9606	Homo sapiens	SEZ6L2	Seizure 6-like protein 2; May contribute to specialized endoplasmic reticulum functions in neurons; Belongs to the SEZ6 family.
HACL1	217	9606.ENSP00000323811	9606	Homo sapiens	HACL1	2-hydroxyacyl-CoA lyase 1; Catalyzes a carbon-carbon cleavage reaction; cleaves a 2- hydroxy-3-methylacyl-CoA into formyl-CoA and a 2-methyl-branched fatty aldehyde; Belongs to the TPP enzyme family.
GABRA1	218	9606.ENSP00000393097	9606	Homo sapiens	GABRA1	Gamma-aminobutyric acid receptor subunit alpha-1; Ligand-gated chloride channel which is a component of the heteropentameric receptor for GABA, the major inhibitory neurotransmitter in the brain. Plays an important role in the formation of functional inhibitory GABAergic synapses in addition to mediating synaptic inhibition as a GABA-gated ion channel. The gamma2 subunit is necessary but not sufficient for a rapid formation of active synaptic contacts and the synaptogenic effect of this subunit is influenced by the type of alpha and beta subunits present in the receptor pentamer (By si [...] 
DCLK1	219	9606.ENSP00000353846	9606	Homo sapiens	DCLK1	Serine/threonine-protein kinase DCLK1; Probable kinase that may be involved in a calcium-signaling pathway controlling neuronal migration in the developing brain. May also participate in functions of the mature nervous system; Belongs to the protein kinase superfamily. CAMK Ser/Thr protein kinase family. CaMK subfamily.
EIF2S1	220	9606.ENSP00000256383	9606	Homo sapiens	EIF2S1	Eukaryotic translation initiation factor 2 subunit 1; Functions in the early steps of protein synthesis by forming a ternary complex with GTP and initiator tRNA. This complex binds to a 40S ribosomal subunit, followed by mRNA binding to form a 43S pre- initiation complex. Junction of the 60S ribosomal subunit to form the 80S initiation complex is preceded by hydrolysis of the GTP bound to eIF-2 and release of an eIF-2-GDP binary complex. In order for eIF-2 to recycle and catalyze another round of initiation, the GDP bound to eIF- 2 must exchange with GTP by way of a reaction catalyzed  [...] 
TFCP2	221	9606.ENSP00000257915	9606	Homo sapiens	TFCP2	Alpha-globin transcription factor CP2; Binds a variety of cellular and viral promoters including fibrinogen, alpha-globin, SV40 and HIV-1 promoters. Activation of the alpha-globin promoter in erythroid cells is via synergistic interaction with UBP1 (By similarity). Functions as part of the SSP (stage selector protein) complex. Facilitates the interaction of the gamma-globin genes with enhancer elements contained in the locus control region in fetal erythroid cells. Interacts by binding to the stage selector element (SSE) in the proximal gamma-globin promoter. Belongs to the grh/CP2 fam [...] 
SLC9A6	222	9606.ENSP00000359729	9606	Homo sapiens	SLC9A6	Sodium/hydrogen exchanger 6; Electroneutral exchange of protons for Na(+) and K(+) across the early and recycling endosome membranes. Contributes to calcium homeostasis.
CLIP3	223	9606.ENSP00000353732	9606	Homo sapiens	CLIP3	CAP-Gly domain-containing linker protein 3; Functions as a cytoplasmic linker protein. Involved in TGN- endosome dynamics. May modulate the cellular compartmentalization of AKT kinase family and promote its cell membrane localization, thereby playing a role in glucose transport in adipocytes.
DLG3	224	9606.ENSP00000363480	9606	Homo sapiens	DLG3	Disks large homolog 3; Required for learning most likely through its role in synaptic plasticity following NMDA receptor signaling.
ATP6V0A1	225	9606.ENSP00000264649	9606	Homo sapiens	ATP6V0A1	V-type proton ATPase 116 kDa subunit a isoform 1; Required for assembly and activity of the vacuolar ATPase. Potential role in differential targeting and regulation of the enzyme for a specific organelle (By similarity).
UBE2E3	226	9606.ENSP00000473623	9606	Homo sapiens	UBE2E3	Ubiquitin-conjugating enzyme E2 E3; Accepts ubiquitin from the E1 complex and catalyzes its covalent attachment to other proteins. In vitro catalyzes 'Lys-11'- and 'Lys-48'-, as well as 'Lys-63'-linked polyubiquitination. Participates in the regulation of transepithelial sodium transport in renal cells. May be involved in cell growth arrest.
NDUFS4	227	9606.ENSP00000296684	9606	Homo sapiens	NDUFS4	NADH dehydrogenase [ubiquinone] iron-sulfur protein 4, mitochondrial; Accessory subunit of the mitochondrial membrane respiratory chain NADH dehydrogenase (Complex I), that is believed not to be involved in catalysis. Complex I functions in the transfer of electrons from NADH to the respiratory chain. The immediate electron acceptor for the enzyme is believed to be ubiquinone.
PLCB1	228	9606.ENSP00000338185	9606	Homo sapiens	PLCB1	1-phosphatidylinositol 4,5-bisphosphate phosphodiesterase beta-1; The production of the second messenger molecules diacylglycerol (DAG) and inositol 1,4,5-trisphosphate (IP3) is mediated by activated phosphatidylinositol-specific phospholipase C enzymes.
ARHGEF9	229	9606.ENSP00000490940	9606	Homo sapiens	ARHGEF9	Rho guanine nucleotide exchange factor 9; Acts as guanine nucleotide exchange factor (GEF) for CDC42. Promotes formation of GPHN clusters (By similarity).
AKAP6	230	9606.ENSP00000280979	9606	Homo sapiens	AKAP6	A-kinase anchor protein 6; Binds to type II regulatory subunits of protein kinase A and anchors/targets them to the nuclear membrane or sarcoplasmic reticulum. May act as an adapter for assembling multiprotein complexes.
GRB2	231	9606.ENSP00000376345	9606	Homo sapiens	GRB2	Growth factor receptor-bound protein 2; Adapter protein that provides a critical link between cell surface growth factor receptors and the Ras signaling pathway; Belongs to the GRB2/sem-5/DRK family.
MNAT1	232	9606.ENSP00000261245	9606	Homo sapiens	MNAT1	CDK-activating kinase assembly factor MAT1; Stabilizes the cyclin H-CDK7 complex to form a functional CDK-activating kinase (CAK) enzymatic complex. CAK activates the cyclin-associated kinases CDK1, CDK2, CDK4 and CDK6 by threonine phosphorylation. CAK complexed to the core-TFIIH basal transcription factor activates RNA polymerase II by serine phosphorylation of the repetitive C-terminal domain (CTD) of its large subunit (POLR2A), allowing its escape from the promoter and elongation of the transcripts. Involved in cell cycle control and in RNA transcription by RNA polymerase II.
SNRPB2	233	9606.ENSP00000246071	9606	Homo sapiens	SNRPB2	U2 small nuclear ribonucleoprotein B'; Involved in pre-mRNA splicing as component of the spliceosome. Associated with sn-RNP U2, where it contributes to the binding of stem loop IV of U2 snRNA.
PDE1A	234	9606.ENSP00000410309	9606	Homo sapiens	PDE1A	Calcium/calmodulin-dependent 3',5'-cyclic nucleotide phosphodiesterase 1A; Cyclic nucleotide phosphodiesterase with a dual-specificity for the second messengers cAMP and cGMP, which are key regulators of many important physiological processes. Has a higher affinity for cGMP than for cAMP.
EXOSC9	235	9606.ENSP00000368984	9606	Homo sapiens	EXOSC9	Exosome complex component RRP45; Non-catalytic component of the RNA exosome complex which has 3'->5' exoribonuclease activity and participates in a multitude of cellular RNA processing and degradation events. In the nucleus, the RNA exosome complex is involved in proper maturation of stable RNA species such as rRNA, snRNA and snoRNA, in the elimination of RNA processing by-products and non-coding 'pervasive' transcripts, such as antisense RNA species and promoter-upstream transcripts (PROMPTs), and of mRNAs with processing defects, thereby limiting or excluding their export to the cyto [...] 
NDUFA4	236	9606.ENSP00000339720	9606	Homo sapiens	NDUFA4	Cytochrome c oxidase subunit NDUFA4; Component of the cytochrome c oxidase, the last enzyme in the mitochondrial electron transport chain which drives oxidative phosphorylation. The respiratory chain contains 3 multisubunit complexes succinate dehydrogenase (complex II, CII), ubiquinol- cytochrome c oxidoreductase (cytochrome b-c1 complex, complex III, CIII) and cytochrome c oxidase (complex IV, CIV), that cooperate to transfer electrons derived from NADH and succinate to molecular oxygen, creating an electrochemical gradient over the inner membrane that drives transmembrane transport  [...] 
UCHL1	237	9606.ENSP00000284440	9606	Homo sapiens	UCHL1	Ubiquitin carboxyl-terminal hydrolase isozyme L1; Ubiquitin-protein hydrolase involved both in the processing of ubiquitin precursors and of ubiquitinated proteins (Probable). This enzyme is a thiol protease that recognizes and hydrolyzes a peptide bond at the C-terminal glycine of ubiquitin. Also binds to free monoubiquitin and may prevent its degradation in lysosomes (By similarity). The homodimer may have ATP-independent ubiquitin ligase activity.
BDH1	238	9606.ENSP00000376184	9606	Homo sapiens	BDH1	D-beta-hydroxybutyrate dehydrogenase, mitochondrial; 3-hydroxybutyrate dehydrogenase 1; Belongs to the short-chain dehydrogenases/reductases (SDR) family.
ACOT7	239	9606.ENSP00000367086	9606	Homo sapiens	ACOT7	Cytosolic acyl coenzyme A thioester hydrolase; Acyl-CoA thioesterases are a group of enzymes that catalyze the hydrolysis of acyl-CoAs to the free fatty acid and coenzyme A (CoASH), providing the potential to regulate intracellular levels of acyl-CoAs, free fatty acids and CoASH. Acyl-coenzyme A thioesterase 7/ACOT7 preferentially hydrolyzes palmitoyl-CoA, but has a broad specificity acting on other fatty acyl-CoAs with chain-lengths of C8-C18. May play an important physiological function in brain.
KLC1	240	9606.ENSP00000414982	9606	Homo sapiens	KLC1	Kinesin light chain 1; Kinesin is a microtubule-associated force-producing protein that may play a role in organelle transport. The light chain may function in coupling of cargo to the heavy chain or in the modulation of its ATPase activity.
REEP5	241	9606.ENSP00000368959	9606	Homo sapiens	REEP5	Receptor expression-enhancing protein 5; May promote functional cell surface expression of olfactory receptors; Belongs to the DP1 family.
ATP5MG	242	9606.ENSP00000300688	9606	Homo sapiens	ATP5MG	ATP synthase subunit g, mitochondrial; Mitochondrial membrane ATP synthase (F(1)F(0) ATP synthase or Complex V) produces ATP from ADP in the presence of a proton gradient across the membrane which is generated by electron transport complexes of the respiratory chain. F-type ATPases consist of two structural domains, F(1) - containing the extramembraneous catalytic core, and F(0) - containing the membrane proton channel, linked together by a central stalk and a peripheral stalk. During catalysis, ATP synthesis in the catalytic domain of F(1) is coupled via a rotary mechanism of the cent [...] 
COPS3	243	9606.ENSP00000268717	9606	Homo sapiens	COPS3	COP9 signalosome complex subunit 3; Component of the COP9 signalosome complex (CSN), a complex involved in various cellular and developmental processes. The CSN complex is an essential regulator of the ubiquitin (Ubl) conjugation pathway by mediating the deneddylation of the cullin subunits of SCF- type E3 ligase complexes, leading to decrease the Ubl ligase activity of SCF-type complexes such as SCF, CSA or DDB2. The complex is also involved in phosphorylation of p53/TP53, c-jun/JUN, IkappaBalpha/NFKBIA, ITPK1 and IRF8/ICSBP, possibly via its association with CK2 and PKD kinases. CSN- [...] 
MEF2C	244	9606.ENSP00000340874	9606	Homo sapiens	MEF2C	Myocyte-specific enhancer factor 2C; Transcription activator which binds specifically to the MEF2 element present in the regulatory regions of many muscle-specific genes. Controls cardiac morphogenesis and myogenesis, and is also involved in vascular development. Enhances transcriptional activation mediated by SOX18. Plays an essential role in hippocampal-dependent learning and memory by suppressing the number of excitatory synapses and thus regulating basal and evoked synaptic transmission. Crucial for normal neuronal development, distribution, and electrical activity in the neocortex [...] 
ARPC1A	245	9606.ENSP00000262942	9606	Homo sapiens	ARPC1A	Actin-related protein 2/3 complex subunit 1A; Probably functions as component of the Arp2/3 complex which is involved in regulation of actin polymerization and together with an activating nucleation-promoting factor (NPF) mediates the formation of branched actin networks; Belongs to the WD repeat ARPC1 family.
GABRG2	246	9606.ENSP00000410732	9606	Homo sapiens	GABRG2	Gamma-aminobutyric acid receptor subunit gamma-2; Ligand-gated chloride channel which is a component of the heteropentameric receptor for GABA, the major inhibitory neurotransmitter in the brain. Plays an important role in the formation of functional inhibitory GABAergic synapses in addition to mediating synaptic inhibition as a GABA-gated ion channel. The gamma2 subunit is necessary but not sufficient for a rapid formation of active synaptic contacts and the synaptogenic effect of this subunit is influenced by the type of alpha and beta subunits present in the receptor pentamer (By si [...] 
PLRG1	247	9606.ENSP00000424417	9606	Homo sapiens	PLRG1	Pleiotropic regulator 1; Involved in pre-mRNA splicing as component of the spliceosome. Component of the PRP19-CDC5L complex that forms an integral part of the spliceosome and is required for activating pre-mRNA splicing. Belongs to the WD repeat PRL1/PRL2 family.
NDUFC1	248	9606.ENSP00000441126	9606	Homo sapiens	NDUFC1	NADH dehydrogenase [ubiquinone] 1 subunit C1, mitochondrial; Accessory subunit of the mitochondrial membrane respiratory chain NADH dehydrogenase (Complex I), that is believed not to be involved in catalysis. Complex I functions in the transfer of electrons from NADH to the respiratory chain. The immediate electron acceptor for the enzyme is believed to be ubiquinone.
DROSHA	249	9606.ENSP00000425979	9606	Homo sapiens	DROSHA	Ribonuclease 3; Ribonuclease III double-stranded (ds) RNA-specific endoribonuclease that is involved in the initial step of microRNA (miRNA) biogenesis. Component of the microprocessor complex that is required to process primary miRNA transcripts (pri-miRNAs) to release precursor miRNA (pre-miRNA) in the nucleus. Within the microprocessor complex, DROSHA cleaves the 3' and 5' strands of a stem-loop in pri- miRNAs (processing center 11 bp from the dsRNA-ssRNA junction) to release hairpin-shaped pre-miRNAs that are subsequently cut by the cytoplasmic DICER to generate mature miRNAs. Invo [...] 
CDH8	250	9606.ENSP00000462701	9606	Homo sapiens	CDH8	Cadherin-8; Cadherins are calcium-dependent cell adhesion proteins. They preferentially interact with themselves in a homophilic manner in connecting cells; cadherins may thus contribute to the sorting of heterogeneous cell types.
WASF1	251	9606.ENSP00000376367	9606	Homo sapiens	WASF1	Wiskott-Aldrich syndrome protein family member 1; Downstream effector molecule involved in the transmission of signals from tyrosine kinase receptors and small GTPases to the actin cytoskeleton. Promotes formation of actin filaments. Part of the WAVE complex that regulates lamellipodia formation. The WAVE complex regulates actin filament reorganization via its interaction with the Arp2/3 complex (By similarity). As component of the WAVE1 complex, required for BDNF-NTRK2 endocytic trafficking and signaling from early endosomes (By similarity).
RCN2	252	9606.ENSP00000319739	9606	Homo sapiens	RCN2	Reticulocalbin-2; Not known. Binds calcium.
MRPL3	253	9606.ENSP00000264995	9606	Homo sapiens	MRPL3	Mitochondrial ribosomal protein L3.
EPM2AIP1	254	9606.ENSP00000406027	9606	Homo sapiens	EPM2AIP1	EPM2A interacting protein 1.
SYT1	255	9606.ENSP00000261205	9606	Homo sapiens	SYT1	Synaptotagmin-1; Calcium sensor that participates in triggering neurotransmitter release at the synapse (By similarity). May have a regulatory role in the membrane interactions during trafficking of synaptic vesicles at the active zone of the synapse (By similarity). It binds acidic phospholipids with a specificity that requires the presence of both an acidic head group and a diacyl backbone. A Ca(2+)- dependent interaction between synaptotagmin and putative receptors for activated protein kinase C has also been reported. It can bind to at least three additional proteins in a Ca(2+)-in [...] 
MTR	256	9606.ENSP00000355536	9606	Homo sapiens	MTR	Methionine synthase; Catalyzes the transfer of a methyl group from methyl- cobalamin to homocysteine, yielding enzyme-bound cob(I)alamin and methionine. Subsequently, remethylates the cofactor using methyltetrahydrofolate (By similarity); Belongs to the vitamin-B12 dependent methionine synthase family.
LDB2	257	9606.ENSP00000306772	9606	Homo sapiens	LDB2	LIM domain-binding protein 2; Binds to the LIM domain of a wide variety of LIM domain- containing transcription factors.
ACSL4	258	9606.ENSP00000339787	9606	Homo sapiens	ACSL4	Long-chain-fatty-acid--CoA ligase 4; Catalyzes the conversion of long-chain fatty acids to their active form acyl-CoA for both synthesis of cellular lipids, and degradation via beta-oxidation. Preferentially activates arachidonate and eicosapentaenoate as substrates. Preferentially activates 8,9-EET > 14,15-EET > 5,6-EET > 11,12-EET. Modulates glucose- stimulated insulin secretion by regulating the levels of unesterified EETs (By similarity). Modulates prostaglandin E2 secretion. Belongs to the ATP-dependent AMP-binding enzyme family.
CLSTN3	259	9606.ENSP00000266546	9606	Homo sapiens	CLSTN3	Calsyntenin-3; May modulate calcium-mediated postsynaptic signals. Complex formation with APBA2 and APP, stabilizes APP metabolism and enhances APBA2-mediated suppression of beta-APP40 secretion, due to the retardation of intracellular APP maturation.
TRIM37	260	9606.ENSP00000262294	9606	Homo sapiens	TRIM37	E3 ubiquitin-protein ligase TRIM37; E3 ubiquitin-protein ligase required to prevent centriole reduplication. Probably acts by ubiquitinating positive regulators of centriole reduplication. Mediates monoubiquitination of 'Lys-119' of histone H2A (H2AK119Ub), a specific tag for epigenetic transcriptional repression: associates with some Polycomb group (PcG) multiprotein PRC2-like complex and mediates repression of target genes. Has anti-HIV activity. Belongs to the TRIM/RBCC family.
VPS4B	261	9606.ENSP00000238497	9606	Homo sapiens	VPS4B	Vacuolar protein sorting-associated protein 4B; Involved in late steps of the endosomal multivesicular bodies (MVB) pathway. Recognizes membrane-associated ESCRT-III assemblies and catalyzes their disassembly, possibly in combination with membrane fission. Redistributes the ESCRT-III components to the cytoplasm for further rounds of MVB sorting. MVBs contain intraluminal vesicles (ILVs) that are generated by invagination and scission from the limiting membrane of the endosome and mostly are delivered to lysosomes enabling degradation of membrane proteins, such as stimulated growth fact [...] 
UBE2E2	262	9606.ENSP00000379931	9606	Homo sapiens	UBE2E2	Ubiquitin-conjugating enzyme E2 E2; Accepts ubiquitin from the E1 complex and catalyzes its covalent attachment to other proteins. In vitro catalyzes 'Lys-11'- and 'Lys-48'-, as well as 'Lys-63'-linked polyubiquitination. Catalyzes the ISGylation of influenza A virus NS1 protein.
RAB6A	263	9606.ENSP00000311449	9606	Homo sapiens	RAB6A	Ras-related protein Rab-6A; Protein transport. Regulator of membrane traffic from the Golgi apparatus towards the endoplasmic reticulum (ER). Has a low GTPase activity. Involved in COPI-independent retrograde transport from the Golgi to the ER ; Belongs to the small GTPase superfamily. Rab family.
TRIM23	264	9606.ENSP00000231524	9606	Homo sapiens	TRIM23	E3 ubiquitin-protein ligase TRIM23; Acts as an E3 ubiquitin-protein ligase. Plays an essential role in autophagy activation during viral infection. Mechanistically, activates TANK-binding kinase 1/TBK1 by facilitating its dimerization and ability to phosphorylate the selective autophagy receptor SQSTM1. In order to achieve this function, TRIM23 mediates 'Lys-27'-linked auto-ubiquitination of its ADP-ribosylation factor (ARF) domain to induce its GTPase activity and its recruitment to autophagosomes.
ACAD9	265	9606.ENSP00000312618	9606	Homo sapiens	ACAD9	Complex I assembly factor ACAD9, mitochondrial; As part of the MCIA complex, primarily participates to the assembly of the mitochondrial complex I and therefore plays a role in oxidative phosphorylation. This moonlighting protein has also a dehydrogenase activity toward a broad range of substrates with greater specificity for long-chain unsaturated acyl-CoAs. However, in vivo, it does not seem to play a primary role in fatty acid oxidation. In addition, the function in complex I assembly is independent of the dehydrogenase activity of the protein.
ATP6V1C1	266	9606.ENSP00000430282	9606	Homo sapiens	ATP6V1C1	V-type proton ATPase subunit C 1; Subunit of the peripheral V1 complex of vacuolar ATPase. Subunit C is necessary for the assembly of the catalytic sector of the enzyme and is likely to have a specific function in its catalytic activity. V-ATPase is responsible for acidifying a variety of intracellular compartments in eukaryotic cells.
THY1	267	9606.ENSP00000284240	9606	Homo sapiens	THY1	Thy-1 membrane glycoprotein; May play a role in cell-cell or cell-ligand interactions during synaptogenesis and other events in the brain.
PSMB1	268	9606.ENSP00000262193	9606	Homo sapiens	PSMB1	Proteasome subunit beta type-1; Component of the 20S core proteasome complex involved in the proteolytic degradation of most intracellular proteins. This complex plays numerous essential roles within the cell by associating with different regulatory particles. Associated with two 19S regulatory particles, forms the 26S proteasome and thus participates in the ATP- dependent degradation of ubiquitinated proteins. The 26S proteasome plays a key role in the maintenance of protein homeostasis by removing misfolded or damaged proteins that could impair cellular functions, and by removing pro [...] 
RBBP7	269	9606.ENSP00000369424	9606	Homo sapiens	RBBP7	Histone-binding protein RBBP7; Core histone-binding subunit that may target chromatin remodeling factors, histone acetyltransferases and histone deacetylases to their histone substrates in a manner that is regulated by nucleosomal DNA. Component of several complexes which regulate chromatin metabolism. These include the type B histone acetyltransferase (HAT) complex, which is required for chromatin assembly following DNA replication; the core histone deacetylase (HDAC) complex, which promotes histone deacetylation and consequent transcriptional repression; the nucleosome remodeling and [...] 
NRXN1	270	9606.ENSP00000385142	9606	Homo sapiens	NRXN1	Neurexin-1; Cell surface protein involved in cell-cell-interactions, exocytosis of secretory granules and regulation of signal transmission. Function is isoform-specific. Alpha-type isoforms have a long N- terminus with six laminin G-like domains and play an important role in synaptic signal transmission. Alpha-type isoforms play a role in the regulation of calcium channel activity and Ca(2+)-triggered neurotransmitter release at synapses and at neuromuscular junctions. They play an important role in Ca(2+)-triggered exocytosis of secretory granules in pituitary gland. They may effect  [...] 
ARF4	271	9606.ENSP00000306010	9606	Homo sapiens	ARF4	ADP-ribosylation factor 4; GTP-binding protein that functions as an allosteric activator of the cholera toxin catalytic subunit, an ADP-ribosyltransferase. Involved in protein trafficking; may modulate vesicle budding and uncoating within the Golgi apparatus.
ATRN	272	9606.ENSP00000262919	9606	Homo sapiens	ATRN	Attractin; Involved in the initial immune cell clustering during inflammatory response and may regulate chemotactic activity of chemokines. May play a role in melanocortin signaling pathways that regulate energy homeostasis and hair color. Low-affinity receptor for agouti (By similarity). Has a critical role in normal myelination in the central nervous system (By similarity).
ADAM23	273	9606.ENSP00000264377	9606	Homo sapiens	ADAM23	Disintegrin and metalloproteinase domain-containing protein 23; May play a role in cell-cell and cell-matrix interactions. This is a non-catalytic metalloprotease-like protein.
ATP2B2	274	9606.ENSP00000353414	9606	Homo sapiens	ATP2B2	Plasma membrane calcium-transporting ATPase 2; This magnesium-dependent enzyme catalyzes the hydrolysis of ATP coupled with the transport of calcium out of the cell.
MAPRE3	275	9606.ENSP00000233121	9606	Homo sapiens	MAPRE3	Microtubule-associated protein RP/EB family member 3; Plus-end tracking protein (+TIP) that binds to the plus-end of microtubules and regulates the dynamics of the microtubule cytoskeleton. Promotes microtubule growth. May be involved in spindle function by stabilizing microtubules and anchoring them at centrosomes. Also acts as a regulator of minus-end microtubule organization: interacts with the complex formed by AKAP9 and PDE4DIP, leading to recruit CAMSAP2 to the Golgi apparatus, thereby tethering non- centrosomal minus-end microtubules to the Golgi, an important step for polarized [...] 
MAPK9	276	9606.ENSP00000394560	9606	Homo sapiens	MAPK9	Mitogen-activated protein kinase 9; Serine/threonine-protein kinase involved in various processes such as cell proliferation, differentiation, migration, transformation and programmed cell death. Extracellular stimuli such as proinflammatory cytokines or physical stress stimulate the stress- activated protein kinase/c-Jun N-terminal kinase (SAP/JNK) signaling pathway. In this cascade, two dual specificity kinases MAP2K4/MKK4 and MAP2K7/MKK7 phosphorylate and activate MAPK9/JNK2. In turn, MAPK9/JNK2 phosphorylates a number of transcription factors, primarily components of AP-1 such as J [...] 
PIK3CB	277	9606.ENSP00000501150	9606	Homo sapiens	PIK3CB	Phosphatidylinositol 4,5-bisphosphate 3-kinase catalytic subunit beta isoform; Phosphoinositide-3-kinase (PI3K) that phosphorylates PtdIns (Phosphatidylinositol), PtdIns4P (Phosphatidylinositol 4-phosphate) and PtdIns(4,5)P2 (Phosphatidylinositol 4,5-bisphosphate) to generate phosphatidylinositol 3,4,5-trisphosphate (PIP3). PIP3 plays a key role by recruiting PH domain-containing proteins to the membrane, including AKT1 and PDPK1, activating signaling cascades involved in cell growth, survival, proliferation, motility and morphology. Involved in the activation of AKT1 upon stimulation  [...] 
AUH	278	9606.ENSP00000364883	9606	Homo sapiens	AUH	Methylglutaconyl-CoA hydratase, mitochondrial; Catalyzes the conversion of 3-methylglutaconyl-CoA to 3- hydroxy-3-methylglutaryl-CoA. Also has itaconyl-CoA hydratase activity by converting itaconyl-CoA into citramalyl-CoA in the C5-dicarboxylate catabolism pathway. The C5-dicarboxylate catabolism pathway is required to detoxify itaconate, a vitamin B12-poisoning metabolite. Has very low enoyl-CoA hydratase activity. Was originally identified as RNA-binding protein that binds in vitro to clustered 5'-AUUUA-3' motifs.
SIRT5	279	9606.ENSP00000476228	9606	Homo sapiens	SIRT5	NAD-dependent protein deacylase sirtuin-5, mitochondrial; NAD-dependent lysine demalonylase, desuccinylase and deglutarylase that specifically removes malonyl, succinyl and glutaryl groups on target proteins. Activates CPS1 and contributes to the regulation of blood ammonia levels during prolonged fasting: acts by mediating desuccinylation and deglutarylation of CPS1, thereby increasing CPS1 activity in response to elevated NAD levels during fasting. Activates SOD1 by mediating its desuccinylation, leading to reduced reactive oxygen species. Activates SHMT2 by mediating its desuccinyla [...] 
SNX10	280	9606.ENSP00000395474	9606	Homo sapiens	SNX10	Sorting nexin-10; Probable phosphoinositide-binding protein involved in protein sorting and membrane trafficking in endosomes. Plays a role in cilium biogenesis through regulation of the transport and the localization of proteins to the cilium. Required for the localization to the cilium of V-ATPase subunit ATP6V1D and ATP6V0D1, and RAB8A. Involved in osteoclast differentiation and therefore bone resorption.
NNT	281	9606.ENSP00000264663	9606	Homo sapiens	NNT	NAD(P) transhydrogenase, mitochondrial; The transhydrogenation between NADH and NADP is coupled to respiration and ATP hydrolysis and functions as a proton pump across the membrane (By similarity). May play a role in reactive oxygen species (ROS) detoxification in the adrenal gland. In the N-terminal section; belongs to the AlaDH/PNT family.
GRIK1	282	9606.ENSP00000327687	9606	Homo sapiens	GRIK1	Glutamate receptor ionotropic, kainate 1; Ionotropic glutamate receptor. L-glutamate acts as an excitatory neurotransmitter at many synapses in the central nervous system. Binding of the excitatory neurotransmitter L-glutamate induces a conformation change, leading to the opening of the cation channel, and thereby converts the chemical signal to an electrical impulse. The receptor then desensitizes rapidly and enters a transient inactive state, characterized by the presence of bound agonist. May be involved in the transmission of light information from the retina to the hypothalamus.
PRKAR1B	283	9606.ENSP00000385749	9606	Homo sapiens	PRKAR1B	cAMP-dependent protein kinase type I-beta regulatory subunit; Regulatory subunit of the cAMP-dependent protein kinases involved in cAMP signaling in cells.
VAMP4	284	9606.ENSP00000236192	9606	Homo sapiens	VAMP4	Vesicle-associated membrane protein 4; Involved in the pathway that functions to remove an inhibitor (probably synaptotagmin-4) of calcium-triggered exocytosis during the maturation of secretory granules. May be a marker for this sorting pathway that is critical for remodeling the secretory response of granule.
PRNP	285	9606.ENSP00000399376	9606	Homo sapiens	PRNP	Major prion protein; Its primary physiological function is unclear. May play a role in neuronal development and synaptic plasticity. May be required for neuronal myelin sheath maintenance. May promote myelin homeostasis through acting as an agonist for ADGRG6 receptor. May play a role in iron uptake and iron homeostasis. Soluble oligomers are toxic to cultured neuroblastoma cells and induce apoptosis (in vitro) (By similarity). Association with GPC1 (via its heparan sulfate chains) targets PRNP to lipid rafts. Also provides Cu(2+) or ZN(2+) for the ascorbate-mediated GPC1 deaminase deg [...] 
ABI2	286	9606.ENSP00000295851	9606	Homo sapiens	ABI2	Abl interactor 2; Regulator of actin cytoskeleton dynamics underlying cell motility and adhesion. Functions as a component of the WAVE complex, which activates actin nucleating machinery Arp2/3 to drive lamellipodia formation. Acts as regulator and substrate of nonreceptor tyrosine kinases ABL1 and ABL2 involved in processes linked to cell growth and differentiation. Positively regulates ABL1-mediated phosphorylation of ENAH, which is required for proper polymerization of nucleated actin filaments at the leading edge. Contributes to the regulation of actin assembly at the tips of neuro [...] 
PPP3CB	287	9606.ENSP00000378306	9606	Homo sapiens	PPP3CB	Serine/threonine-protein phosphatase 2B catalytic subunit beta isoform; Calcium-dependent, calmodulin-stimulated protein phosphatase which plays an essential role in the transduction of intracellular Ca(2+)-mediated signals. Dephosphorylates and activates transcription factor NFATC1. Dephosphorylates and inactivates transcription factor ELK1. Dephosphorylates DARPP32 ; Belongs to the PPP phosphatase family. PP-2B subfamily.
MPPED2	288	9606.ENSP00000350833	9606	Homo sapiens	MPPED2	Metallophosphoesterase MPPED2; Displays low metallophosphoesterase activity (in vitro). May play a role in the development of the nervous system.
CUL2	289	9606.ENSP00000414095	9606	Homo sapiens	CUL2	Cullin-2; Core component of multiple cullin-RING-based ECS (ElonginB/C- CUL2/5-SOCS-box protein) E3 ubiquitin-protein ligase complexes, which mediate the ubiquitination of target proteins. ECS complexes and ARIH1 collaborate in tandem to mediate ubiquitination of target proteins. May serve as a rigid scaffold in the complex and may contribute to catalysis through positioning of the substrate and the ubiquitin-conjugating enzyme. The E3 ubiquitin-protein ligase activity of the complex is dependent on the neddylation of the cullin subunit and is inhibited by the association of the denedd [...] 
CSTF3	290	9606.ENSP00000315791	9606	Homo sapiens	CSTF3	Cleavage stimulation factor subunit 3; One of the multiple factors required for polyadenylation and 3'-end cleavage of mammalian pre-mRNAs.
NIPSNAP2	291	9606.ENSP00000313050	9606	Homo sapiens	NIPSNAP2	Protein NipSnap homolog 2; May act as a positive regulator of L-type calcium channels. Belongs to the NipSnap family.
NAE1	292	9606.ENSP00000351990	9606	Homo sapiens	NAE1	NEDD8-activating enzyme E1 regulatory subunit; Regulatory subunit of the dimeric UBA3-NAE1 E1 enzyme. E1 activates NEDD8 by first adenylating its C-terminal glycine residue with ATP, thereafter linking this residue to the side chain of the catalytic cysteine, yielding a NEDD8-UBA3 thioester and free AMP. E1 finally transfers NEDD8 to the catalytic cysteine of UBE2M. Necessary for cell cycle progression through the S-M checkpoint. Overexpression of NAE1 causes apoptosis through deregulation of NEDD8 conjugation.
PNMA2	293	9606.ENSP00000429344	9606	Homo sapiens	PNMA2	Paraneoplastic antigen Ma2; PNMA family member 2; Belongs to the PNMA family.
PPP3CA	294	9606.ENSP00000378323	9606	Homo sapiens	PPP3CA	Serine/threonine-protein phosphatase 2B catalytic subunit alpha isoform; Calcium-dependent, calmodulin-stimulated protein phosphatase which plays an essential role in the transduction of intracellular Ca(2+)-mediated signals. Many of the substrates contain a PxIxIT motif and/or a LxVP motif. In response to increased Ca(2+) levels, dephosphorylates and activates phosphatase SSH1 which results in cofilin dephosphorylation. In response to increased Ca(2+) levels following mitochondrial depolarization, dephosphorylates DNM1L inducing DNM1L translocation to the mitochondrion. Dephosphorylat [...] 
VBP1	295	9606.ENSP00000286428	9606	Homo sapiens	VBP1	Prefoldin subunit 3; Binds specifically to cytosolic chaperonin (c-CPN) and transfers target proteins to it. Binds to nascent polypeptide chain and promotes folding in an environment in which there are many competing pathways for nonnative proteins; Belongs to the prefoldin subunit alpha family.
DNM3	296	9606.ENSP00000347457	9606	Homo sapiens	DNM3	Dynamin-3; Microtubule-associated force-producing protein involved in producing microtubule bundles and able to bind and hydrolyze GTP. Most probably involved in vesicular trafficking processes, in particular endocytosis (By similarity); Belongs to the TRAFAC class dynamin-like GTPase superfamily. Dynamin/Fzo/YdjA family.
SNAPC5	297	9606.ENSP00000319597	9606	Homo sapiens	SNAPC5	snRNA-activating protein complex subunit 5; Part of the SNAPc complex required for the transcription of both RNA polymerase II and III small-nuclear RNA genes. Binds to the proximal sequence element (PSE), a non-TATA-box basal promoter element common to these 2 types of genes. Recruits TBP and BRF2 to the U6 snRNA TATA box.
MRPS30	298	9606.ENSP00000424328	9606	Homo sapiens	MRPS30	Mitochondrial ribosomal protein S30.
PTPRO	299	9606.ENSP00000281171	9606	Homo sapiens	PTPRO	Receptor-type tyrosine-protein phosphatase O; Possesses tyrosine phosphatase activity. Plays a role in regulating the glomerular pressure/filtration rate relationship through an effect on podocyte structure and function (By similarity). Belongs to the protein-tyrosine phosphatase family. Receptor class 3 subfamily.
HABP4	300	9606.ENSP00000364398	9606	Homo sapiens	HABP4	Intracellular hyaluronan-binding protein 4; RNA-binding protein that plays a role in the regulation of transcription, pre-mRNA splicing and mRNA translation. Negatively regulates DNA-binding activity of the transcription factor MEF2C in myocardial cells in response to mechanical stress (By similarity). Plays a role in pre-mRNA splicing regulation. Binds (via C-terminus) to poly(U) RNA. Involved in mRNA translation regulation, probably at the initiation step. Seems to play a role in PML-nuclear bodies formation.
PITPNB	301	9606.ENSP00000487693	9606	Homo sapiens	PITPNB	Phosphatidylinositol transfer protein beta isoform; Catalyzes the transfer of PtdIns and phosphatidylcholine between membranes.
STXBP1	302	9606.ENSP00000362399	9606	Homo sapiens	STXBP1	Syntaxin-binding protein 1; Participates in the regulation of synaptic vesicle docking and fusion through interaction with GTP-binding proteins (By similarity). Essential for neurotransmission and binds syntaxin, a component of the synaptic vesicle fusion machinery probably in a 1:1 ratio. Can interact with syntaxins 1, 2, and 3 but not syntaxin 4. May play a role in determining the specificity of intracellular fusion reactions.
GNB5	303	9606.ENSP00000261837	9606	Homo sapiens	GNB5	Guanine nucleotide-binding protein subunit beta-5; Enhances GTPase-activating protein (GAP) activity of regulator of G protein signaling (RGS) proteins, hence involved in the termination of the signaling initiated by the G protein coupled receptors (GPCRs) by accelerating the GTP hydrolysis on the G-alpha subunits, thereby promoting their inactivation (Probable). Increases RGS9 GTPase-activating protein (GAP) activity, hence contributes to the deactivation of G protein signaling initiated by D(2) dopamine receptors. May play an important role in neuronal signaling, including in the par [...] 
TLK1	304	9606.ENSP00000411099	9606	Homo sapiens	TLK1	Serine/threonine-protein kinase tousled-like 1; Rapidly and transiently inhibited by phosphorylation following the generation of DNA double-stranded breaks during S-phase. This is cell cycle checkpoint and ATM-pathway dependent and appears to regulate processes involved in chromatin assembly. Isoform 3 phosphorylates and enhances the stability of the t-SNARE SNAP23, augmenting its assembly with syntaxin. Isoform 3 protects the cells from the ionizing radiation by facilitating the repair of DSBs. In vitro, phosphorylates histone H3 at 'Ser-10'. Belongs to the protein kinase superfamily. [...] 
BASP1	305	9606.ENSP00000319281	9606	Homo sapiens	BASP1	Brain abundant membrane attached signal protein 1; Belongs to the BASP1 family.
RAB18	306	9606.ENSP00000478479	9606	Homo sapiens	RAB18	Ras-related protein Rab-18; Plays a role in apical endocytosis/recycling. May be implicated in transport between the plasma membrane and early endosomes. Plays a key role in eye and brain development and neurodegeneration.
PLD3	307	9606.ENSP00000387050	9606	Homo sapiens	PLD3	5'-3' exonuclease PLD3; 5'->3' DNA exonuclease which digests single-stranded DNA (ssDNA). Regulates inflammatory cytokine responses via the degradation of nucleic acids, by reducing the concentration of ssDNA able to stimulate TLR9, a nucleotide-sensing receptor in collaboration with PLD4 (By similarity). May be important in myotube formation. Plays a role in lysosomal homeostasis. Involved in the regulation of endosomal protein sorting.
OGA	308	9606.ENSP00000354850	9606	Homo sapiens	OGA	Protein O-GlcNAcase; [Isoform 1]: Cleaves GlcNAc but not GalNAc from O- glycosylated proteins. Can use p-nitrophenyl-beta-GlcNAc and 4- methylumbelliferone-GlcNAc as substrates but not p-nitrophenyl-beta- GalNAc or p-nitrophenyl-alpha-GlcNAc (in vitro). Does not bind acetyl-CoA and does not have histone acetyltransferase activity.
NEFM	309	9606.ENSP00000221166	9606	Homo sapiens	NEFM	Neurofilament medium polypeptide; Neurofilaments usually contain three intermediate filament proteins: L, M, and H which are involved in the maintenance of neuronal caliber.
BPHL	310	9606.ENSP00000369739	9606	Homo sapiens	BPHL	Valacyclovir hydrolase; Serine hydrolase that catalyzes the hydrolytic activation of amino acid ester prodrugs of nucleoside analogs such as valacyclovir and valganciclovir. Activates valacyclovir to acyclovir. May play a role in detoxification processes. It is a specific alpha-amino acid ester hydrolase that prefers small, hydrophobic, and aromatic side chains and does not have a stringent requirement for the leaving group other than preferring a primary alcohol; Belongs to the AB hydrolase superfamily. Lipase family.
GRM8	311	9606.ENSP00000351142	9606	Homo sapiens	GRM8	Metabotropic glutamate receptor 8; G-protein coupled receptor for glutamate. Ligand binding causes a conformation change that triggers signaling via guanine nucleotide-binding proteins (G proteins) and modulates the activity of down-stream effectors, such as adenylate cyclase. Signaling inhibits adenylate cyclase activity.
PCDH7	312	9606.ENSP00000441802	9606	Homo sapiens	PCDH7	Protocadherin-7; Protocadherin 7.
AK5	313	9606.ENSP00000346577	9606	Homo sapiens	AK5	Adenylate kinase isoenzyme 5; Nucleoside monophosphate (NMP) kinase that catalyzes the reversible transfer of the terminal phosphate group between nucleoside triphosphates and monophosphates. Active on AMP and dAMP with ATP as a donor. When GTP is used as phosphate donor, the enzyme phosphorylates AMP, CMP, and to a small extent dCMP. Also displays broad nucleoside diphosphate kinase activity.
ATMIN	314	9606.ENSP00000299575	9606	Homo sapiens	ATMIN	ATM interactor; Transcription factor. Plays a crucial role in cell survival and RAD51 foci formation in response to methylating DNA damage. Involved in regulating the activity of ATM in the absence of DNA damage. May play a role in stabilizing ATM. Binds to the DYNLL1 promoter and activates its transcription.
CS	315	9606.ENSP00000342056	9606	Homo sapiens	CS	Citrate synthase, mitochondrial; Citrate synthase; Belongs to the citrate synthase family.
AKAP11	316	9606.ENSP00000025301	9606	Homo sapiens	AKAP11	A-kinase anchor protein 11; Binds to type II regulatory subunits of protein kinase A and anchors/targets them; Belongs to the AKAP110 family.
EXOSC7	317	9606.ENSP00000265564	9606	Homo sapiens	EXOSC7	Exosome complex component RRP42; Non-catalytic component of the RNA exosome complex which has 3'->5' exoribonuclease activity and participates in a multitude of cellular RNA processing and degradation events. In the nucleus, the RNA exosome complex is involved in proper maturation of stable RNA species such as rRNA, snRNA and snoRNA, in the elimination of RNA processing by-products and non-coding 'pervasive' transcripts, such as antisense RNA species and promoter-upstream transcripts (PROMPTs), and of mRNAs with processing defects, thereby limiting or excluding their export to the cyto [...] 
CAMLG	318	9606.ENSP00000297156	9606	Homo sapiens	CAMLG	Calcium signal-modulating cyclophilin ligand; Likely involved in the mobilization of calcium as a result of the TCR/CD3 complex interaction. Binds to cyclophilin B.
PHF14	319	9606.ENSP00000385795	9606	Homo sapiens	PHF14	PHD finger protein 14.
ENSA	320	9606.ENSP00000341743	9606	Homo sapiens	ENSA	Alpha-endosulfine; Protein phosphatase inhibitor that specifically inhibits protein phosphatase 2A (PP2A) during mitosis. When phosphorylated at Ser-67 during mitosis, specifically interacts with PPP2R2D (PR55-delta) and inhibits its activity, leading to inactivation of PP2A, an essential condition to keep cyclin-B1-CDK1 activity high during M phase (By similarity). Also acts as a stimulator of insulin secretion by interacting with sulfonylurea receptor (ABCC8), thereby preventing sulfonylurea from binding to its receptor and reducing K(ATP) channel currents.
CDK14	321	9606.ENSP00000369390	9606	Homo sapiens	CDK14	Cyclin-dependent kinase 14; Serine/threonine-protein kinase involved in the control of the eukaryotic cell cycle, whose activity is controlled by an associated cyclin. Acts as a cell-cycle regulator of Wnt signaling pathway during G2/M phase by mediating the phosphorylation of LRP6 at 'Ser-1490', leading to the activation of the Wnt signaling pathway. Acts as a regulator of cell cycle progression and cell proliferation via its interaction with CCDN3. Phosphorylates RB1 in vitro, however the relevance of such result remains to be confirmed in vivo. May also play a role in meiosis, neuro [...] 
BTRC	322	9606.ENSP00000359206	9606	Homo sapiens	BTRC	F-box/WD repeat-containing protein 1A; Substrate recognition component of a SCF (SKP1-CUL1-F-box protein) E3 ubiquitin-protein ligase complex which mediates the ubiquitination and subsequent proteasomal degradation of target proteins. Recognizes and binds to phosphorylated target proteins. SCF(BTRC) mediates the ubiquitination of CTNNB1 and participates in Wnt signaling. SCF(BTRC) mediates the ubiquitination of phosphorylated NFKB1, ATF4, CDC25A, DLG1, FBXO5, PER1, SMAD3, SMAD4, SNAI1 and probably NFKB2. SCF(BTRC) mediates the ubiquitination of NFKBIA, NFKBIB and NFKBIE; the degradatio [...] 
APBB3	323	9606.ENSP00000346378	9606	Homo sapiens	APBB3	Amyloid-beta A4 precursor protein-binding family B member 3; May modulate the internalization of amyloid-beta precursor protein.
ADK	324	9606.ENSP00000443965	9606	Homo sapiens	ADK	Adenosine kinase; ATP dependent phosphorylation of adenosine and other related nucleoside analogs to monophosphate derivatives. Serves as a potential regulator of concentrations of extracellular adenosine and intracellular adenine nucleotides; Belongs to the carbohydrate kinase PfkB family.
ATP13A2	325	9606.ENSP00000327214	9606	Homo sapiens	ATP13A2	Cation-transporting ATPase 13A2; ATPase that plays a role in intracellular cation homeostasis and the maintenance of neuronal integrity. Required for a proper lysosomal and mitochondrial maintenance. Regulates the autophagy-lysosome pathway through the control of SYT11 expression at both transcriptional and post- translational levels. Belongs to the cation transport ATPase (P-type) (TC 3.A.3) family. Type V subfamily.
TBP	326	9606.ENSP00000230354	9606	Homo sapiens	TBP	TATA-box-binding protein; General transcription factor that functions at the core of the DNA-binding multiprotein factor TFIID. Binding of TFIID to the TATA box is the initial transcriptional step of the pre-initiation complex (PIC), playing a role in the activation of eukaryotic genes transcribed by RNA polymerase II. Component of a BRF2-containing transcription factor complex that regulates transcription mediated by RNA polymerase III. Component of the transcription factor SL1/TIF-IB complex, which is involved in the assembly of the PIC (pre-initiation complex) during RNA polymerase  [...] 
MAPK6	327	9606.ENSP00000261845	9606	Homo sapiens	MAPK6	Mitogen-activated protein kinase 6; Atypical MAPK protein. Phosphorylates microtubule-associated protein 2 (MAP2) and MAPKAPK5. The precise role of the complex formed with MAPKAPK5 is still unclear, but the complex follows a complex set of phosphorylation events: upon interaction with atypical MAPKAPK5, ERK3/MAPK6 is phosphorylated at Ser-189 and then mediates phosphorylation and activation of MAPKAPK5, which in turn phosphorylates ERK3/MAPK6. May promote entry in the cell cycle (By similarity); Belongs to the protein kinase superfamily. CMGC Ser/Thr protein kinase family. MAP kinase s [...] 
EIF1B	328	9606.ENSP00000232905	9606	Homo sapiens	EIF1B	Eukaryotic translation initiation factor 1b; Probably involved in translation.
ZRANB2	329	9606.ENSP00000359958	9606	Homo sapiens	ZRANB2	Zinc finger Ran-binding domain-containing protein 2; Splice factor required for alternative splicing of TRA2B/SFRS10 transcripts. May interfere with constitutive 5'-splice site selection.
EPHA5	330	9606.ENSP00000480763	9606	Homo sapiens	EPHA5	Ephrin type-A receptor 5; Receptor tyrosine kinase which binds promiscuously GPI- anchored ephrin-A family ligands residing on adjacent cells, leading to contact-dependent bidirectional signaling into neighboring cells. The signaling pathway downstream of the receptor is referred to as forward signaling while the signaling pathway downstream of the ephrin ligand is referred to as reverse signaling. Among GPI-anchored ephrin-A ligands, EFNA5 most probably constitutes the cognate/functional ligand for EPHA5. Functions as an axon guidance molecule during development and may be involved in [...] 
PTPRN2	331	9606.ENSP00000374069	9606	Homo sapiens	PTPRN2	Receptor-type tyrosine-protein phosphatase N2; Plays a role in vesicle-mediated secretory processes. Required for normal accumulation of secretory vesicles in hippocampus, pituitary and pancreatic islets. Required for the accumulation of normal levels of insulin-containing vesicles and preventing their degradation. Plays a role in insulin secretion in response to glucose stimuli. Required for normal accumulation of the neurotransmitters norepinephrine, dopamine and serotonin in the brain. In females, but not in males, required for normal accumulation and secretion of pituitary hormones [...] 
FBXO21	332	9606.ENSP00000328187	9606	Homo sapiens	FBXO21	F-box only protein 21; Substrate-recognition component of the SCF (SKP1-CUL1-F-box protein)-type E3 ubiquitin ligase complex.
B4GALT6	333	9606.ENSP00000306459	9606	Homo sapiens	B4GALT6	Beta-1,4-galactosyltransferase 6; Catalyzes the synthesis of lactosylceramide (LacCer) via the transfer of galactose from UDP-galactose to glucosylceramide (GlcCer). LacCer is the starting point in the biosynthesis of all gangliosides (membrane-bound glycosphingolipids) which play pivotal roles in the CNS including neuronal maturation and axonal and myelin formation (By similarity). Belongs to the glycosyltransferase 7 family.
FAIM2	334	9606.ENSP00000321951	9606	Homo sapiens	FAIM2	Protein lifeguard 2; Antiapoptotic protein which protects cells uniquely from Fas- induced apoptosis. Regulates Fas-mediated apoptosis in neurons by interfering with caspase-8 activation. May play a role in cerebellar development by affecting cerebellar size, internal granular layer (IGL) thickness, and Purkinje cell (PC) development. Belongs to the BI1 family. LFG subfamily.
ELOC	335	9606.ENSP00000478121	9606	Homo sapiens	ELOC	Elongin-C; SIII, also known as elongin, is a general transcription elongation factor that increases the RNA polymerase II transcription elongation past template-encoded arresting sites. Subunit A is transcriptionally active and its transcription activity is strongly enhanced by binding to the dimeric complex of the SIII regulatory subunits B and C (elongin BC complex). In embryonic stem cells, the elongin BC complex is recruited by EPOP to Polycomb group (PcG) target genes in order generate genomic region that display both active and repressive chromatin properties, an important featur [...] 
VAPA	336	9606.ENSP00000345656	9606	Homo sapiens	VAPA	Vesicle-associated membrane protein-associated protein A; Binds to OSBPL3, which mediates recruitment of VAPA to plasma membrane sites. The ORP3-VAPA complex stimulates RRAS signaling which in turn attenuates integrin beta-1 (ITGB1) activation at the cell surface. With OSBPL3, may regulate ER morphology. May play a role in vesicle trafficking.
UBQLN1	337	9606.ENSP00000365576	9606	Homo sapiens	UBQLN1	Ubiquilin-1; Plays an important role in the regulation of different protein degradation mechanisms and pathways including ubiquitin- proteasome system (UPS), autophagy and endoplasmic reticulum-associated protein degradation (ERAD) pathway. Mediates the proteasomal targeting of misfolded or accumulated proteins for degradation by binding (via UBA domain) to their polyubiquitin chains and by interacting (via ubiquitin-like domain) with the subunits of the proteasome. Plays a role in the ERAD pathway via its interaction with ER-localized proteins UBXN4, VCP and HERPUD1 and may form a lin [...] 
ZNHIT3	338	9606.ENSP00000484687	9606	Homo sapiens	ZNHIT3	Zinc finger HIT-type containing 3.
PRKCI	339	9606.ENSP00000295797	9606	Homo sapiens	PRKCI	Protein kinase C iota type; Calcium- and diacylglycerol-independent serine/ threonine- protein kinase that plays a general protective role against apoptotic stimuli, is involved in NF-kappa-B activation, cell survival, differentiation and polarity, and contributes to the regulation of microtubule dynamics in the early secretory pathway. Is necessary for BCR-ABL oncogene-mediated resistance to apoptotic drug in leukemia cells, protecting leukemia cells against drug-induced apoptosis. In cultured neurons, prevents amyloid beta protein-induced apoptosis by interrupting cell death process  [...] 
ATP2B1	340	9606.ENSP00000392043	9606	Homo sapiens	ATP2B1	Plasma membrane calcium-transporting ATPase 1; Catalyzes the hydrolysis of ATP coupled with the transport of calcium from the cytoplasm to the extracellular space thereby maintaining intracellular calcium homeostasis. Plays a role in blood pressure regulation through regulation of intracellular calcium concentration and nitric oxide production leading to regulation of vascular smooth muscle cells vasoconstriction. Positively regulates bone mineralization through absorption of calcium from the intestine. Plays dual roles in osteoclast differentiation and survival by regulating RANKL-ind [...] 
SUMO1	341	9606.ENSP00000376077	9606	Homo sapiens	SUMO1	Small ubiquitin-related modifier 1; Ubiquitin-like protein that can be covalently attached to proteins as a monomer or a lysine-linked polymer. Covalent attachment via an isopeptide bond to its substrates requires prior activation by the E1 complex SAE1-SAE2 and linkage to the E2 enzyme UBE2I, and can be promoted by E3 ligases such as PIAS1-4, RANBP2 or CBX4. This post- translational modification on lysine residues of proteins plays a crucial role in a number of cellular processes such as nuclear transport, DNA replication and repair, mitosis and signal transduction. Involved for insta [...] 
TUSC3	342	9606.ENSP00000424544	9606	Homo sapiens	TUSC3	Tumor suppressor candidate 3; Acts as accessory component of the N-oligosaccharyl transferase (OST) complex which catalyzes the transfer of a high mannose oligosaccharide from a lipid-linked oligosaccharide donor to an asparagine residue within an Asn-X-Ser/Thr consensus motif in nascent polypeptide chains. Involved in N-glycosylation of STT3B-dependent substrates. Specifically required for the glycosylation of a subset of acceptor sites that are near cysteine residues; in this function seems to act redundantly with MAGT1. In its oxidized form proposed to form transient mixed disulfide [...] 
APBA2	343	9606.ENSP00000453293	9606	Homo sapiens	APBA2	Amyloid-beta A4 precursor protein-binding family A member 2; Putative function in synaptic vesicle exocytosis by binding to STXBP1, an essential component of the synaptic vesicle exocytotic machinery. May modulate processing of the amyloid-beta precursor protein (APP) and hence formation of APP-beta.
AP3S1	344	9606.ENSP00000325369	9606	Homo sapiens	AP3S1	AP-3 complex subunit sigma-1; Part of the AP-3 complex, an adaptor-related complex which is not clathrin-associated. The complex is associated with the Golgi region as well as more peripheral structures. It facilitates the budding of vesicles from the Golgi membrane and may be directly involved in trafficking to lysosomes. In concert with the BLOC-1 complex, AP-3 is required to target cargos into vesicles assembled at cell bodies for delivery into neurites and nerve terminals; Belongs to the adaptor complexes small subunit family.
PTK2B	345	9606.ENSP00000380638	9606	Homo sapiens	PTK2B	Protein-tyrosine kinase 2-beta; Non-receptor protein-tyrosine kinase that regulates reorganization of the actin cytoskeleton, cell polarization, cell migration, adhesion, spreading and bone remodeling. Plays a role in the regulation of the humoral immune response, and is required for normal levels of marginal B-cells in the spleen and normal migration of splenic B-cells. Required for normal macrophage polarization and migration towards sites of inflammation. Regulates cytoskeleton rearrangement and cell spreading in T-cells, and contributes to the regulation of T-cell responses. Promot [...] 
RAD23B	346	9606.ENSP00000350708	9606	Homo sapiens	RAD23B	UV excision repair protein RAD23 homolog B; Multiubiquitin chain receptor involved in modulation of proteasomal degradation. Binds to polyubiquitin chains. Proposed to be capable to bind simultaneously to the 26S proteasome and to polyubiquitinated substrates and to deliver ubiquitinated proteins to the proteasome. May play a role in endoplasmic reticulum-associated degradation (ERAD) of misfolded glycoproteins by association with PNGase and delivering deglycosylated proteins to the proteasome. The XPC complex is proposed to represent the first factor bound at the sites of DNA damage a [...] 
DBNL	347	9606.ENSP00000417653	9606	Homo sapiens	DBNL	Drebrin-like protein; Adapter protein that binds F-actin and DNM1, and thereby plays a role in receptor-mediated endocytosis. Plays a role in the reorganization of the actin cytoskeleton, formation of cell projections, such as neurites, in neuron morphogenesis and synapse formation via its interaction with WASL and COBL. Does not bind G-actin and promote actin polymerization by itself. Required for the formation of organized podosome rosettes (By similarity). May act as a common effector of antigen receptor-signaling pathways in leukocytes. Acts as a key component of the immunological  [...] 
MAPK8IP3	348	9606.ENSP00000481780	9606	Homo sapiens	MAPK8IP3	C-Jun-amino-terminal kinase-interacting protein 3; The JNK-interacting protein (JIP) group of scaffold proteins selectively mediates JNK signaling by aggregating specific components of the MAPK cascade to form a functional JNK signaling module. May function as a regulator of vesicle transport, through interactions with the JNK-signaling components and motor proteins (By similarity). Promotes neuronal axon elongation in a kinesin- and JNK-dependent manner. Activates cofilin at axon tips via local activation of JNK, thereby regulating filopodial dynamics and enhancing axon elongation. It [...] 
MTCH1	349	9606.ENSP00000362730	9606	Homo sapiens	MTCH1	Mitochondrial carrier homolog 1; Potential mitochondrial transporter. May play a role in apoptosis.
PEX3	350	9606.ENSP00000356563	9606	Homo sapiens	PEX3	Peroxisomal biogenesis factor 3; Involved in peroxisome biosynthesis and integrity. Assembles membrane vesicles before the matrix proteins are translocated. As a docking factor for PEX19, is necessary for the import of peroxisomal membrane proteins in the peroxisomes; Belongs to the peroxin-3 family.
ARL3	351	9606.ENSP00000260746	9606	Homo sapiens	ARL3	ADP-ribosylation factor-like protein 3; Small GTP-binding protein which cycles between an inactive GDP-bound and an active GTP-bound form, and the rate of cycling is regulated by guanine nucleotide exchange factors (GEF) and GTPase- activating proteins (GAP). Required for normal cytokinesis and cilia signaling. Requires assistance from GTPase-activating proteins (GAPs) like RP2 and PDE6D, in order to cycle between inactive GDP-bound and active GTP-bound forms. Required for targeting proteins to the cilium, including myristoylated NPHP3 and prenylated INPP5E. Targets NPHP3 to the ciliar [...] 
ACSL3	352	9606.ENSP00000350012	9606	Homo sapiens	ACSL3	Long-chain-fatty-acid--CoA ligase 3; Acyl-CoA synthetases (ACSL) activates long-chain fatty acids for both synthesis of cellular lipids, and degradation via beta- oxidation. Required for the incorporation of fatty acids into phosphatidylcholine, the major phospholipid located on the surface of VLDL (very low density lipoproteins). Has mainly an anabolic role in energy metabolism. Mediates hepatic lipogenesis. Preferentially uses myristate, laurate, arachidonate and eicosapentaenoate as substrates. Both isoforms exhibit the same level of activity (By similarity).
HAX1	353	9606.ENSP00000329002	9606	Homo sapiens	HAX1	HCLS1-associated protein X-1; Recruits the Arp2/3 complex to the cell cortex and regulates reorganization of the cortical actin cytoskeleton via its interaction with KCNC3 and the Arp2/3 complex. Slows down the rate of inactivation of KCNC3 channels. Promotes GNA13-mediated cell migration. Involved in the clathrin-mediated endocytosis pathway. May be involved in internalization of ABC transporters such as ABCB11. May inhibit CASP9 and CASP3. Promotes cell survival. May regulate intracellular calcium pools. Belongs to the HAX1 family.
RASGRF2	354	9606.ENSP00000265080	9606	Homo sapiens	RASGRF2	Ras-specific guanine nucleotide-releasing factor 2; Functions as a calcium-regulated nucleotide exchange factor activating both Ras and RAC1 through the exchange of bound GDP for GTP. Preferentially activates HRAS in vivo compared to RRAS based on their different types of prenylation. Functions in synaptic plasticity by contributing to the induction of long term potentiation.
KIAA0753	355	9606.ENSP00000355250	9606	Homo sapiens	KIAA0753	Protein moonraker; Involved in centriole duplication. Positively regulates CEP63 centrosomal localization. Required for WDR62 centrosomal localization and promotes the centrosomal localization of CDK2.
HERC1	356	9606.ENSP00000390158	9606	Homo sapiens	HERC1	Probable E3 ubiquitin-protein ligase HERC1; Involved in membrane trafficking via some guanine nucleotide exchange factor (GEF) activity and its ability to bind clathrin. Acts as a GEF for Arf and Rab, by exchanging bound GDP for free GTP. Binds phosphatidylinositol 4,5-bisphosphate, which is required for GEF activity. May also act as a E3 ubiquitin-protein ligase which accepts ubiquitin from an E2 ubiquitin-conjugating enzyme in the form of a thioester and then directly transfers the ubiquitin to targeted substrates.
CCNDBP1	357	9606.ENSP00000300213	9606	Homo sapiens	CCNDBP1	Cyclin-D1-binding protein 1; May negatively regulate cell cycle progression. May act at least in part via inhibition of the cyclin-D1/CDK4 complex, thereby preventing phosphorylation of RB1 and blocking E2F-dependent transcription.
RAB5A	358	9606.ENSP00000273047	9606	Homo sapiens	RAB5A	Ras-related protein Rab-5A; Small GTPase which cycles between active GTP-bound and inactive GDP-bound states. In its active state, binds to a variety of effector proteins to regulate cellular responses such as of intracellular membrane trafficking, from the formation of transport vesicles to their fusion with membranes. Active GTP-bound form is able to recruit to membranes different sets of downstream effectors directly responsible for vesicle formation, movement, tethering and fusion. RAB5A is required for the fusion of plasma membranes and early endosomes. Contributes to the regulati [...] 
GLRB	359	9606.ENSP00000264428	9606	Homo sapiens	GLRB	Glycine receptor subunit beta; Glycine receptors are ligand-gated chloride channels. GLRB does not form ligand-gated ion channels by itself, but is part of heteromeric ligand-gated chloride channels. Channel opening is triggered by extracellular glycine. Heteropentameric channels composed of GLRB and GLRA1 are activated by lower glycine levels than homopentameric GLRA1. Plays an important role in the down-regulation of neuronal excitability. Contributes to the generation of inhibitory postsynaptic currents.
ABCA5	360	9606.ENSP00000376443	9606	Homo sapiens	ABCA5	ATP-binding cassette sub-family A member 5; May play a role in the processing of autolysosomes. Belongs to the ABC transporter superfamily. ABCA family.
IMPA1	361	9606.ENSP00000408526	9606	Homo sapiens	IMPA1	Inositol monophosphatase 1; Responsible for the provision of inositol required for synthesis of phosphatidylinositol and polyphosphoinositides and has been implicated as the pharmacological target for lithium action in brain. Has broad substrate specificity and can use myo-inositol monophosphates, myo-inositol 1,3-diphosphate, myo-inositol 1,4- diphosphate, scyllo-inositol-phosphate, D-galactose 1-phosphate, glucose-1-phosphate, glucose-6-phosphate, fructose-1-phosphate, beta- glycerophosphate, and 2'-AMP as substrates.
PPP2R5C	362	9606.ENSP00000412324	9606	Homo sapiens	PPP2R5C	Serine/threonine-protein phosphatase 2A 56 kDa regulatory subunit gamma isoform; The B regulatory subunit might modulate substrate selectivity and catalytic activity, and also might direct the localization of the catalytic enzyme to a particular subcellular compartment. The PP2A- PPP2R5C holoenzyme may specifically dephosphorylate and activate TP53 and play a role in DNA damage-induced inhibition of cell proliferation. PP2A-PPP2R5C may also regulate the ERK signaling pathway through ERK dephosphorylation.
CDH13	363	9606.ENSP00000268613	9606	Homo sapiens	CDH13	Cadherin-13; Cadherins are calcium-dependent cell adhesion proteins. They preferentially interact with themselves in a homophilic manner in connecting cells; cadherins may thus contribute to the sorting of heterogeneous cell types. May act as a negative regulator of neural cell growth.
TM9SF4	364	9606.ENSP00000381104	9606	Homo sapiens	TM9SF4	Transmembrane 9 superfamily member 4; Associates with proteins harboring glycine-rich transmembrane domains and ensures their efficient localization to the cell surface. Regulates the assembly and activity of V-ATPase in colon cancer cells via its interaction with V-type proton ATPase subunit H (ATP6V1H) and contributes to V-ATPase-mediated pH alterations in cancer cells which play an important role in drug resistance and invasiveness of colon cancer cells. Plays an important role in an atypical phagocytic activity of metastatic melanoma cells called cannibalism and is involved in the  [...] 
NDUFA10	365	9606.ENSP00000252711	9606	Homo sapiens	NDUFA10	NADH dehydrogenase [ubiquinone] 1 alpha subcomplex subunit 10, mitochondrial; Accessory subunit of the mitochondrial membrane respiratory chain NADH dehydrogenase (Complex I), that is believed not to be involved in catalysis. Complex I functions in the transfer of electrons from NADH to the respiratory chain. The immediate electron acceptor for the enzyme is believed to be ubiquinone.
RAB11FIP2	366	9606.ENSP00000358200	9606	Homo sapiens	RAB11FIP2	Rab11 family-interacting protein 2; A Rab11 effector binding preferentially phosphatidylinositol 3,4,5-trisphosphate (PtdInsP3) and phosphatidic acid (PA) and acting in the regulation of the transport of vesicles from the endosomal recycling compartment (ERC) to the plasma membrane. Involved in insulin granule exocytosis. Also involved in receptor-mediated endocytosis and membrane trafficking of recycling endosomes, probably originating from clathrin-coated vesicles. Required in a complex with MYO5B and RAB11 for the transport of NPC1L1 to the plasma membrane. Also acts as a regulator  [...] 
CCT6A	367	9606.ENSP00000275603	9606	Homo sapiens	CCT6A	T-complex protein 1 subunit zeta; Component of the chaperonin-containing T-complex (TRiC), a molecular chaperone complex that assists the folding of proteins upon ATP hydrolysis. The TRiC complex mediates the folding of WRAP53/TCAB1, thereby regulating telomere maintenance. The TRiC complex plays a role in the folding of actin and tubulin (Probable); Belongs to the TCP-1 chaperonin family.
MKKS	368	9606.ENSP00000246062	9606	Homo sapiens	MKKS	McKusick-Kaufman/Bardet-Biedl syndromes putative chaperonin; Probable molecular chaperone that assists the folding of proteins upon ATP hydrolysis. Plays a role in the assembly of BBSome, a complex involved in ciliogenesis regulating transports vesicles to the cilia. May play a role in protein processing in limb, cardiac and reproductive system development. May play a role in cytokinesis. Belongs to the TCP-1 chaperonin family.
EIF4E	369	9606.ENSP00000425561	9606	Homo sapiens	EIF4E	Eukaryotic translation initiation factor 4E; Recognizes and binds the 7-methylguanosine-containing mRNA cap during an early step in the initiation of protein synthesis and facilitates ribosome binding by inducing the unwinding of the mRNAs secondary structures. Component of the CYFIP1-EIF4E-FMR1 complex which binds to the mRNA cap and mediates translational repression. In the CYFIP1-EIF4E-FMR1 complex this subunit mediates the binding to the mRNA cap.
ABCE1	370	9606.ENSP00000296577	9606	Homo sapiens	ABCE1	ATP-binding cassette sub-family E member 1; Antagonizes the binding of 2-5A (5'-phosphorylated 2',5'- linked oligoadenylates) by RNase L through direct interaction with RNase L and therefore inhibits its endoribonuclease activity. May play a central role in the regulation of mRNA turnover. Antagonizes the anti-viral effect of the interferon-regulated 2-5A/RNase L pathway. May act as a chaperone for post-translational events during HIV-1 capsid assembly; Belongs to the ABC transporter superfamily. ABCE family.
ATG5	371	9606.ENSP00000358072	9606	Homo sapiens	ATG5	Autophagy protein 5; Involved in autophagic vesicle formation. Conjugation with ATG12, through a ubiquitin-like conjugating system involving ATG7 as an E1-like activating enzyme and ATG10 as an E2-like conjugating enzyme, is essential for its function. The ATG12-ATG5 conjugate acts as an E3- like enzyme which is required for lipidation of ATG8 family proteins and their association to the vesicle membranes. Involved in mitochondrial quality control after oxidative damage, and in subsequent cellular longevity. Plays a critical role in multiple aspects of lymphocyte development and is ess [...] 
HOMER1	372	9606.ENSP00000334382	9606	Homo sapiens	HOMER1	Homer protein homolog 1; Postsynaptic density scaffolding protein. Binds and cross- links cytoplasmic regions of GRM1, GRM5, ITPR1, DNM3, RYR1, RYR2, SHANK1 and SHANK3. By physically linking GRM1 and GRM5 with ER- associated ITPR1 receptors, it aids the coupling of surface receptors to intracellular calcium release. May also couple GRM1 to PI3 kinase through its interaction with AGAP2. Isoform 1 regulates the trafficking and surface expression of GRM5. Isoform 3 acts as a natural dominant negative, in dynamic competition with constitutively expressed isoform 1 to regulate synaptic meta [...] 
CHM	373	9606.ENSP00000350386	9606	Homo sapiens	CHM	Rab proteins geranylgeranyltransferase component A 1; Substrate-binding subunit of the Rab geranylgeranyltransferase (GGTase) complex. Binds unprenylated Rab proteins and presents the substrate peptide to the catalytic component B composed of RABGGTA and RABGGTB, and remains bound to it after the geranylgeranyl transfer reaction. The component A is thought to be regenerated by transferring its prenylated Rab back to the donor membrane. Besides, a pre-formed complex consisting of CHM and the Rab GGTase dimer (RGGT or component B) can bind to and prenylate Rab proteins; this alternative  [...] 
EHD3	374	9606.ENSP00000327116	9606	Homo sapiens	EHD3	EH domain-containing protein 3; ATP- and membrane-binding protein that controls membrane reorganization/tubulation upon ATP hydrolysis. In vitro causes tubulation of endocytic membranes. Binding to phosphatidic acid induces its membrane tubulation activity (By similarity). Plays a role in endocytic transport. Involved in early endosome to recycling endosome compartment (ERC), retrograde early endosome to Golgi, and endosome to plasma membrane (rapid recycling) protein transport. Involved in the regulation of Golgi maintenance and morphology. Involved in the recycling of internalized D1 [...] 
ERCC3	375	9606.ENSP00000285398	9606	Homo sapiens	ERCC3	General transcription and DNA repair factor IIH helicase subunit XPB; ATP-dependent 3'-5' DNA helicase, component of the general transcription and DNA repair factor IIH (TFIIH) core complex, which is involved in general and transcription-coupled nucleotide excision repair (NER) of damaged DNA and, when complexed to CAK, in RNA transcription by RNA polymerase II. In NER, TFIIH acts by opening DNA around the lesion to allow the excision of the damaged oligonucleotide and its replacement by a new DNA fragment. The ATPase activity of XPB/ERCC3, but not its helicase activity, is required fo [...] 
PPIP5K1	376	9606.ENSP00000400887	9606	Homo sapiens	PPIP5K1	Inositol hexakisphosphate and diphosphoinositol-pentakisphosphate kinase 1; Bifunctional inositol kinase that acts in concert with the IP6K kinases IP6K1, IP6K2 and IP6K3 to synthesize the diphosphate group-containing inositol pyrophosphates diphosphoinositol pentakisphosphate, PP-InsP5, and bis-diphosphoinositol tetrakisphosphate, (PP)2-InsP4. PP-InsP5 and (PP)2-InsP4, also respectively called InsP7 and InsP8, regulate a variety of cellular processes, including apoptosis, vesicle trafficking, cytoskeletal dynamics, exocytosis, insulin signaling and neutrophil activation. Phosphorylate [...] 
KRAS	377	9606.ENSP00000256078	9606	Homo sapiens	KRAS	GTPase KRas, N-terminally processed; Ras proteins bind GDP/GTP and possess intrinsic GTPase activity. Plays an important role in the regulation of cell proliferation. Plays a role in promoting oncogenic events by inducing transcriptional silencing of tumor suppressor genes (TSGs) in colorectal cancer (CRC) cells in a ZNF304-dependent manner.
RIMS1	378	9606.ENSP00000428417	9606	Homo sapiens	RIMS1	Regulating synaptic membrane exocytosis protein 1; Rab effector involved in exocytosis (By similarity). May act as scaffold protein that regulates neurotransmitter release at the active zone. Essential for maintaining normal probability of neurotransmitter release and for regulating release during short-term synaptic plasticity (By similarity). Plays a role in dendrite formation by melanocytes.
CADPS	379	9606.ENSP00000373215	9606	Homo sapiens	CADPS	Calcium-dependent secretion activator 1; Calcium-binding protein involved in exocytosis of vesicles filled with neurotransmitters and neuropeptides. Probably acts upstream of fusion in the biogenesis or maintenance of mature secretory vesicles. Regulates catecholamine loading of DCVs. May specifically mediate the Ca(2+)-dependent exocytosis of large dense-core vesicles (DCVs) and other dense-core vesicles by acting as a PtdIns(4,5)P2- binding protein that acts at prefusion step following ATP-dependent priming and participates in DCVs-membrane fusion. However, it may also participate in [...] 
NXPH1	380	9606.ENSP00000384551	9606	Homo sapiens	NXPH1	Neurexophilin-1; May be signaling molecules that resemble neuropeptides and that act by binding to alpha-neurexins and possibly other receptors. Belongs to the neurexophilin family.
GPM6A	381	9606.ENSP00000280187	9606	Homo sapiens	GPM6A	Neuronal membrane glycoprotein M6-a; Involved in neuronal differentiation, including differentiation and migration of neuronal stem cells. Plays a role in neuronal plasticity and is involved in neurite and filopodia outgrowth, filopodia motility and probably synapse formation. GPM6A-induced filopodia formation involves mitogen-activated protein kinase (MAPK) and Src signaling pathways. May be involved in neuronal NGF-dependent Ca(2+) influx. May be involved in regulation of endocytosis and intracellular trafficking of G-protein-coupled receptors (GPCRs); enhances internalization and re [...] 
ERH	382	9606.ENSP00000451080	9606	Homo sapiens	ERH	Enhancer of rudimentary homolog; May have a role in the cell cycle; Belongs to the E(R) family.
YWHAH	383	9606.ENSP00000248975	9606	Homo sapiens	YWHAH	14-3-3 protein eta; Adapter protein implicated in the regulation of a large spectrum of both general and specialized signaling pathways. Binds to a large number of partners, usually by recognition of a phosphoserine or phosphothreonine motif. Binding generally results in the modulation of the activity of the binding partner. Negatively regulates the kinase activity of PDPK1.
HSPA13	384	9606.ENSP00000285667	9606	Homo sapiens	HSPA13	Heat shock 70 kDa protein 13; Has peptide-independent ATPase activity.
MOXD1	385	9606.ENSP00000356940	9606	Homo sapiens	MOXD1	Monooxygenase DBH like 1.
CHL1	386	9606.ENSP00000256509	9606	Homo sapiens	CHL1	Processed neural cell adhesion molecule L1-like protein; Extracellular matrix and cell adhesion protein that plays a role in nervous system development and in synaptic plasticity. Both soluble and membranous forms promote neurite outgrowth of cerebellar and hippocampal neurons and suppress neuronal cell death. Plays a role in neuronal positioning of pyramidal neurons and in regulation of both the number of interneurons and the efficacy of GABAergic synapses. May play a role in regulating cell migration in nerve regeneration and cortical development. Potentiates integrin-dependent cell  [...] 
LAMTOR3	387	9606.ENSP00000424183	9606	Homo sapiens	LAMTOR3	Ragulator complex protein LAMTOR3; As part of the Ragulator complex it is involved in amino acid sensing and activation of mTORC1, a signaling complex promoting cell growth in response to growth factors, energy levels, and amino acids. Activated by amino acids through a mechanism involving the lysosomal V- ATPase, the Ragulator functions as a guanine nucleotide exchange factor activating the small GTPases Rag. Activated Ragulator and Rag GTPases function as a scaffold recruiting mTORC1 to lysosomes where it is in turn activated. Adapter protein that enhances the efficiency of the MAP k [...] 
API5	388	9606.ENSP00000431391	9606	Homo sapiens	API5	Apoptosis inhibitor 5; Antiapoptotic factor that may have a role in protein assembly. Negatively regulates ACIN1. By binding to ACIN1, it suppresses ACIN1 cleavage from CASP3 and ACIN1-mediated DNA fragmentation. Also known to efficiently suppress E2F1-induced apoptosis. Its depletion enhances the cytotoxic action of the chemotherapeutic drugs; Belongs to the API5 family.
RASA1	389	9606.ENSP00000274376	9606	Homo sapiens	RASA1	Ras GTPase-activating protein 1; Inhibitory regulator of the Ras-cyclic AMP pathway. Stimulates the GTPase of normal but not oncogenic Ras p21; this stimulation may be further increased in the presence of NCK1.
MOCS2	390	9606.ENSP00000380157	9606	Homo sapiens	MOCS2	Molybdopterin synthase catalytic subunit; Catalytic subunit of the molybdopterin synthase complex, a complex that catalyzes the conversion of precursor Z into molybdopterin. Acts by mediating the incorporation of 2 sulfur atoms from thiocarboxylated MOCS2A into precursor Z to generate a dithiolene group; Belongs to the MoaE family. MOCS2B subfamily.
CCT2	391	9606.ENSP00000299300	9606	Homo sapiens	CCT2	T-complex protein 1 subunit beta; Component of the chaperonin-containing T-complex (TRiC), a molecular chaperone complex that assists the folding of proteins upon ATP hydrolysis. The TRiC complex mediates the folding of WRAP53/TCAB1, thereby regulating telomere maintenance. As part of the TRiC complex may play a role in the assembly of BBSome, a complex involved in ciliogenesis regulating transports vesicles to the cilia. The TRiC complex plays a role in the folding of actin and tubulin (Probable).
SMS	392	9606.ENSP00000385746	9606	Homo sapiens	SMS	Spermine synthase; Catalyzes the production of spermine from spermidine and decarboxylated S-adenosylmethionine (dcSAM).
SDHA	393	9606.ENSP00000264932	9606	Homo sapiens	SDHA	Succinate dehydrogenase [ubiquinone] flavoprotein subunit, mitochondrial; Flavoprotein (FP) subunit of succinate dehydrogenase (SDH) that is involved in complex II of the mitochondrial electron transport chain and is responsible for transferring electrons from succinate to ubiquinone (coenzyme Q). Can act as a tumor suppressor ; Belongs to the FAD-dependent oxidoreductase 2 family. FRD/SDH subfamily.
TERF2	394	9606.ENSP00000254942	9606	Homo sapiens	TERF2	Telomeric repeat-binding factor 2; Binds the telomeric double-stranded 5'-TTAGGG-3' repeat and plays a central role in telomere maintenance and protection against end-to-end fusion of chromosomes. In addition to its telomeric DNA- binding role, required to recruit a number of factors and enzymes required for telomere protection, including the shelterin complex, TERF2IP/RAP1 and DCLRE1B/Apollo. Component of the shelterin complex (telosome) that is involved in the regulation of telomere length and protection. Shelterin associates with arrays of double-stranded 5'- TTAGGG-3' repeats added [...] 
ORC4	395	9606.ENSP00000441953	9606	Homo sapiens	ORC4	Origin recognition complex subunit 4; Component of the origin recognition complex (ORC) that binds origins of replication. DNA-binding is ATP-dependent. The specific DNA sequences that define origins of replication have not been identified yet. ORC is required to assemble the pre-replication complex necessary to initiate DNA replication. Binds histone H3 and H4 trimethylation marks H3K9me3, H3K27me3 and H4K20me3; Belongs to the ORC4 family.
LMO7	396	9606.ENSP00000366757	9606	Homo sapiens	LMO7	LIM domain 7.
ZDHHC17	397	9606.ENSP00000403397	9606	Homo sapiens	ZDHHC17	Palmitoyltransferase ZDHHC17; Palmitoyltransferase specific for a subset of neuronal proteins, including SNAP25, DLG4/PSD95, GAD2, SYT1 and HTT. May be involved in the sorting or targeting of critical proteins involved in the initiating events of endocytosis at the plasma membrane. May play a role in Mg(2+) transport.
MAP1A	398	9606.ENSP00000300231	9606	Homo sapiens	MAP1A	Microtubule-associated protein 1A; Structural protein involved in the filamentous cross-bridging between microtubules and other skeletal elements.
ETFA	399	9606.ENSP00000452762	9606	Homo sapiens	ETFA	Electron transfer flavoprotein subunit alpha, mitochondrial; Heterodimeric electron transfer flavoprotein that accepts electrons from several mitochondrial dehydrogenases, including acyl-CoA dehydrogenases, glutaryl-CoA and sarcosine dehydrogenase. It transfers the electrons to the main mitochondrial respiratory chain via ETF-ubiquinone oxidoreductase (ETF dehydrogenase). Required for normal mitochondrial fatty acid oxidation and normal amino acid metabolism.
FGF13	400	9606.ENSP00000396198	9606	Homo sapiens	FGF13	Fibroblast growth factor 13; Microtubule-binding protein which directly binds tubulin and is involved in both polymerization and stabilization of microtubules (By similarity). Through its action on microtubules, may participate to the refinement of axons by negatively regulating axonal and leading processes branching (By similarity). Plays a crucial role in neuron polarization and migration in the cerebral cortex and the hippocampus (By similarity). May regulate voltage-gated sodium channels transport and function. May also play a role in MAPK signaling (By similarity). Required for th [...] 
HIVEP2	401	9606.ENSP00000356576	9606	Homo sapiens	HIVEP2	Transcription factor HIVEP2; This protein specifically binds to the DNA sequence 5'- GGGACTTTCC-3' which is found in the enhancer elements of numerous viral promoters such as those of SV40, CMV, or HIV1. In addition, related sequences are found in the enhancer elements of a number of cellular promoters, including those of the class I MHC, interleukin-2 receptor, somatostatin receptor II, and interferon-beta genes. It may act in T- cell activation.
SYN2	402	9606.ENSP00000480050	9606	Homo sapiens	SYN2	Synapsin-2; Neuronal phosphoprotein that coats synaptic vesicles, binds to the cytoskeleton, and is believed to function in the regulation of neurotransmitter release. May play a role in noradrenaline secretion by sympathetic neurons (By similarity); Belongs to the synapsin family.
CDH10	403	9606.ENSP00000264463	9606	Homo sapiens	CDH10	Cadherin-10; Cadherins are calcium-dependent cell adhesion proteins. They preferentially interact with themselves in a homophilic manner in connecting cells; cadherins may thus contribute to the sorting of heterogeneous cell types.
MAPK10	404	9606.ENSP00000298573	9606	Homo sapiens	DUSP16	Dual specificity protein phosphatase 16; Dual specificity protein phosphatase involved in the inactivation of MAP kinases. Dephosphorylates MAPK10 bound to ARRB2.
RIDA	405	9606.ENSP00000254878	9606	Homo sapiens	RIDA	2-iminobutanoate/2-iminopropanoate deaminase; Catalyzes the hydrolytic deamination of enamine/imine intermediates that form during the course of normal metabolism. May facilitate the release of ammonia from these potentially toxic reactive metabolites, reducing their impact on cellular components. It may act on enamine/imine intermediates formed by several types of pyridoxal-5'- phosphate-dependent dehydratases including L-threonine dehydratase. Belongs to the RutC family.
IDS	406	9606.ENSP00000339801	9606	Homo sapiens	IDS	Iduronate 2-sulfatase 14 kDa chain; Lysosomal enzyme involved in the degradation pathway of dermatan sulfate and heparan sulfate.
STAM	407	9606.ENSP00000366746	9606	Homo sapiens	STAM	Signal transducing adapter molecule 1; Involved in intracellular signal transduction mediated by cytokines and growth factors. Upon IL-2 and GM-CSL stimulation, it plays a role in signaling leading to DNA synthesis and MYC induction. May also play a role in T-cell development. Involved in down-regulation of receptor tyrosine kinase via multivesicular body (MVBs) when complexed with HGS (ESCRT-0 complex). The ESCRT-0 complex binds ubiquitin and acts as sorting machinery that recognizes ubiquitinated receptors and transfers them to further sequential lysosomal sorting/trafficking processes.
SEZ6L	408	9606.ENSP00000248933	9606	Homo sapiens	SEZ6L	Seizure 6-like protein; May contribute to specialized endoplasmic reticulum functions in neurons.
SERINC3	409	9606.ENSP00000340243	9606	Homo sapiens	SERINC3	Serine incorporator 3; Restriction factor required to restrict infectivity of lentiviruses, such as HIV-1: acts by inhibiting an early step of viral infection. Impairs the penetration of the viral particle into the cytoplasm. Belongs to the TDE1 family.
ATP2A2	410	9606.ENSP00000440045	9606	Homo sapiens	ATP2A2	Sarcoplasmic/endoplasmic reticulum calcium ATPase 2; This magnesium-dependent enzyme catalyzes the hydrolysis of ATP coupled with the translocation of calcium from the cytosol to the sarcoplasmic reticulum lumen. Isoform 2 is involved in the regulation of the contraction/relaxation cycle. Acts as a regulator of TNFSF11-mediated Ca(2+) signaling pathways via its interaction with TMEM64 which is critical for the TNFSF11-induced CREB1 activation and mitochondrial ROS generation necessary for proper osteoclast generation. Association between TMEM64 and SERCA2 in the ER leads to cytosolic C [...] 
GLS	411	9606.ENSP00000317379	9606	Homo sapiens	GLS	Glutaminase kidney isoform, mitochondrial 65 kDa chain; Catalyzes the first reaction in the primary pathway for the renal catabolism of glutamine. Plays a role in maintaining acid-base homeostasis. Regulates the levels of the neurotransmitter glutamate, the main excitatory neurotransmitter in the brain ; Belongs to the glutaminase family.
PRKCB	412	9606.ENSP00000496129	9606	Homo sapiens	PRKCB	Protein kinase C beta type; Calcium-activated, phospholipid- and diacylglycerol (DAG)- dependent serine/threonine-protein kinase involved in various cellular processes such as regulation of the B-cell receptor (BCR) signalosome, oxidative stress-induced apoptosis, androgen receptor-dependent transcription regulation, insulin signaling and endothelial cells proliferation. Plays a key role in B-cell activation by regulating BCR- induced NF-kappa-B activation. Mediates the activation of the canonical NF-kappa-B pathway (NFKB1) by direct phosphorylation of CARD11/CARMA1 at 'Ser-559', 'Ser- [...] 
GNB1	413	9606.ENSP00000367872	9606	Homo sapiens	GNB1	Guanine nucleotide-binding protein G(I)/G(S)/G(T) subunit beta-1; Guanine nucleotide-binding proteins (G proteins) are involved as a modulator or transducer in various transmembrane signaling systems. The beta and gamma chains are required for the GTPase activity, for replacement of GDP by GTP, and for G protein-effector interaction.
MAP2K4	414	9606.ENSP00000410402	9606	Homo sapiens	MAP2K4	Dual specificity mitogen-activated protein kinase kinase 4; Dual specificity protein kinase which acts as an essential component of the MAP kinase signal transduction pathway. Essential component of the stress-activated protein kinase/c-Jun N-terminal kinase (SAP/JNK) signaling pathway. With MAP2K7/MKK7, is the one of the only known kinase to directly activate the stress-activated protein kinase/c-Jun N-terminal kinases MAPK8/JNK1, MAPK9/JNK2 and MAPK10/JNK3. MAP2K4/MKK4 and MAP2K7/MKK7 both activate the JNKs by phosphorylation, but they differ in their preference for the phosphorylati [...] 
MARK1	415	9606.ENSP00000483424	9606	Homo sapiens	MARK1	Serine/threonine-protein kinase MARK1; Serine/threonine-protein kinase. Involved in cell polarity and microtubule dynamics regulation. Phosphorylates DCX, MAP2 and MAP4. Phosphorylates the microtubule-associated protein MAPT/TAU. Involved in cell polarity by phosphorylating the microtubule-associated proteins MAP2, MAP4 and MAPT/TAU at KXGS motifs, causing detachment from microtubules, and their disassembly. Involved in the regulation of neuronal migration through its dual activities in regulating cellular polarity and microtubule dynamics, possibly by phosphorylating and regulating DC [...] 
EIF1AX	416	9606.ENSP00000368927	9606	Homo sapiens	EIF1AX	Eukaryotic translation initiation factor 1A, X-chromosomal; Seems to be required for maximal rate of protein biosynthesis. Enhances ribosome dissociation into subunits and stabilizes the binding of the initiator Met-tRNA(I) to 40 S ribosomal subunits; Belongs to the eIF-1A family.
TSG101	417	9606.ENSP00000251968	9606	Homo sapiens	TSG101	Tumor susceptibility gene 101 protein; Component of the ESCRT-I complex, a regulator of vesicular trafficking process. Binds to ubiquitinated cargo proteins and is required for the sorting of endocytic ubiquitinated cargos into multivesicular bodies (MVBs). Mediates the association between the ESCRT-0 and ESCRT-I complex. Required for completion of cytokinesis; the function requires CEP55. May be involved in cell growth and differentiation. Acts as a negative growth regulator. Involved in the budding of many viruses through an interaction with viral proteins that contain a late-budding [...] 
DMAC2L	418	9606.ENSP00000451583	9606	Homo sapiens	DMAC2L	ATP synthase subunit s, mitochondrial; Involved in regulation of mitochondrial membrane ATP synthase. Necessary for H(+) conduction of ATP synthase. Facilitates energy-driven catalysis of ATP synthesis by blocking a proton leak through an alternative proton exit pathway.
NOL4	419	9606.ENSP00000261592	9606	Homo sapiens	NOL4	Nucleolar protein 4.
CAPZA2	420	9606.ENSP00000354947	9606	Homo sapiens	CAPZA2	F-actin-capping protein subunit alpha-2; F-actin-capping proteins bind in a Ca(2+)-independent manner to the fast growing ends of actin filaments (barbed end) thereby blocking the exchange of subunits at these ends. Unlike other capping proteins (such as gelsolin and severin), these proteins do not sever actin filaments.
ATP2B3	421	9606.ENSP00000263519	9606	Homo sapiens	ATP2B3	Plasma membrane calcium-transporting ATPase 3; This magnesium-dependent enzyme catalyzes the hydrolysis of ATP coupled with the transport of calcium out of the cell.
WDR37	422	9606.ENSP00000263150	9606	Homo sapiens	WDR37	WD repeat domain 37.
STXBP6	423	9606.ENSP00000324302	9606	Homo sapiens	STXBP6	Syntaxin-binding protein 6; Forms non-fusogenic complexes with SNAP25 and STX1A and may thereby modulate the formation of functional SNARE complexes and exocytosis.
LRPAP1	424	9606.ENSP00000497444	9606	Homo sapiens	LRPAP1	Alpha-2-macroglobulin receptor-associated protein; Molecular chaperone for LDL receptor-related proteins that may regulate their ligand binding activity along the secretory pathway. Belongs to the alpha-2-MRAP family.
NRGN	425	9606.ENSP00000284292	9606	Homo sapiens	NRGN	NEUG(55-78); Acts as a 'third messenger' substrate of protein kinase C- mediated molecular cascades during synaptic development and remodeling. Binds to calmodulin in the absence of calcium (By similarity). Belongs to the neurogranin family.
NOVA1	426	9606.ENSP00000438875	9606	Homo sapiens	NOVA1	RNA-binding protein Nova-1; May regulate RNA splicing or metabolism in a specific subset of developing neurons.
FBXO3	427	9606.ENSP00000265651	9606	Homo sapiens	FBXO3	F-box only protein 3; Substrate recognition component of the SCF (SKP1-CUL1-F-box protein)-type E3 ubiquitin ligase complex. Mediates the ubiquitination of HIPK2 and probably that of EP300, leading to rapid degradation by the proteasome. In the presence of PML, HIPK2 ubiquitination still occurs, but degradation is prevented. PML, HIPK2 and FBXO3 may act synergically to activate p53/TP53-dependent transactivation.
SHANK2	428	9606.ENSP00000345193	9606	Homo sapiens	SHANK2	SH3 and multiple ankyrin repeat domains protein 2; Seems to be an adapter protein in the postsynaptic density (PSD) of excitatory synapses that interconnects receptors of the postsynaptic membrane including NMDA-type and metabotropic glutamate receptors, and the actin-based cytoskeleton. May play a role in the structural and functional organization of the dendritic spine and synaptic junction.
GET1	429	9606.ENSP00000496813	9606	Homo sapiens	GET1	Tail-anchored protein insertion receptor WRB; Receptor for ASNA1/TRC40-mediated insertion of tail-anchored (TA) proteins into the ER membrane; Belongs to the WRB/GET1 family.
NBEA	430	9606.ENSP00000383295	9606	Homo sapiens	NBEA	Neurobeachin; Binds to type II regulatory subunits of protein kinase A and anchors/targets them to the membrane. May anchor the kinase to cytoskeletal and/or organelle-associated proteins (By similarity). Belongs to the WD repeat neurobeachin family.
YARS1	431	9606.ENSP00000362576	9606	Homo sapiens	YARS1	Tyrosine--tRNA ligase, cytoplasmic, N-terminally processed; Catalyzes the attachment of tyrosine to tRNA(Tyr) in a two- step reaction: tyrosine is first activated by ATP to form Tyr-AMP and then transferred to the acceptor end of tRNA(Tyr); Belongs to the class-I aminoacyl-tRNA synthetase family.
OLFM1	432	9606.ENSP00000360858	9606	Homo sapiens	OLFM1	Noelin; Contributes to the regulation of axonal growth in the embryonic and adult central nervous system by inhibiting interactions between RTN4R and LINGO1. Inhibits RTN4R-mediated axon growth cone collapse (By similarity). May play an important role in regulating the production of neural crest cells by the neural tube (By similarity). May be required for normal responses to olfactory stimuli (By similarity).
KPNA1	433	9606.ENSP00000343701	9606	Homo sapiens	KPNA1	Importin subunit alpha-5, N-terminally processed; Functions in nuclear protein import as an adapter protein for nuclear receptor KPNB1. Binds specifically and directly to substrates containing either a simple or bipartite NLS motif. Docking of the importin/substrate complex to the nuclear pore complex (NPC) is mediated by KPNB1 through binding to nucleoporin FxFG repeats and the complex is subsequently translocated through the pore by an energy requiring, Ran-dependent mechanism. At the nucleoplasmic side of the NPC, Ran binds to importin-beta and the three components separate and impo [...] 
CCNC	434	9606.ENSP00000428982	9606	Homo sapiens	CCNC	Cyclin-C; Component of the Mediator complex, a coactivator involved in regulated gene transcription of nearly all RNA polymerase II-dependent genes. Mediator functions as a bridge to convey information from gene- specific regulatory proteins to the basal RNA polymerase II transcription machinery. Mediator is recruited to promoters by direct interactions with regulatory proteins and serves as a scaffold for the assembly of a functional preinitiation complex with RNA polymerase II and the general transcription factors. Binds to and activates cyclin- dependent kinase CDK8 that phosphoryla [...] 
ID2	435	9606.ENSP00000234091	9606	Homo sapiens	ID2	DNA-binding protein inhibitor ID-2; Transcriptional regulator (lacking a basic DNA binding domain) which negatively regulates the basic helix-loop-helix (bHLH) transcription factors by forming heterodimers and inhibiting their DNA binding and transcriptional activity. Implicated in regulating a variety of cellular processes, including cellular growth, senescence, differentiation, apoptosis, angiogenesis, and neoplastic transformation. Inhibits skeletal muscle and cardiac myocyte differentiation. Regulates the circadian clock by repressing the transcriptional activator activity of the C [...] 
HAGH	436	9606.ENSP00000380514	9606	Homo sapiens	HAGH	Hydroxyacylglutathione hydrolase, mitochondrial; Thiolesterase that catalyzes the hydrolysis of S-D-lactoyl- glutathione to form glutathione and D-lactic acid.
TOM1	437	9606.ENSP00000413697	9606	Homo sapiens	TOM1	Target of Myb protein 1; May be involved in intracellular trafficking. Probable association with membranes; Belongs to the TOM1 family.
GOLGA8A	438	9606.ENSP00000352111	9606	Homo sapiens	GOLGA8A	Golgin subfamily A member 8A; May be involved in maintaining Golgi structure.
DNM1	439	9606.ENSP00000362014	9606	Homo sapiens	DNM1	Dynamin-1; Microtubule-associated force-producing protein involved in producing microtubule bundles and able to bind and hydrolyze GTP. Most probably involved in vesicular trafficking processes. Involved in receptor-mediated endocytosis.
SLBP	440	9606.ENSP00000417686	9606	Homo sapiens	SLBP	Histone RNA hairpin-binding protein; RNA-binding protein involved in the histone pre-mRNA processing. Binds the stem-loop structure of replication-dependent histone pre-mRNAs and contributes to efficient 3'-end processing by stabilizing the complex between histone pre-mRNA and U7 small nuclear ribonucleoprotein (snRNP), via the histone downstream element (HDE). Plays an important role in targeting mature histone mRNA from the nucleus to the cytoplasm and to the translation machinery. Stabilizes mature histone mRNA and could be involved in cell-cycle regulation of histone gene expressio [...] 
RAD23A	441	9606.ENSP00000467024	9606	Homo sapiens	RAD23A	UV excision repair protein RAD23 homolog A; Multiubiquitin chain receptor involved in modulation of proteasomal degradation. Binds to 'Lys-48'-linked polyubiquitin chains in a length-dependent manner and with a lower affinity to 'Lys-63'- linked polyubiquitin chains. Proposed to be capable to bind simultaneously to the 26S proteasome and to polyubiquitinated substrates and to deliver ubiquitinated proteins to the proteasome. (Microbial infection) Involved in Vpr-dependent replication of HIV-1 in non-proliferating cells and primary macrophages. Required for the association of HIV-1 Vpr  [...] 
CSE1L	442	9606.ENSP00000262982	9606	Homo sapiens	CSE1L	Exportin-2; Export receptor for importin-alpha. Mediates importin-alpha re-export from the nucleus to the cytoplasm after import substrates (cargos) have been released into the nucleoplasm. In the nucleus binds cooperatively to importin-alpha and to the GTPase Ran in its active GTP-bound form. Docking of this trimeric complex to the nuclear pore complex (NPC) is mediated through binding to nucleoporins. Upon transit of a nuclear export complex into the cytoplasm, disassembling of the complex and hydrolysis of Ran-GTP to Ran-GDP (induced by RANBP1 and RANGAP1, respectively) cause releas [...] 
APP	443	9606.ENSP00000284981	9606	Homo sapiens	APP	Gamma-secretase C-terminal fragment 50; Functions as a cell surface receptor and performs physiological functions on the surface of neurons relevant to neurite growth, neuronal adhesion and axonogenesis. Interaction between APP molecules on neighboring cells promotes synaptogenesis. Involved in cell mobility and transcription regulation through protein-protein interactions. Can promote transcription activation through binding to APBB1-KAT5 and inhibits Notch signaling through interaction with Numb. Couples to apoptosis- inducing pathways such as those mediated by G(O) and JIP. Inhibits [...] 
SAE1	444	9606.ENSP00000270225	9606	Homo sapiens	SAE1	SUMO-activating enzyme subunit 1, N-terminally processed; The heterodimer acts as an E1 ligase for SUMO1, SUMO2, SUMO3, and probably SUMO4. It mediates ATP-dependent activation of SUMO proteins followed by formation of a thioester bond between a SUMO protein and a conserved active site cysteine residue on UBA2/SAE2.
AP3B2	445	9606.ENSP00000440984	9606	Homo sapiens	AP3B2	AP-3 complex subunit beta-2; Subunit of non-clathrin- and clathrin-associated adaptor protein complex 3 (AP-3) that plays a role in protein sorting in the late-Golgi/trans-Golgi network (TGN) and/or endosomes. The AP complexes mediate both the recruitment of clathrin to membranes and the recognition of sorting signals within the cytosolic tails of transmembrane cargo molecules. AP-3 appears to be involved in the sorting of a subset of transmembrane proteins targeted to lysosomes and lysosome-related organelles. In concert with the BLOC-1 complex, AP-3 is required to target cargos into  [...] 
SEC23IP	446	9606.ENSP00000358071	9606	Homo sapiens	SEC23IP	SEC23-interacting protein; Plays a role in the organization of endoplasmic reticulum exit sites. Specifically binds to phosphatidylinositol 3-phosphate (PI(3)P), phosphatidylinositol 4-phosphate (PI(4)P) and phosphatidylinositol 5-phosphate (PI(5)P). Belongs to the PA-PLA1 family.
SKAP2	447	9606.ENSP00000005587	9606	Homo sapiens	SKAP2	Src kinase-associated phosphoprotein 2; May be involved in B-cell and macrophage adhesion processes. In B-cells, may act by coupling the B-cell receptor (BCR) to integrin activation. May play a role in src signaling pathway. Belongs to the SKAP family.
DYNLL1	448	9606.ENSP00000376297	9606	Homo sapiens	DYNLL1	Dynein light chain 1, cytoplasmic; Acts as one of several non-catalytic accessory components of the cytoplasmic dynein 1 complex that are thought to be involved in linking dynein to cargos and to adapter proteins that regulate dynein function. Cytoplasmic dynein 1 acts as a motor for the intracellular retrograde motility of vesicles and organelles along microtubules. May play a role in changing or maintaining the spatial distribution of cytoskeletal structures. Promotes transactivation functions of ESR1 and plays a role in the nuclear localization of ESR1; Belongs to the dynein light c [...] 
MAP2K5	449	9606.ENSP00000178640	9606	Homo sapiens	MAP2K5	Dual specificity mitogen-activated protein kinase kinase 5; Acts as a scaffold for the formation of a ternary MAP3K2/MAP3K3-MAP3K5-MAPK7 signaling complex. Activation of this pathway appears to play a critical role in protecting cells from stress-induced apoptosis, neuronal survival and cardiac development and angiogenesis.
KIAA0513	450	9606.ENSP00000457408	9606	Homo sapiens	KIAA0513	Uncharacterized protein KIAA0513; KIAA0513.
PAPSS1	451	9606.ENSP00000265174	9606	Homo sapiens	PAPSS1	Bifunctional 3'-phosphoadenosine 5'-phosphosulfate synthase 1; Bifunctional enzyme with both ATP sulfurylase and APS kinase activity, which mediates two steps in the sulfate activation pathway. The first step is the transfer of a sulfate group to ATP to yield adenosine 5'-phosphosulfate (APS), and the second step is the transfer of a phosphate group from ATP to APS yielding 3'-phosphoadenylylsulfate (PAPS: activated sulfate donor used by sulfotransferase). In mammals, PAPS is the sole source of sulfate; APS appears to be only an intermediate in the sulfate-activation pathway. Required  [...] 
UGP2	452	9606.ENSP00000338703	9606	Homo sapiens	UGP2	UTP--glucose-1-phosphate uridylyltransferase; Plays a central role as a glucosyl donor in cellular metabolic pathways; Belongs to the UDPGP type 1 family.
CYFIP2	453	9606.ENSP00000479719	9606	Homo sapiens	CYFIP2	Cytoplasmic FMR1-interacting protein 2; Involved in T-cell adhesion and p53/TP53-dependent induction of apoptosis. Does not bind RNA. As component of the WAVE1 complex, required for BDNF-NTRK2 endocytic trafficking and signaling from early endosomes (By similarity).
DGKI	454	9606.ENSP00000288490	9606	Homo sapiens	DGKI	Diacylglycerol kinase iota.
PRKAA1	455	9606.ENSP00000346148	9606	Homo sapiens	PRKAA1	5'-AMP-activated protein kinase catalytic subunit alpha-1; Catalytic subunit of AMP-activated protein kinase (AMPK), an energy sensor protein kinase that plays a key role in regulating cellular energy metabolism. In response to reduction of intracellular ATP levels, AMPK activates energy-producing pathways and inhibits energy-consuming processes: inhibits protein, carbohydrate and lipid biosynthesis, as well as cell growth and proliferation. AMPK acts via direct phosphorylation of metabolic enzymes, and by longer-term effects via phosphorylation of transcription regulators. Also acts a [...] 
IFIT1	456	9606.ENSP00000360869	9606	Homo sapiens	IFIT1	Interferon-induced protein with tetratricopeptide repeats 1; Interferon-induced antiviral RNA-binding protein that specifically binds single-stranded RNA bearing a 5'-triphosphate group (PPP-RNA), thereby acting as a sensor of viral single-stranded RNAs and inhibiting expression of viral messenger RNAs. Single-stranded PPP- RNAs, which lack 2'-O-methylation of the 5' cap and bear a 5'- triphosphate group instead, are specific from viruses, providing a molecular signature to distinguish between self and non-self mRNAs by the host during viral infection. Directly binds PPP-RNA in a non-  [...] 
LMO4	457	9606.ENSP00000359575	9606	Homo sapiens	LMO4	LIM domain transcription factor LMO4; Probable transcriptional factor.
NCKAP1	458	9606.ENSP00000354251	9606	Homo sapiens	NCKAP1	Nck-associated protein 1; Part of the WAVE complex that regulates lamellipodia formation. The WAVE complex regulates actin filament reorganization via its interaction with the Arp2/3 complex. Actin remodeling activity is regulated by RAC1. As component of the WAVE1 complex, required for BDNF-NTRK2 endocytic trafficking and signaling from early endosomes.
RNF14	459	9606.ENSP00000324956	9606	Homo sapiens	RNF14	E3 ubiquitin-protein ligase RNF14; Might act as an E3 ubiquitin-protein ligase which accepts ubiquitin from specific E2 ubiquitin-conjugating enzymes and then transfers it to substrates, which could be nuclear proteins. Could play a role as a coactivator for androgen- and, to a lesser extent, progesterone-dependent transcription; Belongs to the RBR family. RNF14 subfamily.
NDUFB4	460	9606.ENSP00000184266	9606	Homo sapiens	NDUFB4	NADH dehydrogenase [ubiquinone] 1 beta subcomplex subunit 4; Accessory subunit of the mitochondrial membrane respiratory chain NADH dehydrogenase (Complex I), that is believed not to be involved in catalysis. Complex I functions in the transfer of electrons from NADH to the respiratory chain. The immediate electron acceptor for the enzyme is believed to be ubiquinone.
AKR1A1	461	9606.ENSP00000361140	9606	Homo sapiens	AKR1A1	Aldo-keto reductase family 1 member A1; Catalyzes the NADPH-dependent reduction of a wide variety of carbonyl-containing compounds to their corresponding alcohols. Displays enzymatic activity towards endogenous metabolites such as aromatic and aliphatic aldehydes, ketones, monosaccharides and bile acids, with a preference for negatively charged substrates, such as glucuronate and succinic semialdehyde. Functions as a detoxifiying enzyme by reducing a range of toxic aldehydes. Reduces methylglyoxal and 3-deoxyglucosone, which are present at elevated levels under hyperglycemic conditions [...] 
SLIT1	462	9606.ENSP00000266058	9606	Homo sapiens	SLIT1	Slit homolog 1 protein; Thought to act as molecular guidance cue in cellular migration, and function appears to be mediated by interaction with roundabout homolog receptors. During neural development involved in axonal navigation at the ventral midline of the neural tube and projection of axons to different regions (By similarity). SLIT1 and SLIT2 together seem to be essential for midline guidance in the forebrain by acting as repulsive signal preventing inappropriate midline crossing by axons projecting from the olfactory bulb.
HYOU1	463	9606.ENSP00000480150	9606	Homo sapiens	HYOU1	Hypoxia up-regulated protein 1; Has a pivotal role in cytoprotective cellular mechanisms triggered by oxygen deprivation. May play a role as a molecular chaperone and participate in protein folding. Belongs to the heat shock protein 70 family.
R3HDM1	464	9606.ENSP00000387010	9606	Homo sapiens	R3HDM1	R3H domain containing 1.
PPP2R5B	465	9606.ENSP00000164133	9606	Homo sapiens	PPP2R5B	Serine/threonine-protein phosphatase 2A 56 kDa regulatory subunit beta isoform; As the regulatory component of the serine/threonine-protein phosphatase 2A (PP2A) holoenzyme, modulates substrate specificity, subcellular localization, and responsiveness to phosphorylation. The phosphorylated form mediates the interaction between PP2A and AKT1, leading to AKT1 dephosphorylation.
UROS	466	9606.ENSP00000357787	9606	Homo sapiens	UROS	Uroporphyrinogen-III synthase; Catalyzes cyclization of the linear tetrapyrrole, hydroxymethylbilane, to the macrocyclic uroporphyrinogen III, the branch point for the various sub-pathways leading to the wide diversity of porphyrins. Porphyrins act as cofactors for a multitude of enzymes that perform a variety of processes within the cell such as methionine synthesis (vitamin B12) or oxygen transport (heme).
DUSP11	467	9606.ENSP00000272444	9606	Homo sapiens	DUSP11	RNA/RNP complex-1-interacting phosphatase; Possesses RNA 5'-triphosphatase and diphosphatase activities, but displays a poor protein-tyrosine phosphatase activity. In addition, has phosphatase activity with ATP, ADP and O-methylfluorescein phosphate (in vitro). Binds to RNA. May participate in nuclear mRNA metabolism; Belongs to the protein-tyrosine phosphatase family. Non- receptor class dual specificity subfamily.
UBB	468	9606.ENSP00000478771	9606	Homo sapiens	UBB	Polyubiquitin-B; [Ubiquitin]: Exists either covalently attached to another protein, or free (unanchored). When covalently bound, it is conjugated to target proteins via an isopeptide bond either as a monomer (monoubiquitin), a polymer linked via different Lys residues of the ubiquitin (polyubiquitin chains) or a linear polymer linked via the initiator Met of the ubiquitin (linear polyubiquitin chains). Polyubiquitin chains, when attached to a target protein, have different functions depending on the Lys residue of the ubiquitin that is linked: Lys-6-linked may be involved in DNA repair [...] 
PRKRA	469	9606.ENSP00000318176	9606	Homo sapiens	PRKRA	Interferon-inducible double-stranded RNA-dependent protein kinase activator A; Activates EIF2AK2/PKR in the absence of double-stranded RNA (dsRNA), leading to phosphorylation of EIF2S1/EFI2-alpha and inhibition of translation and induction of apoptosis. Required for siRNA production by DICER1 and for subsequent siRNA-mediated post- transcriptional gene silencing. Does not seem to be required for processing of pre-miRNA to miRNA by DICER1. Promotes UBC9-p53/TP53 association and sumoylation and phosphorylation of p53/TP53 at 'Lys- 386' at 'Ser-392' respectively and enhances its activity  [...] 
METAP1	470	9606.ENSP00000296411	9606	Homo sapiens	METAP1	Methionine aminopeptidase 1; Cotranslationally removes the N-terminal methionine from nascent proteins. The N-terminal methionine is often cleaved when the second residue in the primary sequence is small and uncharged (Met- Ala-, Cys, Gly, Pro, Ser, Thr, or Val). Required for normal progression through the cell cycle.
PMPCB	471	9606.ENSP00000249269	9606	Homo sapiens	PMPCB	Mitochondrial-processing peptidase subunit beta; Catalytic subunit of the essential mitochondrial processing protease (MPP), which cleaves the mitochondrial sequence off newly imported precursors proteins  (Probable). Preferentially, cleaves after an arginine at position P2 (By similarity). Required for PINK1 turnover by coupling PINK1 mitochondrial import and cleavage, which results in subsequent PINK1 proteolysis.
PI4KA	472	9606.ENSP00000255882	9606	Homo sapiens	PI4KA	Phosphatidylinositol 4-kinase alpha; Acts on phosphatidylinositol (PtdIns) in the first committed step in the production of the second messenger inositol-1,4,5,- trisphosphate; Belongs to the PI3/PI4-kinase family. Type III PI4K subfamily.
PRDX3	473	9606.ENSP00000298510	9606	Homo sapiens	PRDX3	Thioredoxin-dependent peroxide reductase, mitochondrial; Thiol-specific peroxidase that catalyzes the reduction of hydrogen peroxide and organic hydroperoxides to water and alcohols, respectively. Plays a role in cell protection against oxidative stress by detoxifying peroxides. Acts synergistically with MAP3K13 to regulate the activation of NF-kappa-B in the cytosol.
TBK1	474	9606.ENSP00000329967	9606	Homo sapiens	TBK1	Serine/threonine-protein kinase TBK1; Serine/threonine kinase that plays an essential role in regulating inflammatory responses to foreign agents. Following activation of toll-like receptors by viral or bacterial components, associates with TRAF3 and TANK and phosphorylates interferon regulatory factors (IRFs) IRF3 and IRF7 as well as DDX3X. This activity allows subsequent homodimerization and nuclear translocation of the IRFs leading to transcriptional activation of pro-inflammatory and antiviral genes including IFNA and IFNB. In order to establish such an antiviral state, TBK1 form s [...] 
NDUFB2	475	9606.ENSP00000419087	9606	Homo sapiens	NDUFB2	NADH dehydrogenase [ubiquinone] 1 beta subcomplex subunit 2, mitochondrial; Accessory subunit of the mitochondrial membrane respiratory chain NADH dehydrogenase (Complex I), that is believed not to be involved in catalysis. Complex I functions in the transfer of electrons from NADH to the respiratory chain. The immediate electron acceptor for the enzyme is believed to be ubiquinone.
GFPT1	476	9606.ENSP00000349860	9606	Homo sapiens	GFPT1	Glutamine--fructose-6-phosphate aminotransferase [isomerizing] 1; Controls the flux of glucose into the hexosamine pathway. Most likely involved in regulating the availability of precursors for N- and O-linked glycosylation of proteins. Regulates the circadian expression of clock genes ARNTL/BMAL1 and CRY1.
RANBP9	477	9606.ENSP00000011619	9606	Homo sapiens	RANBP9	Ran-binding protein 9; May act as scaffolding protein, and as adapter protein to couple membrane receptors to intracellular signaling pathways (Probable). Acts as a mediator of cell spreading and actin cytoskeleton rearrangement. Core component of the CTLH E3 ubiquitin-protein ligase complex that selectively accepts ubiquitin from UBE2H and mediates ubiquitination and subsequent proteasomal degradation of the transcription factor HBP1. May be involved in signaling of ITGB2/LFA-1 and other integrins. Enhances HGF-MET signaling by recruiting Sos and activating the Ras pathway. Enhances d [...] 
RAD51C	478	9606.ENSP00000336701	9606	Homo sapiens	RAD51C	DNA repair protein RAD51 homolog 3; Essential for the homologous recombination (HR) pathway of DNA repair. Involved in the homologous recombination repair (HRR) pathway of double-stranded DNA breaks arising during DNA replication or induced by DNA-damaging agents. Part of the RAD21 paralog protein complexes BCDX2 and CX3 which act at different stages of the BRCA1- BRCA2-dependent HR pathway. Upon DNA damage, BCDX2 seems to act downstream of BRCA2 recruitment and upstream of RAD51 recruitment; CX3 seems to act downstream of RAD51 recruitment; both complexes bind predominantly to the int [...] 
DLG2	479	9606.ENSP00000365272	9606	Homo sapiens	DLG2	Disks large homolog 2; Required for perception of chronic pain through NMDA receptor signaling. Regulates surface expression of NMDA receptors in dorsal horn neurons of the spinal cord. Interacts with the cytoplasmic tail of NMDA receptor subunits as well as inward rectifying potassium channels. Involved in regulation of synaptic stability at cholinergic synapses. Part of the postsynaptic protein scaffold of excitatory synapses (By similarity).
MPP2	480	9606.ENSP00000428182	9606	Homo sapiens	MPP2	MAGUK p55 subfamily member 2; Postsynaptic MAGUK scaffold protein that links CADM1 cell adhesion molecules to core components of the postsynaptic density (By similarity). In CA1 pyramidal neurons, required for synaptic KCNN2- containing channel function and long-term potentiation expression (By similarity). Seems to negatively regulate SRC function in epithelial cells.
GABRA2	481	9606.ENSP00000427603	9606	Homo sapiens	GABRA2	Gamma-aminobutyric acid receptor subunit alpha-2; Ligand-gated chloride channel which is a component of the heteropentameric receptor for GABA, the major inhibitory neurotransmitter in the brain (By similarity). Plays an important role in the formation of functional inhibitory GABAergic synapses in addition to mediating synaptic inhibition as a GABA-gated ion channel (By similarity). The gamma2 subunit is necessary but not sufficient for a rapid formation of active synaptic contacts and the synaptogenic effect of this subunit is influenced by the type of alpha and beta subunits present [...] 
FAM131B	482	9606.ENSP00000410603	9606	Homo sapiens	FAM131B	Protein FAM131B; Family with sequence similarity 131 member B; Belongs to the FAM131 family.
CDIPT	483	9606.ENSP00000219789	9606	Homo sapiens	CDIPT	CDP-diacylglycerol--inositol 3-phosphatidyltransferase; Catalyzes the biosynthesis of phosphatidylinositol (PtdIns) as well as PtdIns:inositol exchange reaction. May thus act to reduce an excessive cellular PtdIns content. The exchange activity is due to the reverse reaction of PtdIns synthase and is dependent on CMP, which is tightly bound to the enzyme.
HDAC9	484	9606.ENSP00000408617	9606	Homo sapiens	HDAC9	Histone deacetylase 9; Responsible for the deacetylation of lysine residues on the N-terminal part of the core histones (H2A, H2B, H3 and H4). Histone deacetylation gives a tag for epigenetic repression and plays an important role in transcriptional regulation, cell cycle progression and developmental events. Represses MEF2-dependent transcription; Belongs to the histone deacetylase family. HD type 2 subfamily.
EIF2B1	485	9606.ENSP00000416250	9606	Homo sapiens	EIF2B1	Translation initiation factor eIF-2B subunit alpha; Catalyzes the exchange of eukaryotic initiation factor 2- bound GDP for GTP.
MTMR4	486	9606.ENSP00000325285	9606	Homo sapiens	MTMR4	Myotubularin-related protein 4; Dephosphorylates proteins phosphorylated on Ser, Thr, and Tyr residues and low molecular weight phosphatase substrate para- nitrophenylphosphate. Phosphorylates phosphatidylinositol 3,4,5- trisphosphate (PIP3); Belongs to the protein-tyrosine phosphatase family. Non- receptor class myotubularin subfamily.
CSPG5	487	9606.ENSP00000373244	9606	Homo sapiens	CSPG5	Chondroitin sulfate proteoglycan 5; May function as a growth and differentiation factor involved in neuritogenesis. May induce ERBB3 activation.
BTBD3	488	9606.ENSP00000384545	9606	Homo sapiens	BTBD3	BTB/POZ domain-containing protein 3; Acts as a key regulator of dendritic field orientation during development of sensory cortex. Also directs dendrites toward active axon terminals when ectopically expressed (By similarity).
RPS6KC1	489	9606.ENSP00000355927	9606	Homo sapiens	RPS6KC1	Ribosomal protein S6 kinase delta-1; May be involved in transmitting sphingosine-1 phosphate (SPP)-mediated signaling into the cell. Plays a role in the recruitment of PRDX3 to early endosomes.
OMG	490	9606.ENSP00000247271	9606	Homo sapiens	OMG	Oligodendrocyte-myelin glycoprotein; Cell adhesion molecule contributing to the interactive process required for myelination in the central nervous system.
ANK3	491	9606.ENSP00000280772	9606	Homo sapiens	ANK3	Ankyrin-3; In skeletal muscle, required for costamere localization of DMD and betaDAG1 (By similarity). Membrane-cytoskeleton linker. May participate in the maintenance/targeting of ion channels and cell adhesion molecules at the nodes of Ranvier and axonal initial segments. Regulates KCNA1 channel activity in function of dietary Mg(2+) levels, and thereby contributes to the regulation of renal Mg(2+) reabsorption.
CSNK1G3	492	9606.ENSP00000353904	9606	Homo sapiens	CSNK1G3	Casein kinase I isoform gamma-3; Serine/threonine-protein kinase. Casein kinases are operationally defined by their preferential utilization of acidic proteins such as caseins as substrates. It can phosphorylate a large number of proteins. Participates in Wnt signaling. Regulates fast synaptic transmission mediated by glutamate (By similarity).
CCNT2	493	9606.ENSP00000264157	9606	Homo sapiens	CCNT2	Cyclin-T2; Regulatory subunit of the cyclin-dependent kinase pair (CDK9/cyclin T) complex, also called positive transcription elongation factor B (P-TEFB), which is proposed to facilitate the transition from abortive to production elongation by phosphorylating the CTD (carboxy- terminal domain) of the large subunit of RNA polymerase II (RNAP II). The activity of this complex is regulated by binding with 7SK snRNA. Plays a role during muscle differentiation; P-TEFB complex interacts with MYOD1; this tripartite complex promotes the transcriptional activity of MYOD1 through its CDK9-media [...] 
DGCR2	494	9606.ENSP00000263196	9606	Homo sapiens	DGCR2	Integral membrane protein DGCR2/IDD; Putative adhesion receptor, that could be involved in cell- cell or cell-matrix interactions required for normal cell differentiation and migration.
STK39	495	9606.ENSP00000348278	9606	Homo sapiens	STK39	STE20/SPS1-related proline-alanine-rich protein kinase; May act as a mediator of stress-activated signals. Mediates the inhibition of SLC4A4, SLC26A6 as well as CFTR activities by the WNK scaffolds, probably through phosphorylation. Phosphorylates RELT. Belongs to the protein kinase superfamily. STE Ser/Thr protein kinase family. STE20 subfamily.
ZMYM4	496	9606.ENSP00000322915	9606	Homo sapiens	ZMYM4	Zinc finger MYM-type protein 4; Plays a role in the regulation of cell morphology and cytoskeletal organization.
SH3KBP1	497	9606.ENSP00000380921	9606	Homo sapiens	SH3KBP1	SH3 domain-containing kinase-binding protein 1; Adapter protein involved in regulating diverse signal transduction pathways. Involved in the regulation of endocytosis and lysosomal degradation of ligand-induced receptor tyrosine kinases, including EGFR and MET/hepatocyte growth factor receptor, through an association with CBL and endophilins. The association with CBL, and thus the receptor internalization, may be inhibited by an interaction with PDCD6IP and/or SPRY2. Involved in regulation of ligand-dependent endocytosis of the IgE receptor. Attenuates phosphatidylinositol 3- kinase ac [...] 
SEL1L	498	9606.ENSP00000337053	9606	Homo sapiens	SEL1L	Protein sel-1 homolog 1; Plays a role in the endoplasmic reticulum quality control (ERQC) system also called ER-associated degradation (ERAD) involved in ubiquitin-dependent degradation of misfolded endoplasmic reticulum proteins. Enhances SYVN1 stability. Plays a role in LPL maturation and secretion. Required for normal differentiation of the pancreas epithelium, and for normal exocrine function and survival of pancreatic cells. May play a role in Notch signaling.
RAP2A	499	9606.ENSP00000245304	9606	Homo sapiens	RAP2A	Ras-related protein Rap-2a; Small GTP-binding protein which cycles between a GDP-bound inactive and a GTP-bound active form. In its active form interacts with and regulates several effectors including MAP4K4, MINK1 and TNIK. Part of a signaling complex composed of NEDD4, RAP2A and TNIK which regulates neuronal dendrite extension and arborization during development. More generally, it is part of several signaling cascades and may regulate cytoskeletal rearrangements, cell migration, cell adhesion and cell spreading. Belongs to the small GTPase superfamily. Ras family.
TRO	500	9606.ENSP00000173898	9606	Homo sapiens	TRO	Trophinin; Could be involved with bystin and tastin in a cell adhesion molecule complex that mediates an initial attachment of the blastocyst to uterine epithelial cells at the time of the embryo implantation. Directly responsible for homophilic cell adhesion.
ME2	501	9606.ENSP00000321070	9606	Homo sapiens	ME2	NAD-dependent malic enzyme, mitochondrial; Malic enzyme 2; Belongs to the malic enzymes family.
PDE2A	502	9606.ENSP00000334910	9606	Homo sapiens	PDE2A	cGMP-dependent 3',5'-cyclic phosphodiesterase; Cyclic nucleotide phosphodiesterase with a dual-specificity for the second messengers cAMP and cGMP, which are key regulators of many important physiological processes. Plays an important role in growth and invasion of malignant melanoma cells (e.g. pseudomyxoma peritonei (PMP) cell line).
EPB41L1	503	9606.ENSP00000337168	9606	Homo sapiens	EPB41L1	Band 4.1-like protein 1; May function to confer stability and plasticity to neuronal membrane via multiple interactions, including the spectrin-actin-based cytoskeleton, integral membrane channels and membrane-associated guanylate kinases.
TSPOAP1	504	9606.ENSP00000345824	9606	Homo sapiens	TSPOAP1	Peripheral-type benzodiazepine receptor-associated protein 1; TSPO associated protein 1; Belongs to the RIMBP family.
USO1	505	9606.ENSP00000264904	9606	Homo sapiens	USO1	General vesicular transport factor p115; General vesicular transport factor required for intercisternal transport in the Golgi stack; it is required for transcytotic fusion and/or subsequent binding of the vesicles to the target membrane. May well act as a vesicular anchor by interacting with the target membrane and holding the vesicular and target membranes in proximity.
SPOCK1	506	9606.ENSP00000378401	9606	Homo sapiens	SPOCK1	Testican-1; May play a role in cell-cell and cell-matrix interactions. May contribute to various neuronal mechanisms in the central nervous system.
DGKA	507	9606.ENSP00000377703	9606	Homo sapiens	DGKA	Diacylglycerol kinase alpha; Upon cell stimulation converts the second messenger diacylglycerol into phosphatidate, initiating the resynthesis of phosphatidylinositols and attenuating protein kinase C activity.
KLHDC2	508	9606.ENSP00000298307	9606	Homo sapiens	KLHDC2	Kelch domain-containing protein 2; Represses CREB3-mediated transcription by interfering with CREB3-DNA binding.
ACTR3	509	9606.ENSP00000263238	9606	Homo sapiens	ACTR3	Actin-related protein 3; ATP-binding component of the Arp2/3 complex, a multiprotein complex that mediates actin polymerization upon stimulation by nucleation-promoting factor (NPF). The Arp2/3 complex mediates the formation of branched actin networks in the cytoplasm, providing the force for cell motility. Seems to contact the pointed end of the daughter actin filament. In addition to its role in the cytoplasmic cytoskeleton, the Arp2/3 complex also promotes actin polymerization in the nucleus, thereby regulating gene transcription and repair of damaged DNA. The Arp2/3 complex promote [...] 
ATP5ME	510	9606.ENSP00000306003	9606	Homo sapiens	ATP5ME	ATP synthase subunit e, mitochondrial, N-terminally processed; Mitochondrial membrane ATP synthase (F(1)F(0) ATP synthase or Complex V) produces ATP from ADP in the presence of a proton gradient across the membrane which is generated by electron transport complexes of the respiratory chain. F-type ATPases consist of two structural domains, F(1) - containing the extramembraneous catalytic core, and F(0) - containing the membrane proton channel, linked together by a central stalk and a peripheral stalk. During catalysis, ATP synthesis in the catalytic domain of F(1) is coupled via a rota [...] 
TADA2A	511	9606.ENSP00000481091	9606	Homo sapiens	TADA2A	Transcriptional adapter 2-alpha; Component of the ATAC complex, a complex with histone acetyltransferase activity on histones H3 and H4. Required for the function of some acidic activation domains, which activate transcription from a distant site (By similarity). Binds double- stranded DNA. Binds dinucleosomes, probably at the linker region between neighboring nucleosomes. Plays a role in chromatin remodeling. May promote TP53/p53 'Lys-321' acetylation, leading to reduced TP53 stability and transcriptional activity. May also promote XRCC6 acetylation thus facilitating cell apoptosis in [...] 
TOGARAM1	512	9606.ENSP00000354917	9606	Homo sapiens	TOGARAM1	TOG array regulator of axonemal microtubules protein 1; Required for normal structure and function of primary cilia. Plays a role in the organization of axoneme microtubule bundles in primary cilia (By similarity). Interacts with microtubules and promotes microtubule polymerization via its HEAT repeat domains, especially those in TOG region 2 and 4 (By similarity). Belongs to the Crescerin family.
SNAPC3	513	9606.ENSP00000370200	9606	Homo sapiens	SNAPC3	snRNA-activating protein complex subunit 3; Part of the SNAPc complex required for the transcription of both RNA polymerase II and III small-nuclear RNA genes. Binds to the proximal sequence element (PSE), a non-TATA-box basal promoter element common to these 2 types of genes. Recruits TBP and BRF2 to the U6 snRNA TATA box; Belongs to the SNAPC3/SRD2 family.
ERO1A	514	9606.ENSP00000379042	9606	Homo sapiens	ERO1A	ERO1-like protein alpha; Oxidoreductase involved in disulfide bond formation in the endoplasmic reticulum. Efficiently reoxidizes P4HB/PDI, the enzyme catalyzing protein disulfide formation, in order to allow P4HB to sustain additional rounds of disulfide formation. Following P4HB reoxidation, passes its electrons to molecular oxygen via FAD, leading to the production of reactive oxygen species (ROS) in the cell. Required for the proper folding of immunoglobulins. Involved in the release of the unfolded cholera toxin from reduced P4HB/PDI in case of infection by V.cholerae, thereby pla [...] 
PPP1R12A	515	9606.ENSP00000389168	9606	Homo sapiens	PPP1R12A	Protein phosphatase 1 regulatory subunit 12A; Key regulator of protein phosphatase 1C (PPP1C). Mediates binding to myosin. As part of the PPP1C complex, involved in dephosphorylation of PLK1. Capable of inhibiting HIF1AN-dependent suppression of HIF1A activity.
STK25	516	9606.ENSP00000325748	9606	Homo sapiens	STK25	Serine/threonine-protein kinase 25; Oxidant stress-activated serine/threonine kinase that may play a role in the response to environmental stress. Targets to the Golgi apparatus where it appears to regulate protein transport events, cell adhesion, and polarity complexes important for cell migration. Belongs to the protein kinase superfamily. STE Ser/Thr protein kinase family. STE20 subfamily.
