stringId_A	stringId_B	preferredName_A	preferredName_B	ncbiTaxonId	score	nscore	fscore	pscore	ascore	escore	dscore	tscore
9606.ENSP00000296577	9606.ENSP00000368927	ABCE1	EIF1AX	9606	0.941	0	0	0	0.26	0.914	0	0.158
9606.ENSP00000232905	9606.ENSP00000296577	EIF1B	ABCE1	9606	0.715	0	0	0	0.107	0.531	0	0.373
9606.ENSP00000256383	9606.ENSP00000296577	EIF2S1	ABCE1	9606	0.977	0	0	0	0.641	0.815	0	0.69
9606.ENSP00000296577	9606.ENSP00000436049	ABCE1	EIF3M	9606	0.971	0	0	0	0.724	0.883	0	0.196
9606.ENSP00000296577	9606.ENSP00000386541	ABCE1	PSMD14	9606	0.793	0	0	0	0.496	0.483	0	0.269
9606.ENSP00000296577	9606.ENSP00000309334	ABCE1	RPL15	9606	0.855	0	0	0	0.305	0.8	0	0
9606.ENSP00000295851	9606.ENSP00000497733	ABI2	CDC42	9606	0.762	0	0	0	0.043	0.191	0.4	0.548
9606.ENSP00000295851	9606.ENSP00000479719	ABI2	CYFIP2	9606	0.999	0	0	0	0.067	0.741	0.8	0.998
9606.ENSP00000295851	9606.ENSP00000354251	ABI2	NCKAP1	9606	0.999	0	0	0	0.11	0.989	0.9	0.998
9606.ENSP00000295851	9606.ENSP00000376367	ABI2	WASF1	9606	0.999	0	0	0	0.064	0.99	0.9	0.998
9606.ENSP00000223023	9606.ENSP00000295851	WASL	ABI2	9606	0.949	0	0	0	0.042	0.492	0.4	0.848
9606.ENSP00000312618	9606.ENSP00000452762	ACAD9	ETFA	9606	0.865	0.07	0.012	0	0.38	0.472	0.233	0.513
9606.ENSP00000252711	9606.ENSP00000312618	NDUFA10	ACAD9	9606	0.744	0	0	0	0.138	0	0.5	0.454
9606.ENSP00000259037	9606.ENSP00000312618	NDUFB5	ACAD9	9606	0.785	0	0	0	0.107	0.47	0.5	0.198
9606.ENSP00000296684	9606.ENSP00000312618	NDUFS4	ACAD9	9606	0.716	0	0	0	0.057	0.088	0.5	0.418
9606.ENSP00000312618	9606.ENSP00000362058	ACAD9	NDUFS5	9606	0.995	0	0	0	0.088	0.994	0	0.252
9606.ENSP00000312618	9606.ENSP00000497587	ACAD9	NDUFV1	9606	0.833	0	0	0	0.275	0.088	0.5	0.555
9606.ENSP00000357873	9606.ENSP00000452762	ACADSB	ETFA	9606	0.846	0.07	0.031	0.201	0.378	0.445	0.233	0.366
9606.ENSP00000216254	9606.ENSP00000381736	ACO2	ATP5F1A	9606	0.884	0	0	0	0.448	0.173	0.4	0.626
9606.ENSP00000216254	9606.ENSP00000342056	ACO2	CS	9606	0.999	0.115	0	0	0.827	0.377	0.979	0.904
9606.ENSP00000216254	9606.ENSP00000357320	ACO2	DAP3	9606	0.867	0	0	0	0.147	0.845	0	0.08
9606.ENSP00000205402	9606.ENSP00000216254	DLD	ACO2	9606	0.751	0	0	0	0.243	0.095	0	0.666
9606.ENSP00000216254	9606.ENSP00000245206	ACO2	GOT2	9606	0.753	0	0	0	0.26	0.143	0	0.641
9606.ENSP00000216254	9606.ENSP00000405573	ACO2	GPI	9606	0.805	0.06	0	0	0.302	0.194	0	0.675
9606.ENSP00000216254	9606.ENSP00000310623	ACO2	ISCU	9606	0.925	0.054	0	0	0.049	0	0	0.923
9606.ENSP00000216254	9606.ENSP00000394560	ACO2	MAPK9	9606	0.753	0	0	0	0.071	0.743	0	0.051
9606.ENSP00000216254	9606.ENSP00000264995	ACO2	MRPL3	9606	0.881	0	0	0	0.105	0.845	0	0.211
9606.ENSP00000216254	9606.ENSP00000252711	ACO2	NDUFA10	9606	0.747	0	0	0	0.452	0.096	0	0.531
9606.ENSP00000216254	9606.ENSP00000497587	ACO2	NDUFV1	9606	0.944	0	0	0	0.889	0	0	0.521
9606.ENSP00000216254	9606.ENSP00000363205	ACO2	NFS1	9606	0.89	0	0	0	0.067	0	0	0.887
9606.ENSP00000216254	9606.ENSP00000387219	ACO2	NFU1	9606	0.823	0	0	0	0.245	0.187	0	0.735
9606.ENSP00000216254	9606.ENSP00000369134	ACO2	PDHA1	9606	0.762	0	0	0	0.264	0.14	0	0.655
9606.ENSP00000216254	9606.ENSP00000264932	ACO2	SDHA	9606	0.975	0.098	0	0	0.86	0.104	0	0.807
9606.ENSP00000216254	9606.ENSP00000364649	ACO2	SDHB	9606	0.94	0.081	0	0	0.708	0.136	0	0.775
9606.ENSP00000216254	9606.ENSP00000494360	ACO2	SUCLA2	9606	0.862	0.091	0	0	0.131	0.125	0.394	0.723
9606.ENSP00000216254	9606.ENSP00000268379	ACO2	UQCRC2	9606	0.879	0	0	0	0.72	0.128	0	0.543
9606.ENSP00000216254	9606.ENSP00000378487	ACO2	VDAC1	9606	0.83	0	0	0	0.277	0	0.5	0.567
9606.ENSP00000339787	9606.ENSP00000350012	ACSL4	ACSL3	9606	0.772	0	0	0.055	0.063	0.42	0.6	0.062
9606.ENSP00000350012	9606.ENSP00000493153	ACSL3	PPT1	9606	0.841	0	0	0	0.055	0	0.8	0.228
9606.ENSP00000339787	9606.ENSP00000493153	ACSL4	PPT1	9606	0.845	0	0	0	0.055	0	0.8	0.245
9606.ENSP00000367220	9606.ENSP00000458162	ACTR2	ACTG1	9606	0.949	0	0	0	0.131	0.402	0.9	0.15
9606.ENSP00000263238	9606.ENSP00000458162	ACTR3	ACTG1	9606	0.936	0	0	0	0.114	0.298	0.9	0.103
9606.ENSP00000262942	9606.ENSP00000458162	ARPC1A	ACTG1	9606	0.94	0	0	0	0.107	0.25	0.9	0.215
9606.ENSP00000299300	9606.ENSP00000458162	CCT2	ACTG1	9606	0.876	0	0	0	0.097	0.84	0	0.208
9606.ENSP00000275603	9606.ENSP00000458162	CCT6A	ACTG1	9606	0.934	0	0	0	0.11	0.919	0	0.153
9606.ENSP00000458162	9606.ENSP00000497733	ACTG1	CDC42	9606	0.957	0	0	0	0.118	0.07	0.9	0.537
9606.ENSP00000432660	9606.ENSP00000458162	CFL1	ACTG1	9606	0.998	0	0	0	0.521	0.84	0.9	0.79
9606.ENSP00000246069	9606.ENSP00000458162	DSTN	ACTG1	9606	0.911	0	0	0	0.147	0.866	0	0.286
9606.ENSP00000376367	9606.ENSP00000458162	WASF1	ACTG1	9606	0.934	0	0	0	0	0.214	0.9	0.229
9606.ENSP00000223023	9606.ENSP00000458162	WASL	ACTG1	9606	0.978	0	0	0	0.046	0.705	0.9	0.32
9606.ENSP00000354947	9606.ENSP00000358921	CAPZA2	ACTR1A	9606	0.969	0	0	0	0.112	0.825	0.5	0.649
9606.ENSP00000358921	9606.ENSP00000408910	ACTR1A	DCTN2	9606	0.999	0	0	0	0.409	0.994	0.9	0.761
9606.ENSP00000358921	9606.ENSP00000376297	ACTR1A	DYNLL1	9606	0.881	0	0	0	0.087	0.257	0.8	0.228
9606.ENSP00000358921	9606.ENSP00000380378	ACTR1A	PAFAH1B1	9606	0.875	0	0	0	0.172	0.065	0.8	0.29
9606.ENSP00000263238	9606.ENSP00000367220	ACTR3	ACTR2	9606	0.999	0	0	0.079	0.855	0.997	0.9	0.984
9606.ENSP00000262942	9606.ENSP00000367220	ARPC1A	ACTR2	9606	0.999	0	0	0	0.112	0.995	0.72	0.949
9606.ENSP00000354947	9606.ENSP00000367220	CAPZA2	ACTR2	9606	0.743	0	0	0	0.355	0.433	0	0.354
9606.ENSP00000367220	9606.ENSP00000497733	ACTR2	CDC42	9606	0.95	0	0	0	0.555	0.154	0.5	0.765
9606.ENSP00000367220	9606.ENSP00000432660	ACTR2	CFL1	9606	0.963	0	0	0	0.117	0.532	0	0.919
9606.ENSP00000367220	9606.ENSP00000479719	ACTR2	CYFIP2	9606	0.744	0	0	0	0.097	0.071	0.5	0.462
9606.ENSP00000367220	9606.ENSP00000376345	ACTR2	GRB2	9606	0.823	0	0	0	0.306	0.13	0.5	0.482
9606.ENSP00000354251	9606.ENSP00000367220	NCKAP1	ACTR2	9606	0.818	0	0	0	0.062	0.053	0.5	0.639
9606.ENSP00000367220	9606.ENSP00000376367	ACTR2	WASF1	9606	0.785	0	0	0	0	0.045	0.5	0.586
9606.ENSP00000223023	9606.ENSP00000367220	WASL	ACTR2	9606	0.999	0	0	0	0.056	0.985	0.9	0.993
9606.ENSP00000262942	9606.ENSP00000263238	ARPC1A	ACTR3	9606	0.999	0	0	0	0.262	0.991	0.72	0.924
9606.ENSP00000263238	9606.ENSP00000497733	ACTR3	CDC42	9606	0.841	0	0	0	0.46	0.168	0.5	0.375
9606.ENSP00000263238	9606.ENSP00000432660	ACTR3	CFL1	9606	0.75	0	0	0	0.241	0.24	0	0.601
9606.ENSP00000263238	9606.ENSP00000376367	ACTR3	WASF1	9606	0.794	0	0	0	0	0.424	0.5	0.342
9606.ENSP00000223023	9606.ENSP00000263238	WASL	ACTR3	9606	0.999	0	0	0	0	0.962	0.9	0.759
9606.ENSP00000346577	9606.ENSP00000443965	AK5	ADK	9606	0.928	0.057	0	0	0.089	0.061	0.9	0.254
9606.ENSP00000405573	9606.ENSP00000443965	GPI	ADK	9606	0.783	0.108	0	0	0.116	0	0.585	0.415
9606.ENSP00000298556	9606.ENSP00000443965	HPRT1	ADK	9606	0.775	0	0	0	0.08	0	0	0.766
9606.ENSP00000410309	9606.ENSP00000443965	PDE1A	ADK	9606	0.909	0	0	0	0	0	0.9	0.129
9606.ENSP00000334910	9606.ENSP00000443965	PDE2A	ADK	9606	0.918	0	0	0	0	0	0.9	0.218
9606.ENSP00000346577	9606.ENSP00000410309	AK5	PDE1A	9606	0.703	0	0	0	0.151	0	0.65	0.081
9606.ENSP00000320171	9606.ENSP00000346577	PKM	AK5	9606	0.915	0.055	0	0	0.074	0	0.9	0.148
9606.ENSP00000025301	9606.ENSP00000309591	AKAP11	PRKACA	9606	0.939	0	0	0	0.074	0.786	0	0.717
9606.ENSP00000025301	9606.ENSP00000359719	AKAP11	PRKACB	9606	0.948	0	0	0	0.103	0.813	0	0.719
9606.ENSP00000025301	9606.ENSP00000376475	AKAP11	PRKAR1A	9606	0.817	0	0	0	0.053	0.771	0	0.224
9606.ENSP00000280979	9606.ENSP00000309591	AKAP6	PRKACA	9606	0.953	0	0	0	0	0.091	0	0.951
9606.ENSP00000280979	9606.ENSP00000359719	AKAP6	PRKACB	9606	0.953	0	0	0	0.045	0.091	0	0.951
9606.ENSP00000314649	9606.ENSP00000342056	ALDH5A1	CS	9606	0.93	0.057	0	0	0.307	0.063	0.8	0.519
9606.ENSP00000280772	9606.ENSP00000411256	ANK3	GABARAPL1	9606	0.735	0	0	0	0.055	0.517	0	0.467
9606.ENSP00000233121	9606.ENSP00000280772	MAPRE3	ANK3	9606	0.765	0	0	0	0	0.072	0	0.757
9606.ENSP00000403362	9606.ENSP00000428787	AP2M1	AP3M2	9606	0.792	0	0	0	0	0	0.72	0.29
9606.ENSP00000325369	9606.ENSP00000403362	AP3S1	AP2M1	9606	0.954	0	0	0	0.055	0	0.9	0.553
9606.ENSP00000403362	9606.ENSP00000479606	AP2M1	CLTC	9606	0.988	0	0	0	0.132	0.362	0.9	0.822
9606.ENSP00000362014	9606.ENSP00000403362	DNM1	AP2M1	9606	0.734	0	0	0	0.056	0.099	0.5	0.449
9606.ENSP00000403362	9606.ENSP00000491067	AP2M1	NECAP1	9606	0.995	0	0	0	0.042	0.977	0.54	0.588
9606.ENSP00000428787	9606.ENSP00000440984	AP3M2	AP3B2	9606	0.987	0	0	0	0	0.749	0.9	0.529
9606.ENSP00000325369	9606.ENSP00000440984	AP3S1	AP3B2	9606	0.985	0	0	0	0	0.833	0.9	0.225
9606.ENSP00000325369	9606.ENSP00000428787	AP3S1	AP3M2	9606	0.992	0	0	0	0.081	0.777	0.9	0.656
9606.ENSP00000284981	9606.ENSP00000453293	APP	APBA2	9606	0.998	0	0	0	0.067	0.906	0	0.988
9606.ENSP00000385142	9606.ENSP00000453293	NRXN1	APBA2	9606	0.82	0	0	0	0.11	0.091	0.5	0.608
9606.ENSP00000362399	9606.ENSP00000453293	STXBP1	APBA2	9606	0.966	0	0	0	0.085	0.628	0.5	0.827
9606.ENSP00000284981	9606.ENSP00000346378	APP	APBB3	9606	0.984	0	0	0	0	0.802	0	0.922
9606.ENSP00000284981	9606.ENSP00000367872	APP	GNB1	9606	0.932	0	0	0	0.087	0.8	0.5	0.348
9606.ENSP00000284981	9606.ENSP00000376345	APP	GRB2	9606	0.945	0	0	0	0.047	0.292	0	0.926
9606.ENSP00000284981	9606.ENSP00000414982	APP	KLC1	9606	0.943	0	0	0	0.082	0.55	0	0.875
9606.ENSP00000284981	9606.ENSP00000351990	APP	NAE1	9606	0.998	0	0	0	0.042	0.353	0.9	0.985
9606.ENSP00000284981	9606.ENSP00000482169	APP	NEFL	9606	0.861	0	0	0	0.07	0.415	0	0.765
9606.ENSP00000284981	9606.ENSP00000356563	APP	PEX3	9606	0.72	0	0	0	0.042	0	0.72	0
9606.ENSP00000284981	9606.ENSP00000399376	APP	PRNP	9606	0.998	0	0	0	0.121	0.79	0.5	0.984
9606.ENSP00000284981	9606.ENSP00000500990	APP	SNCA	9606	0.993	0	0	0	0.066	0.78	0.4	0.953
9606.ENSP00000263233	9606.ENSP00000284981	SYP	APP	9606	0.918	0	0	0	0	0.07	0	0.916
9606.ENSP00000284981	9606.ENSP00000365576	APP	UBQLN1	9606	0.882	0	0	0	0.061	0.547	0	0.745
9606.ENSP00000284440	9606.ENSP00000284981	UCHL1	APP	9606	0.746	0	0	0	0.09	0.536	0	0.447
9606.ENSP00000306010	9606.ENSP00000325002	ARF4	COPG1	9606	0.771	0	0	0	0.157	0.299	0.5	0.318
9606.ENSP00000261890	9606.ENSP00000306010	RAB11A	ARF4	9606	0.928	0	0	0	0.135	0.116	0.5	0.834
9606.ENSP00000306010	9606.ENSP00000387286	ARF4	RAB1A	9606	0.76	0	0	0	0.398	0.11	0.5	0.211
9606.ENSP00000490940	9606.ENSP00000497733	ARHGEF9	CDC42	9606	0.965	0	0	0	0	0.826	0.4	0.691
9606.ENSP00000427603	9606.ENSP00000490940	GABRA2	ARHGEF9	9606	0.94	0	0	0	0.116	0	0.9	0.375
9606.ENSP00000410732	9606.ENSP00000490940	GABRG2	ARHGEF9	9606	0.733	0	0	0	0.103	0	0.5	0.453
9606.ENSP00000264428	9606.ENSP00000490940	GLRB	ARHGEF9	9606	0.904	0	0	0	0.079	0	0	0.9
9606.ENSP00000417901	9606.ENSP00000490940	GPHN	ARHGEF9	9606	0.998	0	0	0	0.062	0.355	0	0.997
9606.ENSP00000362399	9606.ENSP00000490940	STXBP1	ARHGEF9	9606	0.712	0	0	0	0.097	0	0	0.695
9606.ENSP00000261636	9606.ENSP00000311449	ARL1	RAB6A	9606	0.801	0	0	0	0.116	0.406	0.5	0.333
9606.ENSP00000260746	9606.ENSP00000274376	ARL3	RASA1	9606	0.879	0	0	0	0.042	0.092	0	0.872
9606.ENSP00000262942	9606.ENSP00000376367	ARPC1A	WASF1	9606	0.918	0	0	0	0.044	0	0.9	0.213
9606.ENSP00000223023	9606.ENSP00000262942	WASL	ARPC1A	9606	0.98	0	0	0	0.063	0.405	0.9	0.697
9606.ENSP00000340896	9606.ENSP00000478771	ASH2L	UBB	9606	0.926	0	0	0	0.074	0.923	0	0
9606.ENSP00000357625	9606.ENSP00000358072	BNIP3	ATG5	9606	0.797	0	0	0	0.06	0	0	0.793
9606.ENSP00000358072	9606.ENSP00000411256	ATG5	GABARAPL1	9606	0.999	0	0	0	0.086	0.332	0.9	0.995
9606.ENSP00000300231	9606.ENSP00000358072	MAP1A	ATG5	9606	0.904	0	0	0	0	0	0	0.904
9606.ENSP00000358072	9606.ENSP00000378487	ATG5	VDAC1	9606	0.764	0	0	0	0.049	0	0.5	0.544
9606.ENSP00000299575	9606.ENSP00000376297	ATMIN	DYNLL1	9606	0.871	0	0	0	0.044	0.404	0	0.792
9606.ENSP00000327214	9606.ENSP00000500990	ATP13A2	SNCA	9606	0.941	0	0	0	0.063	0	0	0.94
9606.ENSP00000356790	9606.ENSP00000445306	ATP1B1	ATP1A1	9606	0.999	0	0	0	0.121	0.946	0.9	0.849
9606.ENSP00000440045	9606.ENSP00000445306	ATP2A2	ATP1A1	9606	0.82	0	0	0.181	0.184	0	0.72	0.152
9606.ENSP00000309591	9606.ENSP00000445306	PRKACA	ATP1A1	9606	0.742	0	0	0	0.076	0.046	0.65	0.262
9606.ENSP00000359719	9606.ENSP00000445306	PRKACB	ATP1A1	9606	0.726	0	0	0	0.06	0.046	0.65	0.231
9606.ENSP00000356790	9606.ENSP00000440045	ATP1B1	ATP2A2	9606	0.878	0	0	0	0.087	0.344	0.72	0.359
9606.ENSP00000309591	9606.ENSP00000356790	PRKACA	ATP1B1	9606	0.707	0	0	0	0.067	0	0.65	0.174
9606.ENSP00000356790	9606.ENSP00000359719	ATP1B1	PRKACB	9606	0.726	0	0	0	0.073	0	0.65	0.223
9606.ENSP00000392043	9606.ENSP00000440045	ATP2B1	ATP2A2	9606	0.793	0	0	0.196	0.094	0.418	0	0.569
9606.ENSP00000353414	9606.ENSP00000440045	ATP2B2	ATP2A2	9606	0.788	0	0	0.2	0.086	0.418	0	0.56
9606.ENSP00000309591	9606.ENSP00000392043	PRKACA	ATP2B1	9606	0.921	0	0	0	0.118	0.046	0.9	0.18
9606.ENSP00000359719	9606.ENSP00000392043	PRKACB	ATP2B1	9606	0.925	0	0	0	0.137	0.046	0.9	0.203
9606.ENSP00000309591	9606.ENSP00000353414	PRKACA	ATP2B2	9606	0.924	0	0	0	0.119	0.046	0.9	0.204
9606.ENSP00000353414	9606.ENSP00000359719	ATP2B2	PRKACB	9606	0.927	0	0	0	0.148	0.046	0.9	0.213
9606.ENSP00000263519	9606.ENSP00000309591	ATP2B3	PRKACA	9606	0.932	0	0	0	0.118	0.046	0.9	0.293
9606.ENSP00000263519	9606.ENSP00000359719	ATP2B3	PRKACB	9606	0.93	0	0	0	0.148	0.046	0.9	0.241
9606.ENSP00000306003	9606.ENSP00000381736	ATP5ME	ATP5F1A	9606	0.999	0	0	0	0.36	0.99	0.967	0.719
9606.ENSP00000300688	9606.ENSP00000381736	ATP5MG	ATP5F1A	9606	0.999	0	0	0	0.381	0.935	0.944	0.637
9606.ENSP00000301587	9606.ENSP00000381736	ATP5PD	ATP5F1A	9606	0.999	0	0	0	0.911	0.985	0.967	0.831
9606.ENSP00000276390	9606.ENSP00000381736	ATP6V1B2	ATP5F1A	9606	0.961	0	0	0	0.235	0.307	0.9	0.357
9606.ENSP00000381736	9606.ENSP00000430282	ATP5F1A	ATP6V1C1	9606	0.736	0	0	0	0.082	0	0.54	0.426
9606.ENSP00000253413	9606.ENSP00000381736	ATP6V1E1	ATP5F1A	9606	0.871	0	0	0	0.156	0.102	0.744	0.415
9606.ENSP00000381736	9606.ENSP00000457513	ATP5F1A	COX4I1	9606	0.922	0	0	0	0.749	0.126	0	0.674
9606.ENSP00000342056	9606.ENSP00000381736	CS	ATP5F1A	9606	0.94	0	0	0	0.754	0.126	0.4	0.595
9606.ENSP00000205402	9606.ENSP00000381736	DLD	ATP5F1A	9606	0.917	0.056	0	0	0.844	0.085	0	0.459
9606.ENSP00000381736	9606.ENSP00000451583	ATP5F1A	DMAC2L	9606	0.703	0	0	0	0.063	0	0.54	0.367
9606.ENSP00000381736	9606.ENSP00000437402	ATP5F1A	ENO2	9606	0.731	0.102	0	0	0.596	0	0	0.317
9606.ENSP00000381736	9606.ENSP00000452762	ATP5F1A	ETFA	9606	0.786	0.063	0	0	0.341	0.352	0	0.528
9606.ENSP00000298556	9606.ENSP00000381736	HPRT1	ATP5F1A	9606	0.845	0	0	0	0.131	0	0.792	0.213
9606.ENSP00000264995	9606.ENSP00000381736	MRPL3	ATP5F1A	9606	0.829	0.053	0	0	0.709	0	0.155	0.351
9606.ENSP00000252711	9606.ENSP00000381736	NDUFA10	ATP5F1A	9606	0.759	0	0	0	0.492	0.091	0	0.52
9606.ENSP00000339720	9606.ENSP00000381736	NDUFA4	ATP5F1A	9606	0.725	0	0	0	0.378	0.234	0	0.469
9606.ENSP00000259037	9606.ENSP00000381736	NDUFB5	ATP5F1A	9606	0.829	0	0	0	0.682	0.086	0	0.46
9606.ENSP00000381736	9606.ENSP00000497587	ATP5F1A	NDUFV1	9606	0.958	0	0	0	0.753	0.194	0	0.809
9606.ENSP00000369134	9606.ENSP00000381736	PDHA1	ATP5F1A	9606	0.822	0.053	0	0	0.411	0.195	0	0.65
9606.ENSP00000307241	9606.ENSP00000381736	PDHB	ATP5F1A	9606	0.81	0	0	0	0.536	0.205	0	0.526
9606.ENSP00000227868	9606.ENSP00000381736	PDHX	ATP5F1A	9606	0.762	0.043	0	0	0.628	0.102	0	0.343
9606.ENSP00000249269	9606.ENSP00000381736	PMPCB	ATP5F1A	9606	0.925	0	0	0	0.835	0.293	0	0.407
9606.ENSP00000264932	9606.ENSP00000381736	SDHA	ATP5F1A	9606	0.972	0.042	0	0	0.847	0	0	0.825
9606.ENSP00000364649	9606.ENSP00000381736	SDHB	ATP5F1A	9606	0.949	0.057	0	0	0.721	0.097	0	0.811
9606.ENSP00000228318	9606.ENSP00000381736	SLC25A3	ATP5F1A	9606	0.977	0	0	0	0.963	0.161	0	0.335
9606.ENSP00000381736	9606.ENSP00000494360	ATP5F1A	SUCLA2	9606	0.802	0.052	0	0	0.437	0.295	0	0.536
9606.ENSP00000268379	9606.ENSP00000381736	UQCRC2	ATP5F1A	9606	0.986	0	0	0	0.868	0.308	0	0.866
9606.ENSP00000378487	9606.ENSP00000381736	VDAC1	ATP5F1A	9606	0.889	0	0	0	0.4	0.228	0.5	0.577
9606.ENSP00000361635	9606.ENSP00000381736	VDAC2	ATP5F1A	9606	0.715	0	0	0	0.381	0.233	0	0.448
9606.ENSP00000300688	9606.ENSP00000306003	ATP5MG	ATP5ME	9606	0.999	0	0	0	0.886	0.963	0.944	0.855
9606.ENSP00000301587	9606.ENSP00000306003	ATP5PD	ATP5ME	9606	0.999	0	0	0	0.937	0.991	0.967	0.79
9606.ENSP00000306003	9606.ENSP00000457513	ATP5ME	COX4I1	9606	0.857	0	0	0	0.758	0.096	0	0.399
9606.ENSP00000306003	9606.ENSP00000429707	ATP5ME	COX6C	9606	0.959	0	0	0	0.905	0.095	0	0.569
9606.ENSP00000306003	9606.ENSP00000451583	ATP5ME	DMAC2L	9606	0.786	0	0	0	0.127	0.095	0.54	0.482
9606.ENSP00000306003	9606.ENSP00000339720	ATP5ME	NDUFA4	9606	0.721	0	0	0	0.379	0.251	0	0.447
9606.ENSP00000184266	9606.ENSP00000306003	NDUFB4	ATP5ME	9606	0.936	0	0	0	0.883	0.098	0	0.446
9606.ENSP00000259037	9606.ENSP00000306003	NDUFB5	ATP5ME	9606	0.956	0	0	0	0.92	0.096	0	0.437
9606.ENSP00000306003	9606.ENSP00000441126	ATP5ME	NDUFC1	9606	0.738	0	0	0	0.507	0	0	0.49
9606.ENSP00000296684	9606.ENSP00000306003	NDUFS4	ATP5ME	9606	0.723	0	0	0	0.457	0.096	0	0.482
9606.ENSP00000306003	9606.ENSP00000362058	ATP5ME	NDUFS5	9606	0.968	0	0	0	0.938	0.097	0	0.472
9606.ENSP00000300688	9606.ENSP00000301587	ATP5MG	ATP5PD	9606	0.999	0	0	0	0.934	0.929	0.944	0.819
9606.ENSP00000300688	9606.ENSP00000457513	ATP5MG	COX4I1	9606	0.765	0	0	0	0.568	0.131	0	0.424
9606.ENSP00000300688	9606.ENSP00000429707	ATP5MG	COX6C	9606	0.92	0	0	0	0.86	0.093	0	0.424
9606.ENSP00000300688	9606.ENSP00000451583	ATP5MG	DMAC2L	9606	0.751	0	0	0	0.105	0.093	0.54	0.412
9606.ENSP00000300688	9606.ENSP00000339720	ATP5MG	NDUFA4	9606	0.886	0	0	0	0.723	0.249	0	0.497
9606.ENSP00000184266	9606.ENSP00000300688	NDUFB4	ATP5MG	9606	0.828	0	0	0	0.674	0.097	0	0.462
9606.ENSP00000259037	9606.ENSP00000300688	NDUFB5	ATP5MG	9606	0.865	0	0	0	0.765	0	0	0.449
9606.ENSP00000296684	9606.ENSP00000300688	NDUFS4	ATP5MG	9606	0.712	0	0	0	0.471	0.141	0	0.416
9606.ENSP00000300688	9606.ENSP00000362058	ATP5MG	NDUFS5	9606	0.82	0	0	0	0.681	0.097	0	0.427
9606.ENSP00000264932	9606.ENSP00000300688	SDHA	ATP5MG	9606	0.705	0	0	0	0.114	0.095	0	0.662
9606.ENSP00000300688	9606.ENSP00000364649	ATP5MG	SDHB	9606	0.797	0	0	0	0.453	0.129	0	0.608
9606.ENSP00000301587	9606.ENSP00000457513	ATP5PD	COX4I1	9606	0.952	0	0	0	0.861	0.192	0	0.604
9606.ENSP00000301587	9606.ENSP00000429707	ATP5PD	COX6C	9606	0.975	0	0	0	0.916	0.202	0	0.656
9606.ENSP00000301587	9606.ENSP00000451583	ATP5PD	DMAC2L	9606	0.872	0	0	0	0.149	0.095	0.54	0.681
9606.ENSP00000301587	9606.ENSP00000339720	ATP5PD	NDUFA4	9606	0.879	0	0	0	0.744	0.213	0	0.448
9606.ENSP00000184266	9606.ENSP00000301587	NDUFB4	ATP5PD	9606	0.839	0	0	0	0.756	0.091	0	0.334
9606.ENSP00000259037	9606.ENSP00000301587	NDUFB5	ATP5PD	9606	0.955	0	0	0	0.925	0	0	0.424
9606.ENSP00000296684	9606.ENSP00000301587	NDUFS4	ATP5PD	9606	0.957	0	0	0	0.935	0.096	0	0.33
9606.ENSP00000301587	9606.ENSP00000362058	ATP5PD	NDUFS5	9606	0.871	0	0	0	0.784	0.096	0	0.393
9606.ENSP00000301587	9606.ENSP00000497587	ATP5PD	NDUFV1	9606	0.806	0	0	0	0.63	0	0	0.497
9606.ENSP00000249269	9606.ENSP00000301587	PMPCB	ATP5PD	9606	0.716	0	0	0	0.61	0.163	0	0.199
9606.ENSP00000301587	9606.ENSP00000364649	ATP5PD	SDHB	9606	0.925	0	0	0	0.856	0.097	0	0.47
9606.ENSP00000268379	9606.ENSP00000301587	UQCRC2	ATP5PD	9606	0.875	0	0	0	0.669	0.1	0	0.613
9606.ENSP00000301587	9606.ENSP00000378487	ATP5PD	VDAC1	9606	0.735	0	0	0	0.282	0.095	0	0.626
9606.ENSP00000264649	9606.ENSP00000490083	ATP6V0A1	ATP6AP2	9606	0.998	0	0	0	0.078	0.989	0.72	0.619
9606.ENSP00000276390	9606.ENSP00000490083	ATP6V1B2	ATP6AP2	9606	0.996	0	0	0	0.539	0.94	0.72	0.623
9606.ENSP00000430282	9606.ENSP00000490083	ATP6V1C1	ATP6AP2	9606	0.998	0	0	0	0.342	0.975	0.72	0.631
9606.ENSP00000253413	9606.ENSP00000490083	ATP6V1E1	ATP6AP2	9606	0.993	0	0	0	0.335	0.952	0.72	0.374
9606.ENSP00000264649	9606.ENSP00000276390	ATP6V0A1	ATP6V1B2	9606	0.998	0.095	0	0	0.438	0.936	0.828	0.834
9606.ENSP00000264649	9606.ENSP00000430282	ATP6V0A1	ATP6V1C1	9606	0.999	0	0	0	0.113	0.987	0.72	0.803
9606.ENSP00000253413	9606.ENSP00000264649	ATP6V1E1	ATP6V0A1	9606	0.999	0.095	0	0	0.605	0.935	0.828	0.847
9606.ENSP00000276390	9606.ENSP00000430282	ATP6V1B2	ATP6V1C1	9606	0.999	0	0	0	0.309	0.987	0.72	0.94
9606.ENSP00000253413	9606.ENSP00000276390	ATP6V1E1	ATP6V1B2	9606	0.999	0.111	0	0	0.761	0.995	0.956	0.866
9606.ENSP00000276390	9606.ENSP00000441858	ATP6V1B2	DMXL2	9606	0.834	0	0	0	0.109	0.762	0	0.279
9606.ENSP00000276390	9606.ENSP00000424183	ATP6V1B2	LAMTOR3	9606	0.757	0	0	0	0.084	0.099	0.65	0.259
9606.ENSP00000254442	9606.ENSP00000276390	WDR7	ATP6V1B2	9606	0.757	0	0	0	0.063	0.717	0	0.157
9606.ENSP00000253413	9606.ENSP00000430282	ATP6V1E1	ATP6V1C1	9606	0.999	0	0	0	0.381	0.986	0.72	0.885
9606.ENSP00000253413	9606.ENSP00000441858	ATP6V1E1	DMXL2	9606	0.73	0	0	0	0.042	0.656	0	0.247
9606.ENSP00000253413	9606.ENSP00000424183	ATP6V1E1	LAMTOR3	9606	0.727	0	0	0	0.099	0.205	0.65	0
9606.ENSP00000253413	9606.ENSP00000254442	ATP6V1E1	WDR7	9606	0.766	0	0	0	0.055	0.535	0	0.511
9606.ENSP00000233146	9606.ENSP00000343741	MSH2	ATR	9606	0.91	0	0	0	0.292	0.775	0	0.481
9606.ENSP00000343741	9606.ENSP00000377936	ATR	PPP2R2B	9606	0.845	0	0	0	0.074	0.84	0	0
9606.ENSP00000336701	9606.ENSP00000343741	RAD51C	ATR	9606	0.84	0	0	0	0.062	0.314	0.5	0.562
9606.ENSP00000343741	9606.ENSP00000363017	ATR	RPA2	9606	0.958	0	0	0	0.084	0.777	0.5	0.639
9606.ENSP00000252934	9606.ENSP00000377936	ATXN10	PPP2R2B	9606	0.805	0	0	0	0.086	0	0	0.796
9606.ENSP00000323811	9606.ENSP00000443459	HACL1	BCAT1	9606	0.753	0.111	0	0	0.302	0.244	0.382	0.281
9606.ENSP00000307241	9606.ENSP00000443459	PDHB	BCAT1	9606	0.759	0.053	0	0	0.118	0.091	0.585	0.352
9606.ENSP00000196371	9606.ENSP00000376184	OXCT1	BDH1	9606	0.984	0	0	0	0.065	0	0.911	0.823
9606.ENSP00000361728	9606.ENSP00000364847	BEX3	MAGED1	9606	0.713	0	0	0	0.149	0	0	0.676
9606.ENSP00000357625	9606.ENSP00000411256	BNIP3	GABARAPL1	9606	0.996	0	0	0	0.072	0	0.9	0.968
9606.ENSP00000300231	9606.ENSP00000357625	MAP1A	BNIP3	9606	0.935	0	0	0	0	0	0	0.935
9606.ENSP00000357625	9606.ENSP00000378487	BNIP3	VDAC1	9606	0.924	0	0	0	0.143	0	0	0.915
9606.ENSP00000356576	9606.ENSP00000359206	HIVEP2	BTRC	9606	0.765	0	0	0	0.049	0.763	0	0
9606.ENSP00000359206	9606.ENSP00000386541	BTRC	PSMD14	9606	0.7	0	0	0	0	0.06	0.4	0.512
9606.ENSP00000231487	9606.ENSP00000359206	SKP1	BTRC	9606	0.999	0	0	0	0	0.999	0.9	0.999
9606.ENSP00000359206	9606.ENSP00000478771	BTRC	UBB	9606	0.908	0	0	0	0.046	0.806	0.5	0.13
9606.ENSP00000297156	9606.ENSP00000496813	CAMLG	GET1	9606	0.999	0	0	0	0.042	0.933	0.9	0.994
9606.ENSP00000297156	9606.ENSP00000345656	CAMLG	VAPA	9606	0.736	0	0	0	0.099	0.359	0.5	0.194
9606.ENSP00000354947	9606.ENSP00000432660	CAPZA2	CFL1	9606	0.755	0	0	0	0.082	0.352	0	0.621
9606.ENSP00000354947	9606.ENSP00000408910	CAPZA2	DCTN2	9606	0.988	0	0	0	0.107	0.87	0.5	0.822
9606.ENSP00000307241	9606.ENSP00000354947	PDHB	CAPZA2	9606	0.789	0	0.773	0	0.109	0	0	0
9606.ENSP00000354947	9606.ENSP00000380921	CAPZA2	SH3KBP1	9606	0.867	0	0	0	0.042	0.817	0	0.3
9606.ENSP00000428982	9606.ENSP00000498750	CCNC	CCNH	9606	0.77	0	0	0	0.08	0.292	0	0.676
9606.ENSP00000264157	9606.ENSP00000428982	CCNT2	CCNC	9606	0.725	0	0	0	0.075	0	0.5	0.454
9606.ENSP00000258648	9606.ENSP00000428982	MED4	CCNC	9606	0.986	0	0	0	0.067	0.829	0.8	0.637
9606.ENSP00000264157	9606.ENSP00000498750	CCNT2	CCNH	9606	0.978	0	0	0	0.049	0	0.9	0.79
9606.ENSP00000285398	9606.ENSP00000498750	ERCC3	CCNH	9606	0.999	0	0	0	0.075	0.982	0.9	0.995
9606.ENSP00000261837	9606.ENSP00000498750	GNB5	CCNH	9606	0.9	0	0	0	0.049	0	0.9	0
9606.ENSP00000258648	9606.ENSP00000498750	MED4	CCNH	9606	0.867	0	0	0	0.075	0.842	0	0.164
9606.ENSP00000261245	9606.ENSP00000498750	MNAT1	CCNH	9606	0.999	0	0	0	0.459	0.997	0.9	0.997
9606.ENSP00000350708	9606.ENSP00000498750	RAD23B	CCNH	9606	0.832	0	0	0	0.064	0	0.5	0.671
9606.ENSP00000230354	9606.ENSP00000498750	TBP	CCNH	9606	0.955	0	0	0	0.157	0.842	0.5	0.409
9606.ENSP00000264157	9606.ENSP00000478121	CCNT2	ELOC	9606	0.902	0	0	0	0	0	0.9	0.065
9606.ENSP00000264157	9606.ENSP00000285398	CCNT2	ERCC3	9606	0.918	0	0	0	0.067	0	0.9	0.194
9606.ENSP00000261245	9606.ENSP00000264157	MNAT1	CCNT2	9606	0.924	0	0	0	0	0	0.9	0.276
9606.ENSP00000275603	9606.ENSP00000299300	CCT6A	CCT2	9606	0.999	0	0	0	0.959	0.992	0.9	0.949
9606.ENSP00000256383	9606.ENSP00000299300	EIF2S1	CCT2	9606	0.939	0	0	0	0.913	0.061	0	0.31
9606.ENSP00000299300	9606.ENSP00000436049	CCT2	EIF3M	9606	0.719	0	0	0	0.662	0	0	0.203
9606.ENSP00000246062	9606.ENSP00000299300	MKKS	CCT2	9606	0.994	0	0	0	0.71	0.787	0.876	0.331
9606.ENSP00000261813	9606.ENSP00000299300	PFDN1	CCT2	9606	0.972	0	0	0	0.418	0.881	0.5	0.284
9606.ENSP00000299300	9606.ENSP00000414359	CCT2	PSMA1	9606	0.722	0	0	0	0.636	0.071	0	0.245
9606.ENSP00000216455	9606.ENSP00000299300	PSMA3	CCT2	9606	0.85	0	0	0	0.786	0.239	0	0.155
9606.ENSP00000044462	9606.ENSP00000299300	PSMA4	CCT2	9606	0.731	0	0	0	0.649	0.065	0	0.246
9606.ENSP00000271308	9606.ENSP00000299300	PSMA5	CCT2	9606	0.818	0	0	0	0.779	0.071	0	0.185
9606.ENSP00000299300	9606.ENSP00000386541	CCT2	PSMD14	9606	0.792	0	0	0	0.583	0.422	0	0.206
9606.ENSP00000264255	9606.ENSP00000299300	TXNDC9	CCT2	9606	0.716	0	0	0	0.089	0.687	0	0.085
9606.ENSP00000286428	9606.ENSP00000299300	VBP1	CCT2	9606	0.974	0	0	0	0.439	0.886	0.5	0.292
9606.ENSP00000256383	9606.ENSP00000275603	EIF2S1	CCT6A	9606	0.836	0	0	0	0.803	0.061	0	0.182
9606.ENSP00000246062	9606.ENSP00000275603	MKKS	CCT6A	9606	0.788	0	0	0	0.567	0.497	0	0.104
9606.ENSP00000261813	9606.ENSP00000275603	PFDN1	CCT6A	9606	0.958	0	0	0	0.261	0.881	0.5	0.163
9606.ENSP00000275603	9606.ENSP00000386541	CCT6A	PSMD14	9606	0.747	0	0	0	0.534	0.382	0	0.191
9606.ENSP00000275603	9606.ENSP00000286428	CCT6A	VBP1	9606	0.975	0	0	0	0.269	0.924	0.5	0.212
9606.ENSP00000275603	9606.ENSP00000378487	CCT6A	VDAC1	9606	0.828	0	0	0	0.798	0.053	0	0.175
9606.ENSP00000432660	9606.ENSP00000497733	CFL1	CDC42	9606	0.93	0	0	0	0.162	0.045	0	0.919
9606.ENSP00000479719	9606.ENSP00000497733	CYFIP2	CDC42	9606	0.765	0	0	0	0.102	0.093	0.4	0.576
9606.ENSP00000394071	9606.ENSP00000497733	GDI1	CDC42	9606	0.791	0	0	0	0.26	0.378	0	0.582
9606.ENSP00000367872	9606.ENSP00000497733	GNB1	CDC42	9606	0.782	0	0	0	0.239	0.192	0.5	0.375
9606.ENSP00000376345	9606.ENSP00000497733	GRB2	CDC42	9606	0.922	0	0	0	0.165	0.211	0.4	0.826
9606.ENSP00000394560	9606.ENSP00000497733	MAPK9	CDC42	9606	0.976	0	0	0	0.073	0.473	0.9	0.58
9606.ENSP00000354251	9606.ENSP00000497733	NCKAP1	CDC42	9606	0.753	0	0	0	0.105	0.091	0.4	0.554
9606.ENSP00000278568	9606.ENSP00000497733	PAK1	CDC42	9606	0.999	0	0	0	0.092	0.993	0.9	0.993
9606.ENSP00000497733	9606.ENSP00000501150	CDC42	PIK3CB	9606	0.999	0	0	0	0.061	0.954	0.9	0.859
9606.ENSP00000389168	9606.ENSP00000497733	PPP1R12A	CDC42	9606	0.78	0	0	0	0.075	0.246	0.5	0.445
9606.ENSP00000295797	9606.ENSP00000497733	PRKCI	CDC42	9606	0.968	0	0	0	0.076	0.505	0.9	0.391
9606.ENSP00000274376	9606.ENSP00000497733	RASA1	CDC42	9606	0.933	0	0	0	0.06	0.092	0	0.928
9606.ENSP00000265080	9606.ENSP00000497733	RASGRF2	CDC42	9606	0.836	0	0	0	0	0.387	0.4	0.591
9606.ENSP00000376367	9606.ENSP00000497733	WASF1	CDC42	9606	0.953	0	0	0	0.044	0.071	0.4	0.922
9606.ENSP00000223023	9606.ENSP00000497733	WASL	CDC42	9606	0.999	0	0	0	0.07	0.867	0.9	0.999
9606.ENSP00000379287	9606.ENSP00000497733	YWHAZ	CDC42	9606	0.754	0	0	0	0.51	0.091	0	0.491
9606.ENSP00000268613	9606.ENSP00000462701	CDH13	CDH8	9606	0.757	0	0	0	0.055	0	0.54	0.488
9606.ENSP00000219789	9606.ENSP00000408526	CDIPT	IMPA1	9606	0.951	0.076	0	0	0.116	0	0.9	0.477
9606.ENSP00000219789	9606.ENSP00000325285	CDIPT	MTMR4	9606	0.915	0	0	0	0.06	0	0.9	0.169
9606.ENSP00000219789	9606.ENSP00000255882	CDIPT	PI4KA	9606	0.976	0	0	0	0.06	0	0.954	0.487
9606.ENSP00000219789	9606.ENSP00000338185	CDIPT	PLCB1	9606	0.909	0	0	0	0	0	0.9	0.127
9606.ENSP00000248975	9606.ENSP00000369390	YWHAH	CDK14	9606	0.705	0	0	0	0.109	0.438	0	0.457
9606.ENSP00000223023	9606.ENSP00000432660	WASL	CFL1	9606	0.997	0	0	0	0.06	0.091	0	0.996
9606.ENSP00000379287	9606.ENSP00000432660	YWHAZ	CFL1	9606	0.888	0	0	0	0.236	0.327	0	0.799
9606.ENSP00000261890	9606.ENSP00000350386	RAB11A	CHM	9606	0.779	0	0	0	0.054	0.286	0.5	0.423
9606.ENSP00000350386	9606.ENSP00000387286	CHM	RAB1A	9606	0.949	0	0	0	0.044	0.693	0.5	0.696
9606.ENSP00000273047	9606.ENSP00000350386	RAB5A	CHM	9606	0.878	0	0	0	0.074	0.666	0.5	0.305
9606.ENSP00000311449	9606.ENSP00000350386	RAB6A	CHM	9606	0.772	0	0	0	0.049	0.292	0.5	0.402
9606.ENSP00000350386	9606.ENSP00000500990	CHM	SNCA	9606	0.774	0	0	0	0	0	0	0.774
9606.ENSP00000313829	9606.ENSP00000466025	KHDRBS1	CIRBP	9606	0.829	0	0	0	0.102	0.583	0	0.581
9606.ENSP00000233121	9606.ENSP00000432768	MAPRE3	CKAP5	9606	0.948	0	0	0	0.067	0.836	0	0.689
9606.ENSP00000266546	9606.ENSP00000385142	CLSTN3	NRXN1	9606	0.734	0	0	0	0.111	0	0	0.713
9606.ENSP00000362014	9606.ENSP00000479606	DNM1	CLTC	9606	0.941	0	0	0	0.055	0.299	0.5	0.844
9606.ENSP00000347457	9606.ENSP00000479606	DNM3	CLTC	9606	0.786	0	0	0	0.055	0.299	0.5	0.43
9606.ENSP00000479606	9606.ENSP00000491067	CLTC	NECAP1	9606	0.743	0	0	0	0	0.143	0.54	0.4
9606.ENSP00000273047	9606.ENSP00000479606	RAB5A	CLTC	9606	0.781	0	0	0	0.063	0.086	0	0.765
9606.ENSP00000380921	9606.ENSP00000479606	SH3KBP1	CLTC	9606	0.807	0	0	0	0.108	0.292	0.5	0.462
9606.ENSP00000366746	9606.ENSP00000479606	STAM	CLTC	9606	0.855	0	0	0	0.086	0.625	0.4	0.381
9606.ENSP00000413697	9606.ENSP00000479606	TOM1	CLTC	9606	0.844	0	0	0	0.042	0.795	0	0.271
9606.ENSP00000335193	9606.ENSP00000479606	VPS39	CLTC	9606	0.723	0	0	0	0.056	0	0	0.719
9606.ENSP00000223023	9606.ENSP00000479606	WASL	CLTC	9606	0.74	0	0	0	0.06	0.309	0.4	0.412
9606.ENSP00000325002	9606.ENSP00000387286	COPG1	RAB1A	9606	0.713	0	0	0	0.075	0.071	0.5	0.412
9606.ENSP00000268717	9606.ENSP00000414095	COPS3	CUL2	9606	0.965	0	0	0	0.18	0.958	0	0.07
9606.ENSP00000268717	9606.ENSP00000329715	COPS3	DRG1	9606	0.747	0	0	0	0.726	0	0	0.115
9606.ENSP00000268717	9606.ENSP00000478121	COPS3	ELOC	9606	0.836	0	0	0	0.079	0.829	0	0
9606.ENSP00000268717	9606.ENSP00000376345	COPS3	GRB2	9606	0.914	0	0	0	0.09	0.136	0.9	0
9606.ENSP00000268717	9606.ENSP00000478771	COPS3	UBB	9606	0.704	0	0	0	0.107	0	0.5	0.39
9606.ENSP00000429707	9606.ENSP00000457513	COX6C	COX4I1	9606	0.999	0	0	0	0.84	0.992	0.8	0.736
9606.ENSP00000342056	9606.ENSP00000457513	CS	COX4I1	9606	0.783	0	0	0	0.317	0.104	0	0.673
9606.ENSP00000252711	9606.ENSP00000457513	NDUFA10	COX4I1	9606	0.979	0	0	0	0.629	0.884	0.114	0.513
9606.ENSP00000339720	9606.ENSP00000457513	NDUFA4	COX4I1	9606	0.99	0	0	0	0.367	0.86	0.8	0.525
9606.ENSP00000419087	9606.ENSP00000457513	NDUFB2	COX4I1	9606	0.898	0	0	0	0.318	0.8	0	0.317
9606.ENSP00000184266	9606.ENSP00000457513	NDUFB4	COX4I1	9606	0.942	0	0	0	0.44	0.856	0	0.341
9606.ENSP00000259037	9606.ENSP00000457513	NDUFB5	COX4I1	9606	0.949	0	0	0	0.431	0.851	0	0.45
9606.ENSP00000441126	9606.ENSP00000457513	NDUFC1	COX4I1	9606	0.886	0	0	0	0.207	0.815	0	0.287
9606.ENSP00000296684	9606.ENSP00000457513	NDUFS4	COX4I1	9606	0.961	0	0	0	0.403	0.886	0	0.479
9606.ENSP00000362058	9606.ENSP00000457513	NDUFS5	COX4I1	9606	0.954	0	0	0	0.56	0.852	0	0.359
9606.ENSP00000457513	9606.ENSP00000497587	COX4I1	NDUFV1	9606	0.976	0	0	0	0.697	0.864	0	0.475
9606.ENSP00000249269	9606.ENSP00000457513	PMPCB	COX4I1	9606	0.913	0	0	0	0.673	0.544	0.184	0.368
9606.ENSP00000264932	9606.ENSP00000457513	SDHA	COX4I1	9606	0.899	0	0	0	0.416	0.088	0	0.826
9606.ENSP00000364649	9606.ENSP00000457513	SDHB	COX4I1	9606	0.932	0	0	0	0.732	0.185	0	0.715
9606.ENSP00000355566	9606.ENSP00000457513	TOMM20	COX4I1	9606	0.8	0	0	0	0.109	0	0	0.784
9606.ENSP00000268379	9606.ENSP00000457513	UQCRC2	COX4I1	9606	0.999	0	0	0	0.654	0.985	0.714	0.867
9606.ENSP00000378487	9606.ENSP00000457513	VDAC1	COX4I1	9606	0.862	0	0	0	0.21	0.346	0	0.754
9606.ENSP00000339720	9606.ENSP00000429707	NDUFA4	COX6C	9606	0.999	0	0	0	0.917	0.86	0.8	0.775
9606.ENSP00000419087	9606.ENSP00000429707	NDUFB2	COX6C	9606	0.774	0	0	0	0.642	0	0	0.395
9606.ENSP00000184266	9606.ENSP00000429707	NDUFB4	COX6C	9606	0.985	0	0	0	0.958	0.507	0	0.364
9606.ENSP00000259037	9606.ENSP00000429707	NDUFB5	COX6C	9606	0.982	0	0	0	0.917	0.566	0	0.542
9606.ENSP00000429707	9606.ENSP00000441126	COX6C	NDUFC1	9606	0.88	0	0	0	0.703	0.429	0	0.351
9606.ENSP00000296684	9606.ENSP00000429707	NDUFS4	COX6C	9606	0.924	0	0	0	0.758	0.544	0	0.366
9606.ENSP00000362058	9606.ENSP00000429707	NDUFS5	COX6C	9606	0.959	0	0	0	0.848	0.566	0	0.432
9606.ENSP00000429707	9606.ENSP00000497587	COX6C	NDUFV1	9606	0.713	0	0	0	0.126	0.507	0	0.388
9606.ENSP00000249269	9606.ENSP00000429707	PMPCB	COX6C	9606	0.729	0	0	0	0.179	0.642	0.154	0.041
9606.ENSP00000268379	9606.ENSP00000429707	UQCRC2	COX6C	9606	0.967	0	0	0	0.266	0.834	0.602	0.402
9606.ENSP00000205402	9606.ENSP00000342056	DLD	CS	9606	0.911	0.095	0	0	0.371	0.247	0.505	0.648
9606.ENSP00000329715	9606.ENSP00000342056	DRG1	CS	9606	0.805	0	0	0	0.083	0.797	0	0
9606.ENSP00000245206	9606.ENSP00000342056	GOT2	CS	9606	0.952	0	0	0	0.447	0	0.8	0.607
9606.ENSP00000342056	9606.ENSP00000405573	CS	GPI	9606	0.799	0.07	0	0	0.185	0.171	0	0.717
9606.ENSP00000221130	9606.ENSP00000342056	GSR	CS	9606	0.836	0.095	0	0	0.209	0.21	0.505	0.505
9606.ENSP00000323811	9606.ENSP00000342056	HACL1	CS	9606	0.871	0.117	0	0	0.049	0	0.792	0.349
9606.ENSP00000321070	9606.ENSP00000342056	ME2	CS	9606	0.975	0.115	0	0	0.103	0.162	0.931	0.548
9606.ENSP00000342056	9606.ENSP00000497587	CS	NDUFV1	9606	0.724	0.054	0	0	0.391	0.088	0	0.537
9606.ENSP00000342056	9606.ENSP00000369134	CS	PDHA1	9606	0.832	0.041	0	0	0.341	0.222	0.218	0.631
9606.ENSP00000307241	9606.ENSP00000342056	PDHB	CS	9606	0.941	0	0	0	0.195	0.189	0.792	0.616
9606.ENSP00000227868	9606.ENSP00000342056	PDHX	CS	9606	0.909	0.11	0	0	0.471	0.297	0.585	0.443
9606.ENSP00000323867	9606.ENSP00000342056	PRKAG1	CS	9606	0.742	0.061	0	0	0.099	0	0.673	0.178
9606.ENSP00000264932	9606.ENSP00000342056	SDHA	CS	9606	0.984	0.231	0	0	0.845	0.488	0.217	0.724
9606.ENSP00000342056	9606.ENSP00000364649	CS	SDHB	9606	0.996	0.231	0	0	0.885	0.488	0.793	0.667
9606.ENSP00000342056	9606.ENSP00000494360	CS	SUCLA2	9606	0.96	0.115	0	0	0.595	0.578	0.434	0.608
9606.ENSP00000342056	9606.ENSP00000355566	CS	TOMM20	9606	0.81	0	0	0	0.138	0	0.4	0.662
9606.ENSP00000268379	9606.ENSP00000342056	UQCRC2	CS	9606	0.746	0	0	0	0.307	0.18	0	0.589
9606.ENSP00000342056	9606.ENSP00000378487	CS	VDAC1	9606	0.86	0	0	0	0.311	0	0.5	0.626
9606.ENSP00000262982	9606.ENSP00000343701	CSE1L	KPNA1	9606	0.996	0	0	0	0.178	0.752	0.9	0.834
9606.ENSP00000309591	9606.ENSP00000353904	PRKACA	CSNK1G3	9606	0.907	0	0	0	0	0.071	0.9	0.082
9606.ENSP00000353904	9606.ENSP00000359719	CSNK1G3	PRKACB	9606	0.911	0	0	0	0.064	0.071	0.9	0.1
9606.ENSP00000315791	9606.ENSP00000436049	CSTF3	EIF3M	9606	0.827	0	0	0	0.1	0	0	0.816
9606.ENSP00000315791	9606.ENSP00000437402	CSTF3	ENO2	9606	0.908	0.111	0	0	0.686	0.073	0.585	0.281
9606.ENSP00000300291	9606.ENSP00000315791	NUDT21	CSTF3	9606	0.902	0	0	0	0.252	0	0.5	0.759
9606.ENSP00000414095	9606.ENSP00000478121	CUL2	ELOC	9606	0.999	0	0	0	0.146	0.997	0.8	0.999
9606.ENSP00000298307	9606.ENSP00000414095	KLHDC2	CUL2	9606	0.971	0	0	0	0.049	0.46	0.9	0.515
9606.ENSP00000351990	9606.ENSP00000414095	NAE1	CUL2	9606	0.812	0	0	0	0.19	0	0.5	0.572
9606.ENSP00000231487	9606.ENSP00000414095	SKP1	CUL2	9606	0.976	0	0	0	0.055	0.128	0	0.973
9606.ENSP00000286428	9606.ENSP00000414095	VBP1	CUL2	9606	0.804	0	0	0	0.149	0	0	0.779
9606.ENSP00000354251	9606.ENSP00000479719	NCKAP1	CYFIP2	9606	0.999	0	0	0	0.081	0.968	0.8	0.999
9606.ENSP00000376367	9606.ENSP00000479719	WASF1	CYFIP2	9606	0.999	0	0	0	0.044	0.885	0.9	0.996
9606.ENSP00000223023	9606.ENSP00000479719	WASL	CYFIP2	9606	0.826	0	0	0	0	0.127	0.4	0.694
9606.ENSP00000357320	9606.ENSP00000425979	DAP3	DROSHA	9606	0.801	0	0	0	0.172	0.763	0	0.07
9606.ENSP00000357320	9606.ENSP00000394560	DAP3	MAPK9	9606	0.793	0	0	0	0.095	0.767	0	0.1
9606.ENSP00000264995	9606.ENSP00000357320	MRPL3	DAP3	9606	0.996	0	0	0	0.508	0.991	0	0.221
9606.ENSP00000357320	9606.ENSP00000426941	DAP3	MRPS27	9606	0.998	0	0	0	0.385	0.974	0.8	0.709
9606.ENSP00000357320	9606.ENSP00000424328	DAP3	MRPS30	9606	0.991	0	0	0	0.166	0.829	0.8	0.748
9606.ENSP00000249269	9606.ENSP00000357320	PMPCB	DAP3	9606	0.778	0	0	0	0.767	0.088	0	0
9606.ENSP00000353846	9606.ENSP00000383295	DCLK1	NBEA	9606	0.816	0	0	0	0.198	0	0	0.781
9606.ENSP00000320130	9606.ENSP00000408910	DYNC1I1	DCTN2	9606	0.998	0	0	0	0	0.994	0.5	0.506
9606.ENSP00000376297	9606.ENSP00000408910	DYNLL1	DCTN2	9606	0.915	0	0	0	0.062	0.224	0.8	0.49
9606.ENSP00000354560	9606.ENSP00000408910	KIFAP3	DCTN2	9606	0.76	0	0	0	0.06	0	0.5	0.531
9606.ENSP00000408910	9606.ENSP00000414982	DCTN2	KLC1	9606	0.718	0	0	0	0.067	0.073	0.5	0.425
9606.ENSP00000233121	9606.ENSP00000408910	MAPRE3	DCTN2	9606	0.867	0	0	0	0.044	0.619	0	0.666
9606.ENSP00000380378	9606.ENSP00000408910	PAFAH1B1	DCTN2	9606	0.964	0	0	0	0.104	0.407	0.8	0.705
9606.ENSP00000370745	9606.ENSP00000425979	DDX1	DROSHA	9606	0.709	0	0	0	0.202	0.091	0	0.631
9606.ENSP00000264255	9606.ENSP00000370745	TXNDC9	DDX1	9606	0.758	0	0	0	0.084	0.048	0	0.745
9606.ENSP00000338185	9606.ENSP00000377703	PLCB1	DGKA	9606	0.712	0	0	0	0	0	0.65	0.211
9606.ENSP00000377703	9606.ENSP00000387050	DGKA	PLD3	9606	0.726	0	0	0	0.056	0	0.65	0.239
9606.ENSP00000338185	9606.ENSP00000385780	PLCB1	DGKB	9606	0.733	0	0	0	0.066	0	0.65	0.25
9606.ENSP00000205402	9606.ENSP00000452762	DLD	ETFA	9606	0.833	0.045	0	0	0.738	0.069	0	0.366
9606.ENSP00000205402	9606.ENSP00000317379	DLD	GLS	9606	0.827	0	0	0	0.092	0	0.8	0.124
9606.ENSP00000205402	9606.ENSP00000405573	DLD	GPI	9606	0.736	0.104	0	0	0.342	0	0	0.589
9606.ENSP00000205402	9606.ENSP00000252711	DLD	NDUFA10	9606	0.768	0	0	0	0.736	0.096	0	0.103
9606.ENSP00000205402	9606.ENSP00000369134	DLD	PDHA1	9606	0.999	0	0.152	0	0.774	0.825	0.978	0.99
9606.ENSP00000205402	9606.ENSP00000307241	DLD	PDHB	9606	0.999	0.086	0.019	0	0.917	0.907	0.98	0.89
9606.ENSP00000205402	9606.ENSP00000227868	DLD	PDHX	9606	0.999	0.061	0.2	0.29	0.819	0.991	0.978	0.994
9606.ENSP00000205402	9606.ENSP00000249269	DLD	PMPCB	9606	0.843	0	0	0	0.813	0.061	0	0.18
9606.ENSP00000205402	9606.ENSP00000264932	DLD	SDHA	9606	0.815	0.101	0	0	0.389	0.218	0.149	0.572
9606.ENSP00000205402	9606.ENSP00000364649	DLD	SDHB	9606	0.745	0.103	0	0	0.398	0.239	0	0.453
9606.ENSP00000205402	9606.ENSP00000494360	DLD	SUCLA2	9606	0.986	0.07	0	0	0.891	0.187	0.669	0.572
9606.ENSP00000205402	9606.ENSP00000268379	DLD	UQCRC2	9606	0.836	0	0	0	0.748	0.243	0	0.209
9606.ENSP00000363480	9606.ENSP00000365272	DLG3	DLG2	9606	0.984	0	0	0.055	0.061	0.217	0.9	0.815
9606.ENSP00000334382	9606.ENSP00000365272	HOMER1	DLG2	9606	0.821	0	0	0	0.062	0.052	0.5	0.646
9606.ENSP00000365272	9606.ENSP00000482169	DLG2	NEFL	9606	0.744	0	0	0	0.125	0.125	0.4	0.509
9606.ENSP00000365272	9606.ENSP00000385142	DLG2	NRXN1	9606	0.778	0	0	0	0.186	0.101	0.5	0.465
9606.ENSP00000345193	9606.ENSP00000365272	SHANK2	DLG2	9606	0.811	0	0	0	0.088	0.066	0.5	0.61
9606.ENSP00000334382	9606.ENSP00000363480	HOMER1	DLG3	9606	0.707	0	0	0	0.062	0.052	0.5	0.419
9606.ENSP00000363480	9606.ENSP00000383295	DLG3	NBEA	9606	0.963	0	0	0	0.076	0.169	0.9	0.581
9606.ENSP00000363480	9606.ENSP00000482169	DLG3	NEFL	9606	0.765	0	0	0	0.076	0.125	0.4	0.573
9606.ENSP00000363480	9606.ENSP00000385142	DLG3	NRXN1	9606	0.717	0	0	0	0.044	0.101	0.5	0.42
9606.ENSP00000363480	9606.ENSP00000380638	DLG3	PTK2B	9606	0.771	0	0	0	0.1	0.292	0.36	0.505
9606.ENSP00000345193	9606.ENSP00000363480	SHANK2	DLG3	9606	0.744	0	0	0	0.088	0.066	0.5	0.47
9606.ENSP00000254442	9606.ENSP00000441858	WDR7	DMXL2	9606	0.992	0	0	0	0.049	0.688	0	0.977
9606.ENSP00000347457	9606.ENSP00000362014	DNM3	DNM1	9606	0.999	0	0	0.051	0.107	0.994	0.9	0.06
9606.ENSP00000362014	9606.ENSP00000376345	DNM1	GRB2	9606	0.953	0	0	0	0.061	0.878	0	0.622
9606.ENSP00000254976	9606.ENSP00000362014	SNAP25	DNM1	9606	0.716	0	0	0	0.191	0.095	0	0.643
9606.ENSP00000362014	9606.ENSP00000362399	DNM1	STXBP1	9606	0.766	0	0	0	0.19	0.091	0	0.708
9606.ENSP00000362014	9606.ENSP00000480050	DNM1	SYN2	9606	0.725	0	0	0	0.155	0.128	0	0.657
9606.ENSP00000381293	9606.ENSP00000449089	NSF	DNM1L	9606	0.763	0	0	0	0.12	0.114	0	0.72
9606.ENSP00000355566	9606.ENSP00000449089	TOMM20	DNM1L	9606	0.812	0	0	0	0.136	0.23	0	0.74
9606.ENSP00000378487	9606.ENSP00000449089	VDAC1	DNM1L	9606	0.768	0	0	0	0.171	0.066	0	0.724
9606.ENSP00000347457	9606.ENSP00000376345	DNM3	GRB2	9606	0.701	0	0	0	0.061	0.653	0	0.154
9606.ENSP00000334382	9606.ENSP00000347457	HOMER1	DNM3	9606	0.808	0	0	0	0.048	0.068	0	0.801
9606.ENSP00000367001	9606.ENSP00000429344	DPP6	PNMA2	9606	0.793	0	0	0	0.125	0	0	0.773
9606.ENSP00000329715	9606.ENSP00000391211	DRG1	PSMC2	9606	0.818	0	0	0	0.818	0	0	0
9606.ENSP00000313829	9606.ENSP00000425979	KHDRBS1	DROSHA	9606	0.753	0	0	0	0.097	0.074	0	0.729
9606.ENSP00000318176	9606.ENSP00000425979	PRKRA	DROSHA	9606	0.94	0	0	0	0.067	0.448	0.72	0.638
9606.ENSP00000371133	9606.ENSP00000384084	HMG20A	DTNB	9606	0.7	0	0	0	0	0.677	0	0.112
9606.ENSP00000298573	9606.ENSP00000394560	DUSP16	MAPK9	9606	0.985	0	0	0	0.075	0.682	0.9	0.552
9606.ENSP00000320130	9606.ENSP00000376297	DYNC1I1	DYNLL1	9606	0.997	0	0	0	0.055	0.89	0.9	0.793
9606.ENSP00000320130	9606.ENSP00000380378	DYNC1I1	PAFAH1B1	9606	0.909	0	0	0	0.107	0.645	0.5	0.496
9606.ENSP00000251775	9606.ENSP00000320130	SNX4	DYNC1I1	9606	0.723	0	0	0	0	0	0.72	0.054
9606.ENSP00000376297	9606.ENSP00000417901	DYNLL1	GPHN	9606	0.894	0	0	0	0.058	0.62	0	0.728
9606.ENSP00000376297	9606.ENSP00000380378	DYNLL1	PAFAH1B1	9606	0.941	0	0	0	0.055	0.453	0.8	0.503
9606.ENSP00000278568	9606.ENSP00000376297	PAK1	DYNLL1	9606	0.711	0	0	0	0.047	0.624	0	0.259
9606.ENSP00000251775	9606.ENSP00000376297	SNX4	DYNLL1	9606	0.762	0	0	0	0.047	0	0.72	0.181
9606.ENSP00000387365	9606.ENSP00000407323	PWP1	EBNA1BP2	9606	0.981	0	0	0	0.833	0.283	0	0.859
9606.ENSP00000309334	9606.ENSP00000407323	RPL15	EBNA1BP2	9606	0.891	0	0	0	0.082	0.873	0	0.137
9606.ENSP00000383949	9606.ENSP00000407323	SNU13	EBNA1BP2	9606	0.735	0	0	0	0.383	0.464	0	0.264
9606.ENSP00000327116	9606.ENSP00000358200	EHD3	RAB11FIP2	9606	0.879	0	0	0	0	0.292	0	0.837
9606.ENSP00000273047	9606.ENSP00000327116	RAB5A	EHD3	9606	0.703	0	0	0	0	0	0.5	0.431
9606.ENSP00000328187	9606.ENSP00000431162	FBXO21	EID1	9606	0.786	0	0	0	0.05	0.627	0	0.447
9606.ENSP00000232905	9606.ENSP00000368927	EIF1B	EIF1AX	9606	0.986	0	0	0	0.224	0.754	0.9	0.381
9606.ENSP00000256383	9606.ENSP00000368927	EIF2S1	EIF1AX	9606	0.995	0	0	0	0.585	0.962	0.5	0.474
9606.ENSP00000368927	9606.ENSP00000436049	EIF1AX	EIF3M	9606	0.902	0	0	0	0.182	0.851	0	0.264
9606.ENSP00000264995	9606.ENSP00000368927	MRPL3	EIF1AX	9606	0.75	0.102	0	0	0.661	0	0	0.246
9606.ENSP00000232905	9606.ENSP00000256383	EIF1B	EIF2S1	9606	0.953	0	0	0	0.195	0.801	0.54	0.439
9606.ENSP00000199389	9606.ENSP00000256383	EIF2AK1	EIF2S1	9606	0.996	0	0	0	0.111	0.643	0.9	0.902
9606.ENSP00000199389	9606.ENSP00000360869	EIF2AK1	IFIT1	9606	0.903	0.043	0	0	0.046	0	0.9	0.063
9606.ENSP00000256383	9606.ENSP00000416250	EIF2S1	EIF2B1	9606	0.999	0	0	0	0.28	0.995	0.9	0.666
9606.ENSP00000256383	9606.ENSP00000436049	EIF2S1	EIF3M	9606	0.985	0	0	0	0.6	0.815	0.5	0.658
9606.ENSP00000256383	9606.ENSP00000425561	EIF2S1	EIF4E	9606	0.954	0	0	0	0.341	0.091	0.5	0.866
9606.ENSP00000256383	9606.ENSP00000379042	EIF2S1	ERO1A	9606	0.713	0	0	0	0.116	0	0	0.688
9606.ENSP00000256383	9606.ENSP00000296411	EIF2S1	METAP1	9606	0.715	0	0	0	0.182	0	0	0.666
9606.ENSP00000216455	9606.ENSP00000256383	PSMA3	EIF2S1	9606	0.734	0	0	0	0.711	0.061	0	0.099
9606.ENSP00000256383	9606.ENSP00000271308	EIF2S1	PSMA5	9606	0.802	0	0	0	0.789	0.061	0	0.079
9606.ENSP00000256383	9606.ENSP00000391211	EIF2S1	PSMC2	9606	0.755	0	0	0	0.709	0	0	0.192
9606.ENSP00000256383	9606.ENSP00000386541	EIF2S1	PSMD14	9606	0.999	0	0	0	0.999	0.182	0	0.182
9606.ENSP00000256383	9606.ENSP00000309334	EIF2S1	RPL15	9606	0.901	0	0	0	0.705	0.333	0.5	0.118
9606.ENSP00000216455	9606.ENSP00000436049	PSMA3	EIF3M	9606	0.739	0	0	0	0.725	0	0	0.091
9606.ENSP00000271308	9606.ENSP00000436049	PSMA5	EIF3M	9606	0.758	0	0	0	0.744	0	0	0.091
9606.ENSP00000309474	9606.ENSP00000436049	PSMD1	EIF3M	9606	0.762	0	0	0	0.679	0.162	0	0.188
9606.ENSP00000386541	9606.ENSP00000436049	PSMD14	EIF3M	9606	0.808	0	0	0	0.58	0.406	0	0.292
9606.ENSP00000425561	9606.ENSP00000466111	EIF4E	RNMT	9606	0.943	0	0	0	0.049	0.077	0.9	0.428
9606.ENSP00000417686	9606.ENSP00000425561	SLBP	EIF4E	9606	0.936	0	0	0	0.109	0	0.9	0.342
9606.ENSP00000298307	9606.ENSP00000478121	KLHDC2	ELOC	9606	0.862	0	0	0	0.049	0.475	0.72	0.129
9606.ENSP00000231487	9606.ENSP00000478121	SKP1	ELOC	9606	0.936	0	0	0	0.241	0	0	0.919
9606.ENSP00000286428	9606.ENSP00000478121	VBP1	ELOC	9606	0.705	0	0	0	0.534	0.087	0	0.362
9606.ENSP00000405573	9606.ENSP00000437402	GPI	ENO2	9606	0.976	0.111	0	0	0.702	0.069	0.823	0.535
9606.ENSP00000437402	9606.ENSP00000482169	ENO2	NEFL	9606	0.727	0	0	0	0.148	0.112	0	0.669
9606.ENSP00000320171	9606.ENSP00000437402	PKM	ENO2	9606	0.989	0.069	0	0	0.51	0	0.927	0.713
9606.ENSP00000263233	9606.ENSP00000437402	SYP	ENO2	9606	0.91	0	0	0	0.086	0	0	0.906
9606.ENSP00000284440	9606.ENSP00000437402	UCHL1	ENO2	9606	0.818	0	0	0	0.125	0	0	0.801
9606.ENSP00000324804	9606.ENSP00000341743	PPP2R1A	ENSA	9606	0.89	0	0	0	0.138	0.328	0.5	0.665
9606.ENSP00000337168	9606.ENSP00000343158	EPB41L1	EPB41L3	9606	0.769	0	0	0	0.06	0.52	0.5	0.096
9606.ENSP00000334382	9606.ENSP00000337168	HOMER1	EPB41L1	9606	0.747	0	0	0	0.067	0	0	0.74
9606.ENSP00000274376	9606.ENSP00000480763	RASA1	EPHA5	9606	0.911	0	0	0	0.074	0	0.9	0.122
9606.ENSP00000258648	9606.ENSP00000285398	MED4	ERCC3	9606	0.823	0	0	0	0.072	0.816	0	0
9606.ENSP00000261245	9606.ENSP00000285398	MNAT1	ERCC3	9606	0.999	0	0	0	0.067	0.999	0.9	0.899
9606.ENSP00000233146	9606.ENSP00000285398	MSH2	ERCC3	9606	0.829	0	0	0	0.128	0.095	0.54	0.585
9606.ENSP00000265849	9606.ENSP00000285398	PMS2	ERCC3	9606	0.823	0.111	0	0	0.162	0	0.54	0.546
9606.ENSP00000285398	9606.ENSP00000467024	ERCC3	RAD23A	9606	0.771	0	0	0	0.067	0.093	0.5	0.524
9606.ENSP00000285398	9606.ENSP00000350708	ERCC3	RAD23B	9606	0.968	0	0	0	0.055	0.33	0.54	0.905
9606.ENSP00000230354	9606.ENSP00000285398	TBP	ERCC3	9606	0.998	0	0	0	0.185	0.905	0.9	0.774
9606.ENSP00000300291	9606.ENSP00000451080	NUDT21	ERH	9606	0.704	0	0	0	0.662	0	0	0.158
9606.ENSP00000300413	9606.ENSP00000451080	SNRPD1	ERH	9606	0.982	0	0	0	0.822	0	0.9	0.102
9606.ENSP00000264995	9606.ENSP00000452762	MRPL3	ETFA	9606	0.895	0	0.874	0	0.207	0	0	0
9606.ENSP00000419027	9606.ENSP00000452762	PCCB	ETFA	9606	0.722	0.057	0	0	0.398	0	0	0.55
9606.ENSP00000307241	9606.ENSP00000452762	PDHB	ETFA	9606	0.728	0.046	0	0	0.527	0.075	0	0.424
9606.ENSP00000264932	9606.ENSP00000452762	SDHA	ETFA	9606	0.706	0.119	0	0	0.323	0.079	0	0.529
9606.ENSP00000364649	9606.ENSP00000452762	SDHB	ETFA	9606	0.751	0.104	0	0	0.497	0	0	0.491
9606.ENSP00000268379	9606.ENSP00000452762	UQCRC2	ETFA	9606	0.757	0	0	0	0.368	0.143	0	0.588
9606.ENSP00000265564	9606.ENSP00000368984	EXOSC7	EXOSC9	9606	0.999	0	0	0	0.412	0.997	0.9	0.991
9606.ENSP00000265564	9606.ENSP00000387911	EXOSC7	PARN	9606	0.701	0	0	0	0.072	0	0.5	0.407
9606.ENSP00000254878	9606.ENSP00000265564	RIDA	EXOSC7	9606	0.748	0	0	0	0.049	0.746	0	0
9606.ENSP00000265564	9606.ENSP00000383949	EXOSC7	SNU13	9606	0.784	0	0	0	0.37	0.429	0.4	0.118
9606.ENSP00000368984	9606.ENSP00000383949	EXOSC9	SNU13	9606	0.733	0	0	0	0.106	0.507	0.4	0.11
9606.ENSP00000231487	9606.ENSP00000328187	SKP1	FBXO21	9606	0.976	0	0	0	0.082	0.61	0.4	0.901
9606.ENSP00000231487	9606.ENSP00000265651	SKP1	FBXO3	9606	0.994	0	0	0	0.084	0.881	0	0.951
9606.ENSP00000393097	9606.ENSP00000411256	GABRA1	GABARAPL1	9606	0.838	0	0	0	0	0.293	0.65	0.399
9606.ENSP00000300231	9606.ENSP00000411256	MAP1A	GABARAPL1	9606	0.926	0	0	0	0	0.053	0	0.926
9606.ENSP00000216121	9606.ENSP00000411256	NIPSNAP1	GABARAPL1	9606	0.726	0	0	0	0.042	0.1	0	0.708
9606.ENSP00000313050	9606.ENSP00000411256	NIPSNAP2	GABARAPL1	9606	0.776	0	0	0	0.042	0.182	0	0.738
9606.ENSP00000309591	9606.ENSP00000411256	PRKACA	GABARAPL1	9606	0.937	0	0	0	0.189	0	0.9	0.294
9606.ENSP00000359719	9606.ENSP00000411256	PRKACB	GABARAPL1	9606	0.937	0	0	0	0.189	0	0.9	0.295
9606.ENSP00000367050	9606.ENSP00000411256	RTN3	GABARAPL1	9606	0.729	0	0	0	0.088	0.07	0	0.706
9606.ENSP00000365576	9606.ENSP00000411256	UBQLN1	GABARAPL1	9606	0.704	0	0	0	0.106	0.052	0	0.679
9606.ENSP00000393097	9606.ENSP00000427603	GABRA1	GABRA2	9606	0.854	0	0	0.052	0.197	0	0.72	0.395
9606.ENSP00000393097	9606.ENSP00000410732	GABRA1	GABRG2	9606	0.998	0	0	0.071	0.44	0.99	0.54	0.498
9606.ENSP00000381293	9606.ENSP00000393097	NSF	GABRA1	9606	0.918	0	0	0	0.073	0	0.9	0.191
9606.ENSP00000410732	9606.ENSP00000427603	GABRG2	GABRA2	9606	0.793	0	0	0.082	0.196	0.322	0.54	0.238
9606.ENSP00000410732	9606.ENSP00000417901	GABRG2	GPHN	9606	0.755	0	0	0	0.044	0.096	0	0.739
9606.ENSP00000410732	9606.ENSP00000438875	GABRG2	NOVA1	9606	0.727	0	0	0	0.11	0.292	0	0.601
9606.ENSP00000263985	9606.ENSP00000349860	GATB	GFPT1	9606	0.811	0.111	0	0	0.042	0	0.791	0.064
9606.ENSP00000263985	9606.ENSP00000317379	GATB	GLS	9606	0.795	0	0	0	0.056	0	0.792	0
9606.ENSP00000263985	9606.ENSP00000419027	GATB	PCCB	9606	0.852	0	0	0	0.322	0	0.792	0
9606.ENSP00000261890	9606.ENSP00000394071	RAB11A	GDI1	9606	0.874	0	0	0	0.093	0.769	0	0.45
9606.ENSP00000394071	9606.ENSP00000478479	GDI1	RAB18	9606	0.829	0	0	0	0.09	0.612	0.5	0.146
9606.ENSP00000387286	9606.ENSP00000394071	RAB1A	GDI1	9606	0.996	0	0	0	0.13	0.957	0.5	0.815
9606.ENSP00000273047	9606.ENSP00000394071	RAB5A	GDI1	9606	0.927	0	0	0	0.093	0.731	0.5	0.475
9606.ENSP00000311449	9606.ENSP00000394071	RAB6A	GDI1	9606	0.955	0	0	0	0.11	0.868	0.5	0.332
9606.ENSP00000317379	9606.ENSP00000349860	GLS	GFPT1	9606	0.937	0.041	0	0	0.085	0	0.9	0.376
9606.ENSP00000349860	9606.ENSP00000405573	GFPT1	GPI	9606	0.991	0.065	0	0	0.095	0	0.978	0.604
9606.ENSP00000349860	9606.ENSP00000354850	GFPT1	OGA	9606	0.758	0	0	0	0.042	0	0	0.758
9606.ENSP00000221130	9606.ENSP00000362463	GSR	GLO1	9606	0.779	0.056	0	0	0.111	0	0	0.757
9606.ENSP00000362463	9606.ENSP00000380514	GLO1	HAGH	9606	0.999	0.045	0	0	0.07	0	0.934	0.991
9606.ENSP00000362463	9606.ENSP00000419027	GLO1	PCCB	9606	0.771	0.102	0	0	0.193	0	0.449	0.495
9606.ENSP00000264932	9606.ENSP00000362463	SDHA	GLO1	9606	0.754	0.045	0	0	0.692	0.071	0	0.206
9606.ENSP00000264428	9606.ENSP00000417901	GLRB	GPHN	9606	0.997	0	0	0	0.048	0.943	0	0.958
9606.ENSP00000264428	9606.ENSP00000383295	GLRB	NBEA	9606	0.777	0	0	0	0.15	0	0.5	0.519
9606.ENSP00000261837	9606.ENSP00000367872	GNB5	GNB1	9606	0.842	0	0	0.065	0.057	0.427	0.54	0.424
9606.ENSP00000256078	9606.ENSP00000367872	KRAS	GNB1	9606	0.749	0	0	0	0.078	0.095	0.65	0.242
9606.ENSP00000278568	9606.ENSP00000367872	PAK1	GNB1	9606	0.717	0	0	0	0.069	0.389	0.5	0.124
9606.ENSP00000367872	9606.ENSP00000501150	GNB1	PIK3CB	9606	0.744	0	0	0	0.042	0.292	0.65	0.051
9606.ENSP00000338185	9606.ENSP00000367872	PLCB1	GNB1	9606	0.872	0	0	0	0	0	0.65	0.649
9606.ENSP00000309591	9606.ENSP00000367872	PRKACA	GNB1	9606	0.74	0	0	0	0.151	0	0.65	0.196
9606.ENSP00000359719	9606.ENSP00000367872	PRKACB	GNB1	9606	0.745	0	0	0	0.127	0	0.65	0.232
9606.ENSP00000367872	9606.ENSP00000496129	GNB1	PRKCB	9606	0.796	0	0	0	0.124	0.292	0.65	0.172
9606.ENSP00000355523	9606.ENSP00000367872	RGS7	GNB1	9606	0.702	0	0	0	0.074	0.242	0.5	0.252
9606.ENSP00000256078	9606.ENSP00000261837	KRAS	GNB5	9606	0.716	0	0	0	0.06	0.095	0.65	0.159
9606.ENSP00000261245	9606.ENSP00000261837	MNAT1	GNB5	9606	0.9	0	0	0	0.05	0	0.9	0
9606.ENSP00000261837	9606.ENSP00000338185	GNB5	PLCB1	9606	0.855	0	0	0	0	0	0.65	0.602
9606.ENSP00000261837	9606.ENSP00000309591	GNB5	PRKACA	9606	0.726	0	0	0	0.12	0	0.65	0.181
9606.ENSP00000261837	9606.ENSP00000359719	GNB5	PRKACB	9606	0.735	0	0	0	0.135	0	0.65	0.197
9606.ENSP00000261837	9606.ENSP00000496129	GNB5	PRKCB	9606	0.718	0	0	0	0.128	0	0.65	0.152
9606.ENSP00000261837	9606.ENSP00000397181	GNB5	RGS4	9606	0.949	0	0	0	0.07	0.178	0.5	0.883
9606.ENSP00000261837	9606.ENSP00000355523	GNB5	RGS7	9606	0.999	0	0	0	0.126	0.999	0.5	0.999
9606.ENSP00000245206	9606.ENSP00000405573	GOT2	GPI	9606	0.764	0	0	0	0.435	0.201	0	0.519
9606.ENSP00000245206	9606.ENSP00000264932	GOT2	SDHA	9606	0.981	0	0	0	0.52	0.053	0.929	0.49
9606.ENSP00000245206	9606.ENSP00000364649	GOT2	SDHB	9606	0.912	0	0	0	0.23	0.096	0.8	0.443
9606.ENSP00000334382	9606.ENSP00000417901	HOMER1	GPHN	9606	0.733	0	0	0	0.05	0	0	0.73
9606.ENSP00000380157	9606.ENSP00000417901	MOCS2	GPHN	9606	0.998	0.231	0	0.323	0.697	0	0.809	0.949
9606.ENSP00000385142	9606.ENSP00000417901	NRXN1	GPHN	9606	0.831	0	0	0	0.042	0	0	0.831
9606.ENSP00000263233	9606.ENSP00000417901	SYP	GPHN	9606	0.809	0	0	0	0	0	0	0.809
9606.ENSP00000338703	9606.ENSP00000417901	UGP2	GPHN	9606	0.828	0.114	0.813	0	0.047	0	0	0
9606.ENSP00000405573	9606.ENSP00000408526	GPI	IMPA1	9606	0.86	0.057	0	0	0.042	0	0.792	0.347
9606.ENSP00000307241	9606.ENSP00000405573	PDHB	GPI	9606	0.981	0.06	0	0	0.11	0	0.956	0.539
9606.ENSP00000320171	9606.ENSP00000405573	PKM	GPI	9606	0.986	0.111	0	0	0.758	0	0.823	0.685
9606.ENSP00000338703	9606.ENSP00000405573	UGP2	GPI	9606	0.781	0.057	0	0	0.242	0	0	0.718
9606.ENSP00000263233	9606.ENSP00000280187	SYP	GPM6A	9606	0.752	0	0	0	0.177	0.129	0	0.681
9606.ENSP00000313829	9606.ENSP00000376345	KHDRBS1	GRB2	9606	0.939	0	0	0	0.056	0.845	0	0.62
9606.ENSP00000256078	9606.ENSP00000376345	KRAS	GRB2	9606	0.931	0	0	0	0.093	0.45	0.5	0.758
9606.ENSP00000278568	9606.ENSP00000376345	PAK1	GRB2	9606	0.897	0	0	0	0.06	0.292	0.4	0.774
9606.ENSP00000376345	9606.ENSP00000501150	GRB2	PIK3CB	9606	0.775	0	0	0	0.064	0.422	0.4	0.389
9606.ENSP00000376345	9606.ENSP00000376475	GRB2	PRKAR1A	9606	0.756	0	0	0	0.066	0.292	0.5	0.35
9606.ENSP00000376345	9606.ENSP00000380638	GRB2	PTK2B	9606	0.951	0	0	0	0.076	0.636	0	0.866
9606.ENSP00000376345	9606.ENSP00000380921	GRB2	SH3KBP1	9606	0.956	0	0	0	0.062	0.604	0.8	0.488
9606.ENSP00000263233	9606.ENSP00000376345	SYP	GRB2	9606	0.835	0	0	0	0	0.095	0	0.825
9606.ENSP00000223023	9606.ENSP00000376345	WASL	GRB2	9606	0.999	0	0	0	0	0.87	0.5	0.994
9606.ENSP00000361930	9606.ENSP00000376345	YWHAB	GRB2	9606	0.703	0	0	0	0.16	0.36	0	0.493
9606.ENSP00000221130	9606.ENSP00000481554	GSR	GRIA3	9606	0.77	0	0	0	0	0	0	0.77
9606.ENSP00000309591	9606.ENSP00000481554	PRKACA	GRIA3	9606	0.922	0	0	0	0	0.042	0.9	0.252
9606.ENSP00000359719	9606.ENSP00000481554	PRKACB	GRIA3	9606	0.924	0	0	0	0.067	0.042	0.9	0.257
9606.ENSP00000362399	9606.ENSP00000481554	STXBP1	GRIA3	9606	0.784	0	0	0	0.087	0	0	0.774
9606.ENSP00000221130	9606.ENSP00000307241	GSR	PDHB	9606	0.842	0.086	0.004	0	0.554	0.29	0.385	0.249
9606.ENSP00000221130	9606.ENSP00000227868	GSR	PDHX	9606	0.78	0.061	0.069	0	0.417	0.418	0.285	0.161
9606.ENSP00000410309	9606.ENSP00000426786	PDE1A	GUCY1B1	9606	0.762	0	0	0	0.099	0	0.65	0.308
9606.ENSP00000334910	9606.ENSP00000426786	PDE2A	GUCY1B1	9606	0.82	0	0	0	0.086	0.126	0.689	0.362
9606.ENSP00000320171	9606.ENSP00000426786	PKM	GUCY1B1	9606	0.906	0	0	0	0.055	0	0.9	0.09
9606.ENSP00000309334	9606.ENSP00000364398	RPL15	HABP4	9606	0.89	0	0	0	0.362	0.835	0	0
9606.ENSP00000307241	9606.ENSP00000323811	PDHB	HACL1	9606	0.762	0.061	0	0	0.263	0	0.584	0.272
9606.ENSP00000254878	9606.ENSP00000323811	RIDA	HACL1	9606	0.828	0.119	0	0	0.067	0	0.792	0.115
9606.ENSP00000329002	9606.ENSP00000457408	HAX1	KIAA0513	9606	0.754	0	0	0	0	0	0	0.754
9606.ENSP00000340874	9606.ENSP00000408617	MEF2C	HDAC9	9606	0.898	0	0	0	0.107	0.424	0	0.818
9606.ENSP00000371133	9606.ENSP00000385795	HMG20A	PHF14	9606	0.91	0	0	0	0.163	0.827	0	0.432
9606.ENSP00000287936	9606.ENSP00000370748	HMGCR	IDI1	9606	0.926	0.12	0.161	0	0.541	0	0	0.809
9606.ENSP00000287936	9606.ENSP00000346148	HMGCR	PRKAA1	9606	0.938	0	0	0	0.049	0.136	0.9	0.341
9606.ENSP00000287936	9606.ENSP00000323867	HMGCR	PRKAG1	9606	0.932	0	0	0	0	0.094	0.9	0.31
9606.ENSP00000334382	9606.ENSP00000385142	HOMER1	NRXN1	9606	0.706	0	0	0	0	0	0.5	0.437
9606.ENSP00000334382	9606.ENSP00000345193	HOMER1	SHANK2	9606	0.937	0	0	0	0.043	0.225	0.5	0.851
9606.ENSP00000263233	9606.ENSP00000334382	SYP	HOMER1	9606	0.836	0	0	0	0	0	0	0.836
9606.ENSP00000298556	9606.ENSP00000410309	HPRT1	PDE1A	9606	0.901	0	0	0	0	0	0.9	0.059
9606.ENSP00000298556	9606.ENSP00000334910	HPRT1	PDE2A	9606	0.902	0	0	0	0	0	0.9	0.067
9606.ENSP00000264932	9606.ENSP00000298556	SDHA	HPRT1	9606	0.724	0	0	0	0.049	0	0	0.722
9606.ENSP00000230354	9606.ENSP00000298556	TBP	HPRT1	9606	0.782	0	0	0	0.12	0	0	0.762
9606.ENSP00000285667	9606.ENSP00000365576	HSPA13	UBQLN1	9606	0.887	0	0	0	0.096	0.391	0	0.811
9606.ENSP00000337053	9606.ENSP00000480150	SEL1L	HYOU1	9606	0.854	0.045	0	0	0.16	0.511	0	0.673
9606.ENSP00000358939	9606.ENSP00000364794	SARS1	IARS1	9606	0.908	0.056	0	0	0.256	0	0	0.879
9606.ENSP00000347495	9606.ENSP00000364794	WARS1	IARS1	9606	0.85	0.111	0	0	0.177	0.071	0	0.806
9606.ENSP00000362576	9606.ENSP00000364794	YARS1	IARS1	9606	0.966	0.266	0	0	0.681	0.18	0	0.845
9606.ENSP00000329967	9606.ENSP00000360869	TBK1	IFIT1	9606	0.899	0	0	0	0.124	0.1	0	0.883
9606.ENSP00000310623	9606.ENSP00000363205	ISCU	NFS1	9606	0.999	0.12	0	0.495	0.852	0.992	0.956	0.999
9606.ENSP00000310623	9606.ENSP00000387219	ISCU	NFU1	9606	0.967	0.231	0	0	0.405	0.253	0	0.917
9606.ENSP00000310623	9606.ENSP00000364649	ISCU	SDHB	9606	0.885	0	0	0	0.171	0.51	0	0.74
9606.ENSP00000274376	9606.ENSP00000313829	RASA1	KHDRBS1	9606	0.977	0	0	0	0.043	0.835	0	0.866
9606.ENSP00000313829	9606.ENSP00000413035	KHDRBS1	RBFOX2	9606	0.737	0	0	0	0.062	0.517	0	0.466
9606.ENSP00000354560	9606.ENSP00000414982	KIFAP3	KLC1	9606	0.863	0	0	0	0.056	0	0.54	0.71
9606.ENSP00000414982	9606.ENSP00000481780	KLC1	MAPK8IP3	9606	0.991	0	0	0	0.08	0.64	0	0.976
9606.ENSP00000394560	9606.ENSP00000414982	MAPK9	KLC1	9606	0.912	0	0	0	0.061	0.071	0.9	0.113
9606.ENSP00000414982	9606.ENSP00000482169	KLC1	NEFL	9606	0.92	0	0	0	0.067	0.099	0.9	0.169
9606.ENSP00000221166	9606.ENSP00000414982	NEFM	KLC1	9606	0.92	0	0	0	0.074	0.099	0.9	0.16
9606.ENSP00000414982	9606.ENSP00000500990	KLC1	SNCA	9606	0.921	0	0	0	0.055	0.094	0.9	0.195
9606.ENSP00000320171	9606.ENSP00000343701	PKM	KPNA1	9606	0.709	0	0	0	0.049	0.292	0	0.603
9606.ENSP00000256078	9606.ENSP00000394560	KRAS	MAPK9	9606	0.935	0	0	0	0.103	0.145	0.9	0.262
9606.ENSP00000233146	9606.ENSP00000256078	MSH2	KRAS	9606	0.818	0	0	0	0.049	0	0	0.816
9606.ENSP00000256078	9606.ENSP00000501150	KRAS	PIK3CB	9606	0.973	0	0	0	0.07	0.216	0.9	0.679
9606.ENSP00000256078	9606.ENSP00000265849	KRAS	PMS2	9606	0.776	0.042	0	0	0.044	0	0	0.775
9606.ENSP00000256078	9606.ENSP00000324804	KRAS	PPP2R1A	9606	0.832	0	0	0	0.06	0.046	0.4	0.724
9606.ENSP00000256078	9606.ENSP00000496129	KRAS	PRKCB	9606	0.923	0	0	0	0.062	0	0.9	0.251
9606.ENSP00000256078	9606.ENSP00000340454	KRAS	RAP1GDS1	9606	0.83	0	0	0	0.064	0.649	0	0.525
9606.ENSP00000256078	9606.ENSP00000274376	KRAS	RASA1	9606	0.971	0	0	0	0.088	0.334	0.9	0.585
9606.ENSP00000256078	9606.ENSP00000265080	KRAS	RASGRF2	9606	0.946	0	0	0	0	0.377	0.9	0.21
9606.ENSP00000256078	9606.ENSP00000361930	KRAS	YWHAB	9606	0.702	0	0	0	0.095	0.279	0.5	0.194
9606.ENSP00000262850	9606.ENSP00000424183	RRAGB	LAMTOR3	9606	0.999	0	0	0	0.06	0.994	0.65	0.633
9606.ENSP00000306772	9606.ENSP00000359575	LDB2	LMO4	9606	0.756	0	0	0	0.072	0.7	0	0.192
9606.ENSP00000245304	9606.ENSP00000497444	RAP2A	LRPAP1	9606	0.832	0	0	0	0	0	0	0.832
9606.ENSP00000354775	9606.ENSP00000364847	PJA2	MAGED1	9606	0.775	0	0	0	0.043	0.235	0	0.718
9606.ENSP00000410402	9606.ENSP00000481780	MAP2K4	MAPK8IP3	9606	0.984	0	0	0	0	0.516	0.9	0.713
9606.ENSP00000394560	9606.ENSP00000410402	MAPK9	MAP2K4	9606	0.999	0	0	0.108	0.243	0.995	0.9	0.359
9606.ENSP00000394560	9606.ENSP00000481780	MAPK9	MAPK8IP3	9606	0.978	0	0	0	0.059	0.649	0.9	0.42
9606.ENSP00000264995	9606.ENSP00000394560	MRPL3	MAPK9	9606	0.779	0	0	0	0.081	0.767	0	0.051
9606.ENSP00000307241	9606.ENSP00000321070	PDHB	ME2	9606	0.948	0.042	0	0	0.159	0	0.925	0.238
9606.ENSP00000320171	9606.ENSP00000321070	PKM	ME2	9606	0.962	0.079	0	0	0.141	0.097	0.932	0.333
9606.ENSP00000258648	9606.ENSP00000261245	MED4	MNAT1	9606	0.858	0	0	0	0.084	0.812	0	0.245
9606.ENSP00000230354	9606.ENSP00000258648	TBP	MED4	9606	0.858	0	0	0	0.081	0.812	0	0.246
9606.ENSP00000340874	9606.ENSP00000380638	MEF2C	PTK2B	9606	0.704	0	0	0	0.097	0.408	0	0.49
9606.ENSP00000264995	9606.ENSP00000296411	MRPL3	METAP1	9606	0.748	0.079	0	0	0.55	0.415	0	0.084
9606.ENSP00000378487	9606.ENSP00000493232	VDAC1	MICU1	9606	0.788	0	0	0	0.05	0	0	0.786
9606.ENSP00000261245	9606.ENSP00000350708	MNAT1	RAD23B	9606	0.722	0	0	0	0.058	0.062	0.5	0.445
9606.ENSP00000230354	9606.ENSP00000261245	TBP	MNAT1	9606	0.971	0	0	0	0.127	0.912	0.5	0.347
9606.ENSP00000351990	9606.ENSP00000380157	NAE1	MOCS2	9606	0.725	0.086	0	0	0.431	0.099	0.385	0.194
9606.ENSP00000270225	9606.ENSP00000380157	SAE1	MOCS2	9606	0.718	0.086	0	0	0.416	0.099	0.385	0.194
9606.ENSP00000369424	9606.ENSP00000394417	RBBP7	MORF4L2	9606	0.894	0	0	0	0.406	0.745	0	0.358
9606.ENSP00000264995	9606.ENSP00000426941	MRPL3	MRPS27	9606	0.935	0	0	0	0.507	0.874	0	0
9606.ENSP00000264995	9606.ENSP00000424328	MRPL3	MRPS30	9606	0.98	0	0	0	0.454	0.962	0	0.122
9606.ENSP00000264995	9606.ENSP00000309334	MRPL3	RPL15	9606	0.971	0	0	0	0.822	0.782	0	0.319
9606.ENSP00000264995	9606.ENSP00000383949	MRPL3	SNU13	9606	0.701	0.061	0	0	0.428	0.416	0	0.16
9606.ENSP00000424328	9606.ENSP00000426941	MRPS30	MRPS27	9606	0.99	0	0	0	0.192	0.829	0.8	0.69
9606.ENSP00000233146	9606.ENSP00000265849	MSH2	PMS2	9606	0.999	0.061	0	0.332	0.355	0.895	0.54	0.999
9606.ENSP00000233146	9606.ENSP00000350708	MSH2	RAD23B	9606	0.946	0	0	0	0.099	0	0.9	0.455
9606.ENSP00000233146	9606.ENSP00000336701	MSH2	RAD51C	9606	0.848	0.057	0	0	0.226	0.104	0	0.795
9606.ENSP00000233146	9606.ENSP00000368959	MSH2	REEP5	9606	0.734	0	0	0	0.101	0	0	0.717
9606.ENSP00000233146	9606.ENSP00000363017	MSH2	RPA2	9606	0.726	0	0	0	0.168	0.171	0.5	0.299
9606.ENSP00000362730	9606.ENSP00000388658	MTCH1	SLC25A12	9606	0.702	0	0	0	0.042	0	0	0.702
9606.ENSP00000228318	9606.ENSP00000362730	SLC25A3	MTCH1	9606	0.864	0	0	0	0.129	0.186	0	0.824
9606.ENSP00000228318	9606.ENSP00000303222	SLC25A3	MTCH2	9606	0.868	0	0	0	0.203	0.186	0	0.813
9606.ENSP00000355536	9606.ENSP00000498336	MTR	MTHFD1	9606	0.997	0.057	0	0	0.14	0	0.942	0.944
9606.ENSP00000255882	9606.ENSP00000325285	PI4KA	MTMR4	9606	0.729	0	0	0	0.138	0	0.65	0.176
9606.ENSP00000351990	9606.ENSP00000386541	NAE1	PSMD14	9606	0.809	0.052	0	0	0.395	0.094	0.174	0.624
9606.ENSP00000231487	9606.ENSP00000351990	SKP1	NAE1	9606	0.782	0	0	0	0.086	0.079	0.5	0.543
9606.ENSP00000263354	9606.ENSP00000381293	NAPA	NSF	9606	0.999	0	0	0	0.061	0.965	0.5	0.991
9606.ENSP00000263354	9606.ENSP00000390783	NAPA	SCFD1	9606	0.984	0	0	0	0.044	0.944	0.5	0.498
9606.ENSP00000254976	9606.ENSP00000263354	SNAP25	NAPA	9606	0.995	0	0	0	0.066	0.909	0.54	0.89
9606.ENSP00000263354	9606.ENSP00000363054	NAPA	STX12	9606	0.985	0	0	0	0.049	0.926	0.54	0.603
9606.ENSP00000263354	9606.ENSP00000362399	NAPA	STXBP1	9606	0.737	0	0	0	0.068	0.095	0	0.713
9606.ENSP00000263354	9606.ENSP00000324302	NAPA	STXBP6	9606	0.776	0	0	0	0	0.776	0	0
9606.ENSP00000261205	9606.ENSP00000263354	SYT1	NAPA	9606	0.759	0	0	0	0.064	0.071	0	0.745
9606.ENSP00000263354	9606.ENSP00000264904	NAPA	USO1	9606	0.723	0	0	0	0.042	0.096	0.5	0.435
9606.ENSP00000236192	9606.ENSP00000263354	VAMP4	NAPA	9606	0.971	0	0	0	0.058	0.879	0.54	0.511
9606.ENSP00000309591	9606.ENSP00000383295	PRKACA	NBEA	9606	0.773	0	0	0	0	0	0	0.773
9606.ENSP00000359719	9606.ENSP00000383295	PRKACB	NBEA	9606	0.779	0	0	0	0.068	0	0	0.773
9606.ENSP00000354251	9606.ENSP00000376367	NCKAP1	WASF1	9606	0.999	0	0	0	0.062	0.98	0.9	0.998
9606.ENSP00000223023	9606.ENSP00000354251	WASL	NCKAP1	9606	0.835	0	0	0	0.14	0.176	0.4	0.658
9606.ENSP00000252711	9606.ENSP00000339720	NDUFA10	NDUFA4	9606	0.988	0	0	0	0.166	0.251	0.944	0.698
9606.ENSP00000252711	9606.ENSP00000419087	NDUFA10	NDUFB2	9606	0.999	0	0	0	0.151	0.813	0.967	0.918
9606.ENSP00000184266	9606.ENSP00000252711	NDUFB4	NDUFA10	9606	0.999	0	0	0	0.163	0.954	0.967	0.949
9606.ENSP00000252711	9606.ENSP00000259037	NDUFA10	NDUFB5	9606	0.999	0	0	0	0.883	0.921	0.967	0.755
9606.ENSP00000252711	9606.ENSP00000441126	NDUFA10	NDUFC1	9606	0.998	0	0	0	0.138	0.92	0.967	0.482
9606.ENSP00000252711	9606.ENSP00000296684	NDUFA10	NDUFS4	9606	0.999	0	0	0	0.297	0.957	0.967	0.745
9606.ENSP00000252711	9606.ENSP00000362058	NDUFA10	NDUFS5	9606	0.999	0	0	0	0.353	0.957	0.9	0.718
9606.ENSP00000252711	9606.ENSP00000497587	NDUFA10	NDUFV1	9606	0.999	0	0	0	0.949	0.959	0.967	0.828
9606.ENSP00000252711	9606.ENSP00000369134	NDUFA10	PDHA1	9606	0.715	0.052	0	0	0.55	0.191	0	0.27
9606.ENSP00000249269	9606.ENSP00000252711	PMPCB	NDUFA10	9606	0.919	0	0	0	0.848	0.367	0.134	0.143
9606.ENSP00000252711	9606.ENSP00000264932	NDUFA10	SDHA	9606	0.793	0	0	0	0.586	0.097	0	0.49
9606.ENSP00000252711	9606.ENSP00000268379	NDUFA10	UQCRC2	9606	0.986	0	0	0	0.694	0.894	0.172	0.544
9606.ENSP00000339720	9606.ENSP00000419087	NDUFA4	NDUFB2	9606	0.99	0	0	0	0.499	0	0.944	0.671
9606.ENSP00000184266	9606.ENSP00000339720	NDUFB4	NDUFA4	9606	0.993	0	0	0	0.698	0.237	0.944	0.545
9606.ENSP00000259037	9606.ENSP00000339720	NDUFB5	NDUFA4	9606	0.996	0	0	0	0.677	0.228	0.944	0.746
9606.ENSP00000339720	9606.ENSP00000441126	NDUFA4	NDUFC1	9606	0.982	0	0	0	0.423	0	0.944	0.503
9606.ENSP00000296684	9606.ENSP00000339720	NDUFS4	NDUFA4	9606	0.99	0	0	0	0.406	0.248	0.944	0.645
9606.ENSP00000339720	9606.ENSP00000362058	NDUFA4	NDUFS5	9606	0.982	0	0	0	0.605	0.251	0.9	0.471
9606.ENSP00000339720	9606.ENSP00000497587	NDUFA4	NDUFV1	9606	0.988	0	0	0	0.139	0.249	0.944	0.721
9606.ENSP00000268379	9606.ENSP00000339720	UQCRC2	NDUFA4	9606	0.98	0	0	0	0.294	0.333	0.9	0.639
9606.ENSP00000184266	9606.ENSP00000419087	NDUFB4	NDUFB2	9606	0.999	0	0	0	0.404	0.812	0.967	0.973
9606.ENSP00000259037	9606.ENSP00000419087	NDUFB5	NDUFB2	9606	0.998	0	0	0	0.364	0.812	0.967	0.685
9606.ENSP00000419087	9606.ENSP00000441126	NDUFB2	NDUFC1	9606	0.998	0	0	0	0.375	0.812	0.967	0.721
9606.ENSP00000296684	9606.ENSP00000419087	NDUFS4	NDUFB2	9606	0.996	0	0	0	0.206	0.812	0.967	0.435
9606.ENSP00000362058	9606.ENSP00000419087	NDUFS5	NDUFB2	9606	0.995	0	0	0	0.405	0.812	0.9	0.669
9606.ENSP00000419087	9606.ENSP00000497587	NDUFB2	NDUFV1	9606	0.996	0	0	0	0.067	0.812	0.967	0.45
9606.ENSP00000268379	9606.ENSP00000419087	UQCRC2	NDUFB2	9606	0.86	0	0	0	0.125	0.8	0	0.269
9606.ENSP00000184266	9606.ENSP00000259037	NDUFB4	NDUFB5	9606	0.999	0	0	0	0.868	0.923	0.967	0.884
9606.ENSP00000184266	9606.ENSP00000441126	NDUFB4	NDUFC1	9606	0.999	0	0	0	0.725	0.825	0.967	0.557
9606.ENSP00000184266	9606.ENSP00000296684	NDUFB4	NDUFS4	9606	0.999	0	0	0	0.78	0.998	0.967	0.632
9606.ENSP00000184266	9606.ENSP00000362058	NDUFB4	NDUFS5	9606	0.999	0	0	0	0.911	0.998	0.9	0.696
9606.ENSP00000184266	9606.ENSP00000497587	NDUFB4	NDUFV1	9606	0.999	0	0	0	0.243	0.998	0.967	0.546
9606.ENSP00000184266	9606.ENSP00000306362	NDUFB4	TBCA	9606	0.773	0	0	0	0.773	0	0	0
9606.ENSP00000184266	9606.ENSP00000268379	NDUFB4	UQCRC2	9606	0.951	0	0	0	0.277	0.889	0	0.442
9606.ENSP00000259037	9606.ENSP00000441126	NDUFB5	NDUFC1	9606	0.999	0	0	0	0.722	0.825	0.967	0.902
9606.ENSP00000259037	9606.ENSP00000296684	NDUFB5	NDUFS4	9606	0.999	0	0	0	0.887	0.913	0.967	0.523
9606.ENSP00000259037	9606.ENSP00000362058	NDUFB5	NDUFS5	9606	0.999	0	0	0	0.667	0.999	0.9	0.603
9606.ENSP00000259037	9606.ENSP00000497587	NDUFB5	NDUFV1	9606	0.999	0	0	0	0.328	0.921	0.967	0.787
9606.ENSP00000249269	9606.ENSP00000259037	PMPCB	NDUFB5	9606	0.771	0	0	0	0.649	0.312	0	0.128
9606.ENSP00000216455	9606.ENSP00000259037	PSMA3	NDUFB5	9606	0.701	0	0	0	0.699	0	0	0.049
9606.ENSP00000259037	9606.ENSP00000364649	NDUFB5	SDHB	9606	0.824	0	0	0	0.652	0.096	0	0.487
9606.ENSP00000259037	9606.ENSP00000268379	NDUFB5	UQCRC2	9606	0.976	0	0	0	0.591	0.884	0	0.545
9606.ENSP00000296684	9606.ENSP00000441126	NDUFS4	NDUFC1	9606	0.997	0	0	0	0.368	0.825	0.967	0.481
9606.ENSP00000362058	9606.ENSP00000441126	NDUFS5	NDUFC1	9606	0.995	0	0	0	0.508	0.825	0.9	0.584
9606.ENSP00000441126	9606.ENSP00000497587	NDUFC1	NDUFV1	9606	0.998	0	0	0	0.144	0.825	0.967	0.755
9606.ENSP00000268379	9606.ENSP00000441126	UQCRC2	NDUFC1	9606	0.874	0	0	0	0.212	0.811	0	0.221
9606.ENSP00000296684	9606.ENSP00000362058	NDUFS4	NDUFS5	9606	0.999	0	0	0	0.807	0.998	0.9	0.844
9606.ENSP00000296684	9606.ENSP00000497587	NDUFS4	NDUFV1	9606	0.999	0	0	0	0.748	0.999	0.967	0.977
9606.ENSP00000249269	9606.ENSP00000296684	PMPCB	NDUFS4	9606	0.955	0	0	0	0.641	0.839	0.154	0.187
9606.ENSP00000296684	9606.ENSP00000309591	NDUFS4	PRKACA	9606	0.714	0	0	0	0.047	0	0.65	0.214
9606.ENSP00000296684	9606.ENSP00000359719	NDUFS4	PRKACB	9606	0.711	0	0	0	0.044	0	0.65	0.207
9606.ENSP00000264932	9606.ENSP00000296684	SDHA	NDUFS4	9606	0.877	0	0	0	0.461	0.096	0	0.768
9606.ENSP00000296684	9606.ENSP00000364649	NDUFS4	SDHB	9606	0.89	0	0	0	0.78	0.239	0	0.396
9606.ENSP00000296684	9606.ENSP00000500990	NDUFS4	SNCA	9606	0.724	0	0	0	0	0	0.65	0.244
9606.ENSP00000296684	9606.ENSP00000356256	NDUFS4	TIMM17A	9606	0.808	0	0	0	0.598	0.429	0	0.232
9606.ENSP00000268379	9606.ENSP00000296684	UQCRC2	NDUFS4	9606	0.997	0	0	0	0.92	0.935	0.172	0.546
9606.ENSP00000362058	9606.ENSP00000497587	NDUFS5	NDUFV1	9606	0.999	0	0	0	0.515	0.998	0.9	0.7
9606.ENSP00000362058	9606.ENSP00000364649	NDUFS5	SDHB	9606	0.846	0	0	0	0.661	0.132	0	0.52
9606.ENSP00000268379	9606.ENSP00000362058	UQCRC2	NDUFS5	9606	0.955	0	0	0	0.165	0.91	0	0.457
9606.ENSP00000369134	9606.ENSP00000497587	PDHA1	NDUFV1	9606	0.878	0.048	0	0	0.262	0.329	0	0.772
9606.ENSP00000307241	9606.ENSP00000497587	PDHB	NDUFV1	9606	0.738	0	0	0	0.559	0.161	0	0.349
9606.ENSP00000249269	9606.ENSP00000497587	PMPCB	NDUFV1	9606	0.967	0	0	0	0.705	0.835	0.286	0.162
9606.ENSP00000264932	9606.ENSP00000497587	SDHA	NDUFV1	9606	0.999	0.085	0	0	0.977	0.394	0.802	0.811
9606.ENSP00000364649	9606.ENSP00000497587	SDHB	NDUFV1	9606	0.993	0	0	0	0.877	0.24	0.802	0.667
9606.ENSP00000268379	9606.ENSP00000497587	UQCRC2	NDUFV1	9606	0.998	0	0	0	0.93	0.933	0.286	0.646
9606.ENSP00000221166	9606.ENSP00000482169	NEFM	NEFL	9606	0.999	0	0	0	0.849	0.835	0	0.988
9606.ENSP00000284292	9606.ENSP00000482169	NRGN	NEFL	9606	0.779	0	0	0	0.107	0	0	0.763
9606.ENSP00000466111	9606.ENSP00000482169	RNMT	NEFL	9606	0.748	0	0	0	0	0	0	0.748
9606.ENSP00000254976	9606.ENSP00000482169	SNAP25	NEFL	9606	0.808	0	0	0	0.319	0	0	0.73
9606.ENSP00000261205	9606.ENSP00000482169	SYT1	NEFL	9606	0.711	0	0	0	0.207	0.053	0	0.647
9606.ENSP00000363205	9606.ENSP00000387219	NFS1	NFU1	9606	0.982	0.12	0	0	0.385	0.303	0.792	0.816
9606.ENSP00000364649	9606.ENSP00000387219	SDHB	NFU1	9606	0.917	0.057	0	0	0.827	0.095	0	0.505
9606.ENSP00000216121	9606.ENSP00000313050	NIPSNAP1	NIPSNAP2	9606	0.708	0	0	0.055	0.054	0.628	0	0.226
9606.ENSP00000216121	9606.ENSP00000254976	NIPSNAP1	SNAP25	9606	0.732	0	0	0	0	0	0	0.732
9606.ENSP00000264663	9606.ENSP00000287713	NNT	NMNAT2	9606	0.924	0	0	0	0.051	0	0.9	0.272
9606.ENSP00000287713	9606.ENSP00000476228	NMNAT2	SIRT5	9606	0.941	0.042	0	0	0	0	0.9	0.439
9606.ENSP00000264663	9606.ENSP00000476228	NNT	SIRT5	9606	0.921	0	0	0	0.095	0	0.9	0.201
9606.ENSP00000438875	9606.ENSP00000489551	NOVA1	NRXN3	9606	0.772	0	0	0	0.113	0	0	0.754
9606.ENSP00000284292	9606.ENSP00000500990	NRGN	SNCA	9606	0.783	0	0	0	0.178	0.292	0	0.658
9606.ENSP00000284292	9606.ENSP00000384719	NRGN	VSNL1	9606	0.71	0	0	0	0.083	0	0	0.697
9606.ENSP00000385142	9606.ENSP00000489551	NRXN1	NRXN3	9606	0.752	0	0	0.055	0.177	0	0.5	0.438
9606.ENSP00000384551	9606.ENSP00000385142	NXPH1	NRXN1	9606	0.973	0	0	0	0.202	0.507	0	0.937
9606.ENSP00000345193	9606.ENSP00000385142	SHANK2	NRXN1	9606	0.914	0	0	0	0.093	0	0.5	0.826
9606.ENSP00000254976	9606.ENSP00000385142	SNAP25	NRXN1	9606	0.753	0	0	0	0.278	0	0	0.672
9606.ENSP00000385142	9606.ENSP00000414856	NRXN1	SPARCL1	9606	0.71	0	0	0	0.14	0	0	0.677
9606.ENSP00000362399	9606.ENSP00000385142	STXBP1	NRXN1	9606	0.746	0	0	0	0.11	0	0.5	0.477
9606.ENSP00000261205	9606.ENSP00000385142	SYT1	NRXN1	9606	0.798	0	0	0	0.239	0.042	0.5	0.512
9606.ENSP00000345193	9606.ENSP00000489551	SHANK2	NRXN3	9606	0.725	0	0	0	0.083	0	0.5	0.448
9606.ENSP00000261205	9606.ENSP00000489551	SYT1	NRXN3	9606	0.704	0	0	0	0.19	0.042	0.5	0.328
9606.ENSP00000381293	9606.ENSP00000387286	NSF	RAB1A	9606	0.797	0	0	0	0.056	0.216	0.5	0.516
9606.ENSP00000311449	9606.ENSP00000381293	RAB6A	NSF	9606	0.768	0	0	0	0.062	0.094	0.5	0.519
9606.ENSP00000381293	9606.ENSP00000390783	NSF	SCFD1	9606	0.968	0	0	0	0.11	0.825	0.5	0.641
9606.ENSP00000254976	9606.ENSP00000381293	SNAP25	NSF	9606	0.975	0	0	0	0.147	0.876	0	0.788
9606.ENSP00000363054	9606.ENSP00000381293	STX12	NSF	9606	0.807	0	0	0	0.122	0.693	0	0.341
9606.ENSP00000362399	9606.ENSP00000381293	STXBP1	NSF	9606	0.826	0	0	0	0.135	0.097	0	0.795
9606.ENSP00000261205	9606.ENSP00000381293	SYT1	NSF	9606	0.72	0	0	0	0.106	0.053	0	0.696
9606.ENSP00000264904	9606.ENSP00000381293	USO1	NSF	9606	0.832	0	0	0	0.044	0.113	0.5	0.65
9606.ENSP00000236192	9606.ENSP00000381293	VAMP4	NSF	9606	0.871	0	0	0	0.067	0.612	0.5	0.374
9606.ENSP00000335193	9606.ENSP00000381293	VPS39	NSF	9606	0.788	0	0	0	0.099	0.046	0	0.773
9606.ENSP00000300291	9606.ENSP00000300413	NUDT21	SNRPD1	9606	0.71	0	0.472	0	0.466	0	0	0.055
9606.ENSP00000284719	9606.ENSP00000362576	OLA1	YARS1	9606	0.824	0.259	0	0	0.696	0	0	0.281
9606.ENSP00000360858	9606.ENSP00000376367	OLFM1	WASF1	9606	0.707	0	0	0	0.074	0	0	0.697
9606.ENSP00000363017	9606.ENSP00000441953	RPA2	ORC4	9606	0.829	0	0	0	0.074	0.627	0.5	0.125
9606.ENSP00000196371	9606.ENSP00000264932	OXCT1	SDHA	9606	0.874	0	0	0	0.129	0.205	0.792	0.231
9606.ENSP00000196371	9606.ENSP00000364649	OXCT1	SDHB	9606	0.816	0	0	0	0.05	0	0.792	0.147
9606.ENSP00000316809	9606.ENSP00000380378	PITPNA	PAFAH1B1	9606	0.89	0	0	0	0.465	0	0	0.804
9606.ENSP00000264932	9606.ENSP00000265174	SDHA	PAPSS1	9606	0.86	0.12	0	0	0	0	0.792	0.3
9606.ENSP00000307241	9606.ENSP00000419027	PDHB	PCCB	9606	0.778	0.099	0	0	0.2	0	0.585	0.346
9606.ENSP00000307241	9606.ENSP00000369134	PDHB	PDHA1	9606	0.999	0	0.9	0.533	0.891	0.995	0.973	0.998
9606.ENSP00000227868	9606.ENSP00000369134	PDHX	PDHA1	9606	0.999	0	0.028	0.499	0.702	0.73	0.956	0.987
9606.ENSP00000264932	9606.ENSP00000369134	SDHA	PDHA1	9606	0.876	0	0	0	0.216	0.333	0	0.783
9606.ENSP00000369134	9606.ENSP00000494360	PDHA1	SUCLA2	9606	0.735	0	0	0	0.153	0.18	0.133	0.611
9606.ENSP00000268379	9606.ENSP00000369134	UQCRC2	PDHA1	9606	0.812	0	0	0	0.643	0.21	0	0.387
9606.ENSP00000227868	9606.ENSP00000307241	PDHX	PDHB	9606	0.999	0.095	0.028	0.492	0.684	0.968	0.978	0.996
9606.ENSP00000307241	9606.ENSP00000320171	PDHB	PKM	9606	0.983	0.057	0	0	0.117	0	0.938	0.709
9606.ENSP00000249269	9606.ENSP00000307241	PMPCB	PDHB	9606	0.771	0	0	0	0.684	0.117	0	0.244
9606.ENSP00000307241	9606.ENSP00000378306	PDHB	PPP3CB	9606	0.743	0	0	0	0.102	0.726	0	0
9606.ENSP00000264932	9606.ENSP00000307241	SDHA	PDHB	9606	0.731	0.056	0	0	0.256	0.096	0	0.626
9606.ENSP00000307241	9606.ENSP00000364649	PDHB	SDHB	9606	0.735	0.046	0	0	0.337	0.096	0	0.592
9606.ENSP00000307241	9606.ENSP00000494360	PDHB	SUCLA2	9606	0.921	0	0	0	0.723	0.091	0.176	0.665
9606.ENSP00000268379	9606.ENSP00000307241	UQCRC2	PDHB	9606	0.905	0	0	0	0.839	0.201	0	0.319
9606.ENSP00000227868	9606.ENSP00000264932	PDHX	SDHA	9606	0.807	0.111	0	0	0.55	0.092	0	0.532
9606.ENSP00000227868	9606.ENSP00000364649	PDHX	SDHB	9606	0.813	0.111	0	0	0.609	0.091	0	0.478
9606.ENSP00000227868	9606.ENSP00000494360	PDHX	SUCLA2	9606	0.892	0.079	0.006	0	0.686	0.146	0.352	0.431
9606.ENSP00000261813	9606.ENSP00000286428	PFDN1	VBP1	9606	0.999	0	0	0	0.535	0.997	0.9	0.993
9606.ENSP00000255882	9606.ENSP00000338185	PI4KA	PLCB1	9606	0.717	0	0	0	0	0	0.65	0.225
9606.ENSP00000255882	9606.ENSP00000345656	PI4KA	VAPA	9606	0.703	0	0	0	0.042	0.313	0	0.585
9606.ENSP00000338185	9606.ENSP00000501150	PLCB1	PIK3CB	9606	0.717	0	0	0	0.066	0	0.65	0.205
9606.ENSP00000295797	9606.ENSP00000501150	PRKCI	PIK3CB	9606	0.917	0	0	0	0.064	0.069	0.9	0.161
9606.ENSP00000273047	9606.ENSP00000501150	RAB5A	PIK3CB	9606	0.964	0	0	0	0.127	0.292	0	0.946
9606.ENSP00000309591	9606.ENSP00000320171	PRKACA	PKM	9606	0.927	0	0	0	0.085	0.114	0.9	0.213
9606.ENSP00000320171	9606.ENSP00000359719	PKM	PRKACB	9606	0.926	0	0	0	0.067	0.114	0.9	0.211
9606.ENSP00000309334	9606.ENSP00000320171	RPL15	PKM	9606	0.84	0	0	0	0.345	0.743	0	0.127
9606.ENSP00000338185	9606.ENSP00000378323	PLCB1	PPP3CA	9606	0.731	0	0	0	0.067	0	0.65	0.242
9606.ENSP00000338185	9606.ENSP00000378306	PLCB1	PPP3CB	9606	0.7	0	0	0	0.056	0	0.65	0.164
9606.ENSP00000338185	9606.ENSP00000496129	PLCB1	PRKCB	9606	0.935	0	0	0	0.068	0	0.9	0.359
9606.ENSP00000387365	9606.ENSP00000424417	PWP1	PLRG1	9606	0.82	0	0	0	0.775	0	0	0.237
9606.ENSP00000246071	9606.ENSP00000424417	SNRPB2	PLRG1	9606	0.998	0	0	0	0.148	0.972	0.9	0.254
9606.ENSP00000300413	9606.ENSP00000424417	SNRPD1	PLRG1	9606	0.998	0	0	0	0.079	0.977	0.9	0.211
9606.ENSP00000249269	9606.ENSP00000264932	PMPCB	SDHA	9606	0.837	0	0	0	0.703	0.093	0.237	0.302
9606.ENSP00000249269	9606.ENSP00000364649	PMPCB	SDHB	9606	0.85	0	0	0	0.69	0.113	0.378	0.231
9606.ENSP00000249269	9606.ENSP00000356256	PMPCB	TIMM17A	9606	0.787	0	0	0	0.2	0.152	0.4	0.539
9606.ENSP00000249269	9606.ENSP00000268379	PMPCB	UQCRC2	9606	0.998	0	0	0.207	0.916	0.84	0.769	0.354
9606.ENSP00000265849	9606.ENSP00000350708	PMS2	RAD23B	9606	0.723	0	0	0	0.095	0.07	0.54	0.368
9606.ENSP00000265849	9606.ENSP00000336701	PMS2	RAD51C	9606	0.807	0.057	0	0	0.062	0.151	0	0.774
9606.ENSP00000324804	9606.ENSP00000450337	PPP2R1A	PPFIA2	9606	0.994	0	0	0	0	0.994	0	0.08
9606.ENSP00000428417	9606.ENSP00000450337	RIMS1	PPFIA2	9606	0.869	0	0	0	0.201	0.089	0.5	0.684
9606.ENSP00000450337	9606.ENSP00000480050	PPFIA2	SYN2	9606	0.701	0	0	0	0.165	0	0.5	0.342
9606.ENSP00000324804	9606.ENSP00000377936	PPP2R1A	PPP2R2B	9606	0.998	0	0	0	0.055	0.937	0.9	0.764
9606.ENSP00000164133	9606.ENSP00000324804	PPP2R5B	PPP2R1A	9606	0.999	0	0	0	0.11	0.996	0.8	0.646
9606.ENSP00000324804	9606.ENSP00000412324	PPP2R1A	PPP2R5C	9606	0.999	0	0	0	0.127	0.999	0.9	0.954
9606.ENSP00000324804	9606.ENSP00000378323	PPP2R1A	PPP3CA	9606	0.943	0	0	0	0.055	0.297	0.9	0.245
9606.ENSP00000324804	9606.ENSP00000378306	PPP2R1A	PPP3CB	9606	0.936	0	0	0	0.049	0.297	0.9	0.162
9606.ENSP00000324804	9606.ENSP00000496129	PPP2R1A	PRKCB	9606	0.906	0	0	0	0.044	0	0.9	0.101
9606.ENSP00000295797	9606.ENSP00000324804	PRKCI	PPP2R1A	9606	0.909	0	0	0	0.067	0	0.9	0.103
9606.ENSP00000324804	9606.ENSP00000325748	PPP2R1A	STK25	9606	0.996	0	0	0	0.188	0.994	0	0.396
9606.ENSP00000324804	9606.ENSP00000361930	PPP2R1A	YWHAB	9606	0.813	0	0	0	0.166	0.182	0.4	0.598
9606.ENSP00000164133	9606.ENSP00000377936	PPP2R5B	PPP2R2B	9606	0.884	0	0	0	0	0.187	0.54	0.715
9606.ENSP00000377936	9606.ENSP00000412324	PPP2R2B	PPP2R5C	9606	0.819	0	0	0	0.047	0.187	0.54	0.552
9606.ENSP00000377936	9606.ENSP00000378323	PPP2R2B	PPP3CA	9606	0.759	0	0	0	0.106	0.398	0.54	0.143
9606.ENSP00000377936	9606.ENSP00000378306	PPP2R2B	PPP3CB	9606	0.754	0	0	0	0.088	0.398	0.54	0.143
9606.ENSP00000295797	9606.ENSP00000377936	PRKCI	PPP2R2B	9606	0.907	0	0	0	0	0.091	0.9	0.069
9606.ENSP00000231487	9606.ENSP00000377936	SKP1	PPP2R2B	9606	0.747	0	0	0	0	0.746	0	0.045
9606.ENSP00000164133	9606.ENSP00000412324	PPP2R5B	PPP2R5C	9606	0.859	0	0	0.061	0	0	0.54	0.7
9606.ENSP00000164133	9606.ENSP00000378323	PPP2R5B	PPP3CA	9606	0.731	0	0	0	0.055	0.301	0.54	0.221
9606.ENSP00000164133	9606.ENSP00000378306	PPP2R5B	PPP3CB	9606	0.706	0	0	0	0.076	0.301	0.54	0.128
9606.ENSP00000378323	9606.ENSP00000412324	PPP3CA	PPP2R5C	9606	0.943	0	0	0	0.07	0.301	0.9	0.238
9606.ENSP00000378306	9606.ENSP00000412324	PPP3CB	PPP2R5C	9606	0.939	0	0	0	0.101	0.301	0.9	0.144
9606.ENSP00000378306	9606.ENSP00000378323	PPP3CB	PPP3CA	9606	0.994	0	0	0.049	0.106	0.616	0.9	0.868
9606.ENSP00000360425	9606.ENSP00000378323	RCAN2	PPP3CA	9606	0.946	0	0	0	0.067	0.863	0	0.611
9606.ENSP00000360425	9606.ENSP00000378306	RCAN2	PPP3CB	9606	0.936	0	0	0	0.067	0.852	0	0.572
9606.ENSP00000298510	9606.ENSP00000378487	PRDX3	VDAC1	9606	0.841	0	0	0	0.523	0.163	0	0.634
9606.ENSP00000298510	9606.ENSP00000361635	PRDX3	VDAC2	9606	0.709	0	0	0	0.314	0	0	0.594
9606.ENSP00000309591	9606.ENSP00000346148	PRKACA	PRKAA1	9606	0.923	0	0	0.092	0.116	0.097	0.9	0.103
9606.ENSP00000346148	9606.ENSP00000359719	PRKAA1	PRKACB	9606	0.925	0	0	0.109	0.111	0.097	0.9	0.12
9606.ENSP00000323867	9606.ENSP00000346148	PRKAG1	PRKAA1	9606	0.999	0	0	0	0.301	0.947	0.9	0.969
9606.ENSP00000309591	9606.ENSP00000359719	PRKACA	PRKACB	9606	0.987	0	0	0.048	0.042	0.874	0.9	0.044
9606.ENSP00000309591	9606.ENSP00000376475	PRKACA	PRKAR1A	9606	0.999	0	0.306	0	0.16	0.953	0.9	0.955
9606.ENSP00000309591	9606.ENSP00000385749	PRKACA	PRKAR1B	9606	0.999	0	0.32	0	0.16	0.989	0.9	0.7
9606.ENSP00000265080	9606.ENSP00000309591	RASGRF2	PRKACA	9606	0.92	0	0	0	0	0.129	0.9	0.161
9606.ENSP00000309591	9606.ENSP00000370669	PRKACA	SLC8A3	9606	0.912	0	0	0	0.057	0	0.9	0.146
9606.ENSP00000309591	9606.ENSP00000376367	PRKACA	WASF1	9606	0.933	0	0	0	0	0.3	0	0.909
9606.ENSP00000359719	9606.ENSP00000376475	PRKACB	PRKAR1A	9606	0.999	0	0.28	0	0.154	0.899	0.9	0.915
9606.ENSP00000359719	9606.ENSP00000385749	PRKACB	PRKAR1B	9606	0.998	0	0.293	0	0.16	0.894	0.9	0.737
9606.ENSP00000265080	9606.ENSP00000359719	RASGRF2	PRKACB	9606	0.922	0	0	0	0.06	0.129	0.9	0.161
9606.ENSP00000359719	9606.ENSP00000370669	PRKACB	SLC8A3	9606	0.912	0	0	0	0.073	0	0.9	0.134
9606.ENSP00000359719	9606.ENSP00000376367	PRKACB	WASF1	9606	0.911	0	0	0	0.059	0.052	0	0.909
9606.ENSP00000376475	9606.ENSP00000385749	PRKAR1A	PRKAR1B	9606	0.98	0	0	0.05	0	0.811	0.9	0.055
9606.ENSP00000216455	9606.ENSP00000399376	PSMA3	PRNP	9606	0.715	0	0	0	0.05	0.213	0.65	0
9606.ENSP00000386541	9606.ENSP00000399376	PSMD14	PRNP	9606	0.709	0	0	0	0.119	0.091	0.65	0.086
9606.ENSP00000399376	9606.ENSP00000500990	PRNP	SNCA	9606	0.984	0	0	0	0.056	0	0	0.983
9606.ENSP00000216455	9606.ENSP00000414359	PSMA3	PSMA1	9606	0.999	0	0	0.09	0.958	0.999	0.9	0.86
9606.ENSP00000044462	9606.ENSP00000414359	PSMA4	PSMA1	9606	0.999	0	0	0.082	0.922	0.999	0.9	0.659
9606.ENSP00000271308	9606.ENSP00000414359	PSMA5	PSMA1	9606	0.999	0	0	0	0.962	0.999	0.9	0.702
9606.ENSP00000262193	9606.ENSP00000414359	PSMB1	PSMA1	9606	0.999	0	0	0	0.958	0.999	0.9	0.984
9606.ENSP00000362334	9606.ENSP00000414359	PSMB2	PSMA1	9606	0.999	0	0	0	0.939	0.998	0.9	0.826
9606.ENSP00000391211	9606.ENSP00000414359	PSMC2	PSMA1	9606	0.999	0	0	0	0.743	0.997	0	0.783
9606.ENSP00000309474	9606.ENSP00000414359	PSMD1	PSMA1	9606	0.999	0	0	0	0.634	0.994	0	0.815
9606.ENSP00000396937	9606.ENSP00000414359	PSMD13	PSMA1	9606	0.999	0	0	0	0.481	0.996	0	0.676
9606.ENSP00000386541	9606.ENSP00000414359	PSMD14	PSMA1	9606	0.999	0	0	0	0.914	0.997	0	0.714
9606.ENSP00000231487	9606.ENSP00000414359	SKP1	PSMA1	9606	0.709	0	0	0	0.349	0.207	0.4	0.173
9606.ENSP00000414359	9606.ENSP00000478771	PSMA1	UBB	9606	0.954	0	0	0	0.083	0.885	0.5	0.243
9606.ENSP00000414359	9606.ENSP00000428209	PSMA1	UBE2V2	9606	0.738	0	0	0	0.643	0	0	0.298
9606.ENSP00000286428	9606.ENSP00000414359	VBP1	PSMA1	9606	0.784	0	0	0	0.782	0.049	0	0
9606.ENSP00000044462	9606.ENSP00000216455	PSMA4	PSMA3	9606	0.999	0	0	0	0.949	0.999	0.9	0.776
9606.ENSP00000216455	9606.ENSP00000271308	PSMA3	PSMA5	9606	0.999	0	0	0	0.976	0.998	0.9	0.68
9606.ENSP00000216455	9606.ENSP00000262193	PSMA3	PSMB1	9606	0.999	0	0	0	0.961	0.997	0.9	0.978
9606.ENSP00000216455	9606.ENSP00000362334	PSMA3	PSMB2	9606	0.999	0	0	0	0.96	0.997	0.9	0.811
9606.ENSP00000216455	9606.ENSP00000391211	PSMA3	PSMC2	9606	0.999	0	0	0	0.815	0.993	0	0.687
9606.ENSP00000216455	9606.ENSP00000309474	PSMA3	PSMD1	9606	0.999	0	0	0	0.752	0.996	0	0.671
9606.ENSP00000216455	9606.ENSP00000396937	PSMA3	PSMD13	9606	0.998	0	0	0	0.402	0.991	0	0.684
9606.ENSP00000216455	9606.ENSP00000386541	PSMA3	PSMD14	9606	0.999	0	0	0	0.934	0.997	0	0.505
9606.ENSP00000216455	9606.ENSP00000500990	PSMA3	SNCA	9606	0.802	0	0	0	0.055	0	0.65	0.452
9606.ENSP00000216455	9606.ENSP00000478771	PSMA3	UBB	9606	0.945	0	0	0	0.123	0.88	0.5	0.085
9606.ENSP00000216455	9606.ENSP00000428209	PSMA3	UBE2V2	9606	0.745	0	0	0	0.654	0	0	0.293
9606.ENSP00000044462	9606.ENSP00000271308	PSMA4	PSMA5	9606	0.999	0	0	0.088	0.973	0.999	0.9	0.524
9606.ENSP00000044462	9606.ENSP00000262193	PSMA4	PSMB1	9606	0.999	0	0	0	0.898	0.998	0.9	0.92
9606.ENSP00000044462	9606.ENSP00000362334	PSMA4	PSMB2	9606	0.999	0	0	0	0.94	0.997	0.9	0.819
9606.ENSP00000044462	9606.ENSP00000391211	PSMA4	PSMC2	9606	0.999	0	0	0	0.642	0.992	0	0.69
9606.ENSP00000044462	9606.ENSP00000309474	PSMA4	PSMD1	9606	0.999	0	0	0	0.652	0.992	0	0.722
9606.ENSP00000044462	9606.ENSP00000396937	PSMA4	PSMD13	9606	0.998	0	0	0	0.456	0.993	0	0.682
9606.ENSP00000044462	9606.ENSP00000386541	PSMA4	PSMD14	9606	0.999	0	0	0	0.886	0.997	0	0.574
9606.ENSP00000044462	9606.ENSP00000231487	PSMA4	SKP1	9606	0.718	0	0	0	0.3	0.207	0.4	0.252
9606.ENSP00000044462	9606.ENSP00000478771	PSMA4	UBB	9606	0.97	0	0	0	0.106	0.929	0.5	0.156
9606.ENSP00000044462	9606.ENSP00000428209	PSMA4	UBE2V2	9606	0.853	0	0	0	0.79	0	0	0.33
9606.ENSP00000262193	9606.ENSP00000271308	PSMB1	PSMA5	9606	0.999	0	0	0	0.947	0.997	0.9	0.908
9606.ENSP00000271308	9606.ENSP00000362334	PSMA5	PSMB2	9606	0.999	0	0	0	0.977	0.997	0.9	0.834
9606.ENSP00000271308	9606.ENSP00000391211	PSMA5	PSMC2	9606	0.999	0	0	0	0.8	0.997	0.8	0.768
9606.ENSP00000271308	9606.ENSP00000309474	PSMA5	PSMD1	9606	0.999	0	0	0	0.786	0.995	0	0.811
9606.ENSP00000271308	9606.ENSP00000396937	PSMA5	PSMD13	9606	0.999	0	0	0	0.516	0.992	0.8	0.698
9606.ENSP00000271308	9606.ENSP00000386541	PSMA5	PSMD14	9606	0.999	0	0	0	0.938	0.997	0.8	0.624
9606.ENSP00000271308	9606.ENSP00000309334	PSMA5	RPL15	9606	0.714	0.07	0.433	0	0.443	0	0	0.142
9606.ENSP00000271308	9606.ENSP00000478771	PSMA5	UBB	9606	0.948	0	0	0	0.116	0.88	0.5	0.147
9606.ENSP00000271308	9606.ENSP00000428209	PSMA5	UBE2V2	9606	0.719	0	0	0	0.555	0	0	0.394
9606.ENSP00000262193	9606.ENSP00000362334	PSMB1	PSMB2	9606	0.999	0	0	0	0.964	0.998	0.9	0.863
9606.ENSP00000262193	9606.ENSP00000391211	PSMB1	PSMC2	9606	0.999	0	0	0	0.604	0.989	0.8	0.837
9606.ENSP00000262193	9606.ENSP00000309474	PSMB1	PSMD1	9606	0.999	0	0	0	0.373	0.993	0	0.823
9606.ENSP00000262193	9606.ENSP00000396937	PSMB1	PSMD13	9606	0.999	0	0	0	0.697	0.992	0.8	0.665
9606.ENSP00000262193	9606.ENSP00000386541	PSMB1	PSMD14	9606	0.999	0	0	0	0.527	0.997	0.8	0.624
9606.ENSP00000231487	9606.ENSP00000262193	SKP1	PSMB1	9606	0.702	0	0	0	0.279	0.181	0.4	0.257
9606.ENSP00000262193	9606.ENSP00000478771	PSMB1	UBB	9606	0.957	0	0	0	0.216	0.88	0.5	0.201
9606.ENSP00000362334	9606.ENSP00000391211	PSMB2	PSMC2	9606	0.999	0	0	0	0.471	0.997	0	0.648
9606.ENSP00000309474	9606.ENSP00000362334	PSMD1	PSMB2	9606	0.999	0	0	0	0.49	0.997	0	0.814
9606.ENSP00000362334	9606.ENSP00000396937	PSMB2	PSMD13	9606	0.999	0	0	0	0.714	0.996	0	0.618
9606.ENSP00000362334	9606.ENSP00000386541	PSMB2	PSMD14	9606	0.999	0	0	0	0.829	0.997	0	0.577
9606.ENSP00000350708	9606.ENSP00000362334	RAD23B	PSMB2	9606	0.717	0	0	0	0.127	0.583	0	0.286
9606.ENSP00000362334	9606.ENSP00000478771	PSMB2	UBB	9606	0.986	0	0	0	0.108	0.966	0.5	0.196
9606.ENSP00000309474	9606.ENSP00000391211	PSMD1	PSMC2	9606	0.999	0	0	0	0.609	0.998	0.72	0.923
9606.ENSP00000391211	9606.ENSP00000396937	PSMC2	PSMD13	9606	0.999	0	0	0	0.672	0.997	0.8	0.68
9606.ENSP00000386541	9606.ENSP00000391211	PSMD14	PSMC2	9606	0.999	0	0	0	0.921	0.997	0.8	0.815
9606.ENSP00000391211	9606.ENSP00000467024	PSMC2	RAD23A	9606	0.883	0	0	0	0.098	0.802	0	0.399
9606.ENSP00000350708	9606.ENSP00000391211	RAD23B	PSMC2	9606	0.932	0	0	0	0.11	0.891	0	0.352
9606.ENSP00000391211	9606.ENSP00000478771	PSMC2	UBB	9606	0.96	0	0	0	0.071	0.913	0.5	0.119
9606.ENSP00000365576	9606.ENSP00000391211	UBQLN1	PSMC2	9606	0.75	0	0	0	0.189	0.593	0	0.303
9606.ENSP00000309474	9606.ENSP00000396937	PSMD1	PSMD13	9606	0.999	0	0	0	0.507	0.997	0.72	0.669
9606.ENSP00000309474	9606.ENSP00000386541	PSMD1	PSMD14	9606	0.999	0	0	0	0.905	0.999	0.72	0.928
9606.ENSP00000309474	9606.ENSP00000467024	PSMD1	RAD23A	9606	0.77	0	0	0	0.13	0.723	0	0.119
9606.ENSP00000309474	9606.ENSP00000350708	PSMD1	RAD23B	9606	0.836	0	0	0	0.137	0.698	0	0.422
9606.ENSP00000309474	9606.ENSP00000383949	PSMD1	SNU13	9606	0.773	0	0	0	0.749	0.076	0	0.101
9606.ENSP00000309474	9606.ENSP00000478771	PSMD1	UBB	9606	0.957	0	0	0	0.109	0.879	0.5	0.291
9606.ENSP00000386541	9606.ENSP00000396937	PSMD14	PSMD13	9606	0.999	0	0	0	0.903	0.997	0.8	0.995
9606.ENSP00000396937	9606.ENSP00000467024	PSMD13	RAD23A	9606	0.779	0	0	0	0.224	0.584	0	0.37
9606.ENSP00000350708	9606.ENSP00000396937	RAD23B	PSMD13	9606	0.761	0	0	0	0.149	0.655	0	0.252
9606.ENSP00000396937	9606.ENSP00000478771	PSMD13	UBB	9606	0.948	0	0	0	0.057	0.88	0.5	0.189
9606.ENSP00000386541	9606.ENSP00000467024	PSMD14	RAD23A	9606	0.865	0	0	0	0.21	0.615	0	0.591
9606.ENSP00000350708	9606.ENSP00000386541	RAD23B	PSMD14	9606	0.951	0	0	0	0.215	0.813	0	0.691
9606.ENSP00000231487	9606.ENSP00000386541	SKP1	PSMD14	9606	0.727	0	0	0	0.166	0.201	0.4	0.398
9606.ENSP00000386541	9606.ENSP00000500990	PSMD14	SNCA	9606	0.712	0	0	0	0.042	0	0.65	0.212
9606.ENSP00000386541	9606.ENSP00000478771	PSMD14	UBB	9606	0.99	0	0	0	0.068	0.968	0.5	0.437
9606.ENSP00000365576	9606.ENSP00000386541	UBQLN1	PSMD14	9606	0.896	0	0	0	0.177	0.702	0	0.609
9606.ENSP00000284440	9606.ENSP00000386541	UCHL1	PSMD14	9606	0.753	0	0	0	0.273	0.066	0	0.665
9606.ENSP00000261890	9606.ENSP00000358200	RAB11A	RAB11FIP2	9606	0.999	0	0	0	0.079	0.994	0.9	0.998
9606.ENSP00000261890	9606.ENSP00000387286	RAB11A	RAB1A	9606	0.826	0	0	0.075	0.174	0.655	0	0.416
9606.ENSP00000261890	9606.ENSP00000262646	RAB11A	RAB2A	9606	0.737	0	0	0.064	0.187	0.478	0	0.416
9606.ENSP00000261890	9606.ENSP00000273047	RAB11A	RAB5A	9606	0.973	0	0	0.089	0.139	0.677	0	0.906
9606.ENSP00000261890	9606.ENSP00000311449	RAB11A	RAB6A	9606	0.815	0	0	0.083	0.322	0.198	0	0.672
9606.ENSP00000261890	9606.ENSP00000274376	RAB11A	RASA1	9606	0.795	0	0	0	0.084	0.092	0	0.773
9606.ENSP00000261890	9606.ENSP00000363054	RAB11A	STX12	9606	0.733	0	0	0	0.134	0.122	0	0.676
9606.ENSP00000251968	9606.ENSP00000261890	TSG101	RAB11A	9606	0.796	0	0	0	0.189	0.045	0	0.758
9606.ENSP00000261890	9606.ENSP00000327650	RAB11A	VPS33B	9606	0.95	0	0	0	0.087	0.17	0	0.939
9606.ENSP00000261890	9606.ENSP00000335193	RAB11A	VPS39	9606	0.828	0	0	0	0.057	0.746	0	0.34
9606.ENSP00000311449	9606.ENSP00000478479	RAB6A	RAB18	9606	0.753	0	0	0.075	0.404	0	0.5	0.21
9606.ENSP00000262646	9606.ENSP00000387286	RAB2A	RAB1A	9606	0.859	0	0	0.065	0.265	0.5	0.5	0.309
9606.ENSP00000311449	9606.ENSP00000387286	RAB6A	RAB1A	9606	0.805	0	0	0.08	0.169	0.463	0	0.58
9606.ENSP00000387286	9606.ENSP00000390783	RAB1A	SCFD1	9606	0.946	0	0	0	0.067	0.417	0.5	0.826
9606.ENSP00000387286	9606.ENSP00000500990	RAB1A	SNCA	9606	0.788	0	0	0	0.059	0	0	0.784
9606.ENSP00000264904	9606.ENSP00000387286	USO1	RAB1A	9606	0.99	0	0	0	0.151	0.645	0.7	0.904
9606.ENSP00000327650	9606.ENSP00000387286	VPS33B	RAB1A	9606	0.779	0	0	0	0.055	0.746	0	0.157
9606.ENSP00000262646	9606.ENSP00000311449	RAB2A	RAB6A	9606	0.8	0	0	0.065	0.255	0.516	0	0.477
9606.ENSP00000262646	9606.ENSP00000274376	RAB2A	RASA1	9606	0.706	0	0	0	0.074	0.095	0	0.677
9606.ENSP00000262646	9606.ENSP00000335193	RAB2A	VPS39	9606	0.86	0	0	0	0.056	0.136	0	0.842
9606.ENSP00000273047	9606.ENSP00000274376	RAB5A	RASA1	9606	0.881	0	0	0	0.061	0.071	0	0.875
9606.ENSP00000251968	9606.ENSP00000273047	TSG101	RAB5A	9606	0.833	0	0	0	0.133	0.226	0	0.772
9606.ENSP00000273047	9606.ENSP00000335193	RAB5A	VPS39	9606	0.808	0	0	0	0.055	0.417	0	0.679
9606.ENSP00000264904	9606.ENSP00000311449	USO1	RAB6A	9606	0.736	0	0	0	0.145	0.109	0	0.681
9606.ENSP00000236192	9606.ENSP00000311449	VAMP4	RAB6A	9606	0.808	0	0	0	0.082	0.053	0.5	0.61
9606.ENSP00000311449	9606.ENSP00000335193	RAB6A	VPS39	9606	0.819	0	0	0	0.074	0.746	0	0.294
9606.ENSP00000350708	9606.ENSP00000467024	RAD23B	RAD23A	9606	0.955	0	0	0.062	0.057	0.51	0.9	0.126
9606.ENSP00000376077	9606.ENSP00000467024	SUMO1	RAD23A	9606	0.705	0	0	0	0.129	0.092	0.5	0.343
9606.ENSP00000467024	9606.ENSP00000478771	RAD23A	UBB	9606	0.982	0	0	0	0.081	0.959	0.5	0.183
9606.ENSP00000316176	9606.ENSP00000467024	UBE2N	RAD23A	9606	0.722	0	0	0	0.068	0.172	0.5	0.365
9606.ENSP00000428209	9606.ENSP00000467024	UBE2V2	RAD23A	9606	0.735	0	0	0	0.08	0.189	0.5	0.375
9606.ENSP00000365576	9606.ENSP00000467024	UBQLN1	RAD23A	9606	0.925	0	0	0	0.138	0.72	0	0.716
9606.ENSP00000350708	9606.ENSP00000376077	RAD23B	SUMO1	9606	0.715	0	0	0	0.156	0.092	0.5	0.344
9606.ENSP00000350708	9606.ENSP00000478771	RAD23B	UBB	9606	0.837	0	0	0	0	0.662	0.5	0.115
9606.ENSP00000316176	9606.ENSP00000350708	UBE2N	RAD23B	9606	0.751	0	0	0	0.085	0.289	0.5	0.325
9606.ENSP00000350708	9606.ENSP00000428209	RAD23B	UBE2V2	9606	0.752	0	0	0	0.09	0.345	0.5	0.266
9606.ENSP00000350708	9606.ENSP00000365576	RAD23B	UBQLN1	9606	0.881	0	0	0	0.213	0.581	0	0.669
9606.ENSP00000369424	9606.ENSP00000417686	RBBP7	SLBP	9606	0.759	0	0	0	0.345	0	0	0.648
9606.ENSP00000367050	9606.ENSP00000368959	RTN3	REEP5	9606	0.906	0	0	0	0.135	0.602	0	0.749
9606.ENSP00000355523	9606.ENSP00000397181	RGS7	RGS4	9606	0.718	0	0	0	0.208	0.052	0.5	0.337
9606.ENSP00000254976	9606.ENSP00000428417	SNAP25	RIMS1	9606	0.949	0	0	0	0.185	0	0.8	0.716
9606.ENSP00000362399	9606.ENSP00000428417	STXBP1	RIMS1	9606	0.943	0	0	0	0.086	0	0.8	0.714
9606.ENSP00000428417	9606.ENSP00000480050	RIMS1	SYN2	9606	0.835	0	0	0	0.154	0	0.5	0.642
9606.ENSP00000261205	9606.ENSP00000428417	SYT1	RIMS1	9606	0.718	0	0	0	0.173	0	0.5	0.373
9606.ENSP00000345824	9606.ENSP00000428417	TSPOAP1	RIMS1	9606	0.977	0	0	0	0	0.176	0.8	0.876
9606.ENSP00000248975	9606.ENSP00000428417	YWHAH	RIMS1	9606	0.771	0	0	0	0.062	0.335	0	0.663
9606.ENSP00000254976	9606.ENSP00000374036	SNAP25	RPH3A	9606	0.966	0	0	0	0.169	0.853	0	0.745
9606.ENSP00000309334	9606.ENSP00000383949	RPL15	SNU13	9606	0.869	0	0	0	0.583	0.617	0	0.248
9606.ENSP00000309334	9606.ENSP00000328023	RPL15	SRPRA	9606	0.833	0	0	0	0.049	0.814	0	0.131
9606.ENSP00000309334	9606.ENSP00000478771	RPL15	UBB	9606	0.746	0	0	0	0.445	0.496	0	0.166
9606.ENSP00000262850	9606.ENSP00000335193	RRAGB	VPS39	9606	0.732	0	0	0	0.067	0.303	0	0.621
9606.ENSP00000270225	9606.ENSP00000376077	SAE1	SUMO1	9606	0.999	0	0	0	0.195	0.984	0.5	0.945
9606.ENSP00000358939	9606.ENSP00000481091	SARS1	TADA2A	9606	0.87	0	0	0	0	0.84	0	0.224
9606.ENSP00000347495	9606.ENSP00000358939	WARS1	SARS1	9606	0.899	0.095	0	0	0.403	0.202	0	0.793
9606.ENSP00000358939	9606.ENSP00000362576	SARS1	YARS1	9606	0.941	0.257	0	0	0.552	0	0	0.838
9606.ENSP00000358071	9606.ENSP00000390783	SEC23IP	SCFD1	9606	0.792	0	0	0	0.247	0	0.5	0.493
9606.ENSP00000264904	9606.ENSP00000390783	USO1	SCFD1	9606	0.97	0	0	0	0.185	0.637	0.5	0.822
9606.ENSP00000236192	9606.ENSP00000390783	VAMP4	SCFD1	9606	0.811	0	0	0	0.049	0.72	0	0.345
9606.ENSP00000220478	9606.ENSP00000304133	SCG3	SCG2	9606	0.924	0	0	0	0.218	0	0	0.907
9606.ENSP00000300175	9606.ENSP00000304133	SCG5	SCG2	9606	0.865	0	0	0	0.261	0	0	0.825
9606.ENSP00000220478	9606.ENSP00000300175	SCG3	SCG5	9606	0.925	0	0	0	0.235	0	0	0.906
9606.ENSP00000264932	9606.ENSP00000364649	SDHA	SDHB	9606	0.999	0.231	0.03	0.47	0.971	0.997	0.98	0.999
9606.ENSP00000264932	9606.ENSP00000494360	SDHA	SUCLA2	9606	0.998	0.115	0.006	0	0.681	0.25	0.977	0.664
9606.ENSP00000230354	9606.ENSP00000264932	TBP	SDHA	9606	0.756	0	0	0	0.044	0	0	0.755
9606.ENSP00000264932	9606.ENSP00000268379	SDHA	UQCRC2	9606	0.99	0	0	0	0.865	0.134	0.19	0.913
9606.ENSP00000264932	9606.ENSP00000378487	SDHA	VDAC1	9606	0.769	0	0	0	0.297	0.07	0	0.675
9606.ENSP00000264932	9606.ENSP00000379287	SDHA	YWHAZ	9606	0.822	0	0	0	0.085	0.069	0	0.808
9606.ENSP00000364649	9606.ENSP00000494360	SDHB	SUCLA2	9606	0.997	0.115	0.004	0	0.652	0.249	0.979	0.598
9606.ENSP00000268379	9606.ENSP00000364649	UQCRC2	SDHB	9606	0.997	0	0	0	0.832	0.235	0.281	0.976
9606.ENSP00000364649	9606.ENSP00000378487	SDHB	VDAC1	9606	0.716	0	0	0	0.402	0	0	0.545
9606.ENSP00000380921	9606.ENSP00000478771	SH3KBP1	UBB	9606	0.947	0	0	0	0	0.9	0.5	0
9606.ENSP00000231487	9606.ENSP00000478771	SKP1	UBB	9606	0.964	0	0	0	0.181	0.898	0.5	0.246
9606.ENSP00000231487	9606.ENSP00000306330	SKP1	YWHAG	9606	0.725	0	0	0	0.075	0.44	0	0.511
9606.ENSP00000300413	9606.ENSP00000417686	SNRPD1	SLBP	9606	0.739	0	0	0	0.183	0	0	0.693
9606.ENSP00000228318	9606.ENSP00000268379	SLC25A3	UQCRC2	9606	0.891	0	0	0	0.859	0	0	0.258
9606.ENSP00000228318	9606.ENSP00000378487	SLC25A3	VDAC1	9606	0.725	0	0	0	0.49	0.189	0	0.387
9606.ENSP00000228318	9606.ENSP00000361635	SLC25A3	VDAC2	9606	0.79	0	0	0	0.679	0.068	0	0.352
9606.ENSP00000254976	9606.ENSP00000500990	SNAP25	SNCA	9606	0.779	0	0	0	0.17	0.389	0	0.599
9606.ENSP00000251775	9606.ENSP00000254976	SNX4	SNAP25	9606	0.913	0	0	0	0.079	0.046	0.9	0.134
9606.ENSP00000254976	9606.ENSP00000363054	SNAP25	STX12	9606	0.968	0	0	0	0.053	0.6	0.9	0.256
9606.ENSP00000254976	9606.ENSP00000362399	SNAP25	STXBP1	9606	0.999	0	0	0	0.201	0.734	0.8	0.981
9606.ENSP00000254976	9606.ENSP00000324302	SNAP25	STXBP6	9606	0.761	0	0	0	0.085	0.207	0	0.697
9606.ENSP00000254976	9606.ENSP00000358142	SNAP25	SV2A	9606	0.726	0	0	0	0.184	0	0	0.678
9606.ENSP00000254976	9606.ENSP00000480050	SNAP25	SYN2	9606	0.921	0	0	0	0.259	0.045	0.5	0.803
9606.ENSP00000254976	9606.ENSP00000263233	SNAP25	SYP	9606	0.98	0	0	0	0.271	0.293	0.5	0.932
9606.ENSP00000254976	9606.ENSP00000261205	SNAP25	SYT1	9606	0.999	0	0	0	0.405	0.974	0.5	0.997
9606.ENSP00000236192	9606.ENSP00000254976	VAMP4	SNAP25	9606	0.882	0	0	0	0.067	0.399	0.54	0.597
9606.ENSP00000254976	9606.ENSP00000403397	SNAP25	ZDHHC17	9606	0.872	0	0	0	0.043	0.292	0	0.827
9606.ENSP00000319597	9606.ENSP00000370200	SNAPC5	SNAPC3	9606	0.999	0	0	0	0	0.8	0.8	0.983
9606.ENSP00000230354	9606.ENSP00000370200	TBP	SNAPC3	9606	0.982	0	0	0	0.114	0.817	0.5	0.806
9606.ENSP00000230354	9606.ENSP00000319597	TBP	SNAPC5	9606	0.956	0	0	0	0.126	0.8	0.5	0.558
9606.ENSP00000355566	9606.ENSP00000500990	TOMM20	SNCA	9606	0.985	0	0	0	0.042	0.295	0	0.98
9606.ENSP00000478771	9606.ENSP00000500990	UBB	SNCA	9606	0.825	0	0	0	0.172	0	0.5	0.613
9606.ENSP00000284440	9606.ENSP00000500990	UCHL1	SNCA	9606	0.957	0	0	0	0.089	0.292	0	0.94
9606.ENSP00000378487	9606.ENSP00000500990	VDAC1	SNCA	9606	0.979	0	0	0	0	0.292	0	0.972
9606.ENSP00000248975	9606.ENSP00000500990	YWHAH	SNCA	9606	0.821	0	0	0	0.073	0.651	0	0.491
9606.ENSP00000246071	9606.ENSP00000300413	SNRPB2	SNRPD1	9606	0.999	0	0	0	0.609	0.985	0.9	0.278
9606.ENSP00000246071	9606.ENSP00000383949	SNRPB2	SNU13	9606	0.994	0	0	0	0.395	0.88	0.9	0.28
9606.ENSP00000300413	9606.ENSP00000383949	SNRPD1	SNU13	9606	0.994	0	0	0	0.41	0.896	0.9	0.256
9606.ENSP00000383949	9606.ENSP00000484687	SNU13	ZNHIT3	9606	0.891	0	0	0	0.173	0.51	0	0.754
9606.ENSP00000251775	9606.ENSP00000363054	SNX4	STX12	9606	0.932	0	0	0	0.191	0.091	0.9	0.184
9606.ENSP00000251968	9606.ENSP00000366746	TSG101	STAM	9606	0.996	0	0	0	0.084	0.47	0.9	0.944
9606.ENSP00000366746	9606.ENSP00000478771	STAM	UBB	9606	0.974	0	0	0	0.054	0.926	0.5	0.344
9606.ENSP00000236192	9606.ENSP00000363054	VAMP4	STX12	9606	0.999	0	0	0	0.096	0.994	0.54	0.78
9606.ENSP00000327650	9606.ENSP00000363054	VPS33B	STX12	9606	0.946	0	0	0	0.06	0.748	0	0.791
9606.ENSP00000335193	9606.ENSP00000363054	VPS39	STX12	9606	0.854	0	0	0	0.132	0.746	0	0.391
9606.ENSP00000362399	9606.ENSP00000480050	STXBP1	SYN2	9606	0.797	0	0	0	0.142	0	0.5	0.566
9606.ENSP00000261205	9606.ENSP00000362399	SYT1	STXBP1	9606	0.949	0	0	0	0.149	0	0.5	0.89
9606.ENSP00000230354	9606.ENSP00000265073	TBP	SUB1	9606	0.77	0	0	0	0.098	0.079	0	0.745
9606.ENSP00000268379	9606.ENSP00000494360	UQCRC2	SUCLA2	9606	0.7	0	0	0	0.534	0.096	0	0.345
9606.ENSP00000316176	9606.ENSP00000376077	UBE2N	SUMO1	9606	0.913	0	0	0	0.325	0.268	0.5	0.692
9606.ENSP00000376077	9606.ENSP00000428209	SUMO1	UBE2V2	9606	0.885	0	0	0	0.275	0.095	0.5	0.691
9606.ENSP00000263233	9606.ENSP00000358142	SYP	SV2A	9606	0.977	0	0	0	0.148	0	0	0.975
9606.ENSP00000261205	9606.ENSP00000358142	SYT1	SV2A	9606	0.941	0	0	0	0.17	0.095	0	0.928
9606.ENSP00000263233	9606.ENSP00000480050	SYP	SYN2	9606	0.798	0	0	0	0.187	0	0	0.762
9606.ENSP00000261205	9606.ENSP00000480050	SYT1	SYN2	9606	0.888	0	0	0	0.208	0.091	0.5	0.727
9606.ENSP00000261205	9606.ENSP00000263233	SYT1	SYP	9606	0.942	0	0	0	0.197	0.107	0	0.926
9606.ENSP00000284320	9606.ENSP00000329967	TOMM70	TBK1	9606	0.791	0	0	0	0.057	0.296	0.5	0.445
9606.ENSP00000231524	9606.ENSP00000329967	TRIM23	TBK1	9606	0.759	0	0	0	0.086	0.55	0	0.461
9606.ENSP00000230354	9606.ENSP00000379287	TBP	YWHAZ	9606	0.704	0	0	0	0.075	0.066	0	0.685
9606.ENSP00000355566	9606.ENSP00000356256	TOMM20	TIMM17A	9606	0.932	0	0	0	0.172	0	0	0.922
9606.ENSP00000284320	9606.ENSP00000356256	TOMM70	TIMM17A	9606	0.947	0	0	0	0.092	0	0	0.944
9606.ENSP00000251968	9606.ENSP00000413697	TSG101	TOM1	9606	0.727	0	0	0	0.064	0.313	0	0.609
9606.ENSP00000413697	9606.ENSP00000478771	TOM1	UBB	9606	0.915	0	0	0	0.048	0.906	0	0.127
9606.ENSP00000284320	9606.ENSP00000355566	TOMM70	TOMM20	9606	0.999	0	0	0	0.262	0.798	0.8	0.999
9606.ENSP00000355566	9606.ENSP00000378487	TOMM20	VDAC1	9606	0.964	0	0	0	0.168	0.659	0.4	0.817
9606.ENSP00000355566	9606.ENSP00000361635	TOMM20	VDAC2	9606	0.792	0	0	0	0.242	0.2	0.4	0.495
9606.ENSP00000284320	9606.ENSP00000378487	TOMM70	VDAC1	9606	0.906	0	0	0	0.114	0.182	0.4	0.81
9606.ENSP00000284320	9606.ENSP00000361635	TOMM70	VDAC2	9606	0.771	0	0	0	0.116	0.182	0.4	0.535
9606.ENSP00000231524	9606.ENSP00000478771	TRIM23	UBB	9606	0.918	0	0	0	0.06	0.906	0	0.144
9606.ENSP00000251968	9606.ENSP00000478771	TSG101	UBB	9606	0.989	0	0	0	0.109	0.977	0.5	0
9606.ENSP00000238497	9606.ENSP00000251968	VPS4B	TSG101	9606	0.959	0	0	0	0.15	0.131	0.5	0.904
9606.ENSP00000264255	9606.ENSP00000361930	TXNDC9	YWHAB	9606	0.829	0	0	0	0.069	0.061	0	0.82
9606.ENSP00000264255	9606.ENSP00000306330	TXNDC9	YWHAG	9606	0.874	0	0	0	0.102	0.061	0	0.862
9606.ENSP00000248975	9606.ENSP00000264255	YWHAH	TXNDC9	9606	0.841	0	0	0	0.067	0.061	0	0.833
9606.ENSP00000264255	9606.ENSP00000379287	TXNDC9	YWHAZ	9606	0.782	0	0	0	0.069	0.061	0	0.77
9606.ENSP00000473623	9606.ENSP00000478771	UBE2E3	UBB	9606	0.719	0	0	0	0.068	0.397	0.5	0.12
9606.ENSP00000316176	9606.ENSP00000478771	UBE2N	UBB	9606	0.994	0	0	0	0.062	0.982	0.5	0.375
9606.ENSP00000428209	9606.ENSP00000478771	UBE2V2	UBB	9606	0.991	0	0	0	0.059	0.979	0.5	0.168
9606.ENSP00000365576	9606.ENSP00000478771	UBQLN1	UBB	9606	0.962	0	0	0	0.085	0.942	0	0.337
9606.ENSP00000284440	9606.ENSP00000478771	UCHL1	UBB	9606	0.981	0	0	0	0.067	0.948	0.5	0.335
9606.ENSP00000379931	9606.ENSP00000473623	UBE2E2	UBE2E3	9606	0.936	0	0	0.05	0	0	0.9	0.389
9606.ENSP00000316176	9606.ENSP00000428209	UBE2N	UBE2V2	9606	0.999	0	0	0	0.377	0.997	0.9	0.999
9606.ENSP00000268379	9606.ENSP00000378487	UQCRC2	VDAC1	9606	0.81	0	0	0	0.295	0.249	0	0.669
9606.ENSP00000268379	9606.ENSP00000361635	UQCRC2	VDAC2	9606	0.763	0	0	0	0.502	0.229	0	0.434
9606.ENSP00000361635	9606.ENSP00000378487	VDAC2	VDAC1	9606	0.998	0	0	0.051	0.525	0.78	0.967	0.574
9606.ENSP00000327650	9606.ENSP00000335193	VPS33B	VPS39	9606	0.994	0	0	0	0.254	0.832	0.9	0.644
9606.ENSP00000347495	9606.ENSP00000362576	WARS1	YARS1	9606	0.997	0.272	0	0	0.606	0.071	0	0.991
9606.ENSP00000223023	9606.ENSP00000376367	WASL	WASF1	9606	0.926	0	0	0	0	0.65	0.4	0.677
9606.ENSP00000306330	9606.ENSP00000361930	YWHAG	YWHAB	9606	0.953	0	0	0.054	0.196	0.805	0.5	0.47
9606.ENSP00000248975	9606.ENSP00000361930	YWHAH	YWHAB	9606	0.97	0	0	0.054	0.114	0.848	0.5	0.61
9606.ENSP00000361930	9606.ENSP00000379287	YWHAB	YWHAZ	9606	0.992	0	0	0.049	0.213	0.831	0.9	0.464
9606.ENSP00000248975	9606.ENSP00000306330	YWHAH	YWHAG	9606	0.97	0	0	0.049	0.141	0.875	0.5	0.505
9606.ENSP00000306330	9606.ENSP00000379287	YWHAG	YWHAZ	9606	0.985	0	0	0.054	0.141	0.836	0.5	0.81
9606.ENSP00000248975	9606.ENSP00000379287	YWHAH	YWHAZ	9606	0.972	0	0	0.054	0.282	0.851	0.5	0.544
